	new_el	N_Z	N	Z	A	el	o	ME_keV	ME_unc_keV	BE_keV	BE_unc_keV	B	Q_keV	Q_unc_keV	mass_micro_u	mass_unc_micro_u	extrapol	mass_prec
0	0.0	1	1	0	1	n		8071.31806	0.00044	0.0	0.0	B-	782.347	0.0004	1008664.9159	0.00047	False	3.0674441923150786
1		-1	0	1	1	H		7288.971064	1.3e-05	0.0	0.0	B-			1007825.031898	1e-05	False	3.2322354107914917
2	0.0	0	1	1	2	H		13135.722895	1.5e-05	1112.2831	0.0002	B-			2014101.777844	1e-05	False	3.259196292728366
3	0.0	1	2	1	3	H		14949.8109	8e-05	2827.2654	0.0003	B-	18.59202	6e-05	3016049.28132	8e-05	False	3.1926526747228667
4		-1	1	2	3	He		14931.21888	6e-05	2572.68044	0.00015	B-	-13736.0	2000.0	3016029.32197	6e-05	False	3.204396208397479
5		-3	0	3	3	Li	-pp	28667.0	2000.0	-2267.0	667.0	B-			3030775.0	2147.0	True	
6	0.0	2	3	1	4	H	-n	24621.129	100.0	1720.4491	25.0	B-	22196.2131	100.0	4026431.867	107.354	False	2.354442867612814
7		0	2	2	4	He		2424.91587	0.00015	7073.9156	0.0002	B-	-22898.274	212.132	4002603.25413	0.00016	False	3.17566732923732
8		-2	1	3	4	Li	-p	25323.19	212.132	1153.7603	53.033	B-			4027185.561	227.733	False	2.2803808357359387
9	0.0	3	4	1	5	H	-nn	32892.447	89.443	1336.3592	17.8885	B-	21661.2131	91.6515	5035311.492	96.02	False	2.385770191516604
10		1	3	2	5	He	-n	11231.234	20.0	5512.1325	4.0	B-	-447.6529	53.8516	5012057.224	21.47	False	2.5145221171263517
11		-1	2	3	5	Li	-p	11678.887	50.0	5266.1325	10.0	B-	-25460.0	2003.0	5012537.8	53.677	False	2.4375064942519407
12		-3	1	4	5	Be	x	37139.0	2003.0	18.0	401.0	B-			5039870.0	2150.0	True	
13	0.0	4	5	1	6	H	-3n	41875.725	254.127	961.6395	42.3545	B-	24283.6294	254.1268	6044955.437	272.816	False	2.303178626303345
14		2	4	2	6	He		17592.095	0.053	4878.5199	0.0089	B-	3505.2147	0.0532	6018885.889	0.057	False	2.916424785787666
15		0	3	3	6	Li		14086.88044	0.00144	5332.3312	0.0003	B-	-4288.1534	5.4478	6015122.88742	0.00155	False	3.094639960263259
16		-2	2	4	6	Be	-	18375.034	5.448	4487.2478	0.908	B-	-28945.0	2003.0	6019726.409	5.848	False	2.627884621482073
17		-4	1	5	6	B	x	47320.0	2003.0	-467.0	334.0	B-			6050800.0	2150.0	True	
18	0.0	5	6	1	7	H	-nn	49135.0	1004.0	940.0	143.0	B-	23062.0	1004.0	7052749.0	1078.0	True	
19		3	5	2	7	He	-n	26073.128	7.559	4123.0578	1.0799	B-	11166.0229	7.5595	7027990.652	8.115	False	2.6153277979095675
20		1	4	3	7	Li		14907.10463	0.00419	5606.4401	0.0006	B-	-861.893	0.0707	7016003.43426	0.0045	False	3.0524614206621687
21		-1	3	4	7	Be		15768.998	0.071	5371.5487	0.0101	B-	-11907.5551	25.1504	7016928.714	0.076	False	2.9091312549287385
22		-3	2	5	7	B	p4n	27676.553	25.15	3558.7055	3.5929	B-			7029712.0	27.0	False	2.5233112792070123
23	0.0	4	6	2	8	He		31609.683	0.089	3924.521	0.0111	B-	10663.8784	0.1005	8033934.388	0.095	False	2.9043329187898275
24		2	5	3	8	Li		20945.805	0.047	5159.7124	0.0059	B-	16004.1329	0.0591	8022486.244	0.05	False	2.938817482374284
25		0	4	4	8	Be	-a	4941.672	0.035	7062.4356	0.0044	B-	-17979.8973	1.0005	8005305.102	0.037	False	2.9545170967452794
26		-2	3	5	8	B		22921.569	1.0	4717.1551	0.125	B-	-12142.7002	18.2704	8024607.315	1.073	False	2.761753029426762
27		-4	2	6	8	C		35064.269	18.243	3101.5242	2.2804	B-			8037643.039	19.584	False	2.559158278214453
28	0.0	5	7	2	9	He		40935.826	46.816	3349.038	5.2018	B-	15980.9213	46.8169	9043946.414	50.259	False	2.4932398777911144
29		3	6	3	9	Li	-3n	24954.905	0.186	5037.7685	0.0207	B-	13606.4541	0.2014	9026790.191	0.2	False	2.8693265934337244
30		1	5	4	9	Be		11348.451	0.076	6462.6693	0.0085	B-	-1068.0349	0.8994	9012183.062	0.082	False	2.9185879075748202
31		-1	4	5	9	B	-	12416.486	0.903	6257.0713	0.1003	B-	-16494.4854	2.3195	9013329.645	0.969	False	2.7754412610268497
32		-3	3	6	9	C	-pp	28910.971	2.137	4337.4233	0.2374	B-			9031037.202	2.293	False	2.7203948103598163
33	0.0	6	8	2	10	He	-nn	49197.147	92.848	2995.134	9.2848	B-	16144.5191	93.7152	10052815.306	99.676	False	2.444209504884079
34		4	7	3	10	Li	-n	33052.628	12.721	4531.3512	1.2721	B-	20445.1411	12.7216	10035483.453	13.656	False	2.603242031409676
35		2	6	4	10	Be		12607.487	0.081	6497.6306	0.0081	B-	556.8759	0.0822	10013534.692	0.086	False	2.921701170095118
36		0	5	5	10	B		12050.611	0.015	6475.0835	0.0015	B-	-3648.0623	0.0687	10012936.862	0.016	False	3.008379709383491
37		-2	4	6	10	C		15698.673	0.07	6032.0426	0.007	B-	-23101.3545	400.0	10016853.217	0.075	False	2.9290606373188575
38		-4	3	7	10	N	--	38800.027	400.0	3643.6724	40.0	B-			10041653.54	429.417	False	2.308549657470574
39	0.0	5	8	3	11	Li	x	40728.259	0.615	4155.3817	0.0559	B-	20551.0898	0.6591	11043723.581	0.66	False	2.81138195622413
40		3	7	4	11	Be		20177.169	0.238	5952.5402	0.0216	B-	11509.4607	0.238	11021661.08	0.255	False	2.8668679627045126
41		1	6	5	11	B		8667.708	0.012	6927.7323	0.0011	B-	-1981.6889	0.0608	11009305.166	0.013	False	3.023204303829421
42		-1	5	6	11	C		10649.397	0.06	6676.4563	0.0054	B-	-13716.2469	5.0008	11011432.597	0.064	False	2.9425064189563663
43		-3	4	7	11	N	-p	24365.644	5.0	5358.4023	0.4546	B-	-23373.2693	60.2459	11026157.593	5.368	False	2.6765819328802785
44		-5	3	8	11	O	-pp	47738.913	60.038	3162.4372	5.458	B-			11051249.828	64.453	False	2.4892403963717062
45	0.0	6	9	3	12	Li	-n	49009.577	30.006	3791.5999	2.5005	B-	23931.8152	30.0669	12052613.942	32.213	False	2.5519749387723154
46		4	8	4	12	Be		25077.761	1.909	5720.7223	0.159	B-	11708.3636	2.3214	12026922.082	2.048	False	2.7463598900723274
47		2	7	5	12	B		13369.398	1.321	6631.2237	0.1101	B-	13369.3979	1.3214	12014352.638	1.418	False	2.769607101504888
48		0	6	6	12	C		0.0	0.0	7680.1446	0.0002	B-	-17338.0681	0.9999	12000000.0	0.0	False	inf
49		-2	5	7	12	N		17338.068	1.0	6170.11	0.0833	B-	-14675.2668	12.0418	12018613.18	1.073	False	2.7869543310406026
50		-4	4	8	12	O	-pp	32013.335	12.0	4881.9755	1.0	B-			12034367.726	12.882	False	2.62085306892845
51	0.0	7	10	3	13	Li	-nn	56980.895	70.003	3507.6307	5.3848	B-	23321.8152	70.7391	13061171.503	75.15	False	2.4903640861215206
52		5	9	4	13	Be	-n	33659.08	10.18	5241.4359	0.7831	B-	17097.1315	10.2295	13036134.506	10.929	False	2.638472575124969
53		3	8	5	13	B	-nn	16561.948	1.0	6496.4194	0.0769	B-	13436.9387	1.0001	13017779.981	1.073	False	2.7918623008022356
54		1	7	6	13	C		3125.00933	0.00023	7469.8495	0.0002	B-	-2220.4718	0.2695	13003354.83534	0.00025	False	3.2057811662880296
55		-1	6	7	13	N	-p	5345.481	0.27	7238.8634	0.0207	B-	-17769.9506	9.5301	13005738.609	0.289	False	2.869161164167043
56		-3	5	8	13	O	+3n	23115.432	9.526	5811.7636	0.7328	B-	-18915.0	500.0	13024815.435	10.226	False	2.6431513290932025
57		-5	4	9	13	F	x	42030.0	500.0	4297.0	38.0	B-			13045121.0	537.0	True	
58	0.0	6	10	4	14	Be	x	39954.502	132.245	4993.8973	9.4461	B-	16290.8166	133.9357	14042892.92	141.97	False	2.442521908434057
59		4	9	5	14	B		23663.686	21.213	6101.6451	1.5152	B-	20643.7926	21.2133	14025404.01	22.773	False	2.5900775368428977
60		2	8	6	14	C		3019.89328	0.00375	7520.3198	0.0004	B-	156.4765	0.0037	14003241.98862	0.00403	False	3.089622733961243
61		0	7	7	14	N		2863.41683	0.00022	7475.6148	0.0002	B-	-5144.3643	0.0252	14003074.00425	0.00024	False	3.210426593222865
62		-2	6	8	14	O		8007.781	0.025	7052.2783	0.0018	B-	-23956.6215	41.1187	14008596.706	0.027	False	2.99908166619742
63		-4	5	9	14	F	-p	31964.403	41.119	5285.2091	2.9371	B-			14034315.196	44.142	False	2.5392057597347226
64	0.0	7	11	4	15	Be	-n	49825.821	165.797	4540.9708	11.0532	B-	20868.4411	167.1256	15053490.215	177.99	False	2.4288117638464843
65		5	10	5	15	B		28957.379	21.029	5880.0438	1.4019	B-	19084.2343	21.0442	15031087.023	22.575	False	2.595910311655146
66		3	9	6	15	C	-n	9873.145	0.8	7100.1696	0.0533	B-	9771.7071	0.8	15010599.256	0.858	False	2.814055607138991
67		1	8	7	15	N		101.43809	0.00058	7699.4603	0.0002	B-	-2754.1841	0.4902	15000108.89827	0.00062	False	3.174269976378648
68		-1	7	8	15	O		2855.622	0.49	7463.6915	0.0327	B-	-13711.13	14.0086	15003065.636	0.526	False	2.8429434514868186
69		-3	6	9	15	F	-p	16566.752	14.0	6497.4597	0.9333	B-	-23648.6215	68.1377	15017785.139	15.029	False	2.625737880031158
70		-5	5	10	15	Ne	-pp	40215.374	66.684	4868.7285	4.4456	B-			15043172.977	71.588	False	2.5059754164736034
71	0.0	8	12	4	16	Be	-nn	57447.139	165.797	4285.2851	10.3623	B-	20335.4399	167.6075	16061672.036	177.99	False	2.434509357726206
72		6	11	5	16	B		37111.699	24.566	5507.3535	1.5354	B-	23417.5656	24.8254	16039841.045	26.373	False	2.589134936534288
73		4	10	6	16	C	-nn	13694.133	3.578	6922.0546	0.2236	B-	8010.226	4.254	16014701.255	3.84	False	2.724156155761319
74		2	9	7	16	N	-n	5683.907	2.301	7373.7971	0.1438	B-	10420.9094	2.3014	16006101.925	2.47	False	2.7526578164485773
75		0	8	8	16	O		-4737.00217	0.0003	7976.2072	0.0002	B-	-15412.184	5.3642	15994914.61926	0.00032	False	3.204167017004269
76		-2	7	9	16	F		10675.182	5.364	6964.049	0.3353	B-	-13311.5932	21.1709	16011460.278	5.758	False	2.6972066280924865
77		-4	6	10	16	Ne	--	23986.775	20.48	6083.1777	1.28	B-			16025750.86	21.986	False	2.602637945443291
78	0.0	7	12	5	17	B	x	43716.322	204.104	5269.6677	12.0061	B-	22684.4422	204.841	17046931.399	219.114	False	2.421424337472055
79		5	11	6	17	C	2p-n	21031.88	17.365	6558.0262	1.0215	B-	13161.8007	22.9464	17022578.65	18.641	False	2.619196234553646
80		3	10	7	17	N	+p	7870.079	15.0	7286.2294	0.8824	B-	8678.843	15.0	17008448.876	16.103	False	2.629743748354237
81		1	9	8	17	O		-808.76421	0.00064	7750.7291	0.0002	B-	-2760.4655	0.2479	16999131.75595	0.00069	False	3.1750280818806678
82		-1	8	9	17	F		1951.701	0.248	7542.3284	0.0146	B-	-14548.7507	0.4323	17002095.237	0.266	False	2.8888765358231114
83		-3	7	10	17	Ne		16500.452	0.354	6640.4991	0.0208	B-	-18219.1277	59.6167	17017713.962	0.38	False	2.868884176929994
84		-5	6	11	17	Na	x	34719.58	59.616	5522.7653	3.5068	B-			17037273.0	64.0	False	2.5250909168423155
85	0.0	8	13	5	18	B	-n	51792.64	204.165	4976.6306	11.3425	B-	26873.3742	206.3572	18055601.683	219.18	False	2.426489199026839
86		6	12	6	18	C	++	24919.266	30.0	6426.1321	1.6667	B-	11806.0982	35.2821	18026751.93	32.206	False	2.5828810546838077
87		4	11	7	18	N	+	13113.167	18.57	7038.5627	1.0316	B-	13895.9838	18.5695	18014077.563	19.935	False	2.618430852942193
88		2	10	8	18	O		-782.81634	0.00064	7767.0981	0.0002	B-	-1655.9288	0.4633	17999159.61214	0.00069	False	3.177414233638281
89		0	9	9	18	F		873.112	0.463	7631.6383	0.0257	B-	-4444.5049	0.5888	18000937.324	0.497	False	2.856763246093078
90		-2	8	10	18	Ne		5317.617	0.363	7341.2577	0.0202	B-	-19720.3745	93.8819	18005708.696	0.39	False	2.870611580494509
91		-4	7	11	18	Na		25037.992	93.881	6202.2176	5.2156	B-			18026879.388	100.785	False	2.492741292524414
92	0.0	9	14	5	19	B	x	59770.251	525.363	4719.6346	27.6507	B-	27356.4961	534.4964	19064166.0	564.0	False	2.344520076271149
93		7	13	6	19	C	-n	32413.754	98.389	6118.274	5.1784	B-	16557.4995	99.7475	19034797.594	105.625	False	2.49336116185998
94		5	12	7	19	N	p-2n	15856.255	16.404	6948.5452	0.8634	B-	12523.3972	16.6143	19017022.389	17.61	False	2.631340353683624
95		3	11	8	19	O	-n	3332.858	2.637	7566.4952	0.1388	B-	4820.3029	2.637	19003577.969	2.83	False	2.7549249524775945
96		1	10	9	19	F		-1487.44512	0.00082	7779.0192	0.0002	B-	-3239.4986	0.1601	18998403.16207	0.00088	False	3.1694945599126645
97		-1	9	10	19	Ne	+3n	1752.054	0.16	7567.3431	0.0084	B-	-11177.331	10.5364	19001880.906	0.171	False	2.9191827212319366
98		-3	8	11	19	Na		12929.384	10.535	6937.8864	0.5545	B-	-18909.0095	60.9189	19013880.264	11.309	False	2.66270974576079
99		-5	7	12	19	Mg	-pp	31838.394	60.001	5901.4992	3.1579	B-			19034179.92	64.413	False	2.5334135506704016
100	0.0	10	15	5	20	B	-n	69401.569	546.357	4405.6529	27.3178	B-	31898.0019	593.0377	20074505.644	586.538	False	2.345713903319066
101		8	14	6	20	C	x	37503.567	230.625	5961.4356	11.5312	B-	15737.0689	243.7459	20040261.732	247.585	False	2.424935454713181
102		6	13	7	20	N	x	21766.498	78.894	6709.1717	3.9447	B-	17970.3261	78.8991	20023367.295	84.696	False	2.515544330932309
103		4	12	8	20	O	-nn	3796.172	0.885	7568.5707	0.0442	B-	3813.6349	0.8854	20004075.357	0.95	False	2.8251064466660822
104		2	11	9	20	F	-n	-17.463	0.03	7720.1351	0.0015	B-	7024.4689	0.0297	19999981.252	0.031	False	3.0098821880861832
105		0	10	10	20	Ne		-7041.93217	0.00154	8032.2412	0.0002	B-	-13892.4207	1.109	19992440.17525	0.00165	False	3.144921153697166
106		-2	9	11	20	Na		6850.489	1.109	7298.5028	0.0554	B-	-10627.2054	2.1681	20007354.301	1.19	False	2.8116686305198373
107		-4	8	12	20	Mg	+t	17477.694	1.863	6728.0252	0.0931	B-			20018763.075	2.0	False	2.780000770324999
108	0.0	11	16	5	21	B	-nn	78382.887	558.664	4152.5265	26.6031	B-	32740.0	817.0	21084147.485	599.75	False	2.3482770445916294
109		9	15	6	21	C	x	45643.0	596.0	5674.0	28.0	B-	20411.0	611.0	21049000.0	640.0	True	
110		7	14	7	21	N	x	25231.915	134.048	6609.0159	6.3832	B-	17169.8816	134.584	21027087.573	143.906	False	2.475879505807235
111		5	13	8	21	O	-3n	8062.034	12.0	7389.3747	0.5714	B-	8109.639	12.1342	21008654.948	12.882	False	2.660582146972623
112		3	12	9	21	F	-nn	-47.605	1.8	7738.2934	0.0857	B-	5684.1712	1.8004	20999948.893	1.932	False	2.785102276750605
113		1	11	10	21	Ne		-5731.776	0.038	7971.7136	0.0018	B-	-3546.919	0.0177	20993846.685	0.041	False	2.998424802942613
114		-1	10	11	21	Na		-2184.857	0.042	7765.5581	0.002	B-	-13088.708	0.7557	20997654.459	0.045	False	2.9937810755162317
115		-3	9	12	21	Mg	x	10903.851	0.755	7105.0317	0.0359	B-	-16186.0	600.0	21011705.764	0.81	False	2.837399352194422
116		-5	8	13	21	Al	x	27090.0	600.0	6297.0	29.0	B-			21029082.0	644.0	True	
117	0.0	10	16	6	22	C	-nn	53611.203	231.49	5421.0778	10.5223	B-	21846.3983	311.0627	22057553.99	248.515	False	2.433057278000605
118		8	15	7	22	N	x	31764.805	207.779	6378.5347	9.4445	B-	22481.7725	215.435	22034100.918	223.06	False	2.4424045171439426
119		6	14	8	22	O	-4n	9283.032	56.921	7364.8722	2.5873	B-	6489.6562	58.2558	22009965.744	61.107	False	2.5490059706801573
120		4	13	9	22	F	+	2793.376	12.399	7624.2954	0.5636	B-	10818.0916	12.399	22002998.812	13.31	False	2.6615296170347036
121		2	12	10	22	Ne		-8024.716	0.018	8080.4656	0.0008	B-	-2843.3243	0.1325	21991385.113	0.018	False	3.0408750736920838
122		0	11	11	22	Na		-5181.391	0.132	7915.6624	0.006	B-	-4781.4051	0.1631	21994437.547	0.141	False	2.93732401876851
123		-2	10	12	22	Mg		-399.986	0.159	7662.7645	0.0072	B-	-18601.0	401.0	21999570.597	0.17	False	2.9273726123370487
124		-4	9	13	22	Al	x	18201.0	401.0	6782.0	18.0	B-	-15439.0	641.0	22019540.0	430.0	True	
125		-6	8	14	22	Si	x	33640.0	500.0	6044.0	23.0	B-			22036114.0	537.0	True	
126	0.0	11	17	6	23	C	x	64171.0	997.0	5077.0	43.0	B-	27450.0	1082.0	23068890.0	1070.0	True	
127		9	16	7	23	N	x	36720.429	420.57	6236.6721	18.2856	B-	22099.0584	437.8271	23039421.0	451.5	False	2.3832560854471265
128		7	15	8	23	O	x	14621.371	121.712	7163.4856	5.2918	B-	11336.1072	126.1904	23015696.686	130.663	False	2.4914738315859886
129		5	14	9	23	F		3285.263	33.32	7622.3447	1.4487	B-	8439.3084	33.3206	23003526.875	35.77	False	2.5933161538972223
130		3	13	10	23	Ne	-n	-5154.045	0.104	7955.2561	0.0045	B-	4375.8085	0.1044	22994466.905	0.112	False	2.951781461431293
131		1	12	11	23	Na		-9529.85352	0.00181	8111.4936	0.0002	B-	-4056.179	0.0317	22989769.28195	0.00194	False	3.143963776726417
132		-1	11	12	23	Mg	-	-5473.675	0.032	7901.1229	0.0014	B-	-12221.7457	0.3461	22994123.768	0.034	False	3.0122030823487167
133		-3	10	13	23	Al	--	6748.071	0.345	7335.7275	0.015	B-	-17202.0	500.0	23007244.351	0.37	False	2.8873433975620433
134		-5	9	14	23	Si	x	23950.0	500.0	6554.0	22.0	B-			23025711.0	537.0	True	
135	0.0	10	17	7	24	N	x	46938.0	401.0	5887.0	17.0	B-	28438.0	433.0	24050390.0	430.0	True	
136		8	16	8	24	O	x	18500.404	164.874	7039.6855	6.8698	B-	10955.8885	191.6327	24019861.0	177.0	False	2.4696442576981057
137		6	15	9	24	F	x	7544.516	97.67	7463.5831	4.0696	B-	13496.1583	97.6717	24008099.37	104.853	False	2.512954799909506
138		4	14	10	24	Ne	-nn	-5951.642	0.513	7993.3252	0.0214	B-	2466.2583	0.513	23993610.649	0.55	False	2.8673950893942037
139		2	13	11	24	Na	-n	-8417.901	0.017	8063.4882	0.0007	B-	5515.6774	0.021	23990963.012	0.017	False	3.047742472184472
140		0	12	12	24	Mg		-13933.578	0.013	8260.7103	0.0006	B-	-13884.766	0.2282	23985041.689	0.013	False	3.060383922006429
141		-2	11	13	24	Al		-48.812	0.228	7649.5806	0.0095	B-	-10793.9978	19.4734	23999947.598	0.244	False	2.9125761423767287
142		-4	10	14	24	Si	--	10745.186	19.472	7167.2329	0.8113	B-	-23275.0	501.0	24011535.43	20.904	False	2.6357736863217114
143		-6	9	15	24	P	x	34020.0	500.0	6165.0	21.0	B-			24036522.0	537.0	True	
144	0.0	11	18	7	25	N	x	55983.0	503.0	5613.0	20.0	B-	28654.0	529.0	25060100.0	540.0	True	
145		9	17	8	25	O	-n	27329.03	165.084	6727.8058	6.6034	B-	15994.8633	191.1909	25029338.919	177.225	False	2.4730144790476674
146		7	16	9	25	F	x	11334.167	96.442	7336.3065	3.8577	B-	13369.6698	100.7212	25012167.727	103.535	False	2.5172902008773574
147		5	15	10	25	Ne		-2035.503	29.045	7839.7994	1.1618	B-	7322.3107	29.0701	24997814.797	31.181	False	2.609664566232355
148		3	14	11	25	Na	-nn	-9357.814	1.2	8101.3979	0.048	B-	3834.9684	1.2009	24989953.974	1.288	False	2.8202409674005113
149		1	13	12	25	Mg		-13192.782	0.047	8223.5028	0.0019	B-	-4276.808	0.0447	24985836.966	0.05	False	2.9972087817037814
150		-1	12	13	25	Al		-8915.974	0.065	8021.1366	0.0026	B-	-12743.2956	10.0002	24990428.308	0.069	False	2.981006997693495
151		-3	11	14	25	Si	+3n	3827.322	10.0	7480.1109	0.4	B-	-16363.0	400.0	25004108.798	10.735	False	2.6851937232619245
152		-5	10	15	25	P	x	20190.0	400.0	6794.0	16.0	B-			25021675.0	429.0	True	
153	0.0	10	18	8	26	O	-nn	34661.041	164.95	6497.479	6.3442	B-	15986.3855	196.6301	26037210.155	177.081	False	2.4764064567618456
154		8	17	9	26	F		18674.655	107.027	7082.2497	4.1164	B-	18193.5414	108.6022	26020048.065	114.898	False	2.5120623322222917
155		6	16	10	26	Ne	x	481.114	18.429	7751.911	0.7088	B-	7341.894	18.7585	26000516.496	19.784	False	2.6453768500875703
156		4	15	11	26	Na	x	-6860.78	3.502	8004.2013	0.1347	B-	9353.7631	3.5018	25992634.649	3.759	False	2.7567877168089625
157		2	14	12	26	Mg		-16214.544	0.029	8333.8711	0.0011	B-	-4004.4042	0.0629	25982592.972	0.031	False	3.0227006091209225
158		0	13	13	26	Al		-12210.139	0.066	8149.7653	0.0026	B-	-5069.1361	0.0849	25986891.876	0.071	False	2.981540962157473
159		-2	12	14	26	Si	-	-7141.003	0.108	7924.7083	0.0041	B-	-18114.0	196.0	25992333.818	0.115	False	2.956790559675391
160		-4	11	15	26	P	x	10973.0	196.0	7198.0	8.0	B-	-16707.0	631.0	26011780.0	210.0	True	
161		-6	10	16	26	S	x	27680.0	600.0	6525.0	23.0	B-			26029716.0	644.0	True	
162	0.0	11	19	8	27	O	x	44670.0	500.0	6185.0	19.0	B-	19536.0	514.0	27047955.0	537.0	True	
163		9	18	9	27	F		25133.478	120.198	6879.6662	4.4518	B-	18082.568	150.6211	27026981.897	129.037	False	2.505709354417562
164		7	17	10	27	Ne	x	7050.91	90.77	7520.4151	3.3619	B-	12568.7005	90.8467	27007569.462	97.445	False	2.528312472854264
165		5	16	11	27	Na	++	-5517.791	3.726	7956.9467	0.138	B-	9068.8037	3.7266	26994076.408	4.0	False	2.755241223610509
166		3	15	12	27	Mg		-14586.594	0.047	8263.8525	0.0018	B-	2610.2694	0.0669	26984340.647	0.05	False	3.0010431236526083
167		1	14	13	27	Al		-17196.864	0.047	8331.5533	0.0018	B-	-4812.3583	0.0964	26981538.408	0.05	False	3.0010379585308176
168		-1	13	14	27	Si	-	-12384.505	0.107	8124.342	0.004	B-	-11725.473	9.0013	26986704.687	0.115	False	2.9587403326257466
169		-3	12	15	27	P	-p	-659.032	9.001	7661.0894	0.3334	B-	-18150.0	400.0	26999292.499	9.662	False	2.6975364955359624
170		-5	11	16	27	S	-	17491.0	400.0	6960.0	15.0	B-			27018777.0	430.0	True	
171	0.0	12	20	8	28	O	x	52080.0	699.0	5988.0	25.0	B-	18676.0	709.0	28055910.0	750.0	True	
172		10	19	9	28	F	-n	33403.796	120.347	6626.8567	4.2981	B-	22104.0579	174.2886	28035860.448	129.198	False	2.5085946007722004
173		8	18	10	28	Ne	x	11299.738	126.068	7388.3463	4.5024	B-	12288.0534	126.4833	28012130.767	135.339	False	2.504739135626789
174		6	17	11	28	Na	x	-988.315	10.246	7799.2644	0.3659	B-	14031.6303	10.2498	27998939.0	11.0	False	2.6912282963555616
175		4	16	12	28	Mg	x	-15019.946	0.261	8272.4531	0.0093	B-	1830.774	0.2653	27983875.426	0.28	False	2.9134427148733457
176		2	15	13	28	Al	-n	-16850.719	0.049	8309.8969	0.0018	B-	4642.0776	0.0486	27981910.009	0.052	False	3.0008979260003046
177		0	14	14	28	Si		-21492.79711	0.00051	8447.7445	0.0002	B-	-14344.9407	1.1473	27976926.53442	0.00055	False	3.204877623846654
178		-2	13	15	28	P		-7147.856	1.147	7907.4842	0.041	B-	-11221.0593	160.0041	27992326.46	1.231	False	2.8296549102382134
179		-4	12	16	28	S	--	4073.203	160.0	7478.7911	5.7143	B-	-24197.0	525.0	28004372.762	171.767	False	2.4850509992638075
180		-6	11	17	28	Cl	-p	28270.0	500.0	6587.0	18.0	B-			28030349.0	537.0	True	
181	0.0	11	20	9	29	F	x	40150.19	525.363	6444.0314	18.116	B-	21750.3873	546.2212	29043103.0	564.0	False	2.384094786578761
182		9	19	10	29	Ne	x	18399.803	149.505	7167.0673	5.1553	B-	15719.8092	149.6847	29019753.0	160.5	False	2.493634563120165
183		7	18	11	29	Na		2679.994	7.337	7682.1522	0.253	B-	13292.3538	7.3447	29002877.091	7.876	False	2.7159578816393757
184		5	17	12	29	Mg		-10612.36	0.345	8113.5317	0.0119	B-	7595.4023	0.4873	28988607.163	0.369	False	2.9002875496080764
185		3	16	13	29	Al	x	-18207.762	0.345	8348.4647	0.0119	B-	3687.3192	0.3447	28980453.164	0.37	False	2.900123191369211
186		1	15	14	29	Si		-21895.08154	0.00056	8448.6361	0.0002	B-	-4942.2325	0.3589	28976494.66434	0.0006	False	3.2027698749087836
187		-1	14	15	29	P		-16952.849	0.359	8251.2368	0.0124	B-	-13858.4257	13.0459	28981800.368	0.385	False	2.8979369893507
188		-3	13	16	29	S	x	-3094.423	13.041	7746.3826	0.4497	B-	-17117.0	189.0	28996678.0	14.0	False	2.677153406484704
189		-5	12	17	29	Cl	-p	14022.0	189.0	7129.0	7.0	B-	-23947.0	478.0	29015053.0	203.0	True	
190		-7	11	18	29	Ar	-pp	37969.0	439.0	6276.0	15.0	B-			29040761.0	471.0	True	
191	0.0	12	21	9	30	F	x	48960.0	500.0	6205.0	17.0	B-	25680.0	561.0	30052561.0	537.0	True	
192		10	20	10	30	Ne		23280.12	253.25	7034.5317	8.4417	B-	14805.4501	253.2946	30024992.235	271.875	False	2.452056120204489
193		8	19	11	30	Na		8474.67	4.727	7501.9685	0.1576	B-	17356.0423	4.9011	30009097.931	5.074	False	2.746814508633716
194		6	18	12	30	Mg		-8881.373	1.295	8054.425	0.0432	B-	6982.744	2.3287	29990465.454	1.39	False	2.826549206984445
195		4	17	13	30	Al		-15864.116	1.936	8261.1049	0.0645	B-	8568.8459	1.9357	29982969.171	2.077	False	2.802463951308285
196		2	16	14	30	Si	-n	-24432.962	0.022	8520.6549	0.0008	B-	-4232.1065	0.0615	29973770.137	0.023	False	3.0439553384513287
197		0	15	15	30	P	-	-20200.856	0.065	8353.5064	0.0022	B-	-6141.6014	0.1956	29978313.49	0.069	False	2.9901986698172562
198		-2	14	16	30	S	-	-14059.254	0.206	8122.7081	0.0069	B-	-18733.802	23.8769	29984906.77	0.221	False	2.9299021070187674
199		-4	13	17	30	Cl	-p	4674.548	23.876	7472.1698	0.7959	B-	-17397.0	180.0	30005018.333	25.631	False	2.6371320951838917
200		-6	12	18	30	Ar	-pp	22071.0	179.0	6866.0	6.0	B-			30023694.0	192.0	True	
201	0.0	13	22	9	31	F	-nn	56843.0	535.0	6011.0	17.0	B-	25661.0	597.0	31061023.0	574.0	True	
202		11	21	10	31	Ne		31181.594	266.195	6813.0902	8.5869	B-	18935.5625	266.5617	31033474.816	285.772	False	2.4506069777122237
203		9	20	11	31	Na	x	12246.031	13.972	7398.6778	0.4507	B-	15368.1833	14.3065	31013146.654	15.0	False	2.6770321816390865
204		7	19	12	31	Mg	x	-3122.152	3.074	7869.1886	0.0992	B-	11828.5569	3.8009	30996648.232	3.3	False	2.776049425005594
205		5	18	13	31	Al	x	-14950.709	2.236	8225.518	0.0721	B-	7998.3286	2.236	30983949.754	2.4	False	2.7956648547094796
206		3	17	14	31	Si	-n	-22949.037	0.043	8458.2916	0.0014	B-	1491.5071	0.0434	30975363.196	0.046	False	3.0119902236119405
207		1	16	15	31	P		-24440.54442	0.00075	8481.1677	0.0002	B-	-5398.013	0.2292	30973761.99768	0.0008	False	3.193744659862413
208		-1	15	16	31	S		-19042.531	0.229	8281.8013	0.0074	B-	-12007.979	3.4541	30979557.002	0.246	False	2.925913802590187
209		-3	14	17	31	Cl	--	-7034.552	3.447	7869.2101	0.1112	B-	-18360.0	200.0	30992448.097	3.7	False	2.7688894698942867
210		-5	13	18	31	Ar	-	11325.0	200.0	7252.0	6.0	B-	-22935.0	361.0	31012158.0	215.0	True	
211		-7	12	19	31	K	x	34260.0	300.0	6487.0	10.0	B-			31036780.0	322.0	True	
212	0.0	12	22	10	32	Ne	x	36999.0	503.0	6671.0	16.0	B-	18359.0	504.0	32039720.0	540.0	True	
213		10	21	11	32	Na	x	18640.152	37.26	7219.8815	1.1644	B-	19469.0523	37.4021	32020011.024	40.0	False	2.609554377269421
214		8	20	12	32	Mg	x	-828.901	3.26	7803.8411	0.1019	B-	10270.4677	7.8787	31999110.138	3.5	False	2.774365622847329
215		6	19	13	32	Al	x	-11099.368	7.173	8100.3449	0.2241	B-	12978.3208	7.1787	31988084.338	7.7	False	2.7239008267799836
216		4	18	14	32	Si	x	-24077.689	0.298	8481.469	0.0093	B-	227.1872	0.3008	31974151.538	0.32	False	2.9134301172906336
217		2	17	15	32	P	-n	-24304.876	0.04	8464.1203	0.0013	B-	1710.6608	0.04	31973907.643	0.042	False	3.0180081341356777
218		0	16	16	32	S		-26015.53714	0.00131	8493.1301	0.0002	B-	-12680.8313	0.5617	31972071.17354	0.00141	False	3.1715552132716764
219		-2	15	17	32	Cl		-13334.706	0.562	8072.4058	0.0176	B-	-11134.3536	1.8568	31985684.605	0.603	False	2.878447449903671
220		-4	14	18	32	Ar	x	-2200.352	1.77	7700.0089	0.0553	B-	-24190.0	400.0	31997637.824	1.9	False	2.8117684942825663
221		-6	13	19	32	K	x	21990.0	400.0	6920.0	12.0	B-			32023607.0	429.0	True	
222	0.0	13	23	10	33	Ne	x	46130.0	600.0	6436.0	18.0	B-	22350.0	750.0	33049523.0	644.0	True	
223		11	22	11	33	Na	x	23780.113	449.912	7089.9262	13.6337	B-	18817.24	449.9195	33025529.0	483.0	False	2.4098934399445926
224		9	21	12	33	Mg		4962.873	2.663	7636.4382	0.0807	B-	13460.255	7.4767	33005327.862	2.859	False	2.788813119726028
225		7	20	13	33	Al	x	-8497.382	6.986	8020.6172	0.2117	B-	12016.946	7.0211	32990877.685	7.5	False	2.727646181354618
226		5	19	14	33	Si	x	-20514.328	0.699	8361.0596	0.0212	B-	5823.0223	1.2947	32977976.964	0.75	False	2.8678439348725466
227		3	18	15	33	P	+	-26337.35	1.09	8513.8073	0.033	B-	248.5079	1.09	32971725.692	1.17	False	2.8422405469280347
228		1	17	16	33	S		-26585.8583	0.00134	8497.6304	0.0002	B-	-5582.5182	0.3908	32971458.90862	0.00144	False	3.171963028560178
229		-1	16	17	33	Cl		-21003.34	0.391	8304.7557	0.0118	B-	-11619.0452	0.5596	32977451.988	0.419	False	2.9003891366590193
230		-3	15	18	33	Ar	x	-9384.295	0.401	7928.9559	0.0121	B-	-16925.0	200.0	32989925.545	0.43	False	2.8989836167505754
231		-5	14	19	33	K	x	7540.0	200.0	7392.0	6.0	B-	-23489.0	447.0	33008095.0	215.0	True	
232		-7	13	20	33	Ca	x	31030.0	400.0	6657.0	12.0	B-			33033312.0	429.0	True	
233	0.0	14	24	10	34	Ne	-nn	52842.0	513.0	6287.0	15.0	B-	21161.0	789.0	34056728.0	551.0	True	
234		12	23	11	34	Na	x	31680.114	599.416	6886.4377	17.6299	B-	23356.7903	599.4561	34034010.0	643.5	False	2.3865538237158694
235		10	22	12	34	Mg	x	8323.324	6.893	7550.3919	0.2027	B-	11320.9428	7.2072	34008935.455	7.4	False	2.7305064192381865
236		8	21	13	34	Al	x	-2997.619	2.105	7860.3506	0.0619	B-	16994.0653	2.2519	33996781.924	2.259	False	2.8049865846668713
237		6	20	14	34	Si	x	-19991.684	0.801	8337.1659	0.0236	B-	4557.0175	1.1395	33978538.045	0.86	False	2.8617472088376963
238		4	19	15	34	P	x	-24548.702	0.81	8448.1856	0.0238	B-	5382.9879	0.8116	33973645.886	0.87	False	2.8610778350266988
239		2	18	16	34	S		-29931.689	0.045	8583.4986	0.0013	B-	-5491.6037	0.0378	33967867.011	0.047	False	3.015462997533012
240		0	17	17	34	Cl		-24440.086	0.049	8398.9706	0.0014	B-	-6061.793	0.0631	33973762.49	0.052	False	3.0105031773274074
241		-2	16	18	34	Ar		-18378.293	0.078	8197.6724	0.0023	B-	-17158.0	196.0	33980270.092	0.083	False	2.987206295172013
242		-4	15	19	34	K	x	-1220.0	196.0	7670.0	6.0	B-	-16110.0	358.0	33998690.0	210.0	True	
243		-6	14	20	34	Ca	x	14890.0	300.0	7173.0	9.0	B-			34015985.0	322.0	True	
244	0.0	13	24	11	35	Na	-n	37831.0	670.0	6745.0	19.0	B-	22192.0	723.0	35040614.0	720.0	True	
245		11	23	12	35	Mg	x	15639.786	269.668	7356.2338	7.7048	B-	15863.5156	269.7679	35016790.0	289.5	False	2.4598608493960548
246		9	22	13	35	Al	x	-223.73	7.359	7787.1243	0.2103	B-	14167.7504	36.6047	34999759.816	7.9	False	2.728113513211737
247		7	21	14	35	Si	2p-n	-14391.48	35.857	8169.5644	1.0245	B-	10466.3291	35.9049	34984550.111	38.494	False	2.6188484059230155
248		5	20	15	35	P	+p	-24857.809	1.866	8446.2496	0.0533	B-	3988.4006	1.8667	34973314.045	2.003	False	2.813937566915851
249		3	19	16	35	S		-28846.21	0.04	8537.8511	0.0012	B-	167.3218	0.0257	34969032.321	0.043	False	3.0212308344639296
250		1	18	17	35	Cl		-29013.532	0.035	8520.279	0.001	B-	-5966.2429	0.6794	34968852.694	0.038	False	3.0272375985109794
251		-1	17	18	35	Ar	-	-23047.289	0.68	8327.4621	0.0194	B-	-11874.3955	0.8516	34975257.719	0.73	False	2.872709030260202
252		-3	16	19	35	K	4n	-11172.893	0.512	7965.8409	0.0146	B-	-16363.0	200.0	34988005.406	0.55	False	2.888612035981556
253		-5	15	20	35	Ca	x	5190.0	200.0	7476.0	6.0	B-	-21910.0	447.0	35005572.0	215.0	True	
254		-7	14	21	35	Sc	x	27100.0	400.0	6828.0	11.0	B-			35029093.0	429.0	True	
255	0.0	14	25	11	36	Na	-n	45903.0	687.0	6557.0	19.0	B-	25523.0	974.0	36049279.0	737.0	True	
256		12	24	12	36	Mg	x	20380.159	690.237	7244.4202	19.1733	B-	14429.7751	706.2429	36021879.0	741.0	False	2.3787714300984693
257		10	23	13	36	Al	x	5950.384	149.505	7623.5154	4.1529	B-	18386.5096	165.851	36006388.0	160.5	False	2.5112980610864133
258		8	22	14	36	Si	x	-12436.125	71.797	8112.5199	1.9944	B-	7814.9194	72.9852	35986649.271	77.077	False	2.5690833891701828
259		6	21	15	36	P	+	-20251.045	13.114	8307.8692	0.3643	B-	10413.0962	13.1124	35978259.61	14.078	False	2.6915014981456586
260		4	20	16	36	S		-30664.141	0.188	8575.39	0.0052	B-	-1142.1329	0.1893	35967080.692	0.201	False	2.9445739713061405
261		2	19	17	36	Cl		-29522.008	0.036	8521.9322	0.001	B-	709.5343	0.0449	35968306.822	0.038	False	3.0286019897275582
262		0	18	18	36	Ar		-30231.542	0.027	8519.9096	0.0008	B-	-12814.3607	0.3259	35967545.106	0.028	False	3.043268238867417
263		-2	17	19	36	K		-17417.182	0.325	8142.2233	0.009	B-	-10966.0155	40.0013	35981301.887	0.349	False	2.915129047324026
264		-4	16	20	36	Ca	4n	-6451.166	40.0	7815.8799	1.1111	B-	-22601.0	303.0	35993074.388	42.941	False	2.6129340705521003
265		-6	15	21	36	Sc	x	16150.0	300.0	7166.0	8.0	B-			36017338.0	322.0	True	
266	0.0	15	26	11	37	Na	-nn	53134.0	687.0	6403.0	19.0	B-	24923.0	980.0	37057042.0	737.0	True	
267		13	25	12	37	Mg	-n	28211.478	698.947	7055.1115	18.8905	B-	18401.9132	721.8139	37030286.265	750.35	False	2.38016695241426
268		11	24	13	37	Al	x	9809.564	180.244	7531.316	4.8715	B-	16381.0765	213.1678	37010531.0	193.5	False	2.4982699237858967
269		9	23	14	37	Si	x	-6571.512	113.809	7952.9033	3.0759	B-	12424.5003	119.9691	36992945.191	122.179	False	2.535342332315264
270		7	22	15	37	P	p-2n	-18996.012	37.948	8267.5561	1.0256	B-	7900.4135	37.9474	36979606.942	40.738	False	2.61876102004111
271		5	21	16	37	S	-n	-26896.426	0.198	8459.9363	0.0054	B-	4865.1258	0.1965	36971125.5	0.212	False	2.943218064593603
272		3	20	17	37	Cl		-31761.552	0.052	8570.2816	0.0014	B-	-813.8729	0.2	36965902.573	0.055	False	3.0118973413465624
273		1	19	18	37	Ar	-	-30947.679	0.207	8527.1406	0.0056	B-	-6147.4775	0.227	36966776.301	0.221	False	2.9410185417591888
274		-1	18	19	37	K	-p	-24800.201	0.094	8339.848	0.0025	B-	-11664.1314	0.6412	36973375.89	0.1	False	2.9820538355065462
275		-3	17	20	37	Ca	x	-13136.07	0.634	8003.4567	0.0171	B-	-16916.0	300.0	36985897.849	0.68	False	2.8798560915458706
276		-5	16	21	37	Sc	x	3780.0	300.0	7525.0	8.0	B-	-21390.0	500.0	37004058.0	322.0	True	
277		-7	15	22	37	Ti	x	25170.0	400.0	6926.0	11.0	B-			37027021.0	429.0	True	
278	0.0	16	27	11	38	Na	-n	61905.0	715.0	6216.0	19.0	B-	27831.0	875.0	38066458.0	768.0	True	
279		14	26	12	38	Mg	x	34074.0	503.0	6928.0	13.0	B-	17604.0	525.0	38036580.0	540.0	True	
280		12	25	13	38	Al	x	16470.0	150.0	7370.0	4.0	B-	20640.0	183.0	38017681.0	161.0	True	
281		10	24	14	38	Si	x	-4170.299	104.793	7892.8297	2.7577	B-	10451.2656	127.4736	37995523.0	112.5	False	2.543963429324225
282		8	23	15	38	P	x	-14621.565	72.581	8147.2749	1.91	B-	12239.6512	72.934	37984303.105	77.918	False	2.5723852246351413
283		6	22	16	38	S	+	-26861.216	7.172	8448.7829	0.1887	B-	2936.9	7.1714	37971163.3	7.699	False	2.7350975752454962
284		4	21	17	38	Cl	-n	-29798.116	0.098	8505.4817	0.0026	B-	4916.7109	0.2182	37968010.408	0.105	False	2.9809256678234415
285		2	20	18	38	Ar		-34714.827	0.195	8614.2807	0.0051	B-	-5914.0671	0.0448	37962732.102	0.209	False	2.945361528713854
286		0	19	19	38	K		-28800.76	0.195	8438.0593	0.0051	B-	-6742.2563	0.0626	37969081.114	0.209	False	2.945370322101223
287		-2	18	20	38	Ca		-22058.503	0.194	8240.0434	0.0051	B-	-17809.0	200.0	37976319.223	0.208	False	2.9456325058075987
288		-4	17	21	38	Sc	x	-4249.0	200.0	7751.0	5.0	B-	-15619.0	361.0	37995438.0	215.0	True	
289		-6	16	22	38	Ti	x	11370.0	300.0	7319.0	8.0	B-			38012206.0	322.0	True	
290	0.0	17	28	11	39	Na	-n	69977.0	743.0	6056.0	19.0	B-	27201.0	903.0	39075123.0	797.0	True	
291		15	27	12	39	Mg	-n	42775.0	513.0	6734.0	13.0	B-	21286.0	594.0	39045921.0	551.0	True	
292		13	26	13	39	Al	x	21490.0	300.0	7260.0	8.0	B-	19169.0	329.0	39023070.0	322.0	True	
293		11	25	14	39	Si	x	2320.352	135.532	7730.9793	3.4752	B-	15094.9874	176.2324	39002491.0	145.5	False	2.525645439825861
294		9	24	15	39	P	x	-12774.636	112.645	8097.9701	2.8883	B-	10388.0361	123.243	38986285.865	120.929	False	2.5403032686950864
295		7	23	16	39	S	2p-n	-23162.672	50.0	8344.2698	1.2821	B-	6637.5463	50.03	38975133.85	53.677	False	2.6023525769844857
296		5	22	17	39	Cl	-nn	-29800.218	1.732	8494.4032	0.0444	B-	3441.9774	5.2915	38968008.151	1.859	False	2.8248379478392027
297		3	21	18	39	Ar	+	-33242.195	5.0	8562.5988	0.1282	B-	565.0	5.0	38964313.037	5.367	False	2.759876237528796
298		1	20	19	39	K		-33807.19535	0.00456	8557.0258	0.0003	B-	-6524.4888	0.5962	38963706.48482	0.00489	False	3.126703698527468
299		-1	19	20	39	Ca		-27282.707	0.596	8369.6711	0.0153	B-	-13109.9804	24.0074	38970710.811	0.64	False	2.886174518449134
300		-3	18	21	39	Sc	2n-p	-14172.726	24.0	8013.4575	0.6154	B-	-16673.0	202.0	38984784.953	25.765	False	2.6553288711910286
301		-5	17	22	39	Ti	x	2500.0	200.0	7566.0	5.0	B-	-20070.0	447.0	39002684.0	215.0	True	
302		-7	16	23	39	V	x	22570.0	400.0	7031.0	10.0	B-			39024230.0	429.0	True	
303	0.0	16	28	12	40	Mg	x	49550.0	500.0	6598.0	13.0	B-	20729.0	583.0	40053194.0	537.0	True	
304		14	27	13	40	Al	x	28820.0	300.0	7097.0	7.0	B-	23154.0	324.0	40030940.0	322.0	True	
305		12	26	14	40	Si	x	5666.876	121.991	7655.8247	3.0498	B-	13806.0653	147.8912	40006083.641	130.962	False	2.5360460275323145
306		10	25	15	40	P	x	-8139.189	83.607	7981.4177	2.0902	B-	14698.6603	83.7017	39991262.221	89.755	False	2.565494424855904
307		8	24	16	40	S		-22837.85	3.982	8329.3255	0.0996	B-	4719.9687	32.3118	39975482.561	4.274	False	2.7757852785109733
308		6	23	17	40	Cl	+	-27557.818	32.066	8427.766	0.8016	B-	7482.0816	32.0655	39970415.466	34.423	False	2.636548841664586
309		4	22	18	40	Ar		-35039.89997	0.00218	8595.2594	0.0002	B-	-1504.4031	0.0559	39962383.12204	0.00234	False	3.159595073287395
310		2	21	19	40	K		-33535.497	0.056	8538.0907	0.0014	B-	1310.9051	0.0596	39963998.165	0.06	False	3.011453065684225
311		0	20	20	40	Ca		-34846.402	0.02	8551.3046	0.0006	B-	-14323.0493	2.8281	39962590.85	0.022	False	3.0596534403247246
312		-2	19	21	40	Sc	-	-20523.353	2.828	8173.6697	0.0707	B-	-11529.9139	68.3023	39977967.275	3.036	False	2.7968726039125014
313		-4	18	22	40	Ti		-8993.439	68.244	7865.8632	1.7061	B-	-21463.0	308.0	39990345.146	73.262	False	2.580982184708222
314		-6	17	23	40	V	x	12470.0	300.0	7310.0	7.0	B-			40013387.0	322.0	True	
315	0.0	17	29	12	41	Mg	x	58100.0	500.0	6425.0	12.0	B-	23510.0	640.0	41062373.0	537.0	True	
316		15	28	13	41	Al	x	34590.0	400.0	6980.0	10.0	B-	21390.0	500.0	41037134.0	429.0	True	
317		13	27	14	41	Si	x	13200.0	300.0	7482.0	7.0	B-	18180.0	323.0	41014171.0	322.0	True	
318		11	26	15	41	P	x	-4979.767	120.163	7906.5513	2.9308	B-	14028.8125	120.2326	40994654.0	129.0	False	2.5391691010702986
319		9	25	16	41	S	x	-19008.58	4.099	8229.6358	0.1	B-	8298.6116	68.8456	40979593.451	4.4	False	2.7755206847796217
320		7	24	17	41	Cl	x	-27307.192	68.723	8412.9593	1.6762	B-	5760.318	68.7243	40970684.525	73.777	False	2.582284412443609
321		5	23	18	41	Ar	-n	-33067.51	0.347	8534.3733	0.0085	B-	2492.0392	0.3473	40964500.57	0.372	False	2.9186934324580736
322		3	22	19	41	K		-35559.5488	0.00376	8576.0731	0.0003	B-	-421.6406	0.1377	40961825.25611	0.00403	False	3.137324713573576
323		1	21	20	41	Ca		-35137.908	0.138	8546.7075	0.0034	B-	-6495.5482	0.1553	40962277.905	0.147	False	2.9676149013296538
324		-1	20	21	41	Sc		-28642.36	0.077	8369.1979	0.0019	B-	-12944.8214	27.9449	40969251.163	0.083	False	2.996594254084535
325		-3	19	22	41	Ti	x	-15697.539	27.945	8034.3889	0.6816	B-	-16008.0	202.0	40983148.0	30.0	False	2.64812142163167
326		-5	18	23	41	V	x	310.0	200.0	7625.0	5.0	B-	-20100.0	447.0	41000333.0	215.0	True	
327		-7	17	24	41	Cr	x	20410.0	400.0	7116.0	10.0	B-			41021911.0	429.0	True	
328	0.0	16	29	13	42	Al	x	41990.0	500.0	6829.0	12.0	B-	25150.0	583.0	42045078.0	537.0	True	
329		14	28	14	42	Si	x	16840.0	300.0	7410.0	7.0	B-	15748.0	315.0	42018078.0	322.0	True	
330		12	27	15	42	P	x	1091.842	95.009	7765.9122	2.2621	B-	18729.5899	95.0504	42001172.14	101.996	False	2.559416733540072
331		10	26	16	42	S	x	-17637.748	2.794	8193.2275	0.0665	B-	7194.0221	59.6811	41981065.1	3.0	False	2.80057571671785
332		8	25	17	42	Cl	x	-24831.77	59.616	8345.8864	1.4194	B-	9590.9082	59.8947	41973342.0	64.0	False	2.5947816232111314
333		6	24	18	42	Ar	x	-34422.678	5.775	8555.6141	0.1375	B-	599.3527	5.7763	41963045.737	6.2	False	2.755426708337921
334		4	23	19	42	K	-n	-35022.031	0.106	8551.2571	0.0025	B-	3525.2626	0.1825	41962402.305	0.113	False	2.9822747282536093
335		2	22	20	42	Ca		-38547.293	0.148	8616.5646	0.0035	B-	-6426.2904	0.0485	41958617.78	0.159	False	2.9648113861269074
336		0	21	21	42	Sc		-32121.003	0.154	8444.9303	0.0037	B-	-7016.6496	0.2239	41965516.686	0.165	False	2.9629078284603123
337		-2	20	22	42	Ti		-25104.353	0.269	8259.24	0.0064	B-	-17485.0	196.0	41973049.369	0.289	False	2.93353058679548
338		-4	19	23	42	V	x	-7620.0	196.0	7824.0	5.0	B-	-14679.0	358.0	41991820.0	210.0	True	
339		-6	18	24	42	Cr	x	7060.0	300.0	7456.0	7.0	B-			42007579.0	322.0	True	
340	0.0	17	30	13	43	Al	x	48270.0	600.0	6712.0	14.0	B-	23940.0	721.0	43051820.0	644.0	True	
341		15	29	14	43	Si	x	24330.0	400.0	7251.0	9.0	B-	19289.0	500.0	43026119.0	429.0	True	
342		13	28	15	43	P	x	5040.0	300.0	7681.0	7.0	B-	17236.0	300.0	43005411.0	322.0	True	
343		11	27	16	43	S	x	-12195.461	4.97	8063.8276	0.1156	B-	11964.05	62.0579	42986907.635	5.335	False	2.766452261929397
344		9	26	17	43	Cl	x	-24159.51	61.859	8323.8672	1.4386	B-	7850.3002	62.086	42974063.7	66.407	False	2.59378383839402
345		7	25	18	43	Ar	x	-32009.811	5.31	8488.2382	0.1235	B-	4565.5836	5.3254	42965636.056	5.7	False	2.7622507830266647
346		5	24	19	43	K	-4n	-36575.394	0.41	8576.2204	0.0095	B-	1833.4783	0.4687	42960734.701	0.44	False	2.912175522216833
347		3	23	20	43	Ca		-38408.873	0.227	8600.6653	0.0053	B-	-2220.7227	1.865	42958766.381	0.244	False	2.9437196861117023
348		1	22	21	43	Sc	-p	-36188.15	1.863	8530.8265	0.0433	B-	-6872.5591	6.0147	42961150.425	1.999	False	2.826316659521705
349		-1	21	22	43	Ti		-29315.591	5.719	8352.8054	0.133	B-	-11399.2333	43.2287	42968528.42	6.139	False	2.757558624470348
350		-3	20	23	43	V	x	-17916.358	42.849	8069.5129	0.9965	B-	-15946.0	205.0	42980766.0	46.0	False	2.6208658545922976
351		-5	19	24	43	Cr	x	-1970.0	200.0	7680.0	5.0	B-	-19340.0	447.0	42997885.0	215.0	True	
352		-7	18	25	43	Mn	x	17370.0	400.0	7213.0	9.0	B-			43018647.0	429.0	True	
353	0.0	16	30	14	44	Si	x	29310.0	500.0	7156.0	11.0	B-	18200.0	640.0	44031466.0	537.0	True	
354		14	29	15	44	P	x	11110.0	400.0	7552.0	9.0	B-	20314.0	400.0	44011927.0	429.0	True	
355		12	28	16	44	S	x	-9204.236	5.216	7996.0154	0.1186	B-	11274.7373	85.7253	43990118.846	5.6	False	2.764853192353972
356		10	27	17	44	Cl	x	-20478.973	85.566	8234.4788	1.9447	B-	12194.2869	85.5811	43978014.918	91.859	False	2.5710037321795784
357		8	26	18	44	Ar	x	-32673.26	1.584	8493.8411	0.036	B-	3108.2375	1.6381	43964923.814	1.7	False	2.837221444224677
358		6	25	19	44	K	x	-35781.498	0.419	8546.7023	0.0095	B-	5687.2319	0.5303	43961586.984	0.45	False	2.9122057891048376
359		4	24	20	44	Ca		-41468.73	0.325	8658.1769	0.0074	B-	-3652.6948	1.7565	43955481.489	0.348	False	2.9260735033279994
360		2	23	21	44	Sc	-p	-37816.035	1.756	8557.3805	0.0399	B-	-267.4488	1.8899	43959402.818	1.884	False	2.8311747927149002
361		0	22	22	44	Ti	-a	-37548.586	0.7	8533.5215	0.0159	B-	-13740.5071	7.2986	43959689.936	0.751	False	2.8839698236964524
362		-2	21	23	44	V		-23808.079	7.265	8203.4567	0.1651	B-	-10386.1805	51.7447	43974440.977	7.799	False	2.7437469956095373
363		-4	20	24	44	Cr	x	-13421.899	51.232	7949.6265	1.1644	B-	-20882.0	304.0	43985591.0	55.0	False	2.6094842887021517
364		-6	19	25	44	Mn	x	7460.0	300.0	7457.0	7.0	B-			44008009.0	322.0	True	
365	0.0	17	31	14	45	Si	x	37090.0	600.0	7004.0	13.0	B-	21130.0	781.0	45039818.0	644.0	True	
366		15	30	15	45	P	x	15960.0	500.0	7456.0	11.0	B-	19301.0	583.0	45017134.0	537.0	True	
367		13	29	16	45	S	x	-3340.0	300.0	7867.0	7.0	B-	14922.0	329.0	44996414.0	322.0	True	
368		11	28	17	45	Cl	x	-18262.544	136.163	8181.5991	3.0259	B-	11508.2568	136.1643	44980394.353	146.177	False	2.536622613403117
369		9	27	18	45	Ar	x	-29770.801	0.512	8419.9526	0.0114	B-	6844.8422	0.7311	44968039.731	0.55	False	2.9024814480609544
370		7	26	19	45	K	x	-36615.643	0.522	8554.6747	0.0116	B-	4196.5868	0.6369	44960691.491	0.56	False	2.9014830009238097
371		5	25	20	45	Ca		-40812.23	0.365	8630.5467	0.0081	B-	260.091	0.7377	44956186.27	0.392	False	2.920884386340748
372		3	24	21	45	Sc		-41072.321	0.663	8618.941	0.0147	B-	-2062.0551	0.5086	44955907.051	0.712	False	2.8881955077826165
373		1	23	22	45	Ti		-39010.266	0.836	8555.7321	0.0186	B-	-7123.8247	0.2142	44958120.758	0.897	False	2.875254813905372
374		-1	22	23	45	V		-31886.441	0.863	8380.0394	0.0192	B-	-12371.64	35.4073	44965768.498	0.926	False	2.873468200045292
375		-3	21	24	45	Cr	x	-19514.801	35.397	8087.7286	0.7866	B-	-14535.0	302.0	44979050.0	38.0	False	2.637922487643342
376		-5	20	25	45	Mn	x	-4980.0	300.0	7747.0	7.0	B-	-19388.0	412.0	44994654.0	322.0	True	
377		-7	19	26	45	Fe	-pp	14408.0	283.0	7299.0	6.0	B-			45015467.0	304.0	True	
378	0.0	16	31	15	46	P	x	22840.0	500.0	7320.0	11.0	B-	22200.0	640.0	46024520.0	537.0	True	
379		14	30	16	46	S	x	640.0	400.0	7785.0	9.0	B-	14375.0	411.0	46000687.0	429.0	True	
380		12	29	17	46	Cl	x	-13734.949	97.249	8080.7757	2.1141	B-	16036.3062	97.2766	45985254.926	104.4	False	2.564610968101416
381		10	28	18	46	Ar	x	-29771.255	2.329	8412.3835	0.0506	B-	5642.6746	2.4394	45968039.244	2.5	False	2.8170341152390317
382		8	27	19	46	K	x	-35413.929	0.727	8518.0428	0.0158	B-	7725.6802	2.349	45961981.584	0.78	False	2.884341751937949
383		6	26	20	46	Ca		-43139.61	2.234	8668.9848	0.0486	B-	-1377.9665	2.3305	45953687.726	2.398	False	2.819502699025273
384		4	25	21	46	Sc	-n	-41761.643	0.671	8622.0215	0.0146	B-	2366.626	0.6666	45955167.034	0.72	False	2.8887972365694083
385		2	24	22	46	Ti		-44128.269	0.09	8656.4623	0.002	B-	-7052.3723	0.0923	45952626.356	0.097	False	2.9945398560284024
386		0	23	23	46	V		-37075.897	0.134	8486.1423	0.0029	B-	-7604.3264	11.4538	45960197.389	0.143	False	2.974927188642373
387		-2	22	24	46	Cr		-29471.57	11.453	8303.8233	0.249	B-	-17053.8226	87.3828	45968360.969	12.295	False	2.716961790479711
388		-4	21	25	46	Mn	x	-12417.748	86.629	7916.0805	1.8832	B-	-13628.0	312.0	45986669.0	93.0	False	2.573471602440293
389		-6	20	26	46	Fe	x	1210.0	300.0	7603.0	7.0	B-			46001299.0	322.0	True	
390	0.0	17	32	15	47	P	x	28810.0	600.0	7209.0	13.0	B-	21610.0	721.0	47030929.0	644.0	True	
391		15	31	16	47	S	x	7200.0	400.0	7652.0	9.0	B-	16781.0	447.0	47007730.0	429.0	True	
392		13	30	17	47	Cl	x	-9580.0	200.0	7992.0	4.0	B-	15787.0	200.0	46989715.0	215.0	True	
393		11	29	18	47	Ar	x	-25367.274	1.211	8311.425	0.0258	B-	10344.7078	1.849	46972767.112	1.3	False	2.856626188544691
394		9	28	19	47	K	x	-35711.982	1.397	8514.8795	0.0297	B-	6632.6837	2.6237	46961661.612	1.5	False	2.848355590467963
395		7	27	20	47	Ca		-42344.665	2.221	8639.3548	0.0473	B-	1992.177	1.1849	46954541.134	2.384	False	2.8211354480011432
396		5	26	21	47	Sc		-44336.842	1.931	8665.0958	0.0411	B-	600.7694	1.9292	46952402.444	2.072	False	2.8294492456697617
397		3	25	22	47	Ti		-44937.612	0.08	8661.2325	0.0017	B-	-2930.5422	0.0879	46951757.491	0.085	False	3.002198085996284
398		1	24	23	47	V		-42007.07	0.11	8582.2348	0.0024	B-	-7443.9769	5.1976	46954903.558	0.118	False	2.9857712698118357
399		-1	23	24	47	Cr		-34563.093	5.197	8407.2067	0.1106	B-	-11996.7167	32.0943	46962894.995	5.578	False	2.769210402794585
400		-3	22	25	47	Mn	x	-22566.376	31.671	8135.3117	0.6738	B-	-15437.0	501.0	46975774.0	34.0	False	2.6489215220599847
401		-5	21	26	47	Fe	x	-7130.0	500.0	7790.0	11.0	B-	-17750.0	781.0	46992346.0	537.0	True	
402		-7	20	27	47	Co	x	10620.0	600.0	7396.0	13.0	B-			47011401.0	644.0	True	
403	0.0	16	32	16	48	S	x	12390.0	500.0	7552.0	10.0	B-	16670.0	707.0	48013301.0	537.0	True	
404		14	31	17	48	Cl	x	-4280.0	500.0	7883.0	10.0	B-	18075.0	500.0	47995405.0	537.0	True	
405		12	30	18	48	Ar	x	-22354.927	16.767	8243.6656	0.3493	B-	9929.555	16.7847	47976001.0	18.0	False	2.6943460403604345
406		10	29	19	48	K	x	-32284.482	0.773	8434.2324	0.0161	B-	11940.3857	0.7734	47965341.184	0.83	False	2.883253081670133
407		8	28	20	48	Ca		-44224.868	0.018	8666.6916	0.0004	B-	279.2155	4.9499	47952522.654	0.018	False	3.0774553604034396
408		6	27	21	48	Sc		-44504.083	4.95	8656.2097	0.1031	B-	3988.8685	4.9499	47952222.903	5.313	False	2.7735606915695104
409		4	26	22	48	Ti		-48492.952	0.074	8723.0122	0.0016	B-	-4014.9467	0.9691	47947940.677	0.079	False	3.0068667464790377
410		2	25	23	48	V		-44478.005	0.972	8623.0686	0.0202	B-	-1656.6918	7.3746	47952250.9	1.043	False	2.8703739686303678
411		0	24	24	48	Cr	+nn	-42821.313	7.311	8572.2553	0.1523	B-	-13524.6692	9.9157	47954029.431	7.848	False	2.7489038538422728
412		-2	23	25	48	Mn		-29296.644	6.699	8274.1924	0.1396	B-	-11288.0685	92.4609	47968548.76	7.191	False	2.754502770196981
413		-4	22	26	48	Fe	x	-18008.575	92.218	8022.7254	1.9212	B-	-19738.0	509.0	47980667.0	99.0	False	2.5719393983164314
414		-6	21	27	48	Co	x	1730.0	500.0	7595.0	10.0	B-	-16448.0	656.0	48001857.0	537.0	True	
415		-8	20	28	48	Ni	-pp	18178.0	424.0	7236.0	9.0	B-			48019515.0	455.0	True	
416	0.0	17	33	16	49	S	-n	20391.0	583.0	7400.0	12.0	B-	19652.0	707.0	49021891.0	626.0	True	
417		15	32	17	49	Cl	x	740.0	400.0	7785.0	8.0	B-	17800.0	565.0	49000794.0	429.0	True	
418		13	31	18	49	Ar	x	-17060.0	400.0	8132.0	8.0	B-	12551.0	400.0	48981685.0	429.0	True	
419		11	30	19	49	K	x	-29611.496	0.801	8372.2753	0.0164	B-	11688.5069	0.8205	48968210.753	0.86	False	2.882423855448926
420		9	29	20	49	Ca	-n	-41300.003	0.178	8594.85	0.0036	B-	5262.4445	2.2745	48955662.625	0.19	False	2.963578683418037
421		7	28	21	49	Sc		-46562.447	2.268	8686.2805	0.0463	B-	2001.5652	2.2684	48950013.159	2.434	False	2.8223768526324164
422		5	27	22	49	Ti		-48564.012	0.078	8711.1625	0.0016	B-	-601.8555	0.8203	48947864.391	0.084	False	3.0048508119177413
423		3	26	23	49	V	-	-47962.157	0.824	8682.9135	0.0168	B-	-2629.8047	2.3487	48948510.509	0.884	False	2.8808587475787055
424		1	25	24	49	Cr		-45332.352	2.202	8613.2777	0.0449	B-	-7712.4265	0.2329	48951333.72	2.363	False	2.8241372913042184
425		-1	24	25	49	Mn		-37619.925	2.214	8439.915	0.0452	B-	-12869.1957	24.3199	48959613.35	2.377	False	2.823796622667073
426		-3	23	26	49	Fe	x	-24750.73	24.219	8161.3121	0.4943	B-	-14971.0	501.0	48973429.0	26.0	False	2.6706038849014675
427		-5	22	27	49	Co	x	-9780.0	500.0	7840.0	10.0	B-	-18309.0	781.0	48989501.0	537.0	True	
428		-7	21	28	49	Ni	x	8530.0	600.0	7450.0	12.0	B-			49009157.0	644.0	True	
429	0.0	16	33	17	50	Cl	x	7700.0	400.0	7651.0	8.0	B-	20930.0	640.0	50008266.0	429.0	True	
430		14	32	18	50	Ar	x	-13230.0	500.0	8054.0	10.0	B-	12498.0	500.0	49985797.0	537.0	True	
431		12	31	19	50	K	x	-25727.853	7.731	8288.5833	0.1546	B-	13861.3774	7.8919	49972380.015	8.3	False	2.7479582098253705
432		10	30	20	50	Ca	x	-39589.23	1.584	8550.1639	0.0317	B-	4947.8903	2.9723	49957499.215	1.7	False	2.8446799932766442
433		8	29	21	50	Sc		-44537.12	2.515	8633.4747	0.0503	B-	6894.747	2.5166	49952187.437	2.7	False	2.817402244899306
434		6	28	22	50	Ti		-51431.867	0.082	8755.7227	0.0017	B-	-2208.6274	0.0579	49944785.622	0.088	False	3.003544038619513
435		4	27	23	50	V		-49223.24	0.093	8695.9032	0.0019	B-	1038.124	0.0551	49947156.681	0.099	False	2.9976859422490425
436		2	26	24	50	Cr		-50261.364	0.094	8701.0188	0.0019	B-	-7634.4776	0.0672	49946042.209	0.1	False	2.9971831663926767
437		0	25	25	50	Mn		-42626.886	0.115	8532.6823	0.0023	B-	-8150.4267	8.3842	49954238.157	0.123	False	2.986801958276401
438		-2	24	26	50	Fe	x	-34476.46	8.383	8354.0268	0.1677	B-	-16887.0566	126.0308	49962988.0	9.0	False	2.7427458500355346
439		-4	23	27	50	Co	x	-17589.403	125.752	8000.6387	2.515	B-	-14130.0	516.0	49981117.0	135.0	False	2.5511531687806928
440		-6	22	28	50	Ni	x	-3460.0	500.0	7702.0	10.0	B-			49996286.0	537.0	True	
441	0.0	17	34	17	51	Cl	x	14290.0	700.0	7530.0	14.0	B-	20780.0	806.0	51015341.0	751.0	True	
442		15	33	18	51	Ar	x	-6490.0	400.0	7922.0	8.0	B-	16026.0	400.0	50993033.0	429.0	True	
443		13	32	19	51	K	x	-22515.457	13.041	8221.335	0.2557	B-	13816.8529	13.0517	50975828.664	14.0	False	2.7152114845231567
444		11	31	20	51	Ca	x	-36332.31	0.522	8476.9135	0.0102	B-	6918.0432	2.5686	50960995.663	0.56	False	2.9083420758618512
445		9	30	21	51	Sc		-43250.353	2.515	8597.2213	0.0493	B-	6482.6122	2.5612	50953568.838	2.7	False	2.818587708268038
446		7	29	22	51	Ti		-49732.965	0.484	8708.9912	0.0095	B-	2470.1402	0.482	50946609.468	0.519	False	2.9124669711648705
447		5	28	23	51	V		-52203.105	0.097	8742.0852	0.0019	B-	-752.3907	0.1494	50943957.664	0.104	False	2.996212213214348
448		3	27	24	51	Cr		-51450.715	0.167	8711.9923	0.0033	B-	-3207.4893	0.3256	50944765.388	0.178	False	2.9689890553277727
449		1	26	25	51	Mn		-48243.225	0.304	8633.7602	0.006	B-	-8054.04	1.4309	50948208.77	0.326	False	2.937423801721715
450		-1	25	26	51	Fe	x	-40189.185	1.398	8460.4977	0.0274	B-	-12847.0389	48.4579	50956855.137	1.501	False	2.8530366344774536
451		-3	24	27	51	Co	x	-27342.146	48.438	8193.2549	0.9498	B-	-15692.0	503.0	50970647.0	52.0	False	2.6243436667281177
452		-5	23	28	51	Ni	x	-11650.0	500.0	7870.0	10.0	B-			50987493.0	537.0	True	
453	0.0	18	35	17	52	Cl	x	22360.0	700.0	7386.0	13.0	B-	23739.0	922.0	52024004.0	751.0	True	
454		16	34	18	52	Ar	x	-1380.0	600.0	7827.0	12.0	B-	15758.0	601.0	51998519.0	644.0	True	
455		14	33	19	52	K	x	-17137.628	33.534	8115.0303	0.6449	B-	17128.6431	33.5405	51981602.0	36.0	False	2.652035706933726
456		12	32	20	52	Ca	x	-34266.272	0.671	8429.3821	0.0129	B-	6257.2889	3.1463	51963213.646	0.72	False	2.8956108246149017
457		10	31	21	52	Sc		-40523.56	3.074	8534.6695	0.0591	B-	8954.1372	4.1223	51956496.17	3.3	False	2.807714213196682
458		8	30	22	52	Ti		-49477.698	2.747	8691.8193	0.0528	B-	1965.334	2.751	51946883.509	2.948	False	2.8144864564953633
459		6	29	23	52	V	-n	-51443.032	0.159	8714.569	0.0031	B-	3976.4763	0.1601	51944773.636	0.17	False	2.9723432969290005
460		4	28	24	52	Cr		-55419.508	0.112	8775.9946	0.0022	B-	-4708.1214	0.0633	51940504.714	0.12	False	2.990009581020167
461		2	27	25	52	Mn	-	-50711.387	0.129	8670.4087	0.0025	B-	-2379.2912	0.1534	51945559.09	0.138	False	2.9829614922262824
462		0	26	26	52	Fe	--	-48332.095	0.179	8609.6079	0.0035	B-	-13988.1167	5.2831	51948113.364	0.192	False	2.966098285555367
463		-2	25	27	52	Co		-34343.979	5.282	8325.5606	0.1016	B-	-11784.123	83.071	51963130.224	5.669	False	2.774526359779999
464		-4	24	28	52	Ni	x	-22559.856	82.903	8083.8977	1.5943	B-	-20680.0	606.0	51975781.0	89.0	False	2.586082324826204
465		-6	23	29	52	Cu	x	-1880.0	600.0	7671.0	12.0	B-			51997982.0	644.0	True	
466	0.0	17	35	18	53	Ar	x	6791.0	699.0	7677.0	13.0	B-	19086.0	708.0	53007290.0	750.0	True	
467		15	34	19	53	K	x	-12295.722	111.779	8022.8488	2.109	B-	17091.9853	120.0471	52986800.0	120.0	False	2.564800241814415
468		13	33	20	53	Ca	x	-29387.707	43.78	8330.5778	0.826	B-	9381.8471	47.2223	52968451.0	47.0	False	2.6344079256119617
469		11	32	21	53	Sc		-38769.555	17.698	8492.8325	0.3339	B-	8111.8785	17.9325	52958379.173	19.0	False	2.697365178033533
470		9	31	22	53	Ti	x	-46881.433	2.888	8631.1256	0.0545	B-	4970.2419	4.2386	52949670.714	3.1	False	2.8126174201649454
471		7	30	23	53	V	+p	-51851.675	3.103	8710.1425	0.0585	B-	3435.9426	3.1017	52944334.94	3.331	False	2.8082863541854293
472		5	29	24	53	Cr		-55287.618	0.116	8760.2103	0.0022	B-	-597.2679	0.343	52940646.304	0.124	False	2.989319539672756
473		3	28	25	53	Mn		-54690.35	0.346	8734.1798	0.0065	B-	-3742.8664	1.6971	52941287.497	0.371	False	2.9325926290398794
474		1	27	26	53	Fe		-50947.483	1.669	8648.7985	0.0315	B-	-8288.1073	0.4431	52945305.629	1.792	False	2.8449929649108645
475		-1	26	27	53	Co		-42659.376	1.727	8477.6578	0.0326	B-	-13028.5485	25.2096	52954203.278	1.854	False	2.843023452017357
476		-3	25	28	53	Ni	x	-29630.827	25.15	8217.0749	0.4745	B-	-16491.0	501.0	52968190.0	27.0	False	2.673414948378385
477		-5	24	29	53	Cu	x	-13140.0	500.0	7891.0	9.0	B-			52985894.0	537.0	True	
478	0.0	18	36	18	54	Ar	x	12560.0	800.0	7578.0	15.0	B-	17710.0	894.0	54013484.0	859.0	True	
479		16	35	19	54	K	x	-5150.0	400.0	7891.0	7.0	B-	20010.0	403.0	53994471.0	429.0	True	
480		14	34	20	54	Ca	x	-25160.587	48.438	8247.4967	0.897	B-	9277.3463	50.4129	53972989.0	52.0	False	2.6284838090962284
481		12	33	21	54	Sc	x	-34437.934	13.973	8404.8115	0.2588	B-	11305.8789	21.1188	53963029.359	15.0	False	2.7144138783853395
482		10	32	22	54	Ti	x	-45743.812	15.835	8599.6917	0.2932	B-	4154.4548	19.384	53950892.0	17.0	False	2.7060730103684167
483		8	31	23	54	V		-49898.267	11.18	8662.1382	0.207	B-	7037.1118	11.1794	53946432.009	12.001	False	2.7290620403198513
484		6	30	24	54	Cr		-56935.379	0.132	8777.9672	0.0025	B-	-1377.1325	1.0051	53938877.359	0.142	False	2.98342131796277
485		4	29	25	54	Mn	-p	-55558.247	1.007	8737.9768	0.0186	B-	696.3688	1.0587	53940355.772	1.08	False	2.8750566576177685
486		2	28	26	54	Fe		-56254.615	0.343	8736.3846	0.0064	B-	-8244.5478	0.0893	53939608.189	0.368	False	2.9340189818350697
487		0	27	27	54	Co		-48010.068	0.355	8569.2199	0.0066	B-	-8731.7558	4.671	53948459.075	0.38	False	2.9323197163305466
488		-2	26	28	54	Ni	x	-39278.312	4.657	8393.0328	0.0862	B-	-18038.0	400.0	53957833.0	5.0	False	2.7846578166233322
489		-4	25	29	54	Cu	x	-21240.0	400.0	8045.0	7.0	B-	-15538.0	454.0	53977198.0	429.0	True	
490		-6	24	30	54	Zn	-pp	-5702.0	217.0	7742.0	4.0	B-			53993879.0	232.0	True	
491	0.0	17	36	19	55	K	x	470.0	500.0	7792.0	9.0	B-	19121.0	525.0	55000505.0	537.0	True	
492		15	35	20	55	Ca	x	-18650.375	160.217	8125.926	2.913	B-	12191.7329	171.9435	54979978.0	172.0	False	2.5396303789631363
493		13	34	21	55	Sc	x	-30842.108	62.411	8333.3694	1.1347	B-	10990.3608	68.7671	54966889.637	67.0	False	2.6113593238750403
494		11	33	22	55	Ti	x	-41832.469	28.876	8518.9696	0.525	B-	7292.6673	39.5419	54955091.0	31.0	False	2.666397283537311
495		9	32	23	55	V	x	-49125.136	27.013	8637.3391	0.4912	B-	5985.1877	27.0143	54947262.0	29.0	False	2.67101191297197
496		7	31	24	55	Cr	-n	-55110.324	0.228	8731.9362	0.0042	B-	2602.2183	0.3219	54940836.637	0.245	False	2.9563813077458585
497		5	30	25	55	Mn		-57712.542	0.26	8765.0247	0.0047	B-	-231.1204	0.1786	54938043.04	0.279	False	2.949597237458755
498		3	29	26	55	Fe		-57481.422	0.308	8746.5981	0.0056	B-	-3451.4254	0.3241	54938291.158	0.33	False	2.9407682375399586
499		1	28	27	55	Co		-54029.996	0.405	8669.6204	0.0074	B-	-8694.035	0.5775	54941996.416	0.434	False	2.9261945744415208
500		-1	27	28	55	Ni	-	-45335.961	0.705	8497.3225	0.0128	B-	-13700.5585	155.5611	54951329.846	0.757	False	2.895931300796196
501		-3	26	29	55	Cu	x	-31635.403	155.56	8233.997	2.8284	B-	-17366.0	429.0	54966038.0	167.0	False	2.541935185913939
502		-5	25	30	55	Zn	x	-14270.0	400.0	7904.0	7.0	B-			54984681.0	429.0	True	
503	0.0	18	37	19	56	K	x	7980.0	600.0	7663.0	11.0	B-	21491.0	650.0	56008567.0	644.0	True	
504		16	36	20	56	Ca	x	-13510.39	249.64	8033.1654	4.4579	B-	12005.458	360.2029	55985496.0	268.0	False	2.505494608715707
505		14	35	21	56	Sc	x	-25515.848	259.665	8233.5781	4.6369	B-	13907.147	278.3271	55972607.611	278.761	False	2.5022567783216605
506		12	34	22	56	Ti		-39422.995	100.201	8467.9495	1.7893	B-	6760.4051	188.1842	55957677.675	107.569	False	2.57733189223828
507		10	33	23	56	V		-46183.401	175.884	8574.7006	3.1408	B-	9101.727	175.8854	55950420.082	188.819	False	2.5336323370074756
508		8	32	24	56	Cr	++	-55285.128	0.578	8723.2609	0.0103	B-	1626.5384	0.5524	55940648.977	0.62	False	2.907875319960777
509		6	31	25	56	Mn	-n	-56911.666	0.293	8738.3358	0.0052	B-	3695.4973	0.2065	55938902.816	0.314	False	2.9443407072344194
510		4	30	26	56	Fe		-60607.163	0.268	8790.3563	0.0048	B-	-4566.6455	0.4104	55934935.537	0.287	False	2.9490584388573895
511		2	29	27	56	Co		-56040.518	0.475	8694.8386	0.0085	B-	-2132.8689	0.3735	55939838.032	0.51	False	2.9184803128998094
512		0	28	28	56	Ni		-53907.649	0.399	8642.7811	0.0071	B-	-15277.9163	6.407	55942127.761	0.428	False	2.9279062405943557
513		-2	27	29	56	Cu	x	-38629.733	6.395	8355.9907	0.1142	B-	-13240.0	400.0	55958529.278	6.864	False	2.7671886093130382
514		-4	26	30	56	Zn	x	-25390.0	400.0	8106.0	7.0	B-	-21550.0	640.0	55972743.0	429.0	True	
515		-6	25	31	56	Ga	x	-3840.0	500.0	7707.0	9.0	B-			55995878.0	537.0	True	
516	0.0	19	38	19	57	K	x	14130.0	600.0	7563.0	11.0	B-	20689.0	721.0	57015169.0	644.0	True	
517		17	37	20	57	Ca	x	-6560.0	400.0	7912.0	7.0	B-	14820.0	438.0	56992958.0	429.0	True	
518		15	36	21	57	Sc	x	-21379.653	179.778	8158.1666	3.154	B-	13022.1957	273.3249	56977048.0	193.0	False	2.53333713730815
519		13	35	22	57	Ti	x	-34401.848	205.879	8372.9008	3.6119	B-	10033.2148	222.6466	56963068.098	221.02	False	2.522496265198095
520		11	34	23	57	V	x	-44435.063	84.766	8535.1967	1.4871	B-	8089.9214	84.7864	56952297.0	91.0	False	2.5912815313642126
521		9	33	24	57	Cr	x	-52524.985	1.863	8663.3998	0.0327	B-	4961.2946	2.3948	56943612.112	2.0	False	2.8428389217986476
522		7	32	25	57	Mn		-57486.279	1.505	8736.7146	0.0264	B-	2695.7375	1.5219	56938285.944	1.615	False	2.855213300544314
523		5	31	26	57	Fe		-60182.017	0.268	8770.2829	0.0047	B-	-836.3589	0.4493	56935391.95	0.287	False	2.949986760236208
524		3	30	27	57	Co		-59345.658	0.516	8741.8845	0.009	B-	-3261.697	0.6417	56936289.819	0.553	False	2.9150557393201457
525		1	29	28	57	Ni		-56083.961	0.566	8670.9364	0.0099	B-	-8774.9466	0.4393	56939791.394	0.608	False	2.9099066681617676
526		-1	28	29	57	Cu		-47309.014	0.501	8503.2646	0.0088	B-	-14759.0	200.0	56949211.686	0.537	False	2.9166580911679327
527		-3	27	30	57	Zn	x	-32550.0	200.0	8231.0	4.0	B-	-17140.0	447.0	56965056.0	215.0	True	
528		-5	26	31	57	Ga	x	-15410.0	400.0	7916.0	7.0	B-			56983457.0	429.0	True	
529	0.0	20	39	19	58	K	x	21930.0	700.0	7437.0	12.0	B-	23461.0	860.0	58023543.0	751.0	True	
530		18	38	20	58	Ca	x	-1530.0	500.0	7828.0	9.0	B-	13949.0	535.0	57998357.0	537.0	True	
531		16	37	21	58	Sc	x	-15479.569	190.025	8054.9436	3.2763	B-	15438.0995	264.0509	57983382.0	204.0	False	2.530321840721949
532		14	36	22	58	Ti	x	-30917.668	183.34	8307.629	3.161	B-	9512.9152	206.8675	57966808.519	196.823	False	2.5331471621393695
533		12	35	23	58	V	x	-40430.584	95.816	8458.156	1.652	B-	11561.224	95.8625	57956595.985	102.862	False	2.5833797510067495
534		10	34	24	58	Cr	x	-51991.808	2.981	8643.9987	0.0514	B-	3835.7607	4.0227	57944184.501	3.2	False	2.8161174478065796
535		8	33	25	58	Mn	x	-55827.568	2.701	8696.6438	0.0466	B-	6327.7027	2.7198	57940066.643	2.9	False	2.8219863782486447
536		6	32	26	58	Fe		-62155.271	0.316	8792.2534	0.0055	B-	-2307.9785	1.1389	57933273.575	0.339	False	2.9421499203337316
537		4	31	27	58	Co		-59847.292	1.153	8738.9719	0.0199	B-	381.5789	1.1071	57935751.292	1.237	False	2.8714242785932136
538		2	30	28	58	Ni		-60228.871	0.349	8732.0621	0.006	B-	-8561.0204	0.4425	57935341.65	0.374	False	2.9369551306423416
539		0	29	29	58	Cu		-51667.851	0.564	8570.9696	0.0097	B-	-9368.9796	50.002	57944532.283	0.604	False	2.9112183853517415
540		-2	28	30	58	Zn	--	-42298.871	50.001	8395.9467	0.8621	B-	-18759.0	304.0	57954590.296	53.678	False	2.6313251634437984
541		-4	27	31	58	Ga	x	-23540.0	300.0	8059.0	5.0	B-	-15960.0	583.0	57974729.0	322.0	True	
542		-6	26	32	58	Ge	x	-7580.0	500.0	7770.0	9.0	B-			57991863.0	537.0	True	
543	0.0	21	40	19	59	K	x	28750.0	800.0	7332.0	14.0	B-	22940.0	1000.0	59030864.0	859.0	True	
544		19	39	20	59	Ca	x	5810.0	600.0	7708.0	10.0	B-	16639.0	650.0	59006237.0	644.0	True	
545		17	38	21	59	Sc	x	-10829.55	249.64	7976.4073	4.2312	B-	15050.0	390.0	58988374.0	268.0	False	2.509750791636633
546		15	37	22	59	Ti	x	-25880.0	300.0	8218.0	5.0	B-	11731.0	330.0	58972217.0	322.0	True	
547		13	36	23	59	V	x	-37610.617	137.4	8403.8034	2.3288	B-	10505.3137	137.4021	58959623.343	147.505	False	2.5571111297324833
548		11	35	24	59	Cr	x	-48115.931	0.671	8568.5995	0.0114	B-	7409.3977	2.4234	58948345.426	0.72	False	2.9025570033337718
549		9	34	25	59	Mn	x	-55525.328	2.329	8680.9224	0.0395	B-	5139.629	2.352	58940391.111	2.5	False	2.831785645327813
550		7	33	26	59	Fe		-60664.957	0.33	8754.7746	0.0056	B-	1564.8804	0.369	58934873.492	0.354	False	2.940769196845845
551		5	32	27	59	Co		-62229.838	0.397	8768.0379	0.0067	B-	-1073.005	0.1944	58933193.524	0.426	False	2.9309393723247794
552		3	31	28	59	Ni		-61156.833	0.351	8736.5912	0.006	B-	-4798.3786	0.3973	58934345.442	0.376	False	2.937578697401934
553		1	30	29	59	Cu		-56358.454	0.528	8642.0027	0.009	B-	-9142.776	0.6018	58939496.713	0.566	False	2.9156703222018723
554		-1	29	30	59	Zn		-47215.678	0.759	8473.7802	0.0129	B-	-13456.0	170.0	58949311.886	0.814	False	2.8958005190824467
555		-3	28	31	59	Ga	x	-33760.0	170.0	8232.0	3.0	B-	-17390.0	434.0	58963757.0	183.0	True	
556		-5	27	32	59	Ge	x	-16370.0	400.0	7924.0	7.0	B-			58982426.0	429.0	True	
557	0.0	20	40	20	60	Ca	x	11000.0	700.0	7627.0	12.0	B-	15550.0	860.0	60011809.0	751.0	True	
558		18	39	21	60	Sc	x	-4550.0	500.0	7873.0	8.0	B-	17549.0	555.0	59995115.0	537.0	True	
559		16	38	22	60	Ti	x	-22099.698	240.325	8152.7858	4.0054	B-	10987.704	301.4311	59976275.0	258.0	False	2.5141822436774426
560		14	37	23	60	V	x	-33087.402	181.946	8322.8751	3.0324	B-	13821.0986	181.9496	59964479.215	195.327	False	2.5364381209665474
561		12	36	24	60	Cr	x	-46908.5	1.118	8540.1876	0.0186	B-	6059.4457	2.5831	59949641.656	1.2	False	2.8750716337332944
562		10	35	25	60	Mn	x	-52967.946	2.329	8628.1392	0.0388	B-	8445.2283	4.1261	59943136.574	2.5	False	2.8327789094191203
563		8	34	26	60	Fe	-nn	-61413.174	3.406	8755.8539	0.0568	B-	237.2633	3.4106	59934070.249	3.656	False	2.810148563715199
564		6	33	27	60	Co	-n	-61650.437	0.403	8746.7692	0.0067	B-	2822.8058	0.2124	59933815.536	0.433	False	2.930968072975754
565		4	32	28	60	Ni		-64473.243	0.353	8780.7769	0.0059	B-	-6127.981	1.5735	59930785.129	0.378	False	2.938185888041047
566		2	31	29	60	Cu	-	-58345.262	1.613	8665.6047	0.0269	B-	-4170.7922	1.6286	59937363.787	1.731	False	2.8541751240634343
567		0	30	30	60	Zn		-54174.47	0.548	8583.0524	0.0091	B-	-14584.0	200.0	59941841.317	0.588	False	2.9145175364363864
568		-2	29	31	60	Ga	x	-39590.0	200.0	8327.0	3.0	B-	-12060.0	361.0	59957498.0	215.0	True	
569		-4	28	32	60	Ge	x	-27530.0	300.0	8113.0	5.0	B-	-21890.0	500.0	59970445.0	322.0	True	
570		-6	27	33	60	As	x	-5640.0	400.0	7735.0	7.0	B-			59993945.0	429.0	True	
571	0.0	21	41	20	61	Ca	x	19010.0	800.0	7503.0	13.0	B-	18510.0	1000.0	61020408.0	859.0	True	
572		19	40	21	61	Sc	x	500.0	600.0	7794.0	10.0	B-	16870.0	671.0	61000537.0	644.0	True	
573		17	39	22	61	Ti	x	-16370.0	300.0	8058.0	5.0	B-	13807.0	381.0	60982426.0	322.0	True	
574		15	38	23	61	V	x	-30177.121	234.92	8271.0417	3.8511	B-	12319.3807	234.9272	60967603.529	252.196	False	2.5173453326132487
575		13	37	24	61	Cr	x	-42496.502	1.863	8460.1734	0.0305	B-	9245.6277	2.9822	60954378.13	2.0	False	2.8467965010612684
576		11	36	25	61	Mn	x	-51742.13	2.329	8598.9157	0.0382	B-	7178.373	3.4965	60944452.541	2.5	False	2.8337533547724503
577		9	35	26	61	Fe	x	-58920.503	2.608	8703.7686	0.0428	B-	3977.6759	2.7399	60936746.241	2.8	False	2.827060780504975
578		7	34	27	61	Co	p2n	-62898.179	0.839	8756.151	0.0138	B-	1323.8504	0.7899	60932476.031	0.901	False	2.8920107961653256
579		5	33	28	61	Ni		-64222.029	0.355	8765.0281	0.0058	B-	-2237.9663	0.9617	60931054.819	0.381	False	2.9386437686891824
580		3	32	29	61	Cu	p2n	-61984.063	0.951	8715.5148	0.0156	B-	-5635.1565	15.9028	60933457.375	1.02	False	2.8851073885382923
581		1	31	30	61	Zn		-56348.906	15.899	8610.3098	0.2606	B-	-9214.2438	37.6786	60939506.964	17.068	False	2.7139121115280855
582		-1	30	31	61	Ga		-47134.662	37.994	8446.4313	0.6228	B-	-13345.0	302.0	60949398.861	40.787	False	2.65445187658212
583		-3	29	32	61	Ge	x	-33790.0	300.0	8215.0	5.0	B-	-16590.0	424.0	60963725.0	322.0	True	
584		-5	28	33	61	As	x	-17200.0	300.0	7930.0	5.0	B-			60981535.0	322.0	True	
585	0.0	20	41	21	62	Sc	x	7310.0	600.0	7688.0	10.0	B-	19510.0	721.0	62007848.0	644.0	True	
586		18	40	22	62	Ti	x	-12200.0	400.0	7990.0	6.0	B-	13013.0	479.0	61986903.0	429.0	True	
587		16	39	23	62	V	x	-25213.164	264.287	8187.7565	4.2627	B-	15639.4478	264.3094	61972932.556	283.723	False	2.5091284089364523
588		14	38	24	62	Cr	x	-40852.611	3.447	8427.3871	0.0556	B-	7671.3532	7.3947	61956142.92	3.7	False	2.811425016609502
589		12	37	25	62	Mn	IT	-48523.965	6.542	8538.5002	0.1055	B-	10354.092	7.1142	61947907.384	7.023	False	2.772126984979277
590		10	36	26	62	Fe	x	-58878.057	2.794	8692.8831	0.0451	B-	2546.3427	18.7834	61936791.809	3.0	False	2.823935891113037
591		8	35	27	62	Co	+	-61424.399	18.574	8721.3347	0.2996	B-	5322.0404	18.5695	61934058.198	19.94	False	2.70463457682829
592		6	34	28	62	Ni		-66746.44	0.425	8794.5555	0.0069	B-	-3958.8965	0.4751	61928344.753	0.455	False	2.9300702631321927
593		4	33	29	62	Cu	-	-62787.543	0.637	8718.0839	0.0103	B-	-1619.4548	0.6507	61932594.803	0.683	False	2.908147146023599
594		2	32	30	62	Zn		-61168.088	0.615	8679.3451	0.0099	B-	-9181.0666	0.3763	61934333.359	0.66	False	2.9100164580338146
595		0	31	31	62	Ga		-51987.022	0.637	8518.6449	0.0103	B-	-9847.0	140.0	61944189.639	0.684	False	2.9080775113744357
596		-2	30	32	62	Ge	x	-42140.0	140.0	8347.0	2.0	B-	-17720.0	331.0	61954761.0	150.0	True	
597		-4	29	33	62	As	x	-24420.0	300.0	8049.0	5.0	B-			61973784.0	322.0	True	
598	0.0	21	42	21	63	Sc	x	13070.0	700.0	7603.0	11.0	B-	18930.0	860.0	63014031.0	751.0	True	
599		19	41	22	63	Ti	x	-5860.0	500.0	7891.0	8.0	B-	15880.0	605.0	62993709.0	537.0	True	
600		17	40	23	63	V	x	-21740.141	339.995	8130.7809	5.3968	B-	14438.1586	347.672	62976661.0	365.0	False	2.4897596384510647
601		15	39	24	63	Cr	x	-36178.299	72.657	8347.5398	1.1533	B-	10708.7611	72.752	62961161.0	78.0	False	2.6101668303493932
602		13	38	25	63	Mn	x	-46887.061	3.726	8505.102	0.0591	B-	8748.5685	5.6915	62949664.672	4.0	False	2.8076874679974733
603		11	37	26	63	Fe		-55635.629	4.302	8631.5499	0.0683	B-	6215.9238	19.0668	62940272.698	4.618	False	2.7989710693100807
604		9	36	27	63	Co		-61851.553	18.575	8717.7972	0.2948	B-	3661.3385	18.5704	62933599.63	19.941	False	2.70570163475669
605		7	35	28	63	Ni		-65512.891	0.426	8763.4955	0.0068	B-	66.9768	0.0149	62929669.021	0.457	False	2.9306923031970222
606		5	34	29	63	Cu		-65579.868	0.426	8752.1404	0.0068	B-	-3366.4392	1.545	62929597.119	0.457	False	2.9306922422289743
607		3	33	30	63	Zn		-62213.429	1.56	8686.2866	0.0248	B-	-5666.3294	2.033	62933211.14	1.674	False	2.858902224012689
608		1	32	31	63	Ga	x	-56547.1	1.304	8583.9267	0.0207	B-	-9625.8787	37.2826	62939294.194	1.4	False	2.869103233305464
609		-1	31	32	63	Ge	x	-46921.221	37.26	8418.7167	0.5914	B-	-13421.0	204.0	62949628.0	40.0	False	2.65808696599502
610		-3	30	33	63	As	x	-33500.0	200.0	8193.0	3.0	B-	-16650.0	539.0	62964036.0	215.0	True	
611		-5	29	34	63	Se	x	-16850.0	500.0	7917.0	8.0	B-			62981911.0	537.0	True	
612	0.0	20	42	22	64	Ti	x	-1480.0	600.0	7826.0	9.0	B-	14840.0	721.0	63998411.0	644.0	True	
613		18	41	23	64	V	x	-16320.0	400.0	8045.0	6.0	B-	17320.0	500.0	63982480.0	429.0	True	
614		16	40	24	64	Cr	x	-33639.978	299.941	8303.5626	4.6866	B-	9349.0622	299.962	63963886.0	322.0	False	2.5013767414013097
615		14	39	25	64	Mn	x	-42989.04	3.54	8437.4175	0.0553	B-	11980.5117	6.1402	63953849.369	3.8	False	2.8117295770880046
616		12	38	26	64	Fe	x	-54969.552	5.017	8612.3888	0.0784	B-	4822.8898	20.6249	63940987.761	5.386	False	2.790531051340506
617		10	37	27	64	Co	+	-59792.442	20.005	8675.5223	0.3126	B-	7306.5921	20.0	63935810.176	21.476	False	2.701794282885015
618		8	36	28	64	Ni		-67099.034	0.463	8777.4637	0.0072	B-	-1674.6156	0.2055	63927966.228	0.497	False	2.9270482507597992
619		6	35	29	64	Cu		-65424.418	0.427	8739.0736	0.0067	B-	579.5996	0.6447	63929764.001	0.458	False	2.931416751341355
620		4	34	30	64	Zn		-66004.018	0.644	8735.9057	0.0101	B-	-7171.1912	1.4825	63929141.776	0.69	False	2.9093216006297595
621		2	33	31	64	Ga		-58832.827	1.429	8611.6317	0.0223	B-	-4517.3237	3.9905	63936840.366	1.533	False	2.8648362444423636
622		0	32	32	64	Ge	x	-54315.503	3.726	8528.8243	0.0582	B-	-14783.0	203.0	63941689.912	4.0	False	2.8086305762576322
623		-2	31	33	64	As	-p	-39532.0	203.0	8286.0	3.0	B-	-12673.0	540.0	63957560.0	218.0	True	
624		-4	30	34	64	Se	x	-26860.0	500.0	8075.0	8.0	B-			63971165.0	537.0	True	
625	0.0	21	43	22	65	Ti	x	5210.0	700.0	7726.0	11.0	B-	17320.0	860.0	65005593.0	751.0	True	
626		19	42	23	65	V	x	-12110.0	500.0	7981.0	8.0	B-	16200.0	539.0	64986999.0	537.0	True	
627		17	41	24	65	Cr	x	-28310.0	200.0	8218.0	3.0	B-	12657.0	200.0	64969608.0	215.0	True	
628		15	40	25	65	Mn	x	-40967.344	3.726	8400.6822	0.0573	B-	10250.5576	6.3257	64956019.749	4.0	False	2.809578982141369
629		13	39	26	65	Fe	x	-51217.902	5.112	8546.347	0.0786	B-	7967.3036	5.5198	64945015.323	5.487	False	2.7903469753001118
630		11	38	27	65	Co	x	-59185.205	2.083	8656.8848	0.032	B-	5940.5911	2.1379	64936462.071	2.235	False	2.8440182086502412
631		9	37	28	65	Ni	-n	-65125.796	0.483	8736.2424	0.0074	B-	2137.8808	0.6997	64930084.585	0.518	False	2.9256639130744446
632		7	36	29	65	Cu		-67263.677	0.643	8757.0967	0.0099	B-	-1351.6527	0.3557	64927789.476	0.69	False	2.9101662130767565
633		5	35	30	65	Zn		-65912.024	0.646	8724.266	0.0099	B-	-3254.538	0.6305	64929240.534	0.693	False	2.9099311043775526
634		3	34	31	65	Ga		-62657.486	0.791	8662.1601	0.0122	B-	-6179.2631	2.3046	64932734.424	0.849	False	2.8988115165988755
635		1	33	32	65	Ge		-56478.223	2.165	8555.0584	0.0333	B-	-9541.167	84.7936	64939368.136	2.323	False	2.8417710423290523
636		-1	32	33	65	As	x	-46937.056	84.766	8396.2351	1.3041	B-	-13917.0	312.0	64949611.0	91.0	False	2.6010782251708164
637		-3	31	34	65	Se	x	-33020.0	300.0	8170.0	5.0	B-	-16529.0	583.0	64964552.0	322.0	True	
638		-5	30	35	65	Br	x	-16490.0	500.0	7904.0	8.0	B-			64982297.0	537.0	True	
639	0.0	20	43	23	66	V	x	-6300.0	500.0	7894.0	8.0	B-	18840.0	583.0	65993237.0	537.0	True	
640		18	42	24	66	Cr	x	-25140.0	300.0	8168.0	5.0	B-	11610.0	300.0	65973011.0	322.0	True	
641		16	41	25	66	Mn	x	-36750.392	11.178	8331.7986	0.1694	B-	13317.4543	11.9056	65960546.833	12.0	False	2.7421076521582437
642		14	40	26	66	Fe	x	-50067.847	4.099	8521.7245	0.0621	B-	6340.6944	14.5611	65946249.958	4.4	False	2.8047379790182143
643		12	39	27	66	Co	x	-56408.541	13.972	8605.9419	0.2117	B-	9597.7522	14.0421	65939442.943	15.0	False	2.727604244989875
644		10	38	28	66	Ni	x	-66006.293	1.397	8739.5086	0.0212	B-	251.9958	1.5405	65929139.333	1.5	False	2.8678208290329423
645		8	37	29	66	Cu		-66258.289	0.649	8731.473	0.0098	B-	2640.9396	0.9255	65928868.804	0.696	False	2.910527949699527
646		6	36	30	66	Zn		-68899.229	0.744	8759.6335	0.0113	B-	-5175.5	0.8	65926033.639	0.798	False	2.903051619299586
647		4	35	31	66	Ga	-	-63723.729	1.092	8669.3631	0.0166	B-	-2116.6879	2.6376	65931589.766	1.172	False	2.8817466994873877
648		2	34	32	66	Ge	x	-61607.041	2.401	8625.4383	0.0364	B-	-9581.957	6.1685	65933862.124	2.577	False	2.836592145757486
649		0	33	33	66	As	x	-52025.084	5.682	8468.4034	0.0861	B-	-10365.0	200.0	65944148.778	6.1	False	2.784766146767848
650		-2	32	34	66	Se	x	-41660.0	200.0	8300.0	3.0	B-	-18091.0	447.0	65955276.0	215.0	True	
651		-4	31	35	66	Br	x	-23570.0	400.0	8014.0	6.0	B-			65974697.0	429.0	True	
652	0.0	21	44	23	67	V	x	-1744.0	600.0	7829.0	9.0	B-	17526.0	721.0	66998128.0	644.0	True	
653		19	43	24	67	Cr	x	-19270.0	400.0	8079.0	6.0	B-	14311.0	447.0	66979313.0	429.0	True	
654		17	42	25	67	Mn	x	-33580.0	200.0	8281.0	3.0	B-	12128.0	200.0	66963950.0	215.0	True	
655		15	41	26	67	Fe	x	-45708.416	3.819	8449.9359	0.057	B-	9613.3678	7.49	66950930.0	4.1	False	2.809913621881054
656		13	40	27	67	Co	x	-55321.783	6.443	8581.7422	0.0962	B-	8420.9047	7.0607	66940609.625	6.917	False	2.7779079382882323
657		11	39	28	67	Ni	x	-63742.688	2.888	8695.7505	0.0431	B-	3576.8654	3.0223	66931569.413	3.1	False	2.8265902356076262
658		9	38	29	67	Cu		-67319.553	0.892	8737.4597	0.0133	B-	560.8226	0.8296	66927729.49	0.957	False	2.8938698445827344
659		7	37	30	67	Zn		-67880.376	0.755	8734.1534	0.0113	B-	-1001.2201	1.1196	66927127.422	0.81	False	2.9030595906430694
660		5	36	31	67	Ga		-66879.156	1.176	8707.533	0.0176	B-	-4205.438	4.4066	66928202.276	1.262	False	2.8784359886496014
661		3	35	32	67	Ge		-62673.718	4.319	8633.0884	0.0645	B-	-6086.4858	4.3418	66932716.999	4.636	False	2.8024718968312206
662		1	34	33	67	As		-56587.232	0.443	8530.5685	0.0066	B-	-10006.9381	67.069	66939251.11	0.475	False	2.931926099712719
663		-1	33	34	67	Se	x	-46580.294	67.068	8369.5344	1.001	B-	-14051.0	307.0	66949994.0	72.0	False	2.620514353617701
664		-3	32	35	67	Br	x	-32530.0	300.0	8148.0	4.0	B-	-16978.0	520.0	66965078.0	322.0	True	
665		-5	31	36	67	Kr	-pp	-15552.0	424.0	7883.0	6.0	B-			66983305.0	455.0	True	
666	0.0	20	44	24	68	Cr	x	-15690.0	500.0	8026.0	7.0	B-	13230.0	583.0	67983156.0	537.0	True	
667		18	43	25	68	Mn	x	-28920.0	300.0	8209.0	4.0	B-	14977.0	356.0	67968953.0	322.0	True	
668		16	42	26	68	Fe	x	-43897.0	193.0	8418.0	3.0	B-	7746.0	193.0	67952875.0	207.0	True	
669		14	41	27	68	Co		-51642.591	3.859	8520.1301	0.0567	B-	11821.2318	4.876	67944559.401	4.142	False	2.810186957910884
670		12	40	28	68	Ni	x	-63463.822	2.981	8682.4667	0.0438	B-	2103.2205	3.3753	67931868.787	3.2	False	2.825588170967375
671		10	39	29	68	Cu	x	-65567.043	1.584	8701.8913	0.0233	B-	4440.1115	1.7645	67929610.887	1.7	False	2.8623925392442566
672		8	38	30	68	Zn		-70007.154	0.778	8755.682	0.0115	B-	-2921.1	1.2	67924844.232	0.835	False	2.9022034847095646
673		6	37	31	68	Ga	-	-67086.054	1.43	8701.2195	0.021	B-	-107.2555	2.3594	67927980.161	1.535	False	2.8682072752628165
674		4	36	32	68	Ge	x	-66978.799	1.876	8688.1371	0.0276	B-	-8084.2715	2.632	67928095.305	2.014	False	2.852660515301506
675		2	35	33	68	As		-58894.527	1.846	8557.7457	0.0271	B-	-4705.0786	1.9112	67936774.127	1.981	False	2.8536205331268607
676		0	34	34	68	Se	x	-54189.449	0.496	8477.0482	0.0073	B-	-15398.0	259.0	67941825.236	0.532	False	2.9266648015373637
677		-2	33	35	68	Br	-p	-38791.0	259.0	8239.0	4.0	B-	-13165.0	563.0	67958356.0	278.0	True	
678		-4	32	36	68	Kr	x	-25626.0	500.0	8034.0	7.0	B-			67972489.0	537.0	True	
679	0.0	21	45	24	69	Cr	x	-9630.0	500.0	7939.0	7.0	B-	15730.0	640.0	68989662.0	537.0	True	
680		19	44	25	69	Mn	x	-25360.0	400.0	8155.0	6.0	B-	13839.0	447.0	68972775.0	429.0	True	
681		17	43	26	69	Fe	x	-39199.0	200.0	8345.0	3.0	B-	11186.0	218.0	68957918.0	215.0	True	
682		15	42	27	69	Co	x	-50385.447	85.697	8495.4062	1.242	B-	9593.2084	85.7784	68945909.0	92.0	False	2.6046909593772583
683		13	41	28	69	Ni	x	-59978.656	3.726	8623.0998	0.054	B-	5757.565	3.9793	68935610.267	4.0	False	2.8131540286915317
684		11	40	29	69	Cu	x	-65736.221	1.397	8695.2044	0.0203	B-	2681.6854	1.6075	68929429.267	1.5	False	2.870346396916862
685		9	39	30	69	Zn	-n	-68417.906	0.795	8722.7311	0.0115	B-	909.9134	1.4234	68926550.36	0.853	False	2.901836219078019
686		7	38	31	69	Ga		-69327.82	1.197	8724.5798	0.0174	B-	-2227.1455	0.55	68925573.528	1.285	False	2.879073680836081
687		5	37	32	69	Ge		-67100.674	1.318	8680.964	0.0191	B-	-3988.4927	31.9822	68927964.467	1.414	False	2.8736860986730886
688		3	36	33	69	As		-63112.181	31.999	8611.8214	0.4638	B-	-6677.4672	32.0215	68932246.289	34.352	False	2.6749741293943603
689		1	35	34	69	Se		-56434.714	1.49	8503.7082	0.0216	B-	-10175.2364	42.0293	68939414.845	1.599	False	2.866725497810753
690		-1	34	35	69	Br	-p	-46259.478	42.003	8344.9026	0.6087	B-	-14119.0	303.0	68950338.41	45.091	False	2.6560699620634143
691		-3	33	36	69	Kr	x	-32140.0	300.0	8129.0	4.0	B-			68965496.0	322.0	True	
692	0.0	22	46	24	70	Cr	x	-5640.0	600.0	7884.0	9.0	B-	14810.0	781.0	69993945.0	644.0	True	
693		20	45	25	70	Mn	x	-20450.0	500.0	8084.0	7.0	B-	16440.0	583.0	69978046.0	537.0	True	
694		18	44	26	70	Fe	x	-36890.0	300.0	8308.0	4.0	B-	9635.0	300.0	69960397.0	322.0	True	
695		16	43	27	70	Co	x	-46524.963	10.992	8434.198	0.157	B-	12688.9049	11.1987	69950053.4	11.8	False	2.7469626931067896
696		14	42	28	70	Ni	x	-59213.868	2.144	8604.2917	0.0306	B-	3762.5123	2.4011	69936431.3	2.301	False	2.846637741214014
697		12	41	29	70	Cu	x	-62976.381	1.082	8646.8655	0.0155	B-	6588.3675	2.2018	69932392.078	1.161	False	2.8855690099844313
698		10	40	30	70	Zn		-69564.748	1.918	8729.8086	0.0274	B-	-654.5979	1.5737	69925319.175	2.058	False	2.8530853878682416
699		8	39	31	70	Ga		-68910.15	1.201	8709.2808	0.0172	B-	1651.8861	1.452	69926021.914	1.289	False	2.8797085343449473
700		6	38	32	70	Ge		-70562.036	0.82	8721.7028	0.0117	B-	-6228.063	1.62	69924248.542	0.88	False	2.9009135761555744
701		4	37	33	70	As	x	-64333.973	1.397	8621.5541	0.02	B-	-2404.0737	2.1118	69930934.642	1.5	False	2.8711636553914297
702		2	36	34	70	Se	x	-61929.9	1.584	8576.0338	0.0226	B-	-10504.2727	14.9878	69933515.521	1.7	False	2.8640521559393637
703		0	35	35	70	Br	x	-51425.627	14.904	8414.7964	0.2129	B-	-10325.0	201.0	69944792.321	16.0	False	2.727240097283858
704		-2	34	36	70	Kr	x	-41100.0	200.0	8256.0	3.0	B-			69955877.0	215.0	True	
705	0.0	21	46	25	71	Mn	x	-16620.0	500.0	8030.0	7.0	B-	15310.0	640.0	70982158.0	537.0	True	
706		19	45	26	71	Fe	x	-31930.0	400.0	8235.0	6.0	B-	12440.0	613.0	70965722.0	429.0	True	
707		17	44	27	71	Co	x	-44369.93	465.03	8398.7344	6.5497	B-	11036.3053	465.0353	70952366.923	499.23	False	2.4735467371200026
708		15	43	28	71	Ni	x	-55406.236	2.237	8543.1564	0.0315	B-	7304.8989	2.6879	70940518.962	2.401	False	2.8449946712026803
709		13	42	29	71	Cu	x	-62711.134	1.49	8635.0233	0.021	B-	4617.6517	3.0437	70932676.831	1.6	False	2.8683100755843736
710		11	41	30	71	Zn		-67328.786	2.654	8689.0417	0.0374	B-	2810.3405	2.7748	70927719.578	2.849	False	2.8349884632951894
711		9	40	31	71	Ga		-70139.127	0.811	8717.605	0.0114	B-	-232.4698	0.0934	70924702.554	0.87	False	2.902321815804061
712		7	39	32	71	Ge		-69906.657	0.815	8703.3118	0.0115	B-	-2013.4	4.0825	70924952.12	0.874	False	2.9020701621184672
713		5	38	33	71	As	-	-67893.257	4.163	8663.935	0.0586	B-	-4746.742	5.014	70927113.594	4.469	False	2.8081970694099643
714		3	37	34	71	Se	x	-63146.515	2.794	8586.0606	0.0394	B-	-6644.0883	6.082	70932209.431	3.0	False	2.8319550759147907
715		1	36	35	71	Br		-56502.426	5.402	8481.4629	0.0761	B-	-10175.2155	128.8452	70939342.153	5.799	False	2.7923699182453543
716		-1	35	36	71	Kr		-46327.211	128.769	8327.131	1.8136	B-	-14037.0	420.0	70950265.695	138.238	False	2.576308662420663
717		-3	34	37	71	Rb	x	-32290.0	400.0	8118.0	6.0	B-			70965335.0	429.0	True	
718	0.0	22	47	25	72	Mn	x	-11170.0	600.0	7955.0	8.0	B-	18080.0	781.0	71988009.0	644.0	True	
719		20	46	26	72	Fe	x	-29250.0	500.0	8195.0	7.0	B-	11050.0	583.0	71968599.0	537.0	True	
720		18	45	27	72	Co	x	-40300.0	300.0	8338.0	4.0	B-	13926.0	300.0	71956736.0	322.0	True	
721		16	44	28	72	Ni	x	-54226.068	2.237	8520.2118	0.0311	B-	5556.9381	2.6374	71941785.924	2.401	False	2.8458091245052963
722		14	43	29	72	Cu	x	-59783.006	1.397	8586.5256	0.0194	B-	8362.4883	2.5578	71935820.306	1.5	False	2.872763176500461
723		12	42	30	72	Zn	x	-68145.495	2.142	8691.8053	0.0298	B-	442.7892	2.2934	71926842.806	2.3	False	2.8482903459525177
724		10	41	31	72	Ga		-68588.284	0.818	8687.0893	0.0114	B-	3997.6263	0.8217	71926367.452	0.878	False	2.9025891630198535
725		8	40	32	72	Ge		-72585.91	0.076	8731.7459	0.0011	B-	-4356.1019	4.0825	71922075.824	0.081	False	3.0255046420653184
726		6	39	33	72	As	-	-68229.808	4.083	8660.3786	0.0567	B-	-361.6194	4.5276	71926752.291	4.383	False	2.8102111280361783
727		4	38	34	72	Se	x	-67868.189	1.956	8644.4902	0.0272	B-	-8806.4384	2.2083	71927140.506	2.1	False	2.853547945312427
728		2	37	35	72	Br	x	-59061.75	1.025	8511.3126	0.0142	B-	-5121.1683	8.0761	71936594.606	1.1	False	2.8901487040615614
729		0	36	36	72	Kr	x	-53940.582	8.011	8429.3193	0.1113	B-	-15611.0	500.0	71942092.406	8.6	False	2.768807198657398
730		-2	35	37	72	Rb	x	-38330.0	500.0	8202.0	7.0	B-			71958851.0	537.0	True	
731	0.0	23	48	25	73	Mn	x	-6700.0	600.0	7895.0	8.0	B-	17289.0	781.0	72992807.0	644.0	True	
732		21	47	26	73	Fe	x	-23990.0	500.0	8121.0	7.0	B-	13980.0	583.0	72974246.0	537.0	True	
733		19	46	27	73	Co	x	-37970.0	300.0	8302.0	4.0	B-	12139.0	300.0	72959238.0	322.0	True	
734		17	45	28	73	Ni	x	-50108.159	2.423	8457.6529	0.0332	B-	8879.2856	3.1038	72946206.681	2.601	False	2.8419595050057227
735		15	44	29	73	Cu		-58987.445	1.942	8568.5699	0.0266	B-	6605.9659	2.691	72936674.376	2.084	False	2.8547913854009637
736		13	43	30	73	Zn	x	-65593.411	1.863	8648.3455	0.0255	B-	4105.9329	2.5064	72929582.58	2.0	False	2.8571514529016477
737		11	42	31	73	Ga	x	-69699.343	1.677	8693.874	0.023	B-	1598.1889	1.6777	72925174.68	1.8	False	2.863180846557736
738		9	41	32	73	Ge		-71297.532	0.057	8705.05	0.0008	B-	-344.7759	3.8528	72923458.954	0.061	False	3.0398353923996155
739		7	40	33	73	As		-70952.757	3.853	8689.6099	0.0528	B-	-2725.3604	7.3993	72923829.086	4.136	False	2.814521911952054
740		5	39	34	73	Se		-68227.396	7.424	8641.5591	0.1017	B-	-4581.6095	10.0278	72926754.881	7.969	False	2.77442498048534
741		3	38	35	73	Br		-63645.787	6.741	8568.0803	0.0923	B-	-7094.0287	9.4187	72931673.441	7.237	False	2.780422137315509
742		1	37	36	73	Kr	x	-56551.758	6.578	8460.1847	0.0901	B-	-10540.1468	41.3212	72939289.193	7.061	False	2.7819541861554367
743		-1	36	37	73	Rb	-p	-46011.611	40.794	8305.0821	0.5588	B-	-14061.0	403.0	72950604.506	43.794	False	2.6620618490335826
744		-3	35	38	73	Sr	x	-31950.0	401.0	8102.0	5.0	B-			72965700.0	430.0	True	
745	0.0	22	48	26	74	Fe	x	-20660.0	500.0	8076.0	7.0	B-	12881.0	640.0	73977821.0	537.0	True	
746		20	47	27	74	Co	x	-33540.0	400.0	8239.0	5.0	B-	15160.0	447.0	73963993.0	429.0	True	
747		18	46	28	74	Ni	x	-48700.0	200.0	8433.0	3.0	B-	7306.0	200.0	73947718.0	215.0	True	
748		16	45	29	74	Cu	x	-56006.213	6.148	8521.5633	0.0831	B-	9750.5077	6.6424	73939874.86	6.6	False	2.786965699559344
749		14	44	30	74	Zn	x	-65756.72	2.515	8642.7547	0.034	B-	2292.9057	3.9102	73929407.26	2.7	False	2.8405609586254363
750		12	43	31	74	Ga	x	-68049.626	2.994	8663.1676	0.0405	B-	5372.8249	2.9941	73926945.725	3.214	False	2.8303310575680993
751		10	42	32	74	Ge		-73422.451	0.013	8725.2011	0.0003	B-	-2562.3871	1.6931	73921177.76	0.013	False	3.1117945335065786
752		8	41	33	74	As		-70860.064	1.693	8680.002	0.0229	B-	1353.1467	1.6931	73923928.596	1.817	False	2.863420727531831
753		6	40	34	74	Se		-72213.21	0.015	8687.7155	0.0003	B-	-6925.0492	5.8354	73922475.933	0.015	False	3.1054039478804407
754		4	39	35	74	Br		-65288.161	5.835	8583.5615	0.0789	B-	-2956.3173	6.173	73929910.279	6.264	False	2.7901713065023723
755		2	38	36	74	Kr		-62331.844	2.013	8533.039	0.0272	B-	-10415.828	3.424	73933084.016	2.161	False	2.8534829842278593
756		0	37	37	74	Rb		-51916.016	3.027	8381.7123	0.0409	B-	-11089.0	100.0	73944265.867	3.249	False	2.8297057258292
757		-2	36	38	74	Sr	x	-40827.0	100.0	8221.0	1.0	B-			73956170.0	107.0	True	
758	0.0	23	49	26	75	Fe	x	-14700.0	600.0	7996.0	8.0	B-	15861.0	721.0	74984219.0	644.0	True	
759		21	48	27	75	Co	x	-30560.0	400.0	8197.0	5.0	B-	13680.0	447.0	74967192.0	429.0	True	
760		19	47	28	75	Ni	x	-44240.0	200.0	8369.0	3.0	B-	10230.0	200.0	74952506.0	215.0	True	
761		17	46	29	75	Cu		-54470.219	0.718	8495.0801	0.0096	B-	8088.6967	2.0837	74941523.817	0.77	False	2.9120018782028
762		15	45	30	75	Zn	x	-62558.916	1.956	8592.4981	0.0261	B-	5901.7231	2.0679	74932840.244	2.1	False	2.8559048431105185
763		13	44	31	75	Ga	x	-68460.639	0.671	8660.7565	0.0089	B-	3396.3337	0.6727	74926504.484	0.72	False	2.915634523246685
764		11	43	32	75	Ge	-n	-71856.973	0.052	8695.6096	0.0007	B-	1177.2301	0.8851	74922858.37	0.055	False	3.046063710345549
765		9	42	33	75	As		-73034.203	0.884	8700.8748	0.0118	B-	-864.7139	0.8816	74921594.562	0.948	False	2.9006165171045644
766		7	41	34	75	Se		-72169.489	0.073	8678.9139	0.001	B-	-3062.4694	4.2855	74922522.87	0.078	False	3.0293126658003278
767		5	40	35	75	Br	x	-69107.02	4.285	8627.6497	0.0571	B-	-4783.388	9.1671	74925810.566	4.6	False	2.8097612266233547
768		3	39	36	75	Kr	x	-64323.632	8.104	8553.4399	0.1081	B-	-7104.9299	8.1895	74930945.744	8.7	False	2.7706339690979065
769		1	38	37	75	Rb	x	-57218.702	1.18	8448.2762	0.0157	B-	-10600.0	220.0	74938573.2	1.266	False	2.8845949368268458
770		-1	37	38	75	Sr	-	-46618.702	220.003	8296.5116	2.9334	B-	-14799.0	372.0	74949952.767	236.183	False	2.5390573589454695
771		-3	36	39	75	Y	x	-31820.0	300.0	8089.0	4.0	B-			74965840.0	322.0	True	
772	0.0	24	50	26	76	Fe	x	-10590.0	600.0	7943.0	8.0	B-	15070.0	781.0	75988631.0	644.0	True	
773		22	49	27	76	Co	x	-25660.0	500.0	8131.0	7.0	B-	16530.0	583.0	75972453.0	537.0	True	
774		20	48	28	76	Ni	x	-42190.0	300.0	8338.0	4.0	B-	8791.0	300.0	75954707.0	322.0	True	
775		18	47	29	76	Cu	x	-50981.627	0.913	8443.6018	0.012	B-	11321.3964	1.7183	75945268.974	0.98	False	2.899536642912058
776		16	46	30	76	Zn		-62303.024	1.456	8582.2735	0.0192	B-	3993.6241	2.4384	75933114.956	1.562	False	2.8735305369067077
777		14	45	31	76	Ga	x	-66296.648	1.956	8624.5272	0.0257	B-	6916.2501	1.9562	75928827.624	2.1	False	2.856663844719591
778		12	44	32	76	Ge		-73212.898	0.018	8705.2364	0.0003	B-	-921.5145	0.8864	75921402.725	0.019	False	3.0959633028339866
779		10	43	33	76	As	-n	-72291.384	0.886	8682.8172	0.0117	B-	2960.5756	0.8864	75922392.011	0.951	False	2.9011723012096966
780		8	42	34	76	Se		-75251.959	0.016	8711.4781	0.0003	B-	-4962.881	9.3218	75919213.702	0.017	False	3.100980285943007
781		6	41	35	76	Br	-	-70289.078	9.322	8635.883	0.1227	B-	-1275.3724	10.149	75924541.574	10.007	False	2.7626624748290394
782		4	40	36	76	Kr		-69013.706	4.013	8608.8077	0.0528	B-	-8534.6172	4.1214	75925910.743	4.308	False	2.8144978139453944
783		2	39	37	76	Rb	x	-60479.089	0.938	8486.2161	0.0123	B-	-6231.4432	34.478	75935073.031	1.006	False	2.8980867627430884
784		0	38	38	76	Sr	x	-54247.645	34.465	8393.9294	0.4535	B-	-15998.0	302.0	75941762.76	37.0	False	2.6765292213663803
785		-2	37	39	76	Y	x	-38250.0	300.0	8173.0	4.0	B-			75958937.0	322.0	True	
786	0.0	23	50	27	77	Co	x	-21910.0	600.0	8082.0	8.0	B-	15440.0	721.0	76976479.0	644.0	True	
787		21	49	28	77	Ni	x	-37350.0	400.0	8272.0	5.0	B-	11513.0	400.0	76959903.0	429.0	True	
788		19	48	29	77	Cu	x	-48862.828	1.211	8411.2501	0.0157	B-	9926.375	2.3148	76947543.599	1.3	False	2.8845923241650095
789		17	47	30	77	Zn		-58789.203	1.973	8530.0037	0.0256	B-	7203.1495	3.1237	76936887.197	2.117	False	2.8569583631892
790		15	46	31	77	Ga	x	-65992.352	2.422	8613.3907	0.0315	B-	5220.5176	2.4225	76929154.299	2.6	False	2.84507704634603
791		13	45	32	77	Ge	-n	-71212.87	0.053	8671.0293	0.0007	B-	2703.4642	1.6926	76923549.843	0.056	False	3.046459903227838
792		11	44	33	77	As		-73916.334	1.692	8695.9789	0.022	B-	683.1627	1.692	76920647.555	1.816	False	2.865717468596314
793		9	43	34	77	Se		-74599.497	0.062	8694.6908	0.0008	B-	-1364.6792	2.8099	76919914.15	0.067	False	3.03789759047724
794		7	42	35	77	Br	-	-73234.818	2.811	8666.8073	0.0365	B-	-3065.3663	3.4244	76921379.193	3.017	False	2.836386624376642
795		5	41	36	77	Kr	x	-70169.451	1.956	8616.837	0.0254	B-	-5338.9516	2.351	76924669.999	2.1	False	2.857412282128055
796		3	40	37	77	Rb	x	-64830.5	1.304	8537.3396	0.0169	B-	-7027.0566	8.0244	76930401.599	1.4	False	2.8804302522100893
797		1	39	38	77	Sr	x	-57803.443	7.918	8435.9188	0.1028	B-	-11365.0	203.0	76937945.454	8.5	False	2.7737407826265668
798		-1	38	39	77	Y	-p	-46439.0	203.0	8278.0	3.0	B-	-14839.0	448.0	76950146.0	218.0	True	
799		-3	37	40	77	Zr	x	-31600.0	400.0	8075.0	5.0	B-			76966076.0	429.0	True	
800	0.0	24	51	27	78	Co	x	-15320.0	700.0	7997.0	9.0	B-	19560.0	806.0	77983553.0	751.0	True	
801		22	50	28	78	Ni	x	-34880.0	400.0	8238.0	5.0	B-	9910.0	400.0	77962555.0	429.0	True	
802		20	49	29	78	Cu		-44789.474	13.332	8354.6695	0.1709	B-	12693.768	13.4727	77951916.524	14.312	False	2.7415174971974183
803		18	48	30	78	Zn		-57483.242	1.944	8507.38	0.0249	B-	6220.8433	2.2088	77938289.204	2.086	False	2.8585473320341
804		16	47	31	78	Ga		-63704.085	1.051	8577.1043	0.0135	B-	8157.9729	3.6884	77931610.854	1.127	False	2.89324446001532
805		14	46	32	78	Ge	-nn	-71862.058	3.536	8671.6636	0.0453	B-	954.9114	10.3987	77922852.911	3.795	False	2.823611239230388
806		12	45	33	78	As	+pn	-72816.97	9.779	8673.876	0.1254	B-	4208.9819	9.7801	77921827.771	10.498	False	2.761276979481175
807		10	44	34	78	Se		-77025.952	0.179	8717.8072	0.0023	B-	-3573.7836	3.575	77917309.244	0.191	False	2.98702651493449
808		8	43	35	78	Br	-	-73452.168	3.58	8661.9594	0.0459	B-	726.1153	3.5845	77921145.858	3.842	False	2.8228786456373
809		6	42	36	78	Kr		-74178.283	0.307	8661.2385	0.0039	B-	-7242.856	3.252	77920366.341	0.329	False	2.9592184566933026
810		4	41	37	78	Rb	x	-66935.427	3.237	8558.3512	0.0415	B-	-3761.4779	8.1248	77928141.866	3.475	False	2.8288333672935235
811		2	40	38	78	Sr	x	-63173.949	7.452	8500.0971	0.0955	B-	-11001.0	298.0	77932179.979	8.0	False	2.778316535534144
812		0	39	39	78	Y	x	-52173.0	298.0	8349.0	4.0	B-	-11323.0	499.0	77943990.0	320.0	True	
813		-2	38	40	78	Zr	x	-40850.0	400.0	8194.0	5.0	B-			77956146.0	429.0	True	
814	0.0	23	51	28	79	Ni	x	-28160.0	500.0	8150.0	6.0	B-	14248.0	511.0	78969769.0	537.0	True	
815		21	50	29	79	Cu	x	-42408.039	104.979	8320.938	1.3289	B-	11024.2629	105.003	78954473.1	112.7	False	2.5996965091280493
816		19	49	30	79	Zn		-53432.302	2.225	8450.5825	0.0282	B-	9116.0536	2.5295	78942638.067	2.388	False	2.8515024765820587
817		17	48	31	79	Ga		-62548.355	1.208	8556.0725	0.0153	B-	6978.8242	37.1467	78932851.582	1.296	False	2.886186649818407
818		15	47	32	79	Ge		-69527.18	37.161	8634.5089	0.4704	B-	4108.9014	37.4361	78925359.506	39.893	False	2.673997760631183
819		13	46	33	79	As		-73636.081	5.325	8676.6172	0.0674	B-	2281.3849	5.3284	78920948.419	5.716	False	2.7997592376850102
820		11	45	34	79	Se	-n	-75917.466	0.223	8695.5923	0.0028	B-	150.6016	1.0186	78918499.252	0.238	False	2.9765194245416664
821		9	44	35	79	Br		-76068.067	1.001	8687.5956	0.0127	B-	-1625.7778	3.3333	78918337.574	1.074	False	2.896604194635316
822		7	43	36	79	Kr	-	-74442.29	3.48	8657.113	0.0441	B-	-3639.5114	3.9423	78920082.919	3.736	False	2.8252956564021248
823		5	42	37	79	Rb		-70802.778	1.943	8601.1401	0.0246	B-	-5323.114	7.563	78923990.095	2.085	False	2.859295346310095
824		3	41	38	79	Sr		-65479.664	7.421	8523.8558	0.0939	B-	-7676.7291	80.4515	78929704.692	7.967	False	2.7793632351887902
825		1	40	39	79	Y	x	-57802.935	80.108	8416.7788	1.014	B-	-11033.0	310.0	78937946.0	86.0	False	2.6195704965995303
826		-1	39	40	79	Zr	x	-46770.0	300.0	8267.0	4.0	B-	-15120.0	583.0	78949790.0	322.0	True	
827		-3	38	41	79	Nb	x	-31650.0	500.0	8066.0	6.0	B-			78966022.0	537.0	True	
828	0.0	24	52	28	80	Ni	x	-23240.0	600.0	8088.0	7.0	B-	13440.0	671.0	79975051.0	644.0	True	
829		22	51	29	80	Cu	x	-36679.0	300.0	8246.0	4.0	B-	14969.0	300.0	79960623.0	322.0	True	
830		20	50	30	80	Zn		-51648.619	2.585	8423.5457	0.0323	B-	7575.0553	3.8774	79944552.929	2.774	False	2.843545287703968
831		18	49	31	80	Ga	x	-59223.675	2.891	8508.4545	0.0361	B-	10311.6397	3.5409	79936420.773	3.103	False	2.836992825214391
832		16	48	32	80	Ge	x	-69535.314	2.054	8627.5707	0.0257	B-	2679.2869	3.9156	79925350.773	2.205	False	2.8568078579900944
833		14	47	33	80	As	x	-72214.601	3.333	8651.2824	0.0417	B-	5544.8861	3.4412	79922474.44	3.578	False	2.8286005844551454
834		12	46	34	80	Se		-77759.487	0.947	8710.8142	0.0118	B-	-1870.4623	0.3095	79916521.761	1.016	False	2.900356181715586
835		10	45	35	80	Br		-75889.025	0.993	8677.6541	0.0124	B-	2004.4299	1.1413	79918529.784	1.065	False	2.8977634550279783
836		8	44	36	80	Kr		-77893.455	0.695	8692.9301	0.0087	B-	-5717.9785	1.9883	79916377.94	0.745	False	2.9172766874053315
837		6	43	37	80	Rb	x	-72175.476	1.863	8611.676	0.0233	B-	-1864.009	3.9331	79922516.442	2.0	False	2.8623963474395557
838		4	42	38	80	Sr	x	-70311.467	3.464	8578.5966	0.0433	B-	-9163.305	7.1389	79924517.538	3.718	False	2.826331324671977
839		2	41	39	80	Y	x	-61148.162	6.242	8454.2759	0.078	B-	-6388.0	300.0	79934354.75	6.701	False	2.7908251433548985
840		0	40	40	80	Zr	x	-54760.0	300.0	8365.0	4.0	B-	-16339.0	500.0	79941213.0	322.0	True	
841		-2	39	41	80	Nb	x	-38420.0	400.0	8151.0	5.0	B-			79958754.0	429.0	True	
842	0.0	25	53	28	81	Ni	x	-16090.0	700.0	8000.0	9.0	B-	15820.0	761.0	80982727.0	751.0	True	
843		23	52	29	81	Cu	x	-31910.0	300.0	8185.0	4.0	B-	14289.0	300.0	80965743.0	322.0	True	
844		21	51	30	81	Zn	x	-46199.669	5.03	8351.9262	0.0621	B-	11428.2924	5.996	80950402.617	5.4	False	2.8047502181597275
845		19	50	31	81	Ga	x	-57627.962	3.264	8483.3576	0.0403	B-	8663.7335	3.8508	80938133.841	3.503	False	2.83059674119671
846		17	49	32	81	Ge	x	-66291.695	2.055	8580.6587	0.0254	B-	6241.6189	3.3436	80928832.941	2.205	False	2.857524432619944
847		15	48	33	81	As		-72533.314	2.644	8648.0571	0.0326	B-	3855.705	2.8072	80922132.288	2.838	False	2.842924761208544
848		13	47	34	81	Se		-76389.019	0.977	8685.9998	0.0121	B-	1588.0317	1.3787	80917993.019	1.049	False	2.899282463735662
849		11	46	35	81	Br		-77977.051	0.978	8695.9465	0.0121	B-	-280.8517	0.4713	80916288.197	1.049	False	2.899281303633089
850		9	45	36	81	Kr		-77696.199	1.074	8682.8206	0.0133	B-	-2239.4954	5.0188	80916589.703	1.152	False	2.894110862227305
851		7	44	37	81	Rb		-75456.704	4.904	8645.5139	0.0605	B-	-3928.5695	5.817	80918993.9	5.265	False	2.806257875556101
852		5	43	38	81	Sr	x	-71528.134	3.128	8587.3545	0.0386	B-	-5815.2156	6.2451	80923211.393	3.358	False	2.833076022677728
853		3	42	39	81	Y	x	-65712.919	5.405	8505.9031	0.0667	B-	-8188.5003	92.3762	80929454.283	5.802	False	2.8003793184777606
854		1	41	40	81	Zr	x	-57524.418	92.218	8395.1519	1.1385	B-	-11164.0	410.0	80938245.0	99.0	False	2.611104343021624
855		-1	40	41	81	Nb	x	-46360.0	400.0	8248.0	5.0	B-	-14900.0	640.0	80950230.0	429.0	True	
856		-3	39	42	81	Mo	x	-31460.0	500.0	8054.0	6.0	B-			80966226.0	537.0	True	
857	0.0	26	54	28	82	Ni	x	-10720.0	800.0	7935.0	10.0	B-	15010.0	894.0	81988492.0	859.0	True	
858		24	53	29	82	Cu	x	-25730.0	400.0	8108.0	5.0	B-	16584.0	400.0	81972378.0	429.0	True	
859		22	52	30	82	Zn	x	-42313.96	3.074	8301.1175	0.0375	B-	10616.7652	3.9162	81954574.097	3.3	False	2.8348445546044023
860		20	51	31	82	Ga	x	-52930.725	2.426	8421.0494	0.0296	B-	12484.3497	3.296	81943176.531	2.604	False	2.8486516675890297
861		18	50	32	82	Ge	x	-65415.075	2.24	8563.7567	0.0273	B-	4690.3523	4.3452	81929774.031	2.405	False	2.853236426893569
862		16	49	33	82	As	x	-70105.427	3.729	8611.4153	0.0455	B-	7488.4677	3.7579	81924738.731	4.003	False	2.8234165401373925
863		14	48	34	82	Se		-77593.895	0.466	8693.1973	0.0057	B-	-95.2184	1.0767	81916699.531	0.5	False	2.9399214541869525
864		12	47	35	82	Br		-77498.677	0.971	8682.4953	0.0118	B-	3093.1185	0.9714	81916801.752	1.042	False	2.900326089514096
865		10	46	36	82	Kr		-80591.79509	0.00551	8710.6754	0.0003	B-	-4403.9824	3.0088	81913481.15368	0.00591	False	3.150694777529657
866		8	45	37	82	Rb	IT	-76187.813	3.009	8647.4275	0.0367	B-	-177.7503	6.7048	81918209.023	3.23	False	2.836076870792621
867		6	44	38	82	Sr		-76010.062	5.992	8635.719	0.0731	B-	-7945.965	8.1324	81918399.845	6.432	False	2.7948361926639267
868		4	43	39	82	Y	x	-68064.097	5.499	8529.2762	0.0671	B-	-4450.0341	5.7221	81926930.189	5.902	False	2.8000851465829384
869		2	42	40	82	Zr	x	-63614.063	1.584	8465.4666	0.0193	B-	-11804.0	300.0	81931707.497	1.7	False	2.8730429426022797
870		0	41	41	82	Nb	x	-51810.0	300.0	8312.0	4.0	B-	-11440.0	500.0	81944380.0	322.0	True	
871		-2	40	42	82	Mo	x	-40370.0	400.0	8163.0	5.0	B-			81956661.0	429.0	True	
872	0.0	25	54	29	83	Cu	x	-20390.0	500.0	8044.0	6.0	B-	15900.0	583.0	82978110.0	537.0	True	
873		23	53	30	83	Zn	x	-36290.0	300.0	8226.0	4.0	B-	12967.0	300.0	82961041.0	322.0	True	
874		21	52	31	83	Ga	x	-49257.129	2.612	8372.5756	0.0315	B-	11719.3136	3.5592	82947120.3	2.804	False	2.845064423470589
875		19	51	32	83	Ge	x	-60976.442	2.427	8504.3462	0.0292	B-	8692.8893	3.6979	82934539.1	2.604	False	2.8493479747712174
876		17	50	33	83	As	x	-69669.331	2.799	8599.654	0.0337	B-	5671.2117	4.129	82925206.9	3.004	False	2.8410358975902263
877		15	49	34	83	Se	-n	-75340.543	3.036	8658.556	0.0366	B-	3673.178	4.8392	82919118.604	3.259	False	2.8362649077751487
878		13	48	35	83	Br		-79013.721	3.795	8693.3852	0.0457	B-	976.9222	3.7947	82915175.285	4.073	False	2.823100548141268
879		11	47	36	83	Kr		-79990.643	0.009	8695.7295	0.0003	B-	-920.0039	2.3288	82914126.516	0.009	False	3.1330497834120035
880		9	46	37	83	Rb		-79070.639	2.329	8675.2193	0.0281	B-	-2273.0239	6.4245	82915114.181	2.5	False	2.8516908255591034
881		7	45	38	83	Sr		-76797.616	6.834	8638.4076	0.0823	B-	-4591.9435	19.8444	82917554.372	7.336	False	2.7875120395695734
882		5	44	39	83	Y	x	-72205.672	18.631	8573.6571	0.2245	B-	-6294.0125	19.7074	82922484.026	20.0	False	2.723771604885162
883		3	43	40	83	Zr	x	-65911.659	6.43	8488.3997	0.0775	B-	-8298.7493	162.2075	82929240.926	6.902	False	2.791268602979622
884		1	42	41	83	Nb	x	-57612.91	162.08	8378.9889	1.9528	B-	-11273.0	432.0	82938150.0	174.0	False	2.570667623741301
885		-1	41	42	83	Mo	x	-46340.0	401.0	8234.0	5.0	B-	-15020.0	641.0	82950252.0	430.0	True	
886		-3	40	43	83	Tc	x	-31320.0	500.0	8043.0	6.0	B-			82966377.0	537.0	True	
887	0.0	26	55	29	84	Cu	x	-13720.0	500.0	7965.0	6.0	B-	18110.0	640.0	83985271.0	537.0	True	
888		24	54	30	84	Zn	x	-31830.0	400.0	8171.0	5.0	B-	12264.0	401.0	83965829.0	429.0	True	
889		22	53	31	84	Ga	x	-44094.136	29.808	8307.525	0.3549	B-	14054.2989	29.976	83952663.0	32.0	False	2.6932767936947224
890		20	52	32	84	Ge	x	-58148.435	3.171	8465.5244	0.0377	B-	7705.1329	4.4789	83937575.09	3.403	False	2.8344435594615915
891		18	51	33	84	As	x	-65853.568	3.171	8547.9385	0.0377	B-	10094.1624	3.7219	83929303.29	3.403	False	2.834437769401554
892		16	50	34	84	Se		-75947.731	1.961	8658.7935	0.0233	B-	1835.3638	25.7652	83918466.761	2.105	False	2.8622603525613157
893		14	49	35	84	Br		-77783.094	25.73	8671.3294	0.3063	B-	4656.251	25.73	83916496.417	27.622	False	2.703152909953139
894		12	48	36	84	Kr		-82439.34527	0.00382	8717.4473	0.0003	B-	-2680.3708	2.194	83911497.72708	0.0041	False	3.1672473799310215
895		10	47	37	84	Rb		-79758.975	2.194	8676.2244	0.0261	B-	890.6058	2.3356	83914375.223	2.355	False	2.855824409627992
896		8	46	38	84	Sr		-80649.58	1.243	8677.5132	0.0148	B-	-6755.1411	4.4114	83913419.118	1.334	False	2.887986368057228
897		6	45	39	84	Y		-73894.439	4.299	8587.7812	0.0512	B-	-2472.7471	6.9767	83920671.06	4.615	False	2.816370571095683
898		4	44	40	84	Zr	x	-71421.692	5.499	8549.0301	0.0655	B-	-10227.8497	5.5133	83923325.663	5.903	False	2.8015377180760606
899		2	43	41	84	Nb	x	-61193.842	0.401	8417.9563	0.0048	B-	-7024.0	298.0	83934305.711	0.43	False	2.949139233866158
900		0	42	42	84	Mo	x	-54170.0	298.0	8325.0	4.0	B-	-16470.0	499.0	83941846.0	320.0	True	
901		-2	41	43	84	Tc	x	-37700.0	400.0	8120.0	5.0	B-			83959527.0	429.0	True	
902	0.0	25	55	30	85	Zn	x	-25100.0	500.0	8090.0	6.0	B-	14644.0	502.0	84973054.0	537.0	True	
903		23	54	31	85	Ga	x	-39744.059	37.26	8253.5687	0.4384	B-	13379.3679	37.4459	84957333.0	40.0	False	2.678880901507764
904		21	53	32	85	Ge	x	-53123.427	3.729	8401.7689	0.0439	B-	10065.7253	4.8303	84942969.658	4.003	False	2.8255633671061475
905		19	52	33	85	As	x	-63189.152	3.078	8510.9851	0.0362	B-	9224.4929	4.0313	84932163.658	3.304	False	2.836867223181653
906		17	51	34	85	Se	+3p	-72413.645	2.613	8610.3045	0.0307	B-	6161.8335	4.0313	84922260.758	2.804	False	2.846431471802167
907		15	50	35	85	Br	+n2p	-78575.478	3.078	8673.5926	0.0362	B-	2904.8622	3.6705	84915645.758	3.304	False	2.836855823530169
908		13	49	36	85	Kr	+	-81480.341	2.0	8698.5633	0.0235	B-	687.0	2.0	84912527.26	2.147	False	2.8618042694107375
909		11	48	37	85	Rb		-82167.34065	0.005	8697.4416	0.0003	B-	-1064.051	2.8132	84911789.73604	0.00537	False	3.1563215047066104
910		9	47	38	85	Sr		-81103.29	2.813	8675.7193	0.0331	B-	-3261.1584	19.1729	84912932.041	3.02	False	2.8421077961253385
911		7	46	39	85	Y	x	-77842.131	18.965	8628.1486	0.2231	B-	-4666.9352	20.0257	84916433.039	20.36	False	2.724160136341643
912		5	45	40	85	Zr	x	-73175.196	6.43	8564.0394	0.0756	B-	-6895.512	7.625	84921443.199	6.902	False	2.7927237676114243
913		3	44	41	85	Nb	x	-66279.684	4.099	8473.7117	0.0482	B-	-8769.9238	16.3572	84928845.836	4.4	False	2.81993259193107
914		1	43	42	85	Mo	x	-57509.76	15.835	8361.332	0.1863	B-	-11660.0	400.0	84938260.736	17.0	False	2.73593912198415
915		-1	42	43	85	Tc	x	-45850.0	400.0	8215.0	5.0	B-	-15220.0	640.0	84950778.0	429.0	True	
916		-3	41	44	85	Ru	x	-30630.0	500.0	8027.0	6.0	B-			84967117.0	537.0	True	
917	0.0	26	56	30	86	Zn	x	-20062.0	500.0	8032.0	6.0	B-	13699.0	640.0	85978463.0	537.0	True	
918		24	55	31	86	Ga	x	-33760.0	400.0	8182.0	5.0	B-	15640.0	593.0	85963757.0	429.0	True	
919		22	54	32	86	Ge	x	-49399.927	437.802	8354.63	5.0907	B-	9562.2229	437.8158	85946967.0	470.0	False	2.494568845611838
920		20	53	33	86	As	x	-58962.15	3.45	8456.7215	0.0401	B-	11541.0256	4.2666	85936701.532	3.703	False	2.830856348086197
921		18	52	34	86	Se	x	-70503.175	2.52	8581.8224	0.0293	B-	5129.086	3.9717	85924311.732	2.705	False	2.8491952710525394
922		16	51	35	86	Br	+pp	-75632.261	3.078	8632.3659	0.0358	B-	7633.4147	3.0779	85918805.432	3.304	False	2.837543920015189
923		14	50	36	86	Kr		-83265.67593	0.00372	8712.0295	0.0003	B-	-518.6734	0.2	85910610.62468	0.00399	False	3.1693822552837494
924		12	49	37	86	Rb	-n	-82747.003	0.2	8696.9014	0.0023	B-	1776.0972	0.2001	85911167.443	0.214	False	2.9862173321100074
925		10	48	38	86	Sr		-84523.09977	0.00524	8708.4566	0.0003	B-	-5240.0	14.1421	85909260.72473	0.00563	False	3.154804310449618
926		8	47	39	86	Y	-	-79283.1	14.142	8638.4293	0.1644	B-	-1314.0763	14.5847	85914886.095	15.182	False	2.7439807095133384
927		6	46	40	86	Zr		-77969.023	3.566	8614.0523	0.0415	B-	-8834.9627	6.5521	85916296.814	3.827	False	2.828898334895265
928		4	45	41	86	Nb	x	-69134.061	5.499	8502.2231	0.0639	B-	-5023.1337	6.2316	85925781.536	5.903	False	2.802968411973133
929		2	44	42	86	Mo	x	-64110.927	2.932	8434.7175	0.0341	B-	-12541.0	300.0	85931174.092	3.147	False	2.8403996730441947
930		0	43	43	86	Tc	x	-51570.0	300.0	8280.0	3.0	B-	-11800.0	500.0	85944637.0	322.0	True	
931		-2	42	44	86	Ru	x	-39770.0	400.0	8133.0	5.0	B-			85957305.0	429.0	True	
932	0.0	25	56	31	87	Ga	x	-28870.0	500.0	8124.0	6.0	B-	14720.0	583.0	86969007.0	537.0	True	
933		23	55	32	87	Ge	x	-43590.0	300.0	8285.0	3.0	B-	12028.0	300.0	86953204.0	322.0	True	
934		21	54	33	87	As	x	-55617.914	2.985	8413.8521	0.0343	B-	10808.2192	3.726	86940291.716	3.204	False	2.840033101830026
935		19	53	34	87	Se	x	-66426.133	2.241	8529.092	0.0258	B-	7465.5526	3.8766	86928688.616	2.405	False	2.856645407300996
936		17	52	35	87	Br	2p-n	-73891.685	3.171	8605.9105	0.0364	B-	6817.8455	3.1805	86920674.016	3.404	False	2.836475972189205
937		15	51	36	87	Kr	-n	-80709.531	0.246	8675.284	0.0028	B-	3888.2706	0.2463	86913354.759	0.264	False	2.9761532713799435
938		13	50	37	87	Rb		-84597.802	0.006	8710.9843	0.0003	B-	282.2749	0.0063	86909180.529	0.006	False	3.1525808837987643
939		11	49	38	87	Sr		-84880.07643	0.00513	8705.2363	0.0003	B-	-1861.6894	1.1278	86908877.49454	0.0055	False	3.15629284872451
940		9	48	39	87	Y	-	-83018.387	1.128	8674.8451	0.013	B-	-3671.2405	4.2962	86910876.1	1.21	False	2.895346771926705
941		7	47	40	87	Zr		-79347.147	4.146	8623.6545	0.0477	B-	-5472.6536	7.9633	86914817.338	4.45	False	2.820636646120655
942		5	46	41	87	Nb	x	-73874.493	6.802	8551.7579	0.0782	B-	-6989.6757	7.3781	86920692.473	7.302	False	2.7906961878791483
943		3	45	42	87	Mo		-66884.817	2.857	8462.4243	0.0328	B-	-9194.7656	5.0729	86928196.198	3.067	False	2.842574865582149
944		1	44	43	87	Tc	x	-57690.052	4.192	8347.7449	0.0482	B-	-11960.0	400.0	86938067.185	4.5	False	2.81998679616922
945		-1	43	44	87	Ru	x	-45730.0	400.0	8201.0	5.0	B-			86950907.0	429.0	True	
946	0.0	26	57	31	88	Ga	x	-22390.0	500.0	8050.0	6.0	B-	17129.0	640.0	87975963.0	537.0	True	
947		24	56	32	88	Ge	x	-39520.0	400.0	8236.0	5.0	B-	10930.0	447.0	87957574.0	429.0	True	
948		22	55	33	88	As	x	-50450.0	200.0	8351.0	2.0	B-	13434.0	200.0	87945840.0	215.0	True	
949		20	54	34	88	Se	x	-63884.203	3.357	8495.0045	0.0382	B-	6831.764	4.6125	87931417.49	3.604	False	2.833802781018426
950		18	53	35	88	Br	++	-70715.967	3.171	8563.7479	0.036	B-	8975.3282	4.1059	87924083.29	3.404	False	2.8371487138215046
951		16	52	36	88	Kr	x	-79691.295	2.608	8656.8499	0.0296	B-	2917.709	2.613	87914447.879	2.8	False	2.848522343352771
952		14	51	37	88	Rb		-82609.004	0.159	8681.1154	0.0018	B-	5312.6243	0.159	87911315.59	0.17	False	2.9989169933879665
953		12	50	38	88	Sr		-87921.62876	0.00561	8732.5958	0.0003	B-	-3622.6	1.5	87905612.253	0.006	False	3.1530680193204246
954		10	49	39	88	Y	-	-84299.029	1.5	8682.5396	0.017	B-	-670.1549	5.6076	87909501.274	1.61	False	2.880073595021376
955		8	48	40	88	Zr		-83628.874	5.403	8666.0339	0.0614	B-	-7457.3187	57.8921	87910220.715	5.8	False	2.8054169746649458
956		6	47	41	88	Nb		-76171.555	57.808	8572.4013	0.6569	B-	-3485.0021	57.9345	87918226.476	62.059	False	2.6506916837406065
957		4	46	42	88	Mo	x	-72686.553	3.819	8523.9087	0.0434	B-	-11016.2515	5.6021	87921967.779	4.1	False	2.826187146010997
958		2	45	43	88	Tc	x	-61670.301	4.099	8389.8338	0.0466	B-	-7331.0	300.0	87933794.211	4.4	False	2.8220031087953426
959		0	44	44	88	Ru	x	-54340.0	300.0	8298.0	3.0	B-	-17479.0	500.0	87941664.0	322.0	True	
960		-2	43	45	88	Rh	x	-36860.0	400.0	8090.0	5.0	B-			87960429.0	429.0	True	
961	0.0	25	57	32	89	Ge	x	-33040.0	400.0	8161.0	4.0	B-	13490.0	500.0	88964530.0	429.0	True	
962		23	56	33	89	As	x	-46530.0	300.0	8304.0	3.0	B-	12462.0	300.0	88950048.0	322.0	True	
963		21	55	34	89	Se	x	-58992.398	3.729	8435.2799	0.0419	B-	9281.873	4.951	88936669.058	4.003	False	2.8282830341913017
964		19	54	35	89	Br	x	-68274.271	3.264	8530.7802	0.0367	B-	8261.5231	3.9045	88926704.558	3.504	False	2.8361160606851477
965		17	53	36	89	Kr	x	-76535.795	2.142	8614.8158	0.0241	B-	5176.6042	5.8342	88917835.449	2.3	False	2.8605031080226095
966		15	52	37	89	Rb		-81712.399	5.427	8664.1895	0.061	B-	4496.6278	5.4265	88912278.136	5.825	False	2.8058422562777823
967		13	51	38	89	Sr		-86209.026	0.092	8705.923	0.0011	B-	1502.1757	0.351	88907450.808	0.098	False	3.0265472916878537
968		11	50	39	89	Y		-87711.202	0.339	8714.011	0.0038	B-	-2833.2285	2.7652	88905838.156	0.363	False	2.9609565889401326
969		9	49	40	89	Zr		-84877.974	2.78	8673.3865	0.0312	B-	-4252.2191	23.7199	88908879.751	2.983	False	2.8455018289098812
970		7	48	41	89	Nb		-80625.755	23.63	8616.8184	0.2655	B-	-5610.8105	23.9513	88913444.696	25.367	False	2.712687751440318
971		5	47	42	89	Mo	x	-75014.944	3.912	8544.9851	0.044	B-	-7620.0875	5.4673	88919468.149	4.2	False	2.8254276517362693
972		3	46	43	89	Tc	x	-67394.857	3.819	8450.5758	0.0429	B-	-9025.4327	24.5181	88927648.649	4.1	False	2.826860660591018
973		1	45	44	89	Ru	x	-58369.424	24.219	8340.376	0.2721	B-	-12719.0	361.0	88937337.849	26.0	False	2.7110687123159276
974		-1	44	45	89	Rh	-p	-45651.0	361.0	8189.0	4.0	B-			88950992.0	387.0	True	
975	0.0	26	58	32	90	Ge	x	-28470.0	500.0	8109.0	6.0	B-	12520.0	640.0	89969436.0	537.0	True	
976		24	57	33	90	As	x	-40990.0	400.0	8240.0	4.0	B-	14810.0	518.0	89955995.0	429.0	True	
977		22	56	34	90	Se	x	-55800.223	329.749	8395.7672	3.6639	B-	8200.0834	329.766	89940096.0	354.0	False	2.5213476612848975
978		20	55	35	90	Br	x	-64000.306	3.357	8478.1865	0.0373	B-	10958.9533	3.8396	89931292.848	3.604	False	2.835123999015526
979		18	54	36	90	Kr	x	-74959.259	1.863	8591.2599	0.0207	B-	4406.3133	6.7158	89919527.929	2.0	False	2.869107178240925
980		16	53	37	90	Rb		-79365.573	6.452	8631.5262	0.0717	B-	6585.3721	6.4806	89914797.557	6.926	False	2.7960055604067566
981		14	52	38	90	Sr		-85950.945	1.449	8696.0043	0.0161	B-	545.9674	1.406	89907727.87	1.555	False	2.8832810621617457
982		12	51	39	90	Y		-86496.912	0.354	8693.3778	0.0039	B-	2275.635	0.3726	89907141.749	0.379	False	2.9593020280055087
983		10	50	40	90	Zr		-88772.547	0.118	8709.9699	0.0013	B-	-6111.0165	3.3163	89904698.755	0.126	False	3.0148353491900433
984		8	49	41	90	Nb		-82661.531	3.317	8633.377	0.0369	B-	-2489.0165	3.3163	89911259.201	3.561	False	2.835815386904252
985		6	48	42	90	Mo		-80172.514	3.463	8597.0285	0.0385	B-	-9447.8181	3.611	89913931.27	3.717	False	2.8332984322121297
986		4	47	43	90	Tc	x	-70724.696	1.025	8483.36	0.0114	B-	-5840.8951	3.8685	89924073.919	1.1	False	2.902474120713954
987		2	46	44	90	Ru		-64883.801	3.73	8409.7684	0.0414	B-	-13250.0	200.0	89930344.378	4.004	False	2.8289248743969235
988		0	45	45	90	Rh	-	-51634.0	200.0	8254.0	2.0	B-	-11924.0	447.0	89944569.0	215.0	True	
989		-2	44	46	90	Pd	x	-39710.0	400.0	8113.0	4.0	B-			89957370.0	429.0	True	
990	0.0	25	58	33	91	As	x	-36500.0	400.0	8189.0	4.0	B-	14080.0	589.0	90960816.0	429.0	True	
991		23	57	34	91	Se	x	-50580.13	433.145	8334.8382	4.7598	B-	10527.1716	433.1593	90945700.0	465.0	False	2.5001019293349644
992		21	56	35	91	Br	-n2p	-61107.301	3.543	8441.9242	0.0389	B-	9866.6724	4.1898	90934398.617	3.804	False	2.8326011429058
993		19	55	36	91	Kr	x	-70973.974	2.236	8541.7519	0.0246	B-	6771.0748	8.1153	90923806.309	2.4	False	2.859343298102734
994		17	54	37	91	Rb		-77745.049	7.801	8607.5621	0.0857	B-	5906.901	8.8732	90916537.261	8.375	False	2.785023673824861
995		15	53	38	91	Sr		-83651.95	5.453	8663.8759	0.0599	B-	2699.3714	5.2468	90910195.942	5.853	False	2.8068952392073765
996		13	52	39	91	Y		-86351.321	1.843	8684.9421	0.0203	B-	1544.271	1.8403	90907298.048	1.978	False	2.8703541020089207
997		11	51	40	91	Zr		-87895.592	0.095	8693.3149	0.0011	B-	-1257.5644	2.9243	90905640.205	0.101	False	3.0261628979696473
998		9	50	41	91	Nb		-86638.028	2.926	8670.8983	0.0322	B-	-4429.1934	6.7439	90906990.256	3.14	False	2.8438113775553364
999		7	49	42	91	Mo		-82208.834	6.238	8613.6286	0.0686	B-	-6222.1768	6.6706	90911745.19	6.696	False	2.798736947328203
1000		5	48	43	91	Tc		-75986.657	2.363	8536.6558	0.026	B-	-7746.8246	3.2422	90918424.972	2.536	False	2.8561762088117546
1001		3	47	44	91	Ru		-68239.833	2.221	8442.9287	0.0244	B-	-9670.0	298.0	90926741.53	2.384	False	2.8597283955939674
1002		1	46	45	91	Rh	x	-58570.0	298.0	8328.0	3.0	B-	-12400.0	300.0	90937123.0	320.0	True	
1003		-1	45	46	91	Pd	-	-46170.0	423.0	8183.0	5.0	B-			90950435.0	454.0	True	
1004	0.0	26	59	33	92	As	x	-30380.0	500.0	8121.0	5.0	B-	16344.0	640.0	91967386.0	537.0	True	
1005		24	58	34	92	Se	x	-46724.0	400.0	8290.0	4.0	B-	9509.0	400.0	91949840.0	429.0	True	
1006		22	57	35	92	Br	x	-56232.812	6.709	8384.9123	0.0729	B-	12536.5161	7.2322	91939631.595	7.202	False	2.7949789287710023
1007		20	56	36	92	Kr	x	-68769.329	2.701	8512.675	0.0294	B-	6003.121	6.6924	91926173.092	2.9	False	2.8490742805301585
1008		18	55	37	92	Rb		-74772.45	6.123	8569.4225	0.0666	B-	8094.9212	6.4187	91919728.477	6.573	False	2.800535539542696
1009		16	54	38	92	Sr		-82867.371	3.423	8648.907	0.0372	B-	1949.1237	9.3841	91911038.222	3.675	False	2.835257051831371
1010		14	53	39	92	Y		-84816.494	9.127	8661.5894	0.0992	B-	3642.5294	9.1271	91908945.752	9.798	False	2.7759661773126054
1011		12	52	40	92	Zr		-88459.024	0.094	8692.6783	0.0011	B-	-2005.7335	1.7823	91905035.336	0.101	False	3.02669306048928
1012		10	51	41	92	Nb		-86453.29	1.784	8662.3731	0.0194	B-	355.2968	1.7911	91907188.58	1.915	False	2.8728057179652247
1013		8	50	42	92	Mo		-86808.587	0.157	8657.7312	0.0017	B-	-7882.8841	3.1063	91906807.153	0.168	False	3.0017181700486484
1014		6	49	43	92	Tc		-78925.703	3.102	8563.544	0.0337	B-	-4624.4922	4.1246	91915269.777	3.33	False	2.841030091525766
1015		4	48	44	92	Ru		-74301.211	2.718	8504.774	0.0295	B-	-11302.1155	5.1531	91920234.373	2.917	False	2.8487320709601405
1016		2	47	45	92	Rh	x	-62999.095	4.378	8373.4211	0.0476	B-	-8220.0	345.0	91932367.692	4.7	False	2.8207239828502173
1017		0	46	46	92	Pd	-	-54779.095	345.028	8275.5695	3.7503	B-	-17249.0	528.0	91941192.225	370.402	False	2.5194747947614364
1018		-2	45	47	92	Ag	x	-37530.0	400.0	8080.0	4.0	B-			91959710.0	429.0	True	
1019	0.0	25	59	34	93	Se	x	-40860.0	400.0	8225.0	4.0	B-	12030.0	588.0	92956135.0	429.0	True	
1020		23	58	35	93	Br	x	-52890.235	430.816	8345.5986	4.6324	B-	11245.7673	430.8234	92943220.0	462.5	False	2.502325127622898
1021		21	57	36	93	Kr	x	-64136.002	2.515	8458.1085	0.027	B-	8483.8977	8.2243	92931147.172	2.7	False	2.85382980681826
1022		19	56	37	93	Rb		-72619.9	7.83	8540.9209	0.0842	B-	7465.9434	8.8761	92922039.334	8.406	False	2.786141817480232
1023		17	55	38	93	Sr		-80085.844	7.554	8612.7875	0.0812	B-	4141.3118	11.6972	92914024.314	8.109	False	2.7883519889240462
1024		15	54	39	93	Y		-84227.155	10.488	8648.9054	0.1128	B-	2894.8723	10.483	92909578.434	11.259	False	2.7679510783761456
1025		13	53	40	93	Zr		-87122.028	0.456	8671.6207	0.0049	B-	90.8123	1.4838	92906470.661	0.489	False	2.9477228782501204
1026		11	52	41	93	Nb		-87212.84	1.49	8664.1849	0.016	B-	-405.7609	1.5012	92906373.17	1.599	False	2.883555489277264
1027		9	51	42	93	Mo	-n	-86807.079	0.181	8651.4095	0.002	B-	-3200.9629	1.004	92906808.772	0.193	False	2.9953408260777112
1028		7	50	43	93	Tc	-p	-83606.116	1.012	8608.5782	0.0109	B-	-6389.3929	2.2995	92910245.147	1.086	False	2.9049671285834653
1029		5	49	44	93	Ru		-77216.723	2.065	8531.4627	0.0222	B-	-8204.9136	3.3425	92917104.442	2.216	False	2.865140244459491
1030		3	48	45	93	Rh		-69011.81	2.629	8434.8255	0.0283	B-	-10030.0	370.0	92925912.778	2.821	False	2.851297174699325
1031		1	47	46	93	Pd	-	-58981.81	370.009	8318.5637	3.9786	B-	-12582.0	545.0	92936680.426	397.221	False	2.514702977437212
1032		-1	46	47	93	Ag	x	-46400.0	401.0	8175.0	4.0	B-			92950188.0	430.0	True	
1033	0.0	26	60	34	94	Se	x	-36803.0	500.0	8180.0	5.0	B-	10846.0	539.0	93960490.0	537.0	True	
1034		24	59	35	94	Br	x	-47650.0	200.0	8287.0	2.0	B-	13698.0	201.0	93948846.0	215.0	True	
1035		22	58	36	94	Kr	x	-61347.78	12.109	8424.3318	0.1288	B-	7215.0114	12.2782	93934140.452	13.0	False	2.759576624882244
1036		20	57	37	94	Rb		-68562.791	2.029	8492.7644	0.0216	B-	10282.9297	2.623	93926394.819	2.177	False	2.8667661139438145
1037		18	56	38	94	Sr		-78845.721	1.663	8593.8344	0.0177	B-	3505.7517	6.422	93915355.641	1.785	False	2.877989077271949
1038		16	55	39	94	Y		-82351.473	6.38	8622.8068	0.0679	B-	4917.8589	6.3799	93911592.062	6.849	False	2.799337860893655
1039		14	54	40	94	Zr		-87269.332	0.164	8666.8016	0.0018	B-	-900.2684	1.5	93906312.523	0.175	False	3.0007584945654555
1040		12	53	41	94	Nb		-86369.063	1.491	8648.9014	0.0159	B-	2045.0163	1.4937	93907279.001	1.6	False	2.8841197453189227
1041		10	52	42	94	Mo		-88414.079	0.141	8662.3341	0.0015	B-	-4255.7476	4.0687	93905083.586	0.151	False	3.008069383642329
1042		8	51	43	94	Tc	-	-84158.332	4.071	8608.7373	0.0433	B-	-1574.7296	5.1433	93909652.319	4.37	False	2.826311979825074
1043		6	50	44	94	Ru		-82583.602	3.143	8583.662	0.0334	B-	-9675.9789	4.615	93911342.86	3.374	False	2.8415177521050072
1044		4	49	45	94	Rh		-72907.623	3.379	8472.4033	0.0359	B-	-6805.3428	5.4588	93921730.45	3.627	False	2.83729713978184
1045		2	48	46	94	Pd	x	-66102.281	4.287	8391.6832	0.0456	B-	-13700.0	400.0	93929036.286	4.602	False	2.823255643863648
1046		0	47	47	94	Ag	-	-52402.0	400.0	8238.0	4.0	B-	-11962.0	640.0	93943744.0	429.0	True	
1047		-2	46	48	94	Cd	x	-40440.0	500.0	8102.0	5.0	B-			93956586.0	537.0	True	
1048	0.0	27	61	34	95	Se	x	-30460.0	500.0	8112.0	5.0	B-	13390.0	583.0	94967300.0	537.0	True	
1049		25	60	35	95	Br	x	-43850.0	300.0	8245.0	3.0	B-	12309.0	301.0	94952925.0	322.0	True	
1050		23	59	36	95	Kr	x	-56158.92	18.63	8365.9963	0.1961	B-	9731.3868	27.5124	94939710.922	20.0	False	2.7326140478533123
1051		21	58	37	95	Rb		-65890.307	20.245	8460.1967	0.2131	B-	9226.9772	20.2036	94929263.849	21.733	False	2.7271866417369894
1052		19	57	38	95	Sr		-75117.284	5.81	8549.0875	0.0612	B-	6090.6528	7.2395	94919358.282	6.237	False	2.805663117351233
1053		17	56	39	95	Y		-81207.937	6.779	8604.9644	0.0714	B-	4452.0031	6.7718	94912819.697	7.277	False	2.7962900297146143
1054		15	55	40	95	Zr		-85659.94	0.869	8643.5924	0.0092	B-	1126.3312	0.9854	94908040.276	0.933	False	2.914401227175559
1055		13	54	41	95	Nb		-86786.272	0.508	8647.2133	0.0054	B-	925.6009	0.4938	94906831.11	0.545	False	2.9431421242714357
1056		11	53	42	95	Mo		-87711.872	0.123	8648.7212	0.0013	B-	-1690.5175	5.0782	94905837.436	0.132	False	3.015208824630735
1057		9	52	43	95	Tc		-86021.355	5.08	8622.6911	0.0535	B-	-2563.5961	10.531	94907652.281	5.453	False	2.8137455994560185
1058		7	51	44	95	Ru		-83457.759	9.502	8587.4706	0.1	B-	-5117.1423	10.2656	94910404.415	10.2	False	2.7754630980634736
1059		5	50	45	95	Rh		-78340.616	3.886	8525.3707	0.0409	B-	-8374.7035	4.9281	94915897.893	4.171	False	2.8296981115015987
1060		3	49	46	95	Pd	x	-69965.913	3.031	8428.9807	0.0319	B-	-10060.0	400.0	94924888.506	3.253	False	2.84427074051401
1061		1	48	47	95	Ag	-	-59906.0	400.0	8315.0	4.0	B-	-12850.0	400.0	94935688.0	429.0	True	
1062		-1	47	48	95	Cd	-	-47056.0	566.0	8171.0	6.0	B-			94949483.0	607.0	True	
1063	0.0	26	61	35	96	Br	x	-38210.0	300.0	8184.0	3.0	B-	14872.0	301.0	95958980.0	322.0	True	
1064		24	60	36	96	Kr		-53081.682	19.277	8330.8721	0.2008	B-	8272.6693	19.5669	95943014.473	20.695	False	2.7310746164390705
1065		22	59	37	96	Rb		-61354.351	3.353	8408.8963	0.0349	B-	11563.897	9.1062	95934133.398	3.599	False	2.838991698014553
1066		20	58	38	96	Sr		-72918.248	8.466	8521.2041	0.0882	B-	5411.738	9.7257	95921719.045	9.089	False	2.7832799975258
1067		18	57	39	96	Y		-78329.986	6.075	8569.4269	0.0633	B-	7108.8741	6.074	95915909.305	6.521	False	2.8036000299107027
1068		16	56	40	96	Zr		-85438.86	0.114	8635.3283	0.0012	B-	163.9704	0.1	95908277.615	0.122	False	3.019577555819706
1069		14	55	41	96	Nb		-85602.83	0.147	8628.8868	0.0015	B-	3192.059	0.107	95908101.586	0.157	False	3.007186942097847
1070		12	54	42	96	Mo		-88794.889	0.12	8653.988	0.0013	B-	-2973.2411	5.145	95904674.77	0.128	False	3.0172290678808977
1071		10	53	43	96	Tc	-	-85821.648	5.146	8614.8673	0.0536	B-	258.7369	5.1464	95907866.675	5.524	False	2.8135984789868957
1072		8	52	44	96	Ru		-86080.385	0.17	8609.413	0.0018	B-	-6392.6529	10.0	95907588.91	0.182	False	2.999855972518419
1073		6	51	45	96	Rh	-	-79687.732	10.001	8534.6735	0.1042	B-	-3504.3127	10.8442	95914451.705	10.737	False	2.7729181369528297
1074		4	50	46	96	Pd	x	-76183.42	4.194	8490.0207	0.0437	B-	-11671.7741	90.1814	95918213.739	4.502	False	2.8258027002106694
1075		2	49	47	96	Ag	ep	-64511.645	90.084	8360.2903	0.9384	B-	-8940.0	400.0	95930743.903	96.708	False	2.6252076455635405
1076		0	48	48	96	Cd	-	-55572.0	410.0	8259.0	4.0	B-	-17482.0	647.0	95940341.0	440.0	True	
1077		-2	47	49	96	In	x	-38090.0	500.0	8069.0	5.0	B-			95959109.0	537.0	True	
1078	0.0	27	62	35	97	Br	x	-34000.0	400.0	8140.0	4.0	B-	13423.0	420.0	96963499.0	429.0	True	
1079		25	61	36	97	Kr	x	-47423.499	130.409	8269.8645	1.3444	B-	11095.646	130.4232	96949088.782	140.0	False	2.5988344203512432
1080		23	60	37	97	Rb		-58519.145	1.912	8376.1872	0.0197	B-	10061.5295	3.8872	96937177.117	2.052	False	2.871911224897569
1081		21	59	38	97	Sr		-68580.674	3.385	8471.8489	0.0349	B-	7534.7807	7.5131	96926375.621	3.633	False	2.83904357873728
1082		19	58	39	97	Y	+	-76115.455	6.708	8541.4616	0.0692	B-	6821.2382	6.7068	96918286.702	7.201	False	2.7982052293133184
1083		17	57	40	97	Zr		-82936.693	0.121	8603.7182	0.0013	B-	2666.1038	4.2435	96910963.802	0.13	False	3.0169811116672363
1084		15	56	41	97	Nb		-85602.797	4.244	8623.1384	0.0438	B-	1941.9038	4.2435	96908101.622	4.556	False	2.825704555048422
1085		13	55	42	97	Mo		-87544.7	0.165	8635.0926	0.0017	B-	-320.264	4.1169	96906016.903	0.176	False	3.0020385199585413
1086		11	54	43	97	Tc		-87224.436	4.118	8623.7254	0.0425	B-	-1103.8722	4.9563	96906360.72	4.42	False	2.8274979848575352
1087		9	53	44	97	Ru	-n	-86120.564	2.763	8604.2799	0.0285	B-	-3523.0	35.3553	96907545.776	2.965	False	2.850844695027678
1088		7	52	45	97	Rh	-	-82597.564	35.463	8559.8949	0.3656	B-	-4791.7118	35.7924	96911327.872	38.071	False	2.6912331936034155
1089		5	51	46	97	Pd	x	-77805.852	4.844	8502.4303	0.0499	B-	-6901.8255	12.9558	96916471.985	5.2	False	2.8178429653992874
1090		3	50	47	97	Ag	x	-70904.027	12.016	8423.2121	0.1239	B-	-10170.0	420.0	96923881.4	12.9	False	2.762046421275436
1091		1	49	48	97	Cd	-	-60734.027	420.172	8310.3013	4.3317	B-	-13344.0	580.0	96934799.343	451.073	False	2.507802523176691
1092		-1	48	49	97	In	x	-47390.0	401.0	8165.0	4.0	B-			96949125.0	430.0	True	
1093	0.0	28	63	35	98	Br	x	-28050.0	400.0	8078.0	4.0	B-	16070.0	500.0	97969887.0	429.0	True	
1094		26	62	36	98	Kr	x	-44120.0	300.0	8234.0	3.0	B-	10249.0	300.0	97952635.0	322.0	True	
1095		24	61	37	98	Rb		-54369.152	16.083	8330.7294	0.1641	B-	12053.2361	16.4029	97941632.317	17.265	False	2.744137866495667
1096		22	60	38	98	Sr		-66422.389	3.226	8445.7385	0.0329	B-	5866.3591	8.5504	97928692.636	3.463	False	2.8424420914042257
1097		20	59	39	98	Y	p-2n	-72288.748	7.919	8497.6162	0.0808	B-	8993.0098	11.5755	97922394.841	8.501	False	2.7886774781840318
1098		18	58	40	98	Zr		-81281.757	8.445	8581.3984	0.0862	B-	2242.8547	9.8134	97912740.448	9.065	False	2.78471282686452
1099		16	57	41	98	Nb	-pn	-83524.612	5.001	8596.3016	0.051	B-	4591.3681	5.0032	97910332.645	5.369	False	2.8165410704868106
1100		14	56	42	98	Mo		-88115.98	0.174	8635.1691	0.0018	B-	-1683.7664	3.3768	97905403.609	0.186	False	2.999800034307584
1101		12	55	43	98	Tc		-86432.214	3.38	8610.0047	0.0345	B-	1792.6575	7.1568	97907211.206	3.628	False	2.8397127203037207
1102		10	54	44	98	Ru		-88224.871	6.463	8620.314	0.0659	B-	-5049.6529	10.0	97905286.709	6.937	False	2.8010936746407338
1103		8	53	45	98	Rh	-	-83175.219	11.906	8560.8038	0.1215	B-	-1854.2331	12.8161	97910707.734	12.782	False	2.763265933811595
1104		6	52	46	98	Pd		-81320.985	4.742	8533.8999	0.0484	B-	-8254.5607	33.0975	97912698.335	5.09	False	2.8197292512547554
1105		4	51	47	98	Ag		-73066.425	32.907	8441.6866	0.3358	B-	-5430.0	40.0	97921559.97	35.327	False	2.696991260048355
1106		2	50	48	98	Cd	-	-67636.425	51.797	8378.2953	0.5285	B-	-13730.0	300.0	97927389.315	55.605	False	2.665940135109102
1107		0	49	49	98	In	-	-53906.0	304.0	8230.0	3.0	B-			97942129.0	327.0	True	
1108	0.0	27	63	36	99	Kr	x	-38400.0	400.0	8175.0	4.0	B-	12721.0	400.0	98958776.0	429.0	True	
1109		25	62	37	99	Rb	x	-51121.15	4.031	8295.301	0.0407	B-	11397.3767	6.2201	98945119.19	4.327	False	2.829984692951191
1110		23	61	38	99	Sr		-62518.527	4.737	8402.5235	0.0479	B-	8125.2037	8.1353	98932883.604	5.085	False	2.820405627547424
1111		21	60	39	99	Y	x	-70643.73	6.615	8476.6938	0.0668	B-	6972.9398	12.4082	98924160.839	7.101	False	2.8003028899167592
1112		19	59	40	99	Zr		-77616.67	10.499	8539.225	0.1061	B-	4718.6736	15.9474	98916675.081	11.271	False	2.7718106278898
1113		17	58	41	99	Nb	+p	-82335.344	12.004	8578.9859	0.1213	B-	3634.7623	12.0059	98911609.377	12.886	False	2.7633963341524352
1114		15	57	42	99	Mo		-85970.106	0.229	8607.7982	0.0023	B-	1357.7631	0.8905	98907707.299	0.245	False	2.9864995221859982
1115		13	56	43	99	Tc		-87327.869	0.908	8613.6105	0.0092	B-	297.5156	0.9453	98906249.681	0.974	False	2.914306737314187
1116		11	55	44	99	Ru		-87625.385	0.343	8608.7132	0.0035	B-	-2040.8632	19.4529	98905930.284	0.368	False	2.965755016821388
1117		9	54	45	99	Rh		-85584.522	19.451	8580.1959	0.1965	B-	-3401.6603	18.9153	98908121.241	20.881	False	2.732473655802356
1118		7	53	46	99	Pd		-82182.861	5.107	8537.9332	0.0516	B-	-5470.3785	8.0829	98911773.073	5.482	False	2.8159037365102453
1119		5	52	47	99	Ag	x	-76712.483	6.265	8474.7744	0.0633	B-	-6781.3511	6.4622	98917645.766	6.725	False	2.803600732351518
1120		3	51	48	99	Cd	x	-69931.132	1.584	8398.3734	0.016	B-	-8555.0	298.0	98924925.845	1.7	False	2.883640461499437
1121		1	50	49	99	In	x	-61376.0	298.0	8304.0	3.0	B-	-13400.0	500.0	98934110.0	320.0	True	
1122		-1	49	50	99	Sn	-	-47976.0	582.0	8161.0	6.0	B-			98948495.0	625.0	True	
1123	0.0	28	64	36	100	Kr	x	-34470.0	400.0	8134.0	4.0	B-	11796.0	400.0	99962995.0	429.0	True	
1124		26	63	37	100	Rb		-46265.884	13.124	8244.5085	0.1312	B-	13551.6204	14.8355	99950331.532	14.089	False	2.758413069816133
1125		24	62	38	100	Sr		-59817.505	6.918	8372.2012	0.0692	B-	7503.7365	13.1453	99935783.27	7.426	False	2.7981986587537673
1126		22	61	39	100	Y	x	-67321.241	11.179	8439.4151	0.1118	B-	9051.4949	13.8293	99927727.678	12.0	False	2.7685211552475284
1127		20	60	40	100	Zr		-76372.736	8.143	8522.1066	0.0814	B-	3418.5098	11.3976	99918010.499	8.742	False	2.788198842623235
1128		18	59	41	100	Nb	IT	-79791.246	7.976	8548.4683	0.0798	B-	6401.7829	7.9817	99914340.578	8.562	False	2.789475950389435
1129		16	58	42	100	Mo		-86193.029	0.301	8604.6626	0.003	B-	-172.0776	1.3704	99907467.982	0.322	False	2.973126616608882
1130		14	57	43	100	Tc	-n	-86020.951	1.351	8595.1184	0.0135	B-	3206.4401	1.376	99907652.715	1.45	False	2.8930455849217607
1131		12	56	44	100	Ru		-89227.391	0.342	8619.3593	0.0034	B-	-3636.2612	18.1231	99904210.46	0.367	False	2.966412407515773
1132		10	55	45	100	Rh		-85591.13	18.125	8575.1732	0.1813	B-	-378.4577	25.2879	99908114.147	19.458	False	2.737706290938662
1133		8	54	46	100	Pd		-85212.672	17.637	8563.5652	0.1764	B-	-7074.703	18.3319	99908520.438	18.934	False	2.7394717516187193
1134		6	53	47	100	Ag	x	-78137.969	5.0	8484.9947	0.05	B-	-3943.374	5.2735	99916115.443	5.367	False	2.817775524302661
1135		4	52	48	100	Cd	x	-74194.595	1.677	8437.7375	0.0168	B-	-10016.4492	2.7945	99920348.829	1.8	False	2.8810000497450226
1136		2	51	49	100	In	x	-64178.146	2.236	8329.7495	0.0224	B-	-7030.0	240.0	99931101.929	2.4	False	2.8647418093738595
1137		0	50	50	100	Sn	-	-57148.146	240.01	8251.626	2.4001	B-			99938648.944	257.661	False	2.554776424946387
1138	0.0	29	65	36	101	Kr	x	-28580.0	500.0	8075.0	5.0	B-	13987.0	501.0	100969318.0	537.0	True	
1139		27	64	37	101	Rb	x	-42567.417	20.493	8206.1753	0.2029	B-	12757.4969	22.1781	100954302.0	22.0	False	2.730407475162305
1140		25	63	38	101	Sr	x	-55324.914	8.48	8324.7411	0.084	B-	9729.8721	11.0473	100940606.264	9.103	False	2.7863337510118598
1141		23	62	39	101	Y	x	-65054.787	7.08	8413.3305	0.0701	B-	8106.2003	10.9331	100930160.817	7.601	False	2.79738252123391
1142		21	61	40	101	Zr		-73160.987	8.332	8485.8439	0.0825	B-	5730.5011	9.1366	100921458.454	8.944	False	2.7874077643828676
1143		19	60	41	101	Nb	x	-78891.488	3.749	8534.8355	0.0371	B-	4628.4637	3.7378	100915306.508	4.024	False	2.835417720913823
1144		17	59	42	101	Mo	-n	-83519.952	0.308	8572.9159	0.0031	B-	2824.6411	24.0018	100910337.648	0.331	False	2.9722271722940095
1145		15	58	43	101	Tc	+	-86344.593	24.004	8593.1366	0.2377	B-	1613.52	24.0	100907305.271	25.768	False	2.720016944610059
1146		13	57	44	101	Ru		-87958.113	0.413	8601.366	0.0041	B-	-545.6846	5.8518	100905573.086	0.443	False	2.957193151842049
1147		11	56	45	101	Rh		-87412.428	5.841	8588.2172	0.0578	B-	-1980.2833	3.9027	100906158.903	6.27	False	2.809036674679624
1148		9	55	46	101	Pd		-85432.145	4.588	8560.8644	0.0454	B-	-4097.7606	6.6679	100908284.824	4.925	False	2.8234837123619942
1149		7	54	47	101	Ag	x	-81334.384	4.838	8512.5465	0.0479	B-	-5497.9186	5.0625	100912683.951	5.193	False	2.8203339728615435
1150		5	53	48	101	Cd	x	-75836.466	1.49	8450.3657	0.0148	B-	-7291.5642	11.7569	100918586.209	1.6	False	2.8881370986465886
1151		3	52	49	101	In	x	-68544.901	11.662	8370.426	0.1155	B-	-8239.277	300.2313	100926414.025	12.519	False	2.76648606038209
1152		1	51	50	101	Sn	ep	-60305.624	300.005	8281.103	2.9703	B-			100935259.252	322.068	False	2.5380703447170947
1153	0.0	28	65	37	102	Rb	x	-37252.312	82.903	8152.7443	0.8128	B-	14906.9991	106.6347	101960008.0	89.0	False	2.6355837928798813
1154		26	64	38	102	Sr	x	-52159.311	67.068	8291.2213	0.6575	B-	9013.3301	67.1916	101944004.679	72.0	False	2.6506518616181194
1155		24	63	39	102	Y	x	-61172.641	4.081	8371.9172	0.04	B-	10408.7856	9.6618	101934328.471	4.381	False	2.83100869893724
1156		22	62	40	102	Zr		-71581.427	8.758	8466.294	0.0859	B-	4716.838	9.053	101923154.181	9.401	False	2.784944180133468
1157		20	61	41	102	Nb		-76298.265	2.511	8504.8675	0.0246	B-	7262.6008	8.675	101918090.447	2.695	False	2.859241180158686
1158		18	60	42	102	Mo		-83560.866	8.305	8568.3994	0.0814	B-	1012.0557	12.3682	101910293.725	8.916	False	2.7882009703508586
1159		16	59	43	102	Tc		-84572.921	9.166	8570.6514	0.0899	B-	4533.5134	9.1646	101909207.239	9.84	False	2.7821142808776242
1160		14	58	44	102	Ru		-89106.435	0.416	8607.4275	0.0041	B-	-2323.1187	6.396	101904340.312	0.446	False	2.9573542389877776
1161		12	57	45	102	Rh	-	-86783.316	6.41	8576.9818	0.0628	B-	1119.647	6.3962	101906834.282	6.88	False	2.8040238524283096
1162		10	56	46	102	Pd		-87902.963	0.419	8580.2887	0.0041	B-	-5656.2615	8.1816	101905632.292	0.449	False	2.95700652623836
1163		8	55	47	102	Ag	+	-82246.702	8.171	8517.165	0.0801	B-	-2587.0	8.0	101911704.538	8.771	False	2.789210224629588
1164		6	54	48	102	Cd		-79659.702	1.662	8484.1322	0.0163	B-	-8964.8059	4.8654	101914481.797	1.784	False	2.882607615445568
1165		4	53	49	102	In		-70694.896	4.573	8388.5719	0.0448	B-	-5760.0	100.0	101924105.911	4.909	False	2.824271649494987
1166		2	52	50	102	Sn	-	-64934.896	100.105	8324.4313	0.9814	B-	-13835.0	412.0	101930289.525	107.466	False	2.621956597963768
1167		0	51	51	102	Sb	x	-51100.0	400.0	8181.0	4.0	B-			101945142.0	429.0	True	
1168	0.0	29	66	37	103	Rb	x	-33160.0	400.0	8112.0	4.0	B-	14120.0	447.0	102964401.0	429.0	True	
1169		27	65	38	103	Sr	x	-47280.0	200.0	8242.0	2.0	B-	11177.0	201.0	102949243.0	215.0	True	
1170		25	64	39	103	Y	x	-58457.034	11.206	8342.6336	0.1088	B-	9351.96	14.513	102937243.796	12.029	False	2.7702302980900413
1171		23	63	40	103	Zr	x	-67808.993	9.223	8425.8337	0.0895	B-	7219.674	10.027	102927204.054	9.9	False	2.782353255043077
1172		21	62	41	103	Nb	x	-75028.667	3.935	8488.332	0.0382	B-	5925.6639	10.027	102919453.416	4.224	False	2.8337234896859282
1173		19	61	42	103	Mo	x	-80954.331	9.223	8538.2672	0.0895	B-	3649.5889	13.4648	102913091.954	9.9	False	2.782344768468709
1174		17	60	43	103	Tc	+p	-84603.92	9.81	8566.1045	0.0952	B-	2663.2474	9.8086	102909173.96	10.531	False	2.7785107810928658
1175		15	59	44	103	Ru		-87267.168	0.441	8584.3656	0.0043	B-	764.5378	2.2598	102906314.846	0.473	False	2.954805557830729
1176		13	58	45	103	Rh		-88031.705	2.301	8584.1927	0.0223	B-	-574.7252	2.3928	102905494.081	2.47	False	2.864774904781185
1177		11	57	46	103	Pd	-n	-87456.98	0.878	8571.0173	0.0085	B-	-2654.2778	4.1916	102906111.074	0.942	False	2.918261292384269
1178		9	56	47	103	Ag	x	-84802.702	4.099	8537.652	0.0398	B-	-4151.0761	4.4806	102908960.558	4.4	False	2.8313145269341504
1179		7	55	48	103	Cd		-80651.626	1.811	8489.7547	0.0176	B-	-6019.2293	9.1242	102913416.922	1.943	False	2.878364705884473
1180		5	54	49	103	In		-74632.397	8.98	8423.7199	0.0872	B-	-7540.0	100.0	102919878.83	9.64	False	2.783994692358178
1181		3	53	50	103	Sn	-	-67092.0	100.0	8343.0	1.0	B-	-10422.0	316.0	102927973.0	108.0	True	
1182		1	52	51	103	Sb	x	-56670.0	300.0	8234.0	3.0	B-			102939162.0	322.0	True	
1183	0.0	30	67	37	104	Rb	x	-27450.0	500.0	8057.0	5.0	B-	16310.0	583.0	103970531.0	537.0	True	
1184		28	66	38	104	Sr	x	-43760.0	300.0	8206.0	3.0	B-	10320.0	361.0	103953022.0	322.0	True	
1185		26	65	39	104	Y	x	-54080.0	200.0	8298.0	2.0	B-	11638.0	200.0	103941943.0	215.0	True	
1186		24	64	40	104	Zr	x	-65717.66	9.316	8402.3159	0.0896	B-	6093.3367	9.4851	103929449.193	10.0	False	2.7823309720871947
1187		22	63	41	104	Nb	x	-71810.997	1.784	8453.3832	0.0172	B-	8532.7512	9.0879	103922907.728	1.915	False	2.8797287822547775
1188		20	62	42	104	Mo		-80343.748	8.911	8527.9063	0.0857	B-	2155.2212	24.1665	103913747.443	9.566	False	2.7850641183857836
1189		18	61	43	104	Tc		-82498.969	24.886	8541.107	0.2393	B-	5596.7945	24.937	103911433.718	26.716	False	2.7195693903272184
1190		16	60	44	104	Ru		-88095.763	2.498	8587.3998	0.024	B-	-1136.4195	3.3643	103905425.312	2.682	False	2.8606241463374906
1191		14	59	45	104	Rh	-n	-86959.344	2.303	8568.9501	0.0221	B-	2435.7789	2.6595	103906645.309	2.471	False	2.86530351909273
1192		12	58	46	104	Pd	+n	-89395.123	1.336	8584.8485	0.0129	B-	-4278.6529	4.0	103904030.393	1.434	False	2.8958296423008982
1193		10	57	47	104	Ag	-	-85116.47	4.217	8536.185	0.0406	B-	-1148.0787	4.537	103908623.715	4.527	False	2.8302066510885022
1194		8	56	48	104	Cd		-83968.391	1.673	8517.6232	0.0161	B-	-7785.7166	6.0127	103909856.228	1.795	False	2.883348781777774
1195		6	55	49	104	In	x	-76182.675	5.775	8435.238	0.0555	B-	-4555.6174	8.1461	103918214.538	6.2	False	2.81148278691752
1196		4	54	50	104	Sn		-71627.057	5.745	8383.9114	0.0552	B-	-12332.0	102.0	103923105.195	6.167	False	2.811806389384828
1197		2	53	51	104	Sb	+a	-59295.0	101.0	8258.0	1.0	B-	-9668.0	333.0	103936344.0	109.0	True	
1198		0	52	52	104	Te	-a	-49626.831	317.609	8157.3256	3.0539	B-			103946723.408	340.967	False	2.5358851600438914
1199	0.0	29	67	38	105	Sr	x	-38190.0	500.0	8152.0	5.0	B-	12380.0	640.0	104959001.0	537.0	True	
1200		27	66	39	105	Y	x	-50570.0	400.0	8262.0	4.0	B-	10888.0	400.0	104945711.0	429.0	True	
1201		25	65	40	105	Zr	x	-61458.274	12.11	8358.598	0.1153	B-	8457.2728	12.7625	104934021.832	13.0	False	2.7665639213737503
1202		23	64	41	105	Nb	x	-69915.547	4.028	8431.6925	0.0384	B-	7415.2411	9.9106	104924942.577	4.324	False	2.8334824208006566
1203		21	63	42	105	Mo		-77330.788	9.055	8494.863	0.0862	B-	4955.5157	35.0307	104916981.989	9.721	False	2.784664975741452
1204		19	62	43	105	Tc		-82286.303	35.263	8534.6074	0.3358	B-	3648.2396	35.2787	104911662.024	37.856	False	2.6969784516733464
1205		17	61	44	105	Ru		-85934.543	2.499	8561.9016	0.0238	B-	1916.7271	2.8508	104907745.478	2.683	False	2.8611521218009672
1206		15	60	45	105	Rh		-87851.27	2.502	8572.7053	0.0238	B-	566.6347	2.3459	104905687.787	2.685	False	2.861108373787949
1207		13	59	46	105	Pd		-88417.905	1.138	8570.6509	0.0108	B-	-1347.0564	4.6695	104905079.479	1.222	False	2.905155145015473
1208		11	58	47	105	Ag		-87070.848	4.544	8550.3708	0.0433	B-	-2736.9989	4.3618	104906525.604	4.877	False	2.8263693894509823
1209		9	57	48	105	Cd		-84333.849	1.392	8516.8532	0.0133	B-	-4693.2673	10.3405	104909463.893	1.494	False	2.8940954386516013
1210		7	56	49	105	In	x	-79640.582	10.246	8464.7045	0.0976	B-	-6302.5807	10.9891	104914502.322	11.0	False	2.777001536439572
1211		5	55	50	105	Sn		-73338.001	3.971	8397.229	0.0378	B-	-9322.5103	22.1849	104921268.421	4.263	False	2.834315540209973
1212		3	54	51	105	Sb	+a	-64015.491	21.827	8300.9923	0.2079	B-	-11203.9825	300.8126	104931276.547	23.431	False	2.728816824573869
1213		1	53	52	105	Te	-a	-52811.509	300.02	8186.8368	2.8573	B-			104943304.516	322.084	False	2.541138769989413
1214	0.0	30	68	38	106	Sr	x	-34300.0	600.0	8114.0	6.0	B-	11490.0	781.0	105963177.0	644.0	True	
1215		28	67	39	106	Y	x	-45790.0	500.0	8215.0	5.0	B-	12959.0	539.0	105950842.0	537.0	True	
1216		26	66	40	106	Zr	x	-58749.0	200.0	8330.0	2.0	B-	7453.0	200.0	105936930.0	215.0	True	
1217		24	65	41	106	Nb		-66202.678	1.416	8393.2657	0.0134	B-	9925.3249	9.2388	105928928.505	1.52	False	2.8936756610224927
1218		22	64	42	106	Mo	x	-76128.003	9.13	8479.5202	0.0861	B-	3648.2494	15.2778	105918273.231	9.801	False	2.7847453998779583
1219		20	63	43	106	Tc	+	-79776.253	12.25	8506.557	0.1156	B-	6547.0	11.0	105914356.674	13.15	False	2.7664272550118434
1220		18	62	44	106	Ru		-86323.253	5.391	8560.9406	0.0509	B-	39.4038	0.2121	105907328.181	5.787	False	2.816752784902663
1221		16	61	45	106	Rh		-86362.656	5.39	8553.9317	0.0508	B-	3544.8865	5.3348	105907285.879	5.786	False	2.816763095330316
1222		14	60	46	106	Pd		-89907.543	1.106	8579.9934	0.0104	B-	-2965.1434	2.8172	105903480.287	1.186	False	2.9073082104670327
1223		12	59	47	106	Ag		-86942.399	3.016	8544.6397	0.0285	B-	189.7534	2.819	105906663.499	3.237	False	2.850904271322121
1224		10	58	48	106	Cd		-87132.153	1.104	8539.0492	0.0104	B-	-6524.0031	12.1765	105906459.791	1.184	False	2.9074019328168967
1225		8	57	49	106	In	-	-80608.15	12.226	8470.1213	0.1153	B-	-3254.4521	13.2439	105913463.596	13.125	False	2.7665463871078226
1226		6	56	50	106	Sn		-77353.698	5.091	8432.0383	0.048	B-	-10880.3964	9.0249	105916957.394	5.465	False	2.8201758894438007
1227		4	55	51	106	Sb	x	-66473.301	7.452	8322.0124	0.0703	B-	-8253.5423	100.8163	105928637.979	8.0	False	2.797210274809382
1228		2	54	52	106	Te	-a	-58219.759	100.541	8236.7682	0.9485	B-	-14920.0	412.0	105937498.521	107.934	False	2.6244395740832287
1229		0	53	53	106	I	x	-43300.0	400.0	8089.0	4.0	B-			105953516.0	429.0	True	
1230	0.0	31	69	38	107	Sr	x	-28250.0	700.0	8057.0	7.0	B-	13720.0	860.0	106969672.0	751.0	True	
1231		29	68	39	107	Y	x	-41970.0	500.0	8178.0	5.0	B-	12050.0	583.0	106954943.0	537.0	True	
1232		27	67	40	107	Zr	x	-54020.0	300.0	8284.0	3.0	B-	9704.0	300.0	106942007.0	322.0	True	
1233		25	66	41	107	Nb	x	-63723.805	8.023	8367.0898	0.075	B-	8821.1703	12.2239	106931589.685	8.612	False	2.7932820838243617
1234		23	65	42	107	Mo	x	-72544.975	9.223	8442.219	0.0862	B-	6204.9921	12.6599	106922119.77	9.901	False	2.784701040591008
1235		21	64	43	107	Tc	x	-78749.967	8.673	8492.8979	0.0811	B-	5112.5985	11.7243	106915458.437	9.31	False	2.788490360905608
1236		19	63	44	107	Ru	-nn	-83862.565	8.673	8533.3676	0.0811	B-	3001.1457	14.8473	106909969.837	9.31	False	2.7884872029433474
1237		17	62	45	107	Rh	+p	-86863.711	12.051	8554.104	0.1126	B-	1508.9427	12.1108	106906747.975	12.937	False	2.7680393944256547
1238		15	61	46	107	Pd		-88372.654	1.201	8560.8946	0.0112	B-	34.0458	2.3174	106905128.058	1.289	False	2.9032652573092035
1239		13	60	47	107	Ag		-88406.7	2.382	8553.9012	0.0223	B-	-1416.3741	2.5654	106905091.509	2.556	False	2.8649974507121128
1240		11	59	48	107	Cd		-86990.325	1.66	8533.3524	0.0155	B-	-3423.6586	9.58	106906612.049	1.782	False	2.8853441348695945
1241		9	58	49	107	In		-83566.667	9.654	8494.0439	0.0902	B-	-5054.4281	11.0175	106910287.497	10.363	False	2.7818741561037292
1242		7	57	50	107	Sn	x	-78512.239	5.31	8439.4946	0.0496	B-	-7858.9903	6.7377	106915713.649	5.7	False	2.8182242242780338
1243		5	56	51	107	Sb		-70653.248	4.148	8358.7344	0.0388	B-	-9996.0	101.0	106924150.621	4.452	False	2.8328766306065396
1244		3	55	52	107	Te	-a	-60657.0	101.0	8258.0	1.0	B-	-11227.0	316.0	106934882.0	108.0	True	
1245		1	54	53	107	I	x	-49430.0	300.0	8146.0	3.0	B-			106946935.0	322.0	True	
1246	0.0	30	69	39	108	Y	x	-36780.0	600.0	8129.0	6.0	B-	14170.0	721.0	107960515.0	644.0	True	
1247		28	68	40	108	Zr	x	-50950.0	400.0	8253.0	4.0	B-	8595.0	400.0	107945303.0	429.0	True	
1248		26	67	41	108	Nb	x	-59545.198	8.239	8325.6604	0.0763	B-	11204.0998	12.3668	107936075.604	8.844	False	2.7922265353605
1249		24	66	42	108	Mo	x	-70749.297	9.223	8422.1581	0.0854	B-	5173.533	12.7262	107924047.508	9.901	False	2.785276794119977
1250		22	65	43	108	Tc	x	-75922.831	8.769	8462.8172	0.0812	B-	7738.5736	11.7903	107918493.493	9.413	False	2.788387948184079
1251		20	64	44	108	Ru	-3n	-83661.404	8.68	8527.2267	0.0804	B-	1369.7517	16.4699	107910185.793	9.318	False	2.789007063896858
1252		18	63	45	108	Rh	x	-85031.156	13.997	8532.6657	0.1296	B-	4493.0596	14.0405	107908715.304	15.026	False	2.7591877138107126
1253		16	62	46	108	Pd		-89524.215	1.108	8567.0241	0.0103	B-	-1917.4238	2.6323	107903891.806	1.189	False	2.9081919683705153
1254		14	61	47	108	Ag	-n	-87606.792	2.388	8542.0262	0.0221	B-	1645.6311	2.6386	107905950.245	2.563	False	2.865372538886254
1255		12	60	48	108	Cd		-89252.423	1.123	8550.0196	0.0104	B-	-5132.5944	8.5845	107904183.588	1.205	False	2.9074623577744125
1256		10	59	49	108	In		-84119.828	8.641	8495.2516	0.08	B-	-2049.8794	9.8365	107909693.654	9.276	False	2.7892844967705366
1257		8	58	50	108	Sn		-82069.949	5.382	8469.0273	0.0498	B-	-9624.6079	7.6925	107911894.29	5.778	False	2.8179664072154953
1258		6	57	51	108	Sb	x	-72445.341	5.496	8372.6666	0.0509	B-	-6663.6646	7.7125	107922226.731	5.9	False	2.8167233669847764
1259		4	56	52	108	Te		-65781.676	5.411	8303.7221	0.0501	B-	-13011.0	101.0	107929380.469	5.808	False	2.8176667316150987
1260		2	55	53	108	I	-p	-52771.0	101.0	8176.0	1.0	B-	-10139.0	393.0	107943348.0	109.0	True	
1261		0	54	54	108	Xe	-a	-42632.357	379.497	8074.8886	3.5139	B-			107954232.285	407.406	False	2.524720751667612
1262	0.0	31	70	39	109	Y	x	-32480.0	700.0	8089.0	6.0	B-	13250.0	860.0	108965131.0	751.0	True	
1263		29	69	40	109	Zr	x	-45730.0	500.0	8204.0	5.0	B-	10960.0	660.0	108950907.0	537.0	True	
1264		27	68	41	109	Nb	x	-56689.8	430.816	8297.1307	3.9524	B-	9969.4851	430.961	108939141.0	462.5	False	2.5152461656287852
1265		25	67	42	109	Mo	x	-66659.285	11.179	8381.4163	0.1026	B-	7623.5438	14.7805	108928438.318	12.0	False	2.77391877767396
1266		23	66	43	109	Tc	x	-74282.828	9.669	8444.1796	0.0887	B-	6455.6267	12.6574	108920254.107	10.38	False	2.782925468585665
1267		21	65	44	109	Ru	-4n	-80738.455	8.954	8496.228	0.0821	B-	4260.7958	9.8229	108913323.707	9.612	False	2.7876651625752316
1268		19	64	45	109	Rh		-84999.251	4.04	8528.1404	0.0371	B-	2607.2327	4.1874	108908749.555	4.336	False	2.8355088641208703
1269		17	63	46	109	Pd		-87606.484	1.114	8544.8825	0.0102	B-	1112.9469	1.4024	108905950.576	1.195	False	2.9084217087356747
1270		15	62	47	109	Ag		-88719.431	1.287	8547.9155	0.0118	B-	-215.1002	1.7795	108904755.778	1.381	False	2.9004967920564955
1271		13	61	48	109	Cd		-88504.33	1.536	8538.7646	0.0141	B-	-2014.8047	4.0662	108904986.697	1.649	False	2.8906948909498147
1272		11	60	49	109	In		-86489.526	3.969	8513.1027	0.0364	B-	-3859.3453	8.8866	108907149.679	4.261	False	2.836531501398664
1273		9	59	50	109	Sn		-82630.18	7.949	8470.5183	0.0729	B-	-6379.194	8.8074	108911292.857	8.533	False	2.79496788539905
1274		7	58	51	109	Sb		-76250.986	5.265	8404.8161	0.0483	B-	-8535.5871	6.8502	108918141.203	5.652	False	2.819835892743015
1275		5	57	52	109	Te		-67715.399	4.382	8319.3305	0.0402	B-	-10042.8941	8.0301	108927304.532	4.704	False	2.8307266121232626
1276		3	56	53	109	I	-p	-57672.505	6.729	8220.0164	0.0617	B-	-11502.9589	300.1831	108938086.022	7.223	False	2.805117616765547
1277		1	55	54	109	Xe	-a	-46169.546	300.108	8107.3071	2.7533	B-			108950434.955	322.178	False	2.5440634830669757
1278	0.0	30	70	40	110	Zr	x	-42220.0	500.0	8171.0	5.0	B-	10090.0	976.0	109954675.0	537.0	True	
1279		28	69	41	110	Nb	x	-52309.914	838.345	8255.2607	7.6213	B-	12225.9002	838.6945	109943843.0	900.0	False	2.4607066366580135
1280		26	68	42	110	Mo	x	-64535.814	24.219	8359.293	0.2202	B-	6498.7491	26.0147	109930717.956	26.0	False	2.725055740489521
1281		24	67	43	110	Tc	x	-71034.564	9.497	8411.2603	0.0863	B-	9038.0654	12.5086	109923741.263	10.195	False	2.7846037529337564
1282		22	66	44	110	Ru		-80072.629	8.924	8486.3123	0.0811	B-	2756.0638	19.4044	109914038.501	9.58	False	2.7884332544267183
1283		20	65	45	110	Rh		-82828.693	17.805	8504.2551	0.1619	B-	5502.2116	17.7967	109911079.745	19.114	False	2.7450094603806927
1284		18	64	46	110	Pd		-88330.904	0.612	8547.163	0.0056	B-	-873.5982	1.3777	109905172.878	0.657	False	2.9410226104249855
1285		16	63	47	110	Ag		-87457.306	1.286	8532.1089	0.0117	B-	2890.6633	1.2771	109906110.724	1.38	False	2.9010398465694682
1286		14	62	48	110	Cd		-90347.969	0.38	8551.2755	0.0035	B-	-3878.0	11.547	109903007.47	0.407	False	2.965997075975437
1287		12	61	49	110	In	-	-86469.969	11.553	8508.9087	0.105	B-	-627.9769	17.9802	109907170.674	12.402	False	2.7724192650438964
1288		10	60	50	110	Sn	x	-85841.993	13.777	8496.0875	0.1252	B-	-8392.248	15.0117	109907844.835	14.79	False	2.7613509089926405
1289		8	59	51	110	Sb	x	-77449.745	5.962	8412.6821	0.0542	B-	-5219.924	8.8753	109916854.283	6.4	False	2.8129468158199904
1290		6	58	52	110	Te		-72229.821	6.575	8358.116	0.0598	B-	-11761.9766	62.2875	109922458.102	7.058	False	2.8070580224737482
1291		4	57	53	110	I	-a	-60467.844	61.94	8244.0767	0.5631	B-	-8545.2075	118.47	109935085.102	66.494	False	2.6615376638967505
1292		2	56	54	110	Xe	-a	-51922.636	100.988	8159.2808	0.9181	B-			109944258.759	108.415	False	2.6268052644429147
1293	0.0	31	71	40	111	Zr	x	-36480.0	600.0	8118.0	5.0	B-	12480.0	671.0	110960837.0	644.0	True	
1294		29	70	41	111	Nb	x	-48960.0	300.0	8223.0	3.0	B-	10980.0	300.0	110947439.0	322.0	True	
1295		27	69	42	111	Mo	+	-59939.813	12.578	8315.2932	0.1133	B-	9084.862	6.7999	110935651.966	13.503	False	2.767673474438152
1296		25	68	43	111	Tc	x	-69024.675	10.582	8390.0906	0.0953	B-	7760.65	13.8477	110925898.966	11.359	False	2.778469060252064
1297		23	67	44	111	Ru	x	-76785.325	9.682	8452.9582	0.0872	B-	5518.5456	11.8621	110917567.566	10.394	False	2.783965580431957
1298		21	66	45	111	Rh		-82303.871	6.853	8495.6267	0.0617	B-	3682.0153	6.8899	110911643.164	7.356	False	2.8050999656192177
1299		19	65	46	111	Pd	-n	-85985.886	0.731	8521.7498	0.0066	B-	2229.5607	1.5721	110907690.358	0.785	False	2.932061661332813
1300		17	64	47	111	Ag	+	-88215.447	1.459	8534.7878	0.0131	B-	1036.8	1.4142	110905296.827	1.565	False	2.8946017648653917
1301		15	63	48	111	Cd		-89252.247	0.357	8537.0801	0.0032	B-	-860.1972	3.417	110904183.776	0.383	False	2.9695883535137617
1302		13	62	49	111	In		-88392.05	3.424	8522.2824	0.0308	B-	-2453.4692	6.3368	110905107.236	3.675	False	2.8462243544025134
1303		11	61	50	111	Sn	+n	-85938.581	5.336	8493.131	0.0481	B-	-5101.834	10.3337	110907741.143	5.728	False	2.820118736988787
1304		9	60	51	111	Sb	x	-80836.747	8.849	8440.1203	0.0797	B-	-7249.2597	10.937	110913218.187	9.5	False	2.789505254745828
1305		7	59	52	111	Te	x	-73587.487	6.427	8367.7635	0.0579	B-	-8633.6922	7.9943	110921000.587	6.9	False	2.8089693115777634
1306		5	58	53	111	I		-64953.795	4.754	8282.9343	0.0428	B-	-10434.0	116.0	110930269.236	5.103	False	2.8269930826748393
1307		3	57	54	111	Xe	-a	-54520.0	115.0	8182.0	1.0	B-	-11620.0	231.0	110941470.0	124.0	True	
1308		1	56	55	111	Cs	x	-42900.0	200.0	8070.0	2.0	B-			110953945.0	215.0	True	
1309	0.0	32	72	40	112	Zr	x	-32420.0	700.0	8081.0	6.0	B-	11650.0	761.0	111965196.0	751.0	True	
1310		30	71	41	112	Nb	x	-44070.0	300.0	8178.0	3.0	B-	13410.0	361.0	111952689.0	322.0	True	
1311		28	70	42	112	Mo	x	-57480.0	200.0	8291.0	2.0	B-	7779.0	200.0	111938293.0	215.0	True	
1312		26	69	43	112	Tc	x	-65258.932	5.515	8353.6217	0.0492	B-	10371.9409	11.0602	111929941.658	5.92	False	2.818699542058641
1313		24	68	44	112	Ru	x	-75630.873	9.6	8439.2431	0.0857	B-	4100.179	45.1185	111918806.922	10.305	False	2.785051674373156
1314		22	67	45	112	Rh		-79731.052	44.085	8468.8666	0.3936	B-	6589.9874	43.9269	111914405.199	47.327	False	2.6862246770916656
1315		20	66	46	112	Pd		-86321.039	6.546	8520.7205	0.0584	B-	262.6897	6.9799	111907330.557	7.027	False	2.8084035101274365
1316		18	65	47	112	Ag	x	-86583.729	2.422	8516.0807	0.0216	B-	3991.1283	2.4348	111907048.548	2.6	False	2.8666292165604395
1317		16	64	48	112	Cd		-90574.857	0.25	8544.7306	0.0022	B-	-2584.7306	4.2434	111902763.896	0.268	False	2.988199431361751
1318		14	63	49	112	In		-87990.127	4.251	8514.6674	0.038	B-	664.9224	4.2434	111905538.718	4.563	False	2.8341062022305827
1319		12	62	50	112	Sn		-88655.049	0.294	8513.6189	0.0026	B-	-7056.076	17.8317	111904824.894	0.315	False	2.9800266803911093
1320		10	61	51	112	Sb	x	-81598.973	17.829	8443.633	0.1592	B-	-4031.455	19.7019	111912399.903	19.14	False	2.746080885521155
1321		8	60	52	112	Te	x	-77567.518	8.383	8400.6527	0.0749	B-	-10504.1795	13.239	111916727.848	9.0	False	2.793373775745287
1322		6	59	53	112	I	x	-67063.339	10.246	8299.8801	0.0915	B-	-7036.991	13.1754	111928004.548	11.0	False	2.7810200245341
1323		4	58	54	112	Xe	-a	-60026.348	8.283	8230.0646	0.074	B-	-13612.0	116.0	111935559.068	8.891	False	2.7941296887943463
1324		2	57	55	112	Cs	-p	-46415.0	116.0	8102.0	1.0	B-			111950172.0	124.0	True	
1325	0.0	33	73	40	113	Zr	x	-26340.0	300.0	8027.0	3.0	B-	13870.0	500.0	112971723.0	322.0	True	
1326		31	72	41	113	Nb	x	-40210.0	400.0	8143.0	4.0	B-	12440.0	500.0	112956833.0	429.0	True	
1327		29	71	42	113	Mo	x	-52650.0	300.0	8246.0	3.0	B-	10162.0	300.0	112943478.0	322.0	True	
1328		27	70	43	113	Tc	x	-62811.549	3.353	8329.4652	0.0297	B-	9056.2674	38.4285	112932569.032	3.6	False	2.8484709188353543
1329		25	69	44	113	Ru		-71867.816	38.282	8402.6857	0.3388	B-	6899.1276	38.9406	112922846.729	41.097	False	2.6964012983244885
1330		23	68	45	113	Rh	x	-78766.944	7.132	8456.8165	0.0631	B-	4823.5559	9.8809	112915440.212	7.656	False	2.803763943445387
1331		21	67	46	113	Pd	x	-83590.5	6.947	8492.5795	0.0615	B-	3436.3252	18.0341	112910261.912	7.458	False	2.8053472927831065
1332		19	66	47	113	Ag	+	-87026.825	16.643	8516.066	0.1473	B-	2016.4615	16.641	112906572.865	17.866	False	2.751056801591473
1333		17	65	48	113	Cd		-89043.286	0.245	8526.9874	0.0022	B-	323.837	0.2653	112904408.105	0.262	False	2.989787782420158
1334		15	64	49	113	In		-89367.123	0.188	8522.9297	0.0017	B-	-1038.9941	1.5733	112904060.451	0.202	False	3.0027841790710994
1335		13	63	50	113	Sn		-88328.129	1.575	8506.8117	0.0139	B-	-3911.1637	17.1206	112905175.857	1.69	False	2.891334091579468
1336		11	62	51	113	Sb	-	-84416.966	17.193	8465.2762	0.1521	B-	-6069.9281	32.8102	112909374.664	18.457	False	2.7489779409725554
1337		9	61	52	113	Te	x	-78347.037	27.945	8404.6366	0.2473	B-	-7227.521	29.0704	112915891.0	30.0	False	2.717403415791695
1338		7	60	53	113	I	x	-71119.517	8.011	8333.7528	0.0709	B-	-8915.8902	10.5334	112923650.062	8.6	False	2.796699475453898
1339		5	59	54	113	Xe		-62203.626	6.84	8247.9277	0.0605	B-	-10439.0876	10.9702	112933221.663	7.342	False	2.806307304651135
1340		3	58	55	113	Cs	-p	-51764.539	8.577	8148.623	0.0759	B-	-12055.0	300.0	112944428.484	9.207	False	2.7925409956961604
1341		1	57	56	113	Ba	x	-39710.0	300.0	8035.0	3.0	B-			112957370.0	322.0	True	
1342	0.0	32	73	41	114	Nb	x	-34960.0	500.0	8097.0	4.0	B-	14720.0	583.0	113962469.0	537.0	True	
1343		30	72	42	114	Mo	x	-49680.0	300.0	8219.0	3.0	B-	8920.0	527.0	113946666.0	322.0	True	
1344		28	71	43	114	Tc	x	-58600.294	433.145	8290.2599	3.7995	B-	11620.919	433.1594	113937090.0	465.0	False	2.518431654423221
1345		26	70	44	114	Ru	x	-70221.213	3.556	8385.3351	0.0312	B-	5489.0622	71.6432	113924614.43	3.817	False	2.84558257211486
1346		24	69	45	114	Rh		-75710.275	71.561	8426.6221	0.6277	B-	7780.0712	71.8915	113918721.68	76.824	False	2.653909255512169
1347		22	68	46	114	Pd	x	-83490.346	6.948	8488.0056	0.061	B-	1440.4642	8.3133	113910369.43	7.459	False	2.805872441648689
1348		20	67	47	114	Ag	x	-84930.811	4.564	8493.7786	0.04	B-	5084.1233	4.5727	113908823.029	4.9	False	2.8309563096482107
1349		18	66	48	114	Cd		-90014.934	0.276	8531.5135	0.0024	B-	-1445.1268	0.3817	113903364.998	0.296	False	2.984077459095696
1350		16	65	49	114	In		-88569.807	0.301	8511.9742	0.0027	B-	1989.9281	0.3018	113904916.405	0.323	False	2.979652562517945
1351		14	64	50	114	Sn		-90559.735	0.029	8522.5671	0.0004	B-	-6063.1189	19.7724	113902780.13	0.031	False	3.092161096131971
1352		12	63	51	114	Sb		-84496.616	19.772	8462.5191	0.1734	B-	-2606.9398	31.4275	113909289.155	21.226	False	2.7405616713247034
1353		10	62	52	114	Te	x	-81889.676	24.428	8432.7885	0.2143	B-	-9250.7417	31.5883	113912087.82	26.224	False	2.726823706052368
1354		8	61	53	114	I	x	-72638.935	20.027	8344.779	0.1757	B-	-5553.036	22.9354	113922018.9	21.5	False	2.7397408259912113
1355		6	60	54	114	Xe	x	-67085.899	11.178	8289.2054	0.0981	B-	-12399.9706	85.7989	113927980.329	12.0	False	2.7767158442826805
1356		4	59	55	114	Cs	-a	-54685.928	85.068	8173.5711	0.7462	B-	-8780.4915	133.3375	113941292.244	91.323	False	2.641681826947377
1357		2	58	56	114	Ba	-a	-45905.437	102.676	8089.6865	0.9007	B-			113950718.489	110.227	False	2.6281938741753272
1358	0.0	33	74	41	115	Nb	x	-30880.0	500.0	8061.0	4.0	B-	13670.0	640.0	114966849.0	537.0	True	
1359		31	73	42	115	Mo	x	-44550.0	400.0	8173.0	3.0	B-	11247.0	445.0	114952174.0	429.0	True	
1360		29	72	43	115	Tc	x	-55796.0	196.0	8264.0	2.0	B-	10309.0	197.0	114940100.0	210.0	True	
1361		27	71	44	115	Ru	x	-66105.296	25.166	8346.814	0.2188	B-	8123.9327	26.1788	114929033.049	27.016	False	2.7254575508228926
1362		25	70	45	115	Rh	x	-74229.228	7.319	8410.6538	0.0636	B-	6196.5938	15.3503	114920311.649	7.857	False	2.8032600516164976
1363		23	69	46	115	Pd		-80425.822	13.547	8457.7342	0.1178	B-	4556.7647	21.6496	114913659.333	14.543	False	2.7652230268441893
1364		21	68	47	115	Ag		-84982.587	18.268	8490.5553	0.1589	B-	3101.893	18.2744	114908767.445	19.611	False	2.746216410488283
1365		19	67	48	115	Cd		-88084.48	0.651	8510.7252	0.0057	B-	1451.8768	0.6514	114905437.426	0.699	False	2.9400992922034317
1366		17	66	49	115	In		-89536.357	0.012	8516.5472	0.0003	B-	497.4892	0.0097	114903878.772	0.012	False	3.134731104366186
1367		15	65	50	115	Sn		-90033.846	0.015	8514.0702	0.0003	B-	-3030.4336	16.0253	114903344.695	0.016	False	3.122134431351173
1368		13	64	51	115	Sb	x	-87003.412	16.025	8480.9156	0.1394	B-	-4940.6447	32.2137	114906598.0	17.203	False	2.754586804277852
1369		11	63	52	115	Te	x	-82062.767	27.945	8431.1504	0.243	B-	-5724.9628	40.184	114911902.0	30.0	False	2.7185600415075712
1370		9	62	53	115	I	x	-76337.805	28.876	8374.5651	0.2511	B-	-7681.0475	31.3126	114918048.0	31.0	False	2.7163981003458213
1371		7	61	54	115	Xe	x	-68656.757	12.109	8300.9704	0.1053	B-	-8957.0	103.0	114926293.943	13.0	False	2.7722669330432375
1372		5	60	55	115	Cs	x	-59699.0	102.0	8216.0	1.0	B-	-10779.0	225.0	114935910.0	110.0	True	
1373		3	59	56	115	Ba	x	-48920.0	200.0	8116.0	2.0	B-			114947482.0	215.0	True	
1374	0.0	34	75	41	116	Nb	x	-25230.0	300.0	8012.0	3.0	B-	15980.0	583.0	115972914.0	322.0	True	
1375		32	74	42	116	Mo	x	-41210.0	500.0	8143.0	4.0	B-	10003.0	582.0	115955759.0	537.0	True	
1376		30	73	43	116	Tc	x	-51214.0	298.0	8223.0	3.0	B-	12855.0	298.0	115945020.0	320.0	True	
1377		28	72	44	116	Ru	x	-64068.917	3.726	8326.884	0.0321	B-	6666.8252	73.9257	115931219.191	4.0	False	2.843874736784904
1378		26	71	45	116	Rh		-70735.742	73.832	8377.6123	0.6365	B-	9095.2839	74.169	115924062.06	79.261	False	2.652939080214269
1379		24	70	46	116	Pd	x	-79831.026	7.135	8449.2755	0.0615	B-	2711.6378	7.8446	115914297.872	7.659	False	2.805326945201637
1380		22	69	47	116	Ag	x	-82542.664	3.26	8465.9073	0.0281	B-	6169.8248	3.2642	115911386.809	3.5	False	2.851606303602621
1381		20	68	48	116	Cd		-88712.489	0.16	8512.3511	0.0014	B-	-462.7305	0.272	115904763.23	0.172	False	3.0120258202117385
1382		18	67	49	116	In	-n	-88249.758	0.22	8501.6177	0.0019	B-	3276.2204	0.2397	115905259.992	0.236	False	2.996342445617117
1383		16	66	50	116	Sn		-91525.979	0.096	8523.1166	0.0009	B-	-4703.9591	5.154	115901742.825	0.103	False	3.036935617891932
1384		14	65	51	116	Sb		-86822.02	5.154	8475.8208	0.0444	B-	-1558.2272	24.7485	115906792.732	5.533	False	2.824799621353934
1385		12	64	52	116	Te		-85263.793	24.206	8455.6435	0.2087	B-	-7843.1388	75.323	115908465.558	25.986	False	2.728555419177103
1386		10	63	53	116	I		-77420.654	75.037	8381.2858	0.6469	B-	-4373.7764	75.8444	115916885.513	80.555	False	2.651793296577136
1387		8	62	54	116	Xe		-73046.877	13.017	8336.8365	0.1122	B-	-11004.0	101.0	115921580.955	13.974	False	2.7682810848073225
1388		6	61	55	116	Cs	ea	-62043.0	100.0	8235.0	1.0	B-	-7663.0	224.0	115933395.0	108.0	True	
1389		4	60	56	116	Ba	x	-54380.0	200.0	8162.0	2.0	B-	-14330.0	379.0	115941621.0	215.0	True	
1390		2	59	57	116	La	-a	-40050.0	321.0	8032.0	3.0	B-			115957005.0	345.0	True	
1391	0.0	33	75	42	117	Mo	x	-35689.0	500.0	8096.0	4.0	B-	12450.0	640.0	116961686.0	537.0	True	
1392		31	74	43	117	Tc	x	-48140.0	400.0	8195.0	3.0	B-	11350.0	589.0	116948320.0	429.0	True	
1393		29	73	44	117	Ru	x	-59489.871	433.145	8285.5625	3.7021	B-	9406.8875	433.2361	116936135.0	465.0	False	2.520523206168119
1394		27	72	45	117	Rh	x	-68896.758	8.895	8359.2766	0.076	B-	7527.1313	11.4108	116926036.291	9.548	False	2.7924354916946306
1395		25	71	46	117	Pd		-76423.89	7.255	8416.9243	0.062	B-	5758.0284	14.7674	116917955.584	7.788	False	2.804838011396787
1396		23	70	47	117	Ag		-82181.918	13.572	8459.4515	0.116	B-	4236.479	13.6099	116911774.086	14.57	False	2.766191146351354
1397		21	69	48	117	Cd	-n	-86418.397	1.013	8488.974	0.0087	B-	2524.6381	4.9829	116907226.039	1.087	False	2.917417676807722
1398		19	68	49	117	In		-88943.035	4.881	8503.8653	0.0417	B-	1454.7073	4.8567	116904515.729	5.239	False	2.828539935631508
1399		17	67	50	117	Sn		-90397.742	0.483	8509.612	0.0041	B-	-1758.1788	8.4449	116902954.036	0.518	False	2.956712546297656
1400		15	66	51	117	Sb		-88639.564	8.437	8487.8981	0.0721	B-	-3544.0634	13.0785	116904841.519	9.057	False	2.7956539688328914
1401		13	65	52	117	Te		-85095.5	13.455	8450.9203	0.115	B-	-4656.9321	28.1284	116908646.227	14.444	False	2.766735644028547
1402		11	64	53	117	I		-80438.568	25.558	8404.4307	0.2184	B-	-6253.2213	27.5845	116913645.649	27.437	False	2.72556614281626
1403		9	63	54	117	Xe	x	-74185.347	10.378	8344.2976	0.0887	B-	-7692.2462	63.2672	116920358.758	11.141	False	2.782933255677671
1404		7	62	55	117	Cs	x	-66493.101	62.41	8271.8652	0.5334	B-	-9035.1943	258.0009	116928616.723	67.0	False	2.665308418696875
1405		5	61	56	117	Ba	ep	-57457.906	250.339	8187.9546	2.1396	B-	-11187.0	321.0	116938316.403	268.749	False	2.563670022923696
1406		3	60	57	117	La	-p	-46271.0	200.0	8086.0	2.0	B-			116950326.0	215.0	True	
1407	0.0	34	76	42	118	Mo	x	-32370.0	500.0	8067.0	4.0	B-	10920.0	640.0	117965249.0	537.0	True	
1408		32	75	43	118	Tc	x	-43290.0	400.0	8153.0	3.0	B-	13710.0	447.0	117953526.0	429.0	True	
1409		30	74	44	118	Ru	x	-57000.0	200.0	8263.0	2.0	B-	7887.0	202.0	117938808.0	215.0	True	
1410		28	73	45	118	Rh	x	-64886.84	24.236	8322.8539	0.2054	B-	10501.5182	24.3424	117930341.116	26.018	False	2.729603978710675
1411		26	72	46	118	Pd		-75388.358	2.494	8405.2197	0.0211	B-	4165.4444	3.5419	117919067.273	2.677	False	2.8679450550703516
1412		24	71	47	118	Ag	x	-79553.802	2.515	8433.89	0.0213	B-	7147.8469	20.1582	117914595.484	2.7	False	2.867456723632246
1413		22	70	48	118	Cd	-nn	-86701.649	20.001	8487.835	0.1695	B-	526.5277	21.4501	117906921.956	21.471	False	2.7420459343781993
1414		20	69	49	118	In		-87228.177	7.752	8485.667	0.0657	B-	4424.6664	7.7396	117906356.705	8.322	False	2.8013279332206698
1415		18	68	50	118	Sn		-91652.843	0.499	8516.5341	0.0042	B-	-3656.6393	2.9745	117901606.63	0.536	False	2.955377987890005
1416		16	67	51	118	Sb	-	-87996.204	3.016	8478.9156	0.0256	B-	-305.4459	18.5521	117905532.194	3.237	False	2.8570876771683364
1417		14	66	52	118	Te	+nn	-87690.758	18.306	8469.697	0.1551	B-	-6719.7015	26.9364	117905860.104	19.652	False	2.7477334966058757
1418		12	65	53	118	I	x	-80971.056	19.76	8406.1203	0.1675	B-	-2891.9893	22.3197	117913074.0	21.213	False	2.742827985242934
1419		10	64	54	118	Xe	x	-78079.067	10.378	8374.9819	0.088	B-	-9669.6905	16.4423	117916178.678	11.141	False	2.7834577264504143
1420		8	63	55	118	Cs	IT	-68409.377	12.753	8286.4053	0.1081	B-	-6210.0	201.0	117926559.517	13.69	False	2.770643517329711
1421		6	62	56	118	Ba	x	-62200.0	200.0	8227.0	2.0	B-	-12580.0	361.0	117933226.0	215.0	True	
1422		4	61	57	118	La	x	-49620.0	300.0	8114.0	3.0	B-			117946731.0	322.0	True	
1423	0.0	35	77	42	119	Mo	x	-26580.0	300.0	8019.0	3.0	B-	13590.0	583.0	118971465.0	322.0	True	
1424		33	76	43	119	Tc	x	-40170.0	500.0	8126.0	4.0	B-	11910.0	583.0	118956876.0	537.0	True	
1425		31	75	44	119	Ru	x	-52080.0	300.0	8220.0	3.0	B-	10743.0	300.0	118944090.0	322.0	True	
1426		29	74	45	119	Rh	x	-62822.802	9.315	8303.3953	0.0783	B-	8584.4751	12.4416	118932556.951	10.0	False	2.7906423975491697
1427		27	73	46	119	Pd	x	-71407.277	8.248	8368.9594	0.0693	B-	7238.4816	16.8566	118923341.138	8.854	False	2.7980810343186353
1428		25	72	47	119	Ag		-78645.759	14.703	8423.2126	0.1236	B-	5331.1799	35.9259	118915570.309	15.783	False	2.762222104976098
1429		23	71	48	119	Cd		-83976.939	37.695	8461.4381	0.3168	B-	3721.7197	38.088	118909847.052	40.467	False	2.7009174466498442
1430		21	70	49	119	In		-87698.658	7.31	8486.1387	0.0614	B-	2366.3263	7.3381	118905851.622	7.847	False	2.805401404597195
1431		19	69	50	119	Sn		-90064.985	0.725	8499.4494	0.0061	B-	-589.4452	6.9937	118903311.266	0.778	False	2.9362396651721148
1432		17	68	51	119	Sb		-89475.539	6.998	8487.9218	0.0588	B-	-2293.0	2.0	118903944.062	7.512	False	2.8080357850877378
1433		15	67	52	119	Te	-	-87182.539	7.278	8462.0785	0.0612	B-	-3404.808	22.8941	118906405.699	7.813	False	2.805664283784249
1434		13	66	53	119	I	x	-83777.731	21.706	8426.8924	0.1824	B-	-4983.2433	24.0598	118910060.91	23.302	False	2.737307260791818
1435		11	65	54	119	Xe		-78794.488	10.378	8378.442	0.0872	B-	-6489.4269	17.379	118915410.641	11.141	False	2.7839792881226106
1436		9	64	55	119	Cs	IT	-72305.061	13.94	8317.3347	0.1171	B-	-7714.9651	200.7537	118922377.327	14.965	False	2.765580937823747
1437		7	63	56	119	Ba	ep	-64590.096	200.269	8245.9287	1.6829	B-	-9570.0	361.0	118930659.683	214.997	False	2.581990037965339
1438		5	62	57	119	La	x	-55020.0	300.0	8159.0	3.0	B-	-11199.0	583.0	118940934.0	322.0	True	
1439		3	61	58	119	Ce	x	-43820.0	500.0	8058.0	4.0	B-			118952957.0	537.0	True	
1440	0.0	34	77	43	120	Tc	x	-35000.0	500.0	8083.0	4.0	B-	14720.0	640.0	119962426.0	537.0	True	
1441		32	76	44	120	Ru	x	-49720.0	400.0	8199.0	3.0	B-	8899.0	447.0	119946623.0	429.0	True	
1442		30	75	45	120	Rh	x	-58620.0	200.0	8266.0	2.0	B-	11660.0	200.0	119937069.0	215.0	True	
1443		28	74	46	120	Pd		-70279.604	2.296	8357.0817	0.0191	B-	5371.9076	5.0261	119924551.745	2.464	False	2.8735978210563733
1444		26	73	47	120	Ag	x	-75651.512	4.471	8395.3281	0.0373	B-	8305.8535	5.8202	119918784.765	4.8	False	2.8351942842320836
1445		24	72	48	120	Cd	x	-83957.365	3.726	8458.024	0.0311	B-	1770.3754	40.1837	119909868.065	4.0	False	2.845836660623006
1446		22	71	49	120	In	+	-85727.741	40.011	8466.2575	0.3334	B-	5370.0	40.0	119907967.489	42.953	False	2.697469662376298
1447		20	70	50	120	Sn		-91097.741	0.92	8504.488	0.0077	B-	-2680.6076	7.1399	119902202.557	0.987	False	2.9239823314094013
1448		18	69	51	120	Sb	-	-88417.133	7.199	8475.63	0.06	B-	945.0271	7.353	119905080.308	7.728	False	2.806830769916323
1449		16	68	52	120	Te		-89362.16	1.751	8476.9857	0.0146	B-	-5615.0	15.0	119904065.779	1.88	False	2.8887554942416296
1450		14	67	53	120	I	-	-83747.16	15.102	8423.6745	0.1258	B-	-1574.726	19.176	119910093.729	16.212	False	2.761053767982169
1451		12	66	54	120	Xe	x	-82172.434	11.817	8404.0322	0.0985	B-	-8283.7857	15.4611	119911784.267	12.686	False	2.776441781917659
1452		10	65	55	120	Cs	IT	-73888.649	9.97	8328.4811	0.0831	B-	-5000.0	300.0	119920677.277	10.702	False	2.786979083754818
1453		8	64	56	120	Ba	-	-68888.649	300.166	8280.2949	2.5014	B-	-11319.0	424.0	119926044.997	322.241	False	2.55155903718724
1454		6	63	57	120	La	x	-57570.0	300.0	8179.0	2.0	B-	-7840.0	583.0	119938196.0	322.0	True	
1455		4	62	58	120	Ce	x	-49730.0	500.0	8108.0	4.0	B-			119946613.0	537.0	True	
1456	0.0	35	78	43	121	Tc	x	-31540.0	500.0	8054.0	4.0	B-	13080.0	640.0	120966140.0	537.0	True	
1457		33	77	44	121	Ru	x	-44620.0	400.0	8156.0	3.0	B-	11630.0	737.0	120952098.0	429.0	True	
1458		31	76	45	121	Rh	x	-56250.134	619.444	8245.2397	5.1194	B-	9932.203	619.4527	120939613.0	665.0	False	2.4941153585304403
1459		29	75	46	121	Pd	x	-66182.337	3.353	8320.8584	0.0277	B-	8220.4934	12.5652	120928950.342	3.6	False	2.852426403034097
1460		27	74	47	121	Ag	x	-74402.831	12.109	8382.3306	0.1001	B-	6671.0057	12.2642	120920125.279	13.0	False	2.77544036534185
1461		25	73	48	121	Cd	x	-81073.837	1.942	8430.9972	0.0161	B-	4760.7564	27.4876	120912963.66	2.085	False	2.8834485522116844
1462		23	72	49	121	In	+p	-85834.593	27.419	8463.8767	0.2266	B-	3362.0331	27.4098	120907852.778	29.435	False	2.7231591389886862
1463		21	71	50	121	Sn		-89196.626	0.978	8485.1964	0.0081	B-	402.5306	2.5239	120904243.488	1.05	False	2.9211013550699128
1464		19	70	51	121	Sb		-89599.157	2.506	8482.0574	0.0207	B-	-1056.0462	25.7587	120903811.353	2.69	False	2.869089366246296
1465		17	69	52	121	Te		-88543.111	25.835	8466.8641	0.2135	B-	-2297.4615	25.9856	120904945.065	27.734	False	2.7270587955597017
1466		15	68	53	121	I		-86245.649	4.723	8441.4111	0.039	B-	-3764.6525	11.279	120907411.492	5.07	False	2.8324598130916647
1467		13	67	54	121	Xe		-82480.997	10.243	8403.8326	0.0847	B-	-5378.6549	13.9791	120911453.012	10.995	False	2.7858213102405434
1468		11	66	55	121	Cs		-77102.342	14.29	8352.9152	0.1181	B-	-6357.4948	141.1765	120917227.235	15.34	False	2.7650700906025234
1469		9	65	56	121	Ba	-	-70744.847	141.898	8293.9083	1.1727	B-	-8555.0	332.0	120924052.286	152.333	False	2.6089371166093045
1470		7	64	57	121	La	x	-62190.0	300.0	8217.0	2.0	B-	-9500.0	500.0	120933236.0	322.0	True	
1471		5	63	58	121	Ce	x	-52690.0	401.0	8132.0	3.0	B-	-11139.0	641.0	120943435.0	430.0	True	
1472		3	62	59	121	Pr	-p	-41551.0	500.0	8033.0	4.0	B-			120955393.0	537.0	True	
1473	0.0	36	79	43	122	Tc	x	-26305.0	300.0	8011.0	2.0	B-	15475.0	583.0	121971760.0	322.0	True	
1474		34	78	44	122	Ru	x	-41780.0	500.0	8132.0	4.0	B-	10099.0	583.0	121955147.0	537.0	True	
1475		32	77	45	122	Rh	x	-51880.0	300.0	8208.0	2.0	B-	12737.0	301.0	121944305.0	322.0	True	
1476		30	76	46	122	Pd	x	-64616.169	19.561	8305.9755	0.1603	B-	6489.9492	42.9094	121930631.693	21.0	False	2.7456311353335976
1477		28	75	47	122	Ag	x	-71106.118	38.191	8352.7591	0.313	B-	9506.2662	38.2604	121923664.446	41.0	False	2.7017191112403407
1478		26	74	48	122	Cd		-80612.384	2.299	8424.2667	0.0188	B-	2958.9765	50.1126	121913459.05	2.468	False	2.8744351020239542
1479		24	73	49	122	In	+	-83571.361	50.06	8442.1079	0.4103	B-	6368.5921	50.0	121910282.458	53.741	False	2.683389936297561
1480		22	72	50	122	Sn		-89939.953	2.448	8487.8968	0.0201	B-	-1605.7483	3.2135	121903445.494	2.627	False	2.8708999256166208
1481		20	71	51	122	Sb		-88334.205	2.503	8468.3222	0.0205	B-	1979.0772	2.1265	121905169.335	2.687	False	2.869620638906267
1482		18	70	52	122	Te		-90313.282	1.357	8478.1315	0.0111	B-	-4234.0	5.0	121903044.708	1.456	False	2.9037838359374155
1483		16	69	53	122	I	-	-86079.282	5.181	8437.0139	0.0425	B-	-724.2937	12.2596	121907590.094	5.561	False	2.827490878953562
1484		14	68	54	122	Xe	x	-85354.988	11.111	8424.6644	0.0911	B-	-7210.2195	35.472	121908367.655	11.928	False	2.7812939501943976
1485		12	67	55	122	Cs		-78144.769	33.687	8359.1515	0.2761	B-	-3535.817	43.769	121916108.144	36.164	False	2.710100070625158
1486		10	66	56	122	Ba	x	-74608.952	27.945	8323.7567	0.2291	B-	-10066.0	299.0	121919904.0	30.0	False	2.722457744261159
1487		8	65	57	122	La	x	-64543.0	298.0	8235.0	2.0	B-	-6669.0	499.0	121930710.0	320.0	True	
1488		6	64	58	122	Ce	x	-57874.0	401.0	8174.0	3.0	B-	-13094.0	641.0	121937870.0	430.0	True	
1489		4	63	59	122	Pr	x	-44780.0	500.0	8060.0	4.0	B-			121951927.0	537.0	True	
1490	0.0	35	79	44	123	Ru	x	-36550.0	500.0	8089.0	4.0	B-	12640.0	640.0	122960762.0	537.0	True	
1491		33	78	45	123	Rh	x	-49190.0	400.0	8185.0	3.0	B-	11239.0	885.0	122947192.0	429.0	True	
1492		31	77	46	123	Pd	x	-60429.748	789.441	8270.0318	6.4182	B-	9138.8323	790.1142	122935126.0	847.5	False	2.475266709849225
1493		29	76	47	123	Ag	x	-69568.581	32.602	8337.9707	0.2651	B-	7845.6026	32.7136	122925315.06	35.0	False	2.7128214321747794
1494		27	75	48	123	Cd		-77414.183	2.696	8395.3955	0.0219	B-	6014.8503	19.898	122916892.46	2.894	False	2.8658729526541844
1495		25	74	49	123	In		-83429.034	19.832	8437.9362	0.1612	B-	4385.6489	19.8392	122910435.252	21.29	False	2.745264351203986
1496		23	73	50	123	Sn		-87814.683	2.479	8467.2313	0.0202	B-	1408.2079	2.4203	122905727.065	2.661	False	2.8706352786600227
1497		21	72	51	123	Sb		-89222.89	1.356	8472.3196	0.011	B-	-51.9128	0.0661	122904215.292	1.456	False	2.904232087247864
1498		19	71	52	123	Te		-89170.978	1.355	8465.537	0.011	B-	-1228.3898	3.4448	122904271.022	1.454	False	2.904307423148244
1499		17	70	53	123	I		-87942.588	3.686	8449.1896	0.03	B-	-2694.3302	9.6829	122905589.753	3.956	False	2.847910320794931
1500		15	69	54	123	Xe		-85248.258	9.534	8420.9239	0.0775	B-	-4204.6012	15.4121	122908482.235	10.234	False	2.7912408766687866
1501		13	68	55	123	Cs	x	-81043.657	12.109	8380.3796	0.0985	B-	-5388.6934	17.1253	122912996.06	13.0	False	2.77645859688638
1502		11	67	56	123	Ba	x	-75654.963	12.109	8330.2086	0.0985	B-	-7004.0	196.0	122918781.06	13.0	False	2.7764615270647237
1503		9	66	57	123	La	x	-68651.0	196.0	8267.0	2.0	B-	-8365.0	357.0	122926300.0	210.0	True	
1504		7	65	58	123	Ce	x	-60286.0	298.0	8193.0	2.0	B-	-10056.0	499.0	122935280.0	320.0	True	
1505		5	64	59	123	Pr	x	-50230.0	400.0	8104.0	3.0	B-			122946076.0	429.0	True	
1506	0.0	36	80	44	124	Ru	x	-33590.0	600.0	8065.0	5.0	B-	11120.0	721.0	123963940.0	644.0	True	
1507		34	79	45	124	Rh	x	-44710.0	400.0	8148.0	3.0	B-	13690.0	500.0	123952002.0	429.0	True	
1508		32	78	46	124	Pd	x	-58400.0	300.0	8252.0	2.0	B-	7830.0	391.0	123937305.0	322.0	True	
1509		30	77	47	124	Ag	x	-66229.951	251.503	8308.8958	2.0283	B-	10469.4858	251.5169	123928899.227	270.0	False	2.567775867330704
1510		28	76	48	124	Cd		-76699.436	2.609	8387.0179	0.021	B-	4168.342	30.5355	123917659.772	2.8	False	2.868211833287556
1511		26	75	49	124	In		-80867.778	30.561	8414.3243	0.2465	B-	7363.697	30.5668	123913184.873	32.808	False	2.7176321055658494
1512		24	74	50	124	Sn		-88231.475	1.314	8467.3997	0.0106	B-	-612.4067	0.4101	123905279.619	1.41	False	2.9064330953547795
1513		22	73	51	124	Sb	-n	-87619.069	1.358	8456.1517	0.011	B-	2905.073	0.1317	123905937.065	1.457	False	2.904639144981044
1514		20	72	52	124	Te		-90524.142	1.352	8473.2705	0.0109	B-	-3159.587	1.8593	123902818.341	1.451	False	2.9048637465529246
1515		18	71	53	124	I	-	-87364.555	2.299	8441.4807	0.0185	B-	302.8501	1.8639	123906210.297	2.467	False	2.8753727571280394
1516		16	70	54	124	Xe		-87667.405	1.358	8437.6138	0.011	B-	-5926.3445	9.2512	123905885.174	1.457	False	2.904639122044326
1517		14	69	55	124	Cs	x	-81741.06	9.151	8383.5114	0.0738	B-	-2651.2748	15.4894	123912247.366	9.823	False	2.7942497696312083
1518		12	68	56	124	Ba	x	-79089.786	12.497	8355.8209	0.1008	B-	-8831.1685	58.0305	123915093.627	13.416	False	2.77500200391294
1519		10	67	57	124	La	x	-70258.617	56.669	8278.2926	0.457	B-	-5343.0	303.0	123924574.275	60.836	False	2.6760091209522043
1520		8	66	58	124	Ce	x	-64916.0	298.0	8229.0	2.0	B-	-11765.0	499.0	123930310.0	320.0	True	
1521		6	65	59	124	Pr	x	-53151.0	401.0	8128.0	3.0	B-	-8321.0	641.0	123942940.0	430.0	True	
1522		4	64	60	124	Nd	x	-44830.0	500.0	8054.0	4.0	B-			123951873.0	537.0	True	
1523	0.0	37	81	44	125	Ru	x	-28370.0	300.0	8023.0	2.0	B-	13460.0	583.0	124969544.0	322.0	True	
1524		35	80	45	125	Rh	x	-41830.0	500.0	8124.0	4.0	B-	12130.0	640.0	124955094.0	537.0	True	
1525		33	79	46	125	Pd	x	-53960.0	400.0	8215.0	3.0	B-	10560.0	589.0	124942072.0	429.0	True	
1526		31	78	47	125	Ag	x	-64519.939	433.145	8293.3151	3.4652	B-	8828.1511	433.1544	124930735.0	465.0	False	2.525827248734519
1527		29	77	48	125	Cd	x	-73348.09	2.888	8357.6815	0.0231	B-	7064.2177	3.3869	124921257.59	3.1	False	2.8628744852071786
1528		27	76	49	125	In	x	-80412.308	1.77	8407.9365	0.0142	B-	5481.3495	2.2131	124913673.841	1.9	False	2.890442842105275
1529		25	75	50	125	Sn	-n	-85893.657	1.329	8445.5285	0.0106	B-	2361.4366	2.1661	124907789.37	1.426	False	2.9062567548417375
1530		23	74	51	125	Sb	+	-88255.094	2.515	8458.1612	0.0201	B-	766.7	2.1213	124905254.264	2.7	False	2.870725260319231
1531		21	73	52	125	Te		-89021.794	1.352	8458.0361	0.0108	B-	-185.77	0.06	124904431.178	1.451	False	2.9053045116362934
1532		19	72	53	125	I	-	-88836.024	1.353	8450.2911	0.0108	B-	-1636.6632	0.4259	124904630.61	1.452	False	2.905266891033439
1533		17	71	54	125	Xe		-87199.361	1.415	8430.939	0.0113	B-	-3109.6184	7.7879	124906387.64	1.518	False	2.9028316674205965
1534		15	70	55	125	Cs		-84089.742	7.736	8399.8033	0.0619	B-	-4420.7663	13.4415	124909725.953	8.304	False	2.8049569551312548
1535		13	69	56	125	Ba		-79668.976	10.992	8358.1784	0.0879	B-	-5909.4836	27.6308	124914471.84	11.8	False	2.783469332150537
1536		11	68	57	125	La		-73759.492	25.997	8304.6438	0.208	B-	-7102.0	197.0	124920815.931	27.909	False	2.7287832062163884
1537		9	67	58	125	Ce	x	-66658.0	196.0	8242.0	2.0	B-	-8587.0	358.0	124928440.0	210.0	True	
1538		7	66	59	125	Pr	x	-58070.0	300.0	8167.0	2.0	B-	-10001.0	500.0	124937659.0	322.0	True	
1539		5	65	60	125	Nd	x	-48070.0	400.0	8080.0	3.0	B-			124948395.0	429.0	True	
1540	0.0	36	81	45	126	Rh	x	-37200.0	500.0	8087.0	4.0	B-	14590.0	640.0	125960064.0	537.0	True	
1541		34	80	46	126	Pd	x	-51790.0	400.0	8197.0	3.0	B-	8930.0	447.0	125944401.0	429.0	True	
1542		32	79	47	126	Ag	x	-60720.0	200.0	8261.0	2.0	B-	11535.0	200.0	125934814.0	215.0	True	
1543		30	78	48	126	Cd		-72255.727	2.304	8346.7393	0.0183	B-	5553.65	4.7831	125922430.29	2.473	False	2.876145749386929
1544		28	77	49	126	In	x	-77809.377	4.192	8384.6067	0.0333	B-	8205.7585	11.4802	125916468.202	4.5	False	2.8418262578156055
1545		26	76	50	126	Sn	-nn	-86015.135	10.688	8443.5227	0.0848	B-	378.0	30.0	125907658.958	11.473	False	2.7856939031235317
1546		24	75	51	126	Sb	-	-86393.135	31.847	8440.3136	0.2528	B-	3671.0321	31.8223	125907253.158	34.189	False	2.715962294636726
1547		22	74	52	126	Te		-90064.168	1.354	8463.2397	0.0107	B-	-2153.6712	3.6717	125903312.144	1.453	False	2.9056650187668827
1548		20	73	53	126	I		-87910.496	3.778	8439.9379	0.03	B-	1235.8904	3.7779	125905624.205	4.055	False	2.8478754737879637
1549		18	72	54	126	Xe		-89146.38687	0.00562	8443.5375	0.0003	B-	-4795.7039	10.3587	125904297.422	0.006	False	3.168299260591411
1550		16	71	55	126	Cs		-84350.683	10.359	8399.2673	0.0822	B-	-1680.7697	16.2322	125909445.821	11.12	False	2.787620688605404
1551		14	70	56	126	Ba	x	-82669.913	12.497	8379.7187	0.0992	B-	-7696.4376	91.3663	125911250.202	13.416	False	2.7759978937014353
1552		12	69	57	126	La	x	-74973.476	90.508	8312.4268	0.7183	B-	-4152.9106	94.7235	125919512.667	97.163	False	2.644383370466105
1553		10	68	58	126	Ce	x	-70820.565	27.945	8273.2581	0.2218	B-	-10497.0	198.0	125923971.0	30.0	False	2.7245789454381684
1554		8	67	59	126	Pr	x	-60324.0	196.0	8184.0	2.0	B-	-6943.0	358.0	125935240.0	210.0	True	
1555		6	66	60	126	Nd	x	-53380.0	300.0	8122.0	2.0	B-	-13631.0	583.0	125942694.0	322.0	True	
1556		4	65	61	126	Pm	x	-39750.0	500.0	8008.0	4.0	B-			125957327.0	537.0	True	
1557	0.0	37	82	45	127	Rh	x	-33730.0	600.0	8060.0	5.0	B-	13490.0	781.0	126963789.0	644.0	True	
1558		35	81	46	127	Pd	x	-47220.0	500.0	8160.0	4.0	B-	11429.0	539.0	126949307.0	537.0	True	
1559		33	80	47	127	Ag	x	-58650.0	200.0	8244.0	2.0	B-	10092.0	200.0	126937037.0	215.0	True	
1560		31	79	48	127	Cd	x	-68741.199	6.2	8316.8971	0.0488	B-	8138.6978	11.7675	126926203.291	6.656	False	2.819209731657757
1561		29	78	49	127	In		-76879.897	10.001	8374.8212	0.0788	B-	6589.681	12.026	126917466.04	10.736	False	2.7902717628395877
1562		27	77	50	127	Sn		-83469.578	9.226	8420.5482	0.0726	B-	3228.716	10.1668	126910391.726	9.904	False	2.7952092567830142
1563		25	76	51	127	Sb		-86698.294	5.083	8439.811	0.04	B-	1582.203	4.9102	126906925.557	5.457	False	2.8309793987697676
1564		23	75	52	127	Te		-88280.497	1.365	8446.109	0.0108	B-	702.7199	3.5652	126905226.993	1.465	False	2.9056486846536846
1565		21	74	53	127	I		-88983.217	3.621	8445.482	0.0285	B-	-662.3336	2.0442	126904472.592	3.887	False	2.850782078139381
1566		19	73	54	127	Xe		-88320.883	4.088	8434.1066	0.0322	B-	-2080.8562	6.4115	126905183.636	4.388	False	2.84375041233371
1567		17	72	55	127	Cs		-86240.027	5.578	8411.5617	0.0439	B-	-3422.0719	12.6525	126907417.527	5.987	False	2.8255000215912562
1568		15	71	56	127	Ba		-82817.955	11.357	8378.456	0.0894	B-	-4921.8386	27.7403	126911091.272	12.192	False	2.7824287333688207
1569		13	70	57	127	La		-77896.116	26.0	8333.5412	0.2047	B-	-5916.7727	38.8567	126916375.083	27.912	False	2.729810535658163
1570		11	69	58	127	Ce	x	-71979.344	28.876	8280.7922	0.2274	B-	-7436.0	198.0	126922727.0	31.0	False	2.7229455003347685
1571		9	68	59	127	Pr	x	-64543.0	196.0	8216.0	2.0	B-	-8633.0	358.0	126930710.0	210.0	True	
1572		7	67	60	127	Nd	x	-55910.0	300.0	8142.0	2.0	B-	-10600.0	500.0	126939978.0	322.0	True	
1573		5	66	61	127	Pm	x	-45310.0	400.0	8052.0	3.0	B-			126951358.0	429.0	True	
1574	0.0	38	83	45	128	Rh	x	-27340.0	300.0	8010.0	2.0	B-	17050.0	583.0	127970649.0	322.0	True	
1575		36	82	46	128	Pd	x	-44390.0	500.0	8137.0	4.0	B-	10320.0	583.0	127952345.0	537.0	True	
1576		34	81	47	128	Ag	x	-54710.0	300.0	8211.0	2.0	B-	12528.0	300.0	127941266.0	322.0	True	
1577		32	80	48	128	Cd		-67238.245	6.432	8303.2367	0.0503	B-	6951.8716	6.5665	127927816.778	6.905	False	2.8174862571233286
1578		30	79	49	128	In	x	-74190.117	1.322	8351.4361	0.0103	B-	9171.3131	17.7194	127920353.637	1.419	False	2.9078277337854916
1579		28	78	50	128	Sn		-83361.43	17.682	8416.9749	0.1381	B-	1268.4219	13.3175	127910507.828	18.982	False	2.755146885035613
1580		26	77	51	128	Sb	IT	-84629.852	18.788	8420.7724	0.1468	B-	4363.9419	18.7862	127909146.121	20.169	False	2.751281068071763
1581		24	76	52	128	Te		-88993.794	0.706	8448.7536	0.0055	B-	-1255.7634	3.6807	127904461.237	0.758	False	2.941480187305452
1582		22	75	53	128	I		-87738.03	3.621	8432.8309	0.0283	B-	2122.5041	3.6211	127905809.355	3.887	False	2.85123624756343
1583		20	74	54	128	Xe		-89860.53427	0.0052	8443.3008	0.0003	B-	-3928.7617	5.3762	127903530.75341	0.00558	False	3.172008652286767
1584		18	73	55	128	Cs		-85931.773	5.376	8406.4953	0.042	B-	-562.6171	5.6122	127907748.452	5.771	False	2.8281401720232076
1585		16	72	56	128	Ba		-85369.156	1.61	8395.9878	0.0126	B-	-6743.7167	54.4716	127908352.446	1.728	False	2.897008568716205
1586		14	71	57	128	La	x	-78625.439	54.448	8337.1904	0.4254	B-	-3091.5136	61.2003	127915592.123	58.452	False	2.6809307892009087
1587		12	70	58	128	Ce	x	-75533.925	27.945	8306.9259	0.2183	B-	-9203.1617	40.8585	127918911.0	30.0	False	2.7256091191550516
1588		10	69	59	128	Pr	x	-66330.764	29.808	8228.9141	0.2329	B-	-5800.0	202.0	127928791.0	32.0	False	2.7213775589509654
1589		8	68	60	128	Nd	x	-60530.0	200.0	8177.0	2.0	B-	-12311.0	361.0	127935018.0	215.0	True	
1590		6	67	61	128	Pm	x	-48220.0	300.0	8075.0	2.0	B-	-9070.0	583.0	127948234.0	322.0	True	
1591		4	66	62	128	Sm	x	-39150.0	500.0	7998.0	4.0	B-			127957971.0	537.0	True	
1592	0.0	37	83	46	129	Pd	x	-37880.0	600.0	8086.0	5.0	B-	13990.0	721.0	128959334.0	644.0	True	
1593		35	82	47	129	Ag	x	-51870.0	400.0	8188.0	3.0	B-	11252.0	400.0	128944315.0	429.0	True	
1594		33	81	48	129	Cd	x	-63122.142	5.31	8269.5311	0.0412	B-	9712.7471	5.6637	128932235.597	5.7	False	2.829343001818229
1595		31	80	49	129	In		-72834.889	1.971	8338.759	0.0153	B-	7755.7081	17.2376	128921808.534	2.116	False	2.8862069375686668
1596		29	79	50	129	Sn		-80590.597	17.27	8392.8161	0.1339	B-	4038.7874	27.3634	128913482.44	18.54	False	2.757140098024939
1597		27	78	51	129	Sb	+	-84629.384	21.225	8418.0598	0.1645	B-	2375.5	21.2132	128909146.623	22.786	False	2.7439623773461417
1598		25	77	52	129	Te		-87004.884	0.711	8430.4098	0.0055	B-	1502.2919	3.1358	128906596.419	0.763	False	2.9415451058987174
1599		23	76	53	129	I		-88507.176	3.153	8435.9908	0.0244	B-	188.8936	3.1534	128904983.643	3.385	False	2.8596394446025863
1600		21	75	54	129	Xe		-88696.06975	0.00505	8431.3904	0.0003	B-	-1197.0197	4.5532	128904780.85742	0.00542	False	3.173553888295807
1601		19	74	55	129	Cs		-87499.05	4.553	8416.0465	0.0353	B-	-2438.1843	10.5627	128906065.91	4.888	False	2.838365420112115
1602		17	73	56	129	Ba		-85060.866	10.504	8391.0811	0.0814	B-	-3737.3247	21.628	128908683.409	11.276	False	2.7882121790694057
1603		15	72	57	129	La		-81323.541	21.343	8356.0449	0.1655	B-	-5036.037	35.1633	128912695.592	22.913	False	2.743606614013743
1604		13	71	58	129	Ce	x	-76287.504	27.945	8310.9411	0.2166	B-	-6513.9383	40.8585	128918102.0	30.0	False	2.7261186792797947
1605		11	70	59	129	Pr	x	-69773.566	29.808	8254.3808	0.2311	B-	-7399.0	204.0	128925095.0	32.0	False	2.721887767645149
1606		9	69	60	129	Nd	ep	-62375.0	202.0	8191.0	2.0	B-	-9195.0	362.0	128933038.0	217.0	True	
1607		7	68	61	129	Pm	x	-53180.0	300.0	8114.0	2.0	B-	-10850.0	583.0	128942909.0	322.0	True	
1608		5	67	62	129	Sm	x	-42330.0	500.0	8023.0	4.0	B-			128954557.0	537.0	True	
1609	0.0	38	84	46	130	Pd	x	-32730.0	300.0	8046.0	2.0	B-	13168.0	520.0	129964863.0	322.0	True	
1610		36	83	47	130	Ag	-nn	-45898.0	424.0	8142.0	3.0	B-	15220.0	425.0	129950727.0	455.0	True	
1611		34	82	48	130	Cd	x	-61117.597	22.356	8252.5868	0.172	B-	8788.9322	22.4274	129934387.563	24.0	False	2.741129423310228
1612		32	81	49	130	In		-69906.53	1.79	8314.176	0.0138	B-	10225.687	2.5905	129924952.257	1.921	False	2.8920160535012505
1613		30	80	50	130	Sn		-80132.217	1.873	8386.817	0.0144	B-	2153.4702	14.1129	129913974.531	2.01	False	2.8894962821640484
1614		28	79	51	130	Sb		-82285.687	14.212	8397.3641	0.1093	B-	5067.2728	14.2124	129911662.686	15.257	False	2.769918087110787
1615		26	78	52	130	Te		-87352.96	0.011	8430.3251	0.0003	B-	-416.7716	3.1537	129906222.745	0.011	False	3.1438152990904955
1616		24	77	53	130	I	-n	-86936.188	3.154	8421.1011	0.0243	B-	2944.2864	3.1537	129906670.168	3.385	False	2.8600828063891206
1617		22	76	54	130	Xe		-89880.474	0.009	8437.7314	0.0003	B-	-2980.7199	8.3567	129903509.346	0.01	False	3.147915562894902
1618		20	75	55	130	Cs		-86899.754	8.357	8408.7848	0.0643	B-	357.0219	8.3617	129906709.281	8.971	False	2.802652856568039
1619		18	74	56	130	Ba		-87256.776	0.287	8405.513	0.0022	B-	-5629.4021	25.9477	129906326.002	0.308	False	2.988706635226687
1620		16	73	57	130	La	x	-81627.374	25.946	8356.1919	0.1996	B-	-2204.4611	38.1328	129912369.413	27.854	False	2.731466820581007
1621		14	72	58	130	Ce	x	-79422.913	27.945	8333.2164	0.215	B-	-8247.4488	70.0853	129914736.0	30.0	False	2.726622760714666
1622		12	71	59	130	Pr	x	-71175.464	64.273	8263.7565	0.4944	B-	-4579.225	70.0853	129923590.0	69.0	False	2.6705802600699013
1623		10	70	60	130	Nd	x	-66596.239	27.945	8222.5136	0.215	B-	-11127.0	202.0	129928506.0	30.0	False	2.726629696470324
1624		8	69	61	130	Pm	x	-55470.0	200.0	8131.0	2.0	B-	-7770.0	447.0	129940451.0	215.0	True	
1625		6	68	62	130	Sm	x	-47700.0	400.0	8065.0	3.0	B-	-14187.0	671.0	129948792.0	429.0	True	
1626		4	67	63	130	Eu	-p	-33513.0	539.0	7950.0	4.0	B-			129964022.0	578.0	True	
1627	0.0	39	85	46	131	Pd	x	-25740.0	300.0	7993.0	2.0	B-	15010.0	583.0	130972367.0	322.0	True	
1628		37	84	47	131	Ag	x	-40750.0	500.0	8102.0	4.0	B-	14462.0	501.0	130956253.0	537.0	True	
1629		35	83	48	131	Cd		-55211.76	19.238	8206.1204	0.1469	B-	12812.6089	19.3644	130940727.74	20.653	False	2.7512625991441495
1630		33	82	49	131	In		-68024.369	2.205	8297.9544	0.0168	B-	9240.2095	4.2397	130926972.839	2.367	False	2.8807998112972357
1631		31	81	50	131	Sn		-77264.579	3.621	8362.5183	0.0276	B-	4716.8328	3.9621	130917053.067	3.887	False	2.8525797081559165
1632		29	80	51	131	Sb		-81981.412	2.084	8392.5525	0.0159	B-	3229.6099	2.0845	130911989.339	2.236	False	2.883981788959835
1633		27	79	52	131	Te	-n	-85211.022	0.061	8411.2339	0.0005	B-	2231.7057	0.6077	130908522.21	0.065	False	3.064482724980153
1634		25	78	53	131	I	+	-87442.727	0.605	8422.2977	0.0046	B-	970.8477	0.6046	130906126.375	0.649	False	2.950855904173748
1635		23	77	54	131	Xe		-88413.57492	0.00512	8423.7367	0.0003	B-	-358.0009	0.1771	130905084.12808	0.00549	False	3.17366128445191
1636		21	76	55	131	Cs	+nn	-88055.574	0.177	8415.0317	0.0014	B-	-1376.6158	0.4515	130905468.457	0.19	False	3.0131161551331904
1637		19	75	56	131	Ba	-n	-86678.958	0.415	8398.5511	0.0032	B-	-2909.6936	27.9479	130906946.315	0.445	False	2.970397967592671
1638		17	74	57	131	La	x	-83769.265	27.945	8370.3676	0.2133	B-	-4060.8167	43.0918	130910070.0	30.0	False	2.727122089265237
1639		15	73	58	131	Ce		-79708.448	32.802	8333.3969	0.2504	B-	-5407.7842	55.4462	130914429.465	35.214	False	2.716587701161037
1640		13	72	59	131	Pr		-74300.664	46.995	8286.1439	0.3587	B-	-6532.6235	53.0809	130920234.96	50.451	False	2.692536905373293
1641		11	71	60	131	Nd		-67768.04	27.517	8230.3045	0.2101	B-	-7998.0	202.0	130927248.02	29.541	False	2.728138620192428
1642		9	70	61	131	Pm	x	-59770.0	200.0	8163.0	2.0	B-	-9490.0	447.0	130935834.0	215.0	True	
1643		7	69	62	131	Sm	x	-50280.0	400.0	8085.0	3.0	B-	-10816.0	565.0	130946022.0	429.0	True	
1644		5	68	63	131	Eu	-p	-39464.0	400.0	7996.0	3.0	B-			130957634.0	429.0	True	
1645	0.0	38	85	47	132	Ag	x	-34400.0	500.0	8053.0	4.0	B-	16065.0	504.0	131963070.0	537.0	True	
1646		36	84	48	132	Cd	x	-50465.429	60.068	8169.1421	0.4551	B-	11946.1243	84.9236	131945823.136	64.485	False	2.6763165961375797
1647		34	83	49	132	In	+	-62411.554	60.033	8253.7162	0.4548	B-	14135.0	60.0	131932998.444	64.447	False	2.67635047077912
1648		32	82	50	132	Sn		-76546.554	1.976	8354.8726	0.015	B-	3088.728	3.1606	131917823.898	2.121	False	2.887356219330947
1649		30	81	51	132	Sb		-79635.282	2.467	8372.3452	0.0187	B-	5552.9155	4.2708	131914508.013	2.648	False	2.87491175249815
1650		28	80	52	132	Te		-85188.197	3.486	8408.4859	0.0264	B-	515.3046	3.483	131908546.713	3.742	False	2.8552049914985385
1651		26	79	53	132	I		-85703.502	4.065	8406.4628	0.0308	B-	3575.4729	4.0654	131907993.511	4.364	False	2.8463168899510842
1652		24	78	54	132	Xe		-89278.97451	0.00507	8427.6229	0.0003	B-	-2126.2813	1.0359	131904155.08346	0.00544	False	3.1743621217477083
1653		22	77	55	132	Cs		-87152.693	1.036	8405.5878	0.0079	B-	1282.2099	1.4773	131906437.74	1.112	False	2.9227014333838017
1654		20	76	56	132	Ba		-88434.903	1.053	8409.3747	0.008	B-	-4711.3256	36.3537	131905061.231	1.13	False	2.9218367979881155
1655		18	75	57	132	La		-83723.578	36.359	8367.7559	0.2754	B-	-1254.8898	41.7025	131910119.047	39.032	False	2.7102643819800356
1656		16	74	58	132	Ce		-82468.688	20.407	8352.3223	0.1546	B-	-7241.224	35.3594	131911466.226	21.907	False	2.7479652452456067
1657		14	73	59	132	Pr	x	-75227.464	28.876	8291.5377	0.2188	B-	-3801.6487	37.6795	131919240.0	31.0	False	2.725478329849633
1658		12	72	60	132	Nd	x	-71425.815	24.205	8256.8104	0.1834	B-	-9798.0	151.0	131923321.237	25.985	False	2.736975272713729
1659		10	71	61	132	Pm	x	-61628.0	149.0	8177.0	1.0	B-	-6488.0	335.0	131933840.0	160.0	True	
1660		8	70	62	132	Sm	x	-55140.0	300.0	8122.0	2.0	B-	-12939.0	500.0	131940805.0	322.0	True	
1661		6	69	63	132	Eu	x	-42200.0	400.0	8018.0	3.0	B-			131954696.0	429.0	True	
1662	0.0	39	86	47	133	Ag	x	-29080.0	500.0	8013.0	4.0	B-	15059.0	539.0	132968781.0	537.0	True	
1663		37	85	48	133	Cd	x	-44140.0	200.0	8121.0	2.0	B-	13550.0	283.0	132952614.0	215.0	True	
1664		35	84	49	133	In	x	-57690.0	200.0	8217.0	2.0	B-	13184.0	200.0	132938067.0	215.0	True	
1665		33	83	50	133	Sn		-70873.89	1.904	8310.089	0.0143	B-	8049.6228	3.6617	132923913.753	2.043	False	2.8898643030297717
1666		31	82	51	133	Sb		-78923.513	3.128	8364.7302	0.0235	B-	4013.6198	3.5179	132915272.128	3.357	False	2.8618679520013726
1667		29	81	52	133	Te		-82937.133	2.066	8389.0255	0.0155	B-	2920.169	6.2531	132910963.33	2.218	False	2.885280157918597
1668		27	80	53	133	I		-85857.302	5.902	8405.0993	0.0444	B-	1786.2812	6.3712	132907828.4	6.335	False	2.824889183138838
1669		25	79	54	133	Xe	+	-87643.583	2.4	8412.6477	0.018	B-	427.36	2.4	132905910.748	2.576	False	2.876887597722422
1670		23	78	55	133	Cs		-88070.943	0.008	8409.9786	0.0003	B-	-517.431	0.992	132905451.958	0.008	False	3.1584233352702165
1671		21	77	56	133	Ba		-87553.512	0.992	8400.2059	0.0075	B-	-2059.1203	27.9624	132906007.443	1.065	False	2.925426643968048
1672		19	76	57	133	La	x	-85494.392	27.945	8378.8415	0.2101	B-	-3076.1685	32.3786	132908218.0	30.0	False	2.7281124009860167
1673		17	75	58	133	Ce	x	-82418.223	16.354	8349.8301	0.123	B-	-4480.6319	20.5826	132911520.402	17.557	False	2.762522065159649
1674		15	74	59	133	Pr	x	-77937.591	12.497	8310.2588	0.094	B-	-5605.2112	48.2223	132916330.558	13.416	False	2.7793646120949016
1675		13	73	60	133	Nd	x	-72332.38	46.575	8262.232	0.3502	B-	-6924.7272	68.5519	132922348.0	50.0	False	2.694171175506502
1676		11	72	61	133	Pm	x	-65407.653	50.301	8204.2841	0.3782	B-	-8177.0	302.0	132929782.0	54.0	False	2.688958953796849
1677		9	71	62	133	Sm	x	-57231.0	298.0	8137.0	2.0	B-	-9995.0	422.0	132938560.0	320.0	True	
1678		7	70	63	133	Eu	x	-47236.0	298.0	8056.0	2.0	B-	-11176.0	582.0	132949290.0	320.0	True	
1679		5	69	64	133	Gd	x	-36060.0	500.0	7966.0	4.0	B-			132961288.0	537.0	True	
1680	0.0	38	86	48	134	Cd	x	-39460.0	300.0	8086.0	2.0	B-	12510.0	361.0	133957638.0	322.0	True	
1681		36	85	49	134	In	x	-51970.0	200.0	8173.0	1.0	B-	14464.0	200.0	133944208.0	215.0	True	
1682		34	84	50	134	Sn	x	-66433.759	3.167	8275.1719	0.0236	B-	7585.2453	4.4136	133928680.43	3.4	False	2.861574544765256
1683		32	83	51	134	Sb	x	-74019.004	3.074	8325.9398	0.0229	B-	8514.7483	4.1221	133920537.334	3.3	False	2.8632765712286177
1684		30	82	52	134	Te		-82533.752	2.746	8383.6442	0.0205	B-	1509.6875	4.9335	133911396.376	2.948	False	2.8696905882772583
1685		28	81	53	134	I		-84043.44	4.857	8389.0722	0.0362	B-	4082.3946	4.8567	133909775.66	5.213	False	2.836825712142867
1686		26	80	54	134	Xe		-88125.83443	0.00577	8413.6994	0.0003	B-	-1234.6691	0.016	133905393.03	0.006	False	3.170888214205004
1687		24	79	55	134	Cs		-86891.165	0.016	8398.647	0.0003	B-	2058.8368	0.2508	133906718.501	0.017	False	3.126198795750751
1688		22	78	56	134	Ba		-88950.002	0.251	8408.1731	0.0019	B-	-3731.3434	19.9312	133904508.249	0.269	False	2.9970155187550707
1689		20	77	57	134	La	x	-85218.659	19.93	8374.4888	0.1487	B-	-385.7605	28.5098	133908514.011	21.395	False	2.7504396157690056
1690		18	76	58	134	Ce	x	-84832.898	20.387	8365.7716	0.1521	B-	-6304.8987	28.7814	133908928.142	21.886	False	2.7489888814945402
1691		16	75	59	134	Pr	x	-78528.0	20.316	8312.8817	0.1516	B-	-2881.5569	23.5032	133915696.729	21.81	False	2.749214693816316
1692		14	74	60	134	Nd	x	-75646.443	11.817	8285.5391	0.0882	B-	-8882.5343	43.5512	133918790.207	12.686	False	2.783296507968004
1693		12	73	61	134	Pm	x	-66763.908	41.917	8213.4131	0.3128	B-	-5388.0	200.0	133928326.0	45.0	False	2.7017740702945066
1694		10	72	62	134	Sm	x	-61376.0	196.0	8167.0	1.0	B-	-11576.0	358.0	133934110.0	210.0	True	
1695		8	71	63	134	Eu	x	-49800.0	300.0	8075.0	2.0	B-	-8271.0	500.0	133946537.0	322.0	True	
1696		6	70	64	134	Gd	x	-41530.0	400.0	8008.0	3.0	B-			133955416.0	429.0	True	
1697	0.0	39	87	48	135	Cd	x	-32820.0	400.0	8036.0	3.0	B-	14290.0	500.0	134964766.0	429.0	True	
1698		37	86	49	135	In	x	-47110.0	300.0	8136.0	2.0	B-	13522.0	300.0	134949425.0	322.0	True	
1699		35	85	50	135	Sn	x	-60632.252	3.074	8230.6877	0.0228	B-	9058.08	4.0522	134934908.603	3.3	False	2.863707208314692
1700		33	84	51	135	Sb		-69690.332	2.64	8291.9894	0.0196	B-	8038.4581	3.1524	134925184.354	2.834	False	2.872351579348101
1701		31	83	52	135	Te		-77728.79	1.722	8345.7384	0.0128	B-	6050.3894	2.685	134916554.715	1.848	False	2.8962468578070566
1702		29	82	53	135	I		-83779.18	2.06	8384.7609	0.0153	B-	2634.1851	3.8284	134910059.355	2.211	False	2.8862897704376556
1703		27	81	54	135	Xe		-86413.365	3.668	8398.4783	0.0272	B-	1168.5917	3.6623	134907231.441	3.938	False	2.853559361489809
1704		25	80	55	135	Cs		-87581.956	0.364	8401.3393	0.0027	B-	268.6983	0.2862	134905976.907	0.39	False	2.978672436845627
1705		23	79	56	135	Ba		-87850.655	0.245	8397.5345	0.0018	B-	-1207.1973	9.4299	134905688.447	0.263	False	2.998512791078483
1706		21	78	57	135	La		-86643.458	9.432	8382.7972	0.0699	B-	-2027.1499	4.6101	134906984.427	10.126	False	2.7975855398440195
1707		19	77	58	135	Ce		-84616.308	10.266	8361.9861	0.076	B-	-3680.4357	15.654	134909160.662	11.021	False	2.792410324982156
1708		17	76	59	135	Pr	x	-80935.872	11.817	8328.9284	0.0875	B-	-4722.2522	22.4837	134913111.772	12.686	False	2.7837538155566417
1709		15	75	60	135	Nd	x	-76213.62	19.128	8288.1536	0.1417	B-	-6151.2907	85.0809	134918181.318	20.534	False	2.753539497331815
1710		13	74	61	135	Pm	x	-70062.329	82.903	8236.7933	0.6141	B-	-7205.1069	175.4501	134924785.0	89.0	False	2.6554642585001074
1711		11	73	62	135	Sm	x	-62857.222	154.628	8177.627	1.1454	B-	-8709.0	249.0	134932520.0	166.0	False	2.6106797222285714
1712		9	72	63	135	Eu	x	-54148.0	196.0	8107.0	1.0	B-	-9898.0	445.0	134941870.0	210.0	True	
1713		7	71	64	135	Gd	x	-44250.0	400.0	8028.0	3.0	B-	-11197.0	565.0	134952496.0	429.0	True	
1714		5	70	65	135	Tb	-p	-33053.0	400.0	7939.0	3.0	B-			134964516.0	429.0	True	
1715	0.0	38	87	49	136	In	x	-40970.0	300.0	8091.0	2.0	B-	15200.0	361.0	135956017.0	322.0	True	
1716		36	86	50	136	Sn	x	-56170.0	200.0	8197.0	1.0	B-	8337.0	200.0	135939699.0	215.0	True	
1717		34	85	51	136	Sb		-64506.89	5.83	8252.2533	0.0429	B-	9918.3897	6.2599	135930749.009	6.258	False	2.826946422584975
1718		32	84	52	136	Te		-74425.279	2.281	8319.4301	0.0168	B-	5119.9455	14.188	135920101.18	2.448	False	2.8810117793750365
1719		30	83	53	136	I		-79545.225	14.188	8351.3242	0.1043	B-	6883.9455	14.188	135914604.693	15.231	False	2.772851469917455
1720		28	82	54	136	Xe		-86429.17	0.007	8396.1889	0.0003	B-	-90.3151	1.873	135907214.474	0.007	False	3.1650246553487342
1721		26	81	55	136	Cs	+	-86338.855	1.873	8389.7723	0.0138	B-	2548.2241	1.857	135907311.431	2.01	False	2.892000927616203
1722		24	80	56	136	Ba		-88887.079	0.245	8402.7566	0.0018	B-	-2849.5915	53.1715	135904575.8	0.262	False	2.9990704119712657
1723		22	79	57	136	La	x	-86037.488	53.171	8376.0512	0.391	B-	471.0621	53.172	135907634.962	57.081	False	2.6866913663086183
1724		20	78	58	136	Ce		-86508.55	0.324	8373.7624	0.0024	B-	-5168.129	11.4561	135907129.256	0.348	False	2.9848247591413446
1725		18	77	59	136	Pr		-81340.421	11.455	8330.0089	0.0842	B-	-2141.1234	16.4578	135912677.47	12.296	False	2.7861370991998684
1726		16	76	60	136	Nd	x	-79199.297	11.817	8308.5127	0.0869	B-	-8029.3747	70.0764	135914976.061	12.686	False	2.7842109868701836
1727		14	75	61	136	Pm	x	-71169.923	69.073	8243.7207	0.5079	B-	-4359.0237	70.1942	135923595.949	74.152	False	2.6687192091217247
1728		12	74	62	136	Sm	x	-66810.899	12.497	8205.9165	0.0919	B-	-10567.0	196.0	135928275.553	13.416	False	2.7807546584444003
1729		10	73	63	136	Eu	x	-56244.0	196.0	8122.0	1.0	B-	-7154.0	357.0	135939620.0	210.0	True	
1730		8	72	64	136	Gd	x	-49090.0	298.0	8064.0	2.0	B-	-13190.0	582.0	135947300.0	320.0	True	
1731		6	71	65	136	Tb	x	-35900.0	500.0	7961.0	4.0	B-			135961460.0	537.0	True	
1732	0.0	39	88	49	137	In	x	-35830.0	400.0	8053.0	3.0	B-	14320.0	500.0	136961535.0	429.0	True	
1733		37	87	50	137	Sn	x	-50150.0	300.0	8152.0	2.0	B-	9911.0	304.0	136946162.0	322.0	True	
1734		35	86	51	137	Sb	x	-60060.392	52.164	8218.4764	0.3808	B-	9243.3698	52.2059	136935522.519	56.0	False	2.688505035633171
1735		33	85	52	137	Te		-69303.762	2.1	8280.2357	0.0153	B-	7052.5063	8.6426	136925599.354	2.254	False	2.8860425029725785
1736		31	84	53	137	I	p-2n	-76356.268	8.383	8326.0033	0.0612	B-	6027.1455	8.3841	136918028.178	9.0	False	2.8056407118784557
1737		29	83	54	137	Xe	-n	-82383.414	0.104	8364.2865	0.0008	B-	4162.3582	0.3193	136911557.771	0.111	False	3.04133024281406
1738		27	82	55	137	Cs	+	-86545.772	0.302	8388.9581	0.0022	B-	1175.6285	0.1723	136907089.296	0.324	False	2.988799539420667
1739		25	81	56	137	Ba		-87721.401	0.248	8391.8288	0.0018	B-	-580.5356	1.6231	136905827.207	0.266	False	2.9986810628472553
1740		23	80	57	137	La	+	-87140.865	1.64	8381.8807	0.012	B-	-1222.1	1.6	136906450.438	1.76	False	2.8997440668302708
1741		21	79	58	137	Ce		-85918.765	0.36	8367.2497	0.0026	B-	-2716.9515	8.1328	136907762.416	0.386	False	2.97994510438008
1742		19	78	59	137	Pr		-83201.814	8.135	8341.7074	0.0594	B-	-3617.8447	14.2706	136910679.183	8.733	False	2.8074568480654345
1743		17	77	60	137	Nd		-79583.969	11.725	8309.5892	0.0856	B-	-5511.1108	17.5366	136914563.099	12.586	False	2.7851521321361528
1744		15	76	61	137	Pm	x	-74072.858	13.041	8263.6516	0.0952	B-	-6081.2029	31.446	136920479.519	14.0	False	2.7785616949810916
1745		13	75	62	137	Sm		-67991.655	28.614	8213.5527	0.2089	B-	-7845.7518	28.9474	136927007.959	30.718	False	2.728513378239341
1746		11	74	63	137	Eu	x	-60145.904	4.378	8150.5738	0.032	B-	-8932.0	298.0	136935430.719	4.7	False	2.84417990591713
1747		9	73	64	137	Gd	x	-51214.0	298.0	8080.0	2.0	B-	-10246.0	499.0	136945020.0	320.0	True	
1748		7	72	65	137	Tb	x	-40967.0	401.0	7999.0	3.0	B-			136956020.0	430.0	True	
1749	0.0	38	88	50	138	Sn	x	-45510.0	400.0	8118.0	3.0	B-	9140.0	500.0	137951143.0	429.0	True	
1750		36	87	51	138	Sb	x	-54650.0	300.0	8178.0	2.0	B-	11046.0	300.0	137941331.0	322.0	True	
1751		34	86	52	138	Te		-65695.995	3.787	8252.5786	0.0274	B-	6283.9149	7.0625	137929472.452	4.065	False	2.853006703736956
1752		32	85	53	138	I	x	-71979.91	5.962	8292.445	0.0432	B-	7992.3346	6.5881	137922726.392	6.4	False	2.8264793179138508
1753		30	84	54	138	Xe		-79972.244	2.804	8344.6913	0.0203	B-	2914.7839	9.578	137914146.268	3.01	False	2.870180492818495
1754		28	83	55	138	Cs		-82887.028	9.158	8360.1437	0.0664	B-	5374.7776	9.1584	137911017.119	9.831	False	2.800725310536441
1755		26	82	56	138	Ba		-88261.806	0.249	8393.4222	0.0018	B-	-1748.3977	0.3384	137905247.059	0.267	False	2.998856588413454
1756		24	81	57	138	La		-86513.408	0.416	8375.0835	0.003	B-	1052.4585	0.4018	137907124.041	0.446	False	2.972951108610305
1757		22	80	58	138	Ce		-87565.867	0.499	8377.0408	0.0036	B-	-4437.0	10.0	137905994.18	0.536	False	2.9635036628000044
1758		20	79	59	138	Pr	-	-83128.867	10.012	8339.2195	0.0726	B-	-1111.6847	15.3256	137910757.495	10.748	False	2.7952914085784806
1759		18	78	60	138	Nd		-82017.182	11.603	8325.4946	0.0841	B-	-7102.8119	16.0995	137911950.938	12.456	False	2.786240336486066
1760		16	77	61	138	Pm		-74914.37	11.603	8268.3558	0.0841	B-	-3416.5976	16.5613	137919576.119	12.456	False	2.786243745169778
1761		14	76	62	138	Sm	x	-71497.772	11.817	8237.9286	0.0856	B-	-9748.0968	30.3408	137923243.988	12.686	False	2.7851167219952773
1762		12	75	63	138	Eu	x	-61749.676	27.945	8161.6211	0.2025	B-	-6090.0	202.0	137933709.0	30.0	False	2.730534613280244
1763		10	74	64	138	Gd	x	-55660.0	200.0	8112.0	1.0	B-	-12059.0	361.0	137940247.0	215.0	True	
1764		8	73	65	138	Tb	x	-43600.0	300.0	8019.0	2.0	B-	-8669.0	586.0	137953193.0	322.0	True	
1765		6	72	66	138	Dy	x	-34931.0	503.0	7950.0	4.0	B-			137962500.0	540.0	True	
1766	0.0	39	89	50	139	Sn	x	-39310.0	400.0	8073.0	3.0	B-	10740.0	565.0	138957799.0	429.0	True	
1767		37	88	51	139	Sb	x	-50050.0	400.0	8144.0	3.0	B-	10155.0	400.0	138946269.0	429.0	True	
1768		35	87	52	139	Te	x	-60205.08	3.54	8211.7716	0.0255	B-	8265.8835	5.3454	138935367.191	3.8	False	2.8573042452090274
1769		33	86	53	139	I	x	-68470.964	4.005	8265.61	0.0288	B-	7173.6224	4.5424	138926493.4	4.3	False	2.850176910662773
1770		31	85	54	139	Xe	x	-75644.586	2.142	8311.5904	0.0154	B-	5056.5023	3.796	138918792.2	2.3	False	2.8857215718909144
1771		29	84	55	139	Cs	+	-80701.088	3.134	8342.3397	0.0225	B-	4212.8293	3.1235	138913363.822	3.364	False	2.8642690421122845
1772		27	83	56	139	Ba	-n	-84913.918	0.253	8367.0194	0.0018	B-	2308.4632	0.6571	138908841.164	0.271	False	2.9984767497859335
1773		25	82	57	139	La		-87222.381	0.607	8377.9987	0.0044	B-	-264.6396	1.9989	138906362.927	0.651	False	2.9537927930485055
1774		23	81	58	139	Ce		-86957.741	2.089	8370.4664	0.015	B-	-2129.089	2.9962	138906647.029	2.242	False	2.887141230730653
1775		21	80	59	139	Pr		-84828.652	3.649	8349.5208	0.0263	B-	-2811.7226	27.6166	138908932.7	3.917	False	2.855550419050997
1776		19	79	60	139	Nd		-82016.93	27.521	8323.6642	0.198	B-	-4515.9014	25.87	138911951.208	29.545	False	2.7319904215158988
1777		17	78	61	139	Pm		-77501.028	13.588	8285.5473	0.0978	B-	-5120.7993	17.4098	138916799.228	14.587	False	2.7769078204964583
1778		15	77	62	139	Sm	x	-72380.229	10.884	8243.0786	0.0783	B-	-6982.1777	17.0705	138922296.631	11.684	False	2.790625387540729
1779		13	76	63	139	Eu	x	-65398.051	13.151	8187.2187	0.0946	B-	-7767.0	196.0	138929792.307	14.117	False	2.7789496689091626
1780		11	75	64	139	Gd	x	-57632.0	196.0	8126.0	1.0	B-	-9501.0	357.0	138938130.0	210.0	True	
1781		9	74	65	139	Tb	x	-48130.0	298.0	8052.0	2.0	B-	-10430.0	582.0	138948330.0	320.0	True	
1782		7	73	66	139	Dy	x	-37700.0	500.0	7971.0	4.0	B-			138959527.0	537.0	True	
1783	0.0	40	90	50	140	Sn	x	-34490.0	300.0	8038.0	2.0	B-	9900.0	671.0	139962973.0	322.0	True	
1784		38	89	51	140	Sb	x	-44390.0	600.0	8103.0	4.0	B-	11977.0	600.0	139952345.0	644.0	True	
1785		36	88	52	140	Te		-56367.449	14.377	8183.3567	0.1027	B-	7238.7734	18.7976	139939487.057	15.434	False	2.77384716655337
1786		34	87	53	140	I	x	-63606.223	12.109	8229.474	0.0865	B-	9380.2388	12.3313	139931715.914	13.0	False	2.784499738643607
1787		32	86	54	140	Xe	x	-72986.461	2.329	8290.8875	0.0166	B-	4063.2768	8.5232	139921645.814	2.5	False	2.8814600787608198
1788		30	85	55	140	Cs		-77049.738	8.199	8314.3227	0.0586	B-	6218.1669	9.8671	139917283.707	8.801	False	2.808299474019992
1789		28	84	56	140	Ba		-83267.905	7.9	8353.15	0.0564	B-	1044.1542	7.9051	139910608.231	8.48	False	2.8105348141655475
1790		26	83	57	140	La		-84312.059	0.607	8355.0201	0.0043	B-	3762.1676	1.3364	139909487.285	0.651	False	2.954167914427978
1791		24	82	58	140	Ce		-88074.227	1.313	8376.3045	0.0094	B-	-3388.0	6.0	139905448.433	1.409	False	2.9130893673132863
1792		22	81	59	140	Pr	-	-84686.227	6.142	8346.5163	0.0439	B-	-428.9806	6.9536	139909085.6	6.593	False	2.825566232282109
1793		20	80	60	140	Nd	x	-84257.246	3.26	8337.864	0.0233	B-	-6045.2	24.0	139909546.13	3.5	False	2.8624147840045646
1794		18	79	61	140	Pm	-	-78212.046	24.22	8289.0958	0.173	B-	-2756.101	27.2546	139916035.918	26.001	False	2.740737957967769
1795		16	78	62	140	Sm	x	-75455.945	12.497	8263.8211	0.0893	B-	-8470.0	50.0	139918994.714	13.416	False	2.7825468611941533
1796		14	77	63	140	Eu	-	-66985.945	51.538	8197.733	0.3681	B-	-5203.6675	58.6268	139928087.633	55.328	False	2.6907928173190068
1797		12	76	64	140	Gd	x	-61782.278	27.945	8154.9757	0.1996	B-	-11300.0	800.0	139933674.0	30.0	False	2.7314725262114927
1798		10	75	65	140	Tb	-	-50482.278	800.488	8068.6732	5.7178	B-	-7652.0	895.0	139945805.048	859.359	False	2.484954901651244
1799		8	74	66	140	Dy	x	-42830.0	401.0	8008.0	3.0	B-	-13513.0	641.0	139954020.0	430.0	True	
1800		6	73	67	140	Ho	-p	-29317.0	500.0	7906.0	4.0	B-			139968526.0	537.0	True	
1801	0.0	39	90	51	141	Sb	x	-39540.0	500.0	8069.0	4.0	B-	11129.0	640.0	140957552.0	537.0	True	
1802		37	89	52	141	Te	x	-50670.0	400.0	8142.0	3.0	B-	9257.0	400.0	140945604.0	429.0	True	
1803		35	88	53	141	I	x	-59926.666	15.835	8202.2562	0.1123	B-	8270.643	16.0965	140935666.081	17.0	False	2.768241833897356
1804		33	87	54	141	Xe	x	-68197.309	2.888	8255.3647	0.0205	B-	6280.0423	9.6378	140926787.181	3.1	False	2.8697352241850798
1805		31	86	55	141	Cs		-74477.351	9.195	8294.3554	0.0652	B-	5255.141	9.6174	140920045.279	9.871	False	2.8017895761603877
1806		29	85	56	141	Ba		-79732.492	5.318	8326.0774	0.0377	B-	3197.3515	6.551	140914403.653	5.709	False	2.8344842608480594
1807		27	84	57	141	La		-82929.844	4.127	8343.205	0.0293	B-	2501.2141	3.9279	140910971.155	4.43	False	2.849274219318392
1808		25	83	58	141	Ce		-85431.058	1.315	8355.3956	0.0093	B-	583.4758	1.1784	140908285.991	1.411	False	2.913400174006277
1809		23	82	59	141	Pr		-86014.533	1.498	8353.9852	0.0106	B-	-1823.0137	2.809	140907659.604	1.607	False	2.9063132505433638
1810		21	81	60	141	Nd	-	-84191.52	3.183	8335.5074	0.0226	B-	-3668.5879	14.3304	140909616.69	3.417	False	2.864191256148594
1811		19	80	61	141	Pm	x	-80522.932	13.972	8303.9405	0.0991	B-	-4588.9724	16.373	140913555.081	15.0	False	2.7760581327873073
1812		17	79	62	141	Sm		-75933.959	8.535	8265.846	0.0605	B-	-6008.3127	14.2829	140918481.545	9.162	False	2.8063031763677313
1813		15	78	63	141	Eu		-69925.647	12.639	8217.6853	0.0896	B-	-6701.4161	23.4562	140924931.734	13.568	False	2.7822929725990977
1814		13	77	64	141	Gd	x	-63224.231	19.76	8164.609	0.1401	B-	-8683.388	107.0975	140932126.0	21.213	False	2.7542449209875404
1815		11	76	65	141	Tb	x	-54540.843	105.259	8097.4761	0.7465	B-	-9158.0	316.0	140941448.0	113.0	False	2.641658748772219
1816		9	75	66	141	Dy	x	-45382.0	298.0	8027.0	2.0	B-	-11018.0	499.0	140951280.0	320.0	True	
1817		7	74	67	141	Ho	-p	-34364.0	401.0	7943.0	3.0	B-			140963108.0	430.0	True	
1818	0.0	40	91	51	142	Sb	x	-33610.0	300.0	8027.0	2.0	B-	12939.0	583.0	141963918.0	322.0	True	
1819		38	90	52	142	Te	x	-46550.0	500.0	8113.0	4.0	B-	8253.0	500.0	141950027.0	537.0	True	
1820		36	89	53	142	I	x	-54802.969	4.937	8165.2517	0.0348	B-	10426.6792	5.6276	141941166.595	5.3	False	2.83926653876871
1821		34	88	54	142	Xe	x	-65229.648	2.701	8233.1695	0.019	B-	5284.9078	7.5655	141929973.095	2.9	False	2.873911111174038
1822		32	87	55	142	Cs		-70514.556	7.067	8264.8777	0.0498	B-	7327.7007	8.3627	141924299.514	7.586	False	2.818069841848923
1823		30	86	56	142	Ba		-77842.257	5.92	8310.9718	0.0417	B-	2181.6932	8.3754	141916432.904	6.355	False	2.828585418593141
1824		28	85	57	142	La		-80023.95	6.286	8320.8263	0.0443	B-	4508.9455	5.8446	141914090.76	6.748	False	2.825032102493303
1825		26	84	58	142	Ce		-84532.896	2.443	8347.07	0.0172	B-	-746.5288	2.4868	141909250.208	2.623	False	2.8795567991161612
1826		24	83	59	142	Pr		-83786.367	1.498	8336.3032	0.0106	B-	2163.6885	1.3656	141910051.64	1.607	False	2.906700760496334
1827		22	82	60	142	Nd		-85950.055	1.256	8346.031	0.0088	B-	-4808.5196	23.6216	141907728.824	1.348	False	2.916259623088102
1828		20	81	61	142	Pm		-81141.536	23.596	8306.6587	0.1662	B-	-2159.6062	23.6524	141912890.982	25.33	False	2.743335907873889
1829		18	80	62	142	Sm		-78981.93	1.866	8285.9407	0.0131	B-	-7673.0	30.0	141915209.415	2.002	False	2.8946179323204295
1830		16	79	63	142	Eu	-	-71308.93	30.058	8226.396	0.2117	B-	-4349.4074	41.0414	141923446.719	32.268	False	2.7276385790112023
1831		14	78	64	142	Gd	x	-66959.522	27.945	8190.2569	0.1968	B-	-10400.0	700.0	141928116.0	30.0	False	2.7323937368618463
1832		12	77	65	142	Tb	-	-56559.522	700.558	8111.508	4.9335	B-	-6440.0	200.0	141939280.858	752.079	False	2.497170190310779
1833		10	76	66	142	Dy	-	-50120.0	729.0	8061.0	5.0	B-	-12869.0	831.0	141946194.0	782.0	True	
1834		8	75	67	142	Ho	x	-37250.0	401.0	7965.0	3.0	B-	-9321.0	641.0	141960010.0	430.0	True	
1835		6	74	68	142	Er	x	-27930.0	500.0	7893.0	4.0	B-			141970016.0	537.0	True	
1836	0.0	39	91	52	143	Te	x	-40530.0	500.0	8070.0	3.0	B-	10259.0	539.0	142956489.0	537.0	True	
1837		37	90	53	143	I	x	-50790.0	200.0	8137.0	1.0	B-	9413.0	200.0	142945475.0	215.0	True	
1838		35	89	54	143	Xe	x	-60202.882	4.657	8196.8855	0.0326	B-	7472.6365	8.8908	142935369.55	5.0	False	2.8430742831700915
1839		33	88	55	143	Cs		-67675.519	7.573	8243.6707	0.053	B-	6261.6865	9.7303	142927347.346	8.13	False	2.814347442397985
1840		31	87	56	143	Ba		-73937.205	6.756	8281.9878	0.0472	B-	4234.2623	9.9682	142920625.149	7.253	False	2.82116367211222
1841		29	86	57	143	La		-78171.467	7.329	8306.1271	0.0513	B-	3434.9108	7.5812	142916079.482	7.868	False	2.8163043815904043
1842		27	85	58	143	Ce		-81606.378	2.442	8324.6765	0.0171	B-	1461.8214	1.8649	142912391.953	2.621	False	2.879995130457035
1843		25	84	59	143	Pr		-83068.2	1.816	8329.428	0.0127	B-	934.1107	1.3673	142910822.624	1.949	False	2.89648718467281
1844		23	83	60	143	Nd		-84002.31	1.255	8330.4893	0.0088	B-	-1041.6463	2.683	142909819.815	1.347	False	2.9166806495764117
1845		21	82	61	143	Pm		-82960.664	2.944	8317.7341	0.0206	B-	-3443.5291	3.5604	142910938.068	3.16	False	2.8694409032242434
1846		19	81	62	143	Sm		-79517.135	2.75	8288.1825	0.0192	B-	-5275.824	11.3245	142914634.848	2.951	False	2.873316809714728
1847		17	80	63	143	Eu	x	-74241.311	10.986	8245.8177	0.0768	B-	-6010.0	200.0	142920298.678	11.793	False	2.791796291754335
1848		15	79	64	143	Gd	-	-68231.311	200.301	8198.3188	1.4007	B-	-7812.1185	206.7497	142926750.678	215.032	False	2.595781133273591
1849		13	78	65	143	Tb	x	-60419.192	51.232	8138.2176	0.3583	B-	-8250.2433	52.8659	142935137.332	55.0	False	2.6926365734604536
1850		11	77	66	143	Dy	x	-52168.949	13.041	8075.0527	0.0912	B-	-10121.0	298.0	142943994.332	14.0	False	2.781232886930869
1851		9	76	67	143	Ho	x	-42048.0	298.0	7999.0	2.0	B-	-10887.0	499.0	142954860.0	320.0	True	
1852		7	75	68	143	Er	x	-31160.0	400.0	7917.0	3.0	B-			142966548.0	429.0	True	
1853	0.0	40	92	52	144	Te	x	-36220.0	300.0	8040.0	2.0	B-	9110.0	500.0	143961116.0	322.0	True	
1854		38	91	53	144	I	x	-45330.0	400.0	8098.0	3.0	B-	11542.0	400.0	143951336.0	429.0	True	
1855		36	90	54	144	Xe	x	-56872.301	5.31	8172.8845	0.0369	B-	6399.0606	20.8203	143938945.076	5.7	False	2.8358236753669797
1856		34	89	55	144	Cs		-63271.362	20.132	8211.8894	0.1398	B-	8495.7679	20.4163	143932075.402	21.612	False	2.7543995050915644
1857		32	88	56	144	Ba		-71767.13	7.136	8265.4549	0.0496	B-	3082.53	14.7744	143922954.821	7.661	False	2.81831742842876
1858		30	87	57	144	La	x	-74849.66	12.937	8281.4283	0.0898	B-	5582.2823	13.2432	143919645.589	13.888	False	2.782151634437836
1859		28	86	58	144	Ce	+	-80431.942	2.833	8314.7612	0.0197	B-	318.6462	0.8321	143913652.763	3.041	False	2.872011888663344
1860		26	85	59	144	Pr	+	-80750.588	2.708	8311.5411	0.0188	B-	2997.44	2.4	143913310.682	2.907	False	2.874558498393287
1861		24	84	60	144	Nd		-83748.028	1.255	8326.9237	0.0087	B-	-2331.9117	2.6464	143910092.798	1.346	False	2.917098185746342
1862		22	83	61	144	Pm		-81416.116	2.912	8305.2969	0.0202	B-	549.5096	2.6679	143912596.208	3.126	False	2.870450330204137
1863		20	82	62	144	Sm		-81965.626	1.459	8303.68	0.0101	B-	-6346.4515	10.8092	143912006.285	1.566	False	2.908876593846287
1864		18	81	63	144	Eu		-75619.175	10.787	8254.1744	0.0749	B-	-3859.6633	29.9546	143918819.481	11.58	False	2.793339458322476
1865		16	80	64	144	Gd	x	-71759.511	27.945	8221.9382	0.1941	B-	-9391.3235	39.5199	143922963.0	30.0	False	2.733301444852488
1866		14	79	65	144	Tb	x	-62368.188	27.945	8151.2877	0.1941	B-	-5798.0965	28.8506	143933045.0	30.0	False	2.733305998324453
1867		12	78	66	144	Dy	x	-56570.091	7.173	8105.5902	0.0498	B-	-11960.5706	11.1039	143939269.512	7.7	False	2.8180209751818066
1868		10	77	67	144	Ho	x	-44609.521	8.477	8017.0977	0.0589	B-	-8002.0	196.0	143952109.712	9.1	False	2.8079991094265058
1869		8	76	68	144	Er	x	-36608.0	196.0	7956.0	1.0	B-	-14448.0	445.0	143960700.0	210.0	True	
1870		6	75	69	144	Tm	-p	-22159.0	400.0	7850.0	3.0	B-			143976211.0	429.0	True	
1871	0.0	41	93	52	145	Te	x	-30010.0	300.0	7998.0	2.0	B-	11120.0	583.0	144967783.0	322.0	True	
1872		39	92	53	145	I	x	-41130.0	500.0	8069.0	3.0	B-	10363.0	500.0	144955845.0	537.0	True	
1873		37	91	54	145	Xe	x	-51493.337	11.178	8135.0877	0.0771	B-	8561.0867	14.3929	144944719.631	12.0	False	2.791591785728622
1874		35	90	55	145	Cs		-60054.424	9.067	8188.7342	0.0625	B-	7461.7591	12.4121	144935528.927	9.733	False	2.8043464037155914
1875		33	89	56	145	Ba	x	-67516.183	8.477	8234.7991	0.0585	B-	5319.1425	14.9122	144927518.4	9.1	False	2.8084064094019086
1876		31	88	57	145	La		-72835.325	12.269	8266.0873	0.0846	B-	4231.7331	35.2977	144921808.065	13.17	False	2.7858604731726997
1877		29	87	58	145	Ce		-77067.059	33.9	8289.8762	0.2338	B-	2558.9318	33.6347	144917265.113	36.393	False	2.721117589912012
1878		27	86	59	145	Pr		-79625.99	7.149	8302.1285	0.0493	B-	1806.014	7.037	144914517.987	7.674	False	2.8186260892466217
1879		25	85	60	145	Nd		-81432.004	1.271	8309.1883	0.0088	B-	-164.4982	2.5361	144912579.151	1.364	False	2.9167550627769474
1880		23	84	61	145	Pm		-81267.506	2.805	8302.6583	0.0193	B-	-616.099	2.539	144912755.748	3.011	False	2.8729639046720936
1881		21	83	62	145	Sm		-80651.407	1.485	8293.0139	0.0102	B-	-2659.8832	2.7224	144913417.157	1.594	False	2.9082880984814725
1882		19	82	63	145	Eu		-77991.524	3.06	8269.2744	0.0211	B-	-5064.8984	19.9521	144916272.659	3.285	False	2.868029578263181
1883		17	81	64	145	Gd		-72926.626	19.716	8228.9485	0.136	B-	-6526.9329	109.7144	144921710.051	21.165	False	2.756164285982433
1884		15	80	65	145	Tb		-66399.693	110.896	8178.5397	0.7648	B-	-8157.0853	111.0872	144928717.001	119.051	False	2.639928421525035
1885		13	79	66	145	Dy	x	-58242.607	6.52	8116.8884	0.045	B-	-9122.4943	9.9019	144937473.992	7.0	False	2.8241074726013324
1886		11	78	67	145	Ho	x	-49120.113	7.452	8048.5792	0.0514	B-	-9880.0	200.0	144947267.392	8.0	False	2.816153293619686
1887		9	77	68	145	Er	x	-39240.0	200.0	7975.0	1.0	B-	-11657.0	280.0	144957874.0	215.0	True	
1888		7	76	69	145	Tm	-p	-27583.0	196.0	7889.0	1.0	B-			144970389.0	210.0	True	
1889	0.0	40	93	53	146	I	x	-35540.0	300.0	8031.0	2.0	B-	12415.0	301.0	145961846.0	322.0	True	
1890		38	92	54	146	Xe	x	-47954.95	24.219	8110.4154	0.1659	B-	7355.4298	24.3911	145948518.245	26.0	False	2.743460327587655
1891		36	91	55	146	Cs	x	-55310.38	2.893	8155.4365	0.0198	B-	9555.8882	3.3918	145940621.867	3.106	False	2.8716064904746808
1892		34	90	56	146	Ba	x	-64866.269	1.77	8215.5293	0.0121	B-	4354.9052	2.4366	145930363.2	1.9	False	2.899044386990704
1893		32	89	57	146	La		-69221.174	1.675	8239.9988	0.0115	B-	6404.6947	14.7146	145925688.017	1.797	False	2.902107592584097
1894		30	88	58	146	Ce		-75625.868	14.665	8278.5081	0.1004	B-	1047.6178	32.4842	145918812.294	15.743	False	2.775220576046734
1895		28	87	59	146	Pr		-76673.486	34.356	8280.325	0.2353	B-	4252.43	34.3686	145917687.63	36.882	False	2.720691930664557
1896		26	86	60	146	Nd		-80925.916	1.273	8304.0927	0.0087	B-	-1471.556	4.1194	145913122.459	1.366	False	2.917048048836491
1897		24	85	61	146	Pm	+	-79454.36	4.275	8288.655	0.0293	B-	1542.0	3.0	145914702.24	4.589	False	2.849252881480833
1898		22	84	62	146	Sm		-80996.36	3.045	8293.8581	0.0209	B-	-3878.7573	5.8685	145913046.835	3.269	False	2.8686961582920736
1899		20	83	63	146	Eu		-77117.603	6.009	8261.9327	0.0412	B-	-1031.7798	7.075	145917210.852	6.451	False	2.8293420255947344
1900		18	82	64	146	Gd		-76085.823	4.076	8249.5072	0.0279	B-	-8322.1791	44.7488	145918318.513	4.376	False	2.8520017603143146
1901		16	81	65	146	Tb		-67763.644	44.86	8187.1474	0.3073	B-	-5208.7165	45.158	145927252.739	48.159	False	2.702978076258679
1902		14	80	66	146	Dy		-62554.928	6.695	8146.1128	0.0459	B-	-11316.7007	9.3917	145932844.526	7.187	False	2.822948087091484
1903		12	79	67	146	Ho		-51238.227	6.587	8063.2426	0.0451	B-	-6916.2074	9.3987	145944993.503	7.071	False	2.823919610750008
1904		10	78	68	146	Er		-44322.019	6.705	8010.5127	0.0459	B-	-13267.0	200.0	145952418.357	7.197	False	2.8228734209623587
1905		8	77	69	146	Tm	-p	-31055.0	200.0	7914.0	1.0	B-			145966661.0	215.0	True	
1906	0.0	41	94	53	147	I	x	-31200.0	300.0	8001.0	2.0	B-	11199.0	361.0	146966505.0	322.0	True	
1907		39	93	54	147	Xe	x	-42400.0	200.0	8072.0	1.0	B-	9520.0	200.0	146954482.0	215.0	True	
1908		37	92	55	147	Cs	x	-51920.073	8.383	8131.801	0.057	B-	8343.9631	21.4535	146944261.512	9.0	False	2.809904938019623
1909		35	91	56	147	Ba	x	-60264.036	19.748	8183.2405	0.1343	B-	6414.3615	22.466	146935303.9	21.2	False	2.756935710355654
1910		33	90	57	147	La	x	-66678.397	10.712	8221.5536	0.0729	B-	5335.5046	13.7248	146928417.8	11.5	False	2.7950293520578655
1911		31	89	58	147	Ce		-72013.902	8.58	8252.5274	0.0584	B-	3430.1913	15.5317	146922689.9	9.211	False	2.8084997978337376
1912		29	88	59	147	Pr		-75444.093	15.855	8270.54	0.1079	B-	2702.7013	15.8571	146919007.438	17.02	False	2.7707747592500507
1913		27	87	60	147	Nd		-78146.794	1.275	8283.6036	0.0087	B-	895.1896	0.5664	146916105.969	1.368	False	2.9173394204305167
1914		25	86	61	147	Pm		-79041.984	1.288	8284.3712	0.0088	B-	224.0638	0.294	146915144.944	1.382	False	2.91678830411659
1915		23	85	62	147	Sm		-79266.048	1.262	8280.5734	0.0086	B-	-1721.4367	2.2832	146914904.401	1.354	False	2.917895098459132
1916		21	84	63	147	Eu		-77544.611	2.569	8263.5409	0.0175	B-	-2187.6833	2.5273	146916752.44	2.758	False	2.878685454668728
1917		19	83	64	147	Gd		-75356.928	1.887	8243.3366	0.0128	B-	-4614.2543	8.1414	146919101.014	2.025	False	2.8959021569785013
1918		17	82	65	147	Tb		-70742.674	8.096	8206.625	0.0551	B-	-6546.6266	11.9939	146924054.62	8.691	False	2.811998021488651
1919		15	81	66	147	Dy	x	-64196.047	8.849	8156.768	0.0602	B-	-8438.946	10.1644	146931082.712	9.5	False	2.8066387835589053
1920		13	80	67	147	Ho		-55757.101	5.001	8094.0381	0.034	B-	-9149.2869	38.5173	146940142.293	5.368	False	2.8405440829320763
1921		11	79	68	147	Er	x	-46607.814	38.191	8026.476	0.2598	B-	-10633.4071	38.7987	146949964.456	41.0	False	2.714166832463551
1922		9	78	69	147	Tm		-35974.407	6.839	7948.8178	0.0465	B-			146961379.887	7.341	False	2.822105129490366
1923	0.0	40	94	54	148	Xe	x	-38650.0	300.0	8047.0	2.0	B-	8261.0	300.0	147958508.0	322.0	True	
1924		38	93	55	148	Cs	x	-46910.95	13.041	8097.5469	0.0881	B-	10633.9614	13.1258	147949639.026	14.0	False	2.7833632905037256
1925		36	92	56	148	Ba	x	-57544.911	1.49	8164.1118	0.0101	B-	5163.8307	19.5252	147938223.0	1.6	False	2.9092099607627744
1926		34	91	57	148	La	x	-62708.742	19.468	8193.7165	0.1315	B-	7689.6824	22.4573	147932679.4	20.9	False	2.7582691028924593
1927		32	90	58	148	Ce		-70398.424	11.195	8240.3876	0.0756	B-	2137.0282	12.5663	147924424.186	12.017	False	2.7927521753607962
1928		30	89	59	148	Pr		-72535.452	15.041	8249.5409	0.1016	B-	4872.6133	15.0858	147922129.992	16.147	False	2.7744908040510365
1929		28	88	60	148	Nd		-77408.066	2.053	8277.1778	0.0139	B-	-542.1891	5.8755	147916899.027	2.203	False	2.8916121612306087
1930		26	87	61	148	Pm	+p	-76865.877	5.69	8268.2283	0.0384	B-	2470.1898	5.6409	147917481.091	6.108	False	2.8333642578847145
1931		24	86	62	148	Sm		-79336.067	1.246	8279.6326	0.0084	B-	-3038.5844	9.9657	147914829.233	1.337	False	2.91894403753551
1932		22	85	63	148	Eu		-76297.482	9.961	8253.8155	0.0673	B-	-28.063	9.9633	147918091.288	10.693	False	2.7998743067263465
1933		20	84	64	148	Gd		-76269.419	1.46	8248.3398	0.0099	B-	-5732.4723	12.5208	147918121.414	1.566	False	2.910372886588787
1934		18	83	65	148	Tb		-70536.947	12.463	8204.3207	0.0842	B-	-2677.5501	9.5961	147924275.476	13.379	False	2.7861540911049483
1935		16	82	66	148	Dy		-67859.397	8.724	8180.943	0.0589	B-	-9868.2304	84.2872	147927149.944	9.365	False	2.807910687965535
1936		14	81	67	148	Ho	x	-57991.166	83.834	8108.9797	0.5664	B-	-6512.1694	84.4583	147937743.925	90.0	False	2.661132751968994
1937		12	80	68	148	Er	x	-51478.997	10.246	8059.6924	0.0692	B-	-12713.963	14.4906	147944735.026	11.0	False	2.7981622928438807
1938		10	79	69	148	Tm	x	-38765.034	10.246	7968.5011	0.0692	B-	-8535.0	400.0	147958384.026	11.0	False	2.7981679130678536
1939		8	78	70	148	Yb	x	-30230.0	400.0	7906.0	3.0	B-			147967547.0	429.0	True	
1940	0.0	41	95	54	149	Xe	x	-33000.0	300.0	8009.0	2.0	B-	10300.0	500.0	148964573.0	322.0	True	
1941		39	94	55	149	Cs	x	-43300.0	400.0	8073.0	3.0	B-	9531.0	400.0	148953516.0	429.0	True	
1942		37	93	56	149	Ba	x	-52830.62	2.515	8131.8495	0.0169	B-	7389.301	200.2781	148943284.0	2.7	False	2.8806482134295823
1943		35	92	57	149	La	+	-60219.921	200.262	8176.1915	1.344	B-	6450.0	200.0	148935351.259	214.99	False	2.5988624724931793
1944		33	91	58	149	Ce	x	-66669.921	10.246	8214.2294	0.0688	B-	4369.4525	14.2296	148928426.9	11.0	False	2.798565943472375
1945		31	90	59	149	Pr	x	-71039.373	9.874	8238.304	0.0663	B-	3336.1617	10.0853	148923736.1	10.6	False	2.80081720392333
1946		29	89	60	149	Nd	-n	-74375.535	2.054	8255.4437	0.0138	B-	1688.8697	2.4588	148920154.583	2.205	False	2.891936828983044
1947		27	88	61	149	Pm		-76064.404	2.184	8261.5277	0.0147	B-	1071.4936	1.8747	148918341.507	2.344	False	2.888539513605024
1948		25	87	62	149	Sm		-77135.898	1.157	8263.4683	0.0078	B-	-694.5812	3.7881	148917191.211	1.241	False	2.9233219678300477
1949		23	86	63	149	Eu		-76441.317	3.903	8253.556	0.0262	B-	-1314.1437	4.1361	148917936.875	4.19	False	2.8556770882812117
1950		21	85	64	149	Gd		-75127.173	3.31	8239.4856	0.0222	B-	-3638.5336	4.3388	148919347.666	3.553	False	2.8651179427069056
1951		19	84	65	149	Tb		-71488.639	3.629	8209.8153	0.0244	B-	-3794.6493	9.1335	148923253.792	3.895	False	2.859869478273598
1952		17	83	66	149	Dy		-67693.99	9.183	8179.0972	0.0616	B-	-6048.1366	12.7928	148927327.516	9.858	False	2.8052183932383445
1953		15	82	67	149	Ho		-61645.854	11.985	8133.255	0.0804	B-	-7904.2328	30.4066	148933820.457	12.866	False	2.788980172532931
1954		13	81	68	149	Er	x	-53741.621	27.945	8074.9558	0.1875	B-	-9801.0	202.0	148942306.0	30.0	False	2.735527368938602
1955		11	80	69	149	Tm	x	-43940.0	200.0	8004.0	1.0	B-	-10611.0	361.0	148952828.0	215.0	True	
1956		9	79	70	149	Yb	x	-33330.0	300.0	7927.0	2.0	B-			148964219.0	322.0	True	
1957	0.0	42	96	54	150	Xe	x	-28990.0	300.0	7983.0	2.0	B-	9180.0	500.0	149968878.0	322.0	True	
1958		40	95	55	150	Cs	x	-38170.0	400.0	8039.0	3.0	B-	11720.0	400.0	149959023.0	429.0	True	
1959		38	94	56	150	Ba	x	-49889.799	5.682	8111.8405	0.0379	B-	6421.3477	6.2138	149946441.1	6.1	False	2.8342422238594094
1960		36	93	57	150	La	x	-56311.147	2.515	8149.4339	0.0168	B-	8535.7155	11.9641	149939547.5	2.7	False	2.881022129416418
1961		34	92	58	150	Ce		-64846.863	11.697	8201.123	0.078	B-	3453.6462	14.2913	149930384.032	12.556	False	2.790887952776707
1962		32	91	59	150	Pr		-68300.509	9.015	8218.9316	0.0601	B-	5379.4422	9.0682	149926676.391	9.677	False	2.8067428341133267
1963		30	90	60	150	Nd		-73679.951	1.129	8249.5789	0.0075	B-	-82.6155	20.001	149920901.322	1.211	False	2.924997095339921
1964		28	89	61	150	Pm	+	-73597.336	20.031	8243.8125	0.1335	B-	3454.0	20.0	149920990.014	21.504	False	2.757308827951712
1965		26	88	62	150	Sm		-77051.336	1.112	8261.6235	0.0074	B-	-2258.9662	6.1803	149917281.993	1.193	False	2.9257991264030982
1966		24	87	63	150	Eu		-74792.369	6.231	8241.3481	0.0415	B-	971.6815	3.5428	149919707.092	6.688	False	2.8288092807970187
1967		22	86	64	150	Gd		-75764.051	6.055	8242.6103	0.0404	B-	-4658.2621	8.3784	149918663.949	6.5	False	2.8304920734470933
1968		20	85	65	150	Tb		-71105.789	7.371	8206.3396	0.0491	B-	-1796.1707	8.3886	149923664.799	7.912	False	2.818831372037848
1969		18	84	66	150	Dy		-69309.618	4.319	8189.1495	0.0288	B-	-7363.7264	14.4629	149925593.068	4.636	False	2.8502322709989643
1970		16	83	67	150	Ho		-61945.892	14.168	8134.8423	0.0945	B-	-4114.5689	13.591	149933498.353	15.209	False	2.7790562036435498
1971		14	82	68	150	Er		-57831.323	17.194	8102.1962	0.1146	B-	-11340.0	196.0	149937915.524	18.458	False	2.7669625492831367
1972		12	81	69	150	Tm	x	-46491.0	196.0	8021.0	1.0	B-	-7661.0	358.0	149950090.0	210.0	True	
1973		10	80	70	150	Yb	x	-38830.0	300.0	7965.0	2.0	B-	-14059.0	424.0	149958314.0	322.0	True	
1974		8	79	71	150	Lu	-p	-24771.0	300.0	7866.0	2.0	B-			149973407.0	322.0	True	
1975	0.0	41	96	55	151	Cs	x	-34280.0	500.0	8013.0	3.0	B-	10660.0	640.0	150963199.0	537.0	True	
1976		39	95	56	151	Ba	x	-44940.0	400.0	8079.0	3.0	B-	8370.0	591.0	150951755.0	429.0	True	
1977		37	94	57	151	La	x	-53310.339	435.473	8129.0436	2.8839	B-	7914.7191	435.833	150942769.0	467.5	False	2.5404211359724997
1978		35	93	58	151	Ce	x	-61225.058	17.698	8176.2779	0.1172	B-	5554.6233	21.1885	150934272.2	19.0	False	2.765558822634127
1979		33	92	59	151	Pr		-66779.681	11.65	8207.8824	0.0772	B-	4163.5021	11.6789	150928309.066	12.506	False	2.7915396989021177
1980		31	91	60	151	Nd		-70943.183	1.133	8230.2741	0.0075	B-	2443.0767	4.4734	150923839.363	1.215	False	2.9251779237190476
1981		29	90	61	151	Pm		-73386.26	4.611	8241.2723	0.0305	B-	1190.2198	4.4757	150921216.613	4.949	False	2.8468309653733677
1982		27	89	62	151	Sm		-74576.48	1.11	8243.9735	0.0074	B-	76.6182	0.5375	150919938.859	1.191	False	2.926246428302146
1983		25	88	63	151	Eu		-74653.098	1.166	8239.2998	0.0077	B-	-464.1779	2.7791	150919856.606	1.251	False	2.9236085921625357
1984		23	87	64	151	Gd		-74188.92	2.993	8231.0446	0.0198	B-	-2565.3796	3.7615	150920354.922	3.212	False	2.8716061698482873
1985		21	86	65	151	Tb		-71623.541	4.094	8208.8743	0.0271	B-	-2871.1525	4.9455	150923108.97	4.395	False	2.8536970266843418
1986		19	85	66	151	Dy	-a	-68752.388	3.247	8184.6789	0.0215	B-	-5129.6421	8.7507	150926191.279	3.486	False	2.8669636084697157
1987		17	84	67	151	Ho	-a	-63622.746	8.298	8145.5267	0.055	B-	-5356.4558	18.442	150931698.176	8.908	False	2.8121331938605514
1988		15	83	68	151	Er	x	-58266.29	16.47	8104.8723	0.1091	B-	-7494.6768	25.4292	150937448.567	17.681	False	2.770078414324112
1989		13	82	69	151	Tm		-50771.613	19.375	8050.0576	0.1283	B-	-9229.2615	300.1329	150945494.433	20.799	False	2.7598532478185827
1990		11	81	70	151	Yb	ep	-41542.352	300.492	7983.7556	1.99	B-	-11242.0	425.0	150955402.453	322.591	False	2.569256203225198
1991		9	80	71	151	Lu	-p	-30300.0	300.0	7904.0	2.0	B-			150967471.0	322.0	True	
1992	0.0	42	97	55	152	Cs	x	-29130.0	500.0	7980.0	3.0	B-	12480.0	640.0	151968728.0	537.0	True	
1993		40	96	56	152	Ba	x	-41610.0	400.0	8057.0	3.0	B-	7680.0	500.0	151955330.0	429.0	True	
1994		38	95	57	152	La	x	-49290.0	300.0	8102.0	2.0	B-	9690.0	361.0	151947085.0	322.0	True	
1995		36	94	58	152	Ce	x	-58980.0	200.0	8161.0	1.0	B-	4778.0	201.0	151936682.0	215.0	True	
1996		34	93	59	152	Pr	x	-63758.07	18.537	8187.1049	0.122	B-	6391.5934	30.7035	151931552.9	19.9	False	2.763057250224855
1997		32	92	60	152	Nd		-70149.663	24.476	8224.0078	0.161	B-	1104.805	18.5011	151924691.242	26.276	False	2.7453613697126733
1998		30	91	61	152	Pm		-71254.468	25.904	8226.1293	0.1704	B-	3508.5089	25.8859	151923505.185	27.809	False	2.741712416664634
1999		28	90	62	152	Sm		-74762.977	1.016	8244.0645	0.0067	B-	-1874.4774	0.6857	151919738.646	1.09	False	2.931336953249951
2000		26	89	63	152	Eu		-72888.5	1.166	8226.5854	0.0077	B-	1818.8037	0.7002	151921750.98	1.252	False	2.9239211780335275
2001		24	88	64	152	Gd		-74707.304	1.007	8233.4042	0.0066	B-	-3990.0	40.0	151919798.414	1.081	False	2.9317790082615107
2002		22	87	65	152	Tb	-	-70717.304	40.013	8202.0072	0.2632	B-	-599.3405	40.2575	151924081.855	42.955	False	2.713285701021117
2003		20	86	66	152	Dy	-a	-70117.963	4.593	8192.9171	0.0302	B-	-6513.3275	13.3176	151924725.274	4.93	False	2.847438551360194
2004		18	85	67	152	Ho		-63604.636	12.528	8144.9193	0.0824	B-	-3104.4174	9.815	151931717.618	13.449	False	2.7874796129230215
2005		16	84	68	152	Er		-60500.218	8.83	8119.3485	0.0581	B-	-8779.9397	54.7434	151935050.347	9.478	False	2.808799523346106
2006		14	83	69	152	Tm		-51720.279	54.027	8056.4387	0.3554	B-	-5449.8923	139.62	151944476.0	58.0	False	2.693179018639011
2007		12	82	70	152	Yb		-46270.386	149.708	8015.4371	0.9849	B-	-12848.0	246.0	151950326.699	160.718	False	2.621723168145979
2008		10	81	71	152	Lu	x	-33422.0	196.0	7926.0	1.0	B-			151964120.0	210.0	True	
2009	0.0	41	97	56	153	Ba	x	-36470.0	400.0	8023.0	3.0	B-	9590.0	500.0	152960848.0	429.0	True	
2010		39	96	57	153	La	x	-46060.0	300.0	8081.0	2.0	B-	8850.0	361.0	152950553.0	322.0	True	
2011		37	95	58	153	Ce	x	-54910.0	200.0	8134.0	1.0	B-	6659.0	201.0	152941052.0	215.0	True	
2012		35	94	59	153	Pr		-61568.49	11.882	8172.0371	0.0777	B-	5761.8901	12.1896	152933903.511	12.755	False	2.7911401400916143
2013		33	93	60	153	Nd		-67330.38	2.747	8204.5832	0.018	B-	3317.6236	9.3521	152927717.868	2.949	False	2.877174489425707
2014		31	92	61	153	Pm		-70648.003	9.063	8221.1536	0.0592	B-	1912.0559	9.0829	152924156.252	9.729	False	2.8076144425529757
2015		29	91	62	153	Sm	-n	-72560.059	1.025	8228.5373	0.0067	B-	807.4073	0.7063	152922103.576	1.1	False	2.9312006346833503
2016		27	90	63	153	Eu		-73367.466	1.171	8228.7011	0.0077	B-	-484.5225	0.715	152921236.789	1.257	False	2.924059329502144
2017		25	89	64	153	Gd		-72882.944	1.002	8220.4209	0.0066	B-	-1569.334	3.8444	152921756.945	1.075	False	2.9324258620950503
2018		23	88	65	153	Tb		-71313.61	3.947	8205.0504	0.0258	B-	-2170.4134	1.9335	152923441.694	4.237	False	2.8565617251011766
2019		21	87	66	153	Dy		-69143.197	4.001	8185.7514	0.0262	B-	-4131.1229	6.1571	152925771.729	4.295	False	2.8557809833643066
2020		19	86	67	153	Ho	-a	-65012.074	5.066	8153.6372	0.0331	B-	-4545.3918	9.8899	152930206.671	5.438	False	2.8421194994016634
2021		17	85	68	153	Er		-60466.682	9.285	8118.8154	0.0607	B-	-6494.0723	12.8812	152935086.35	9.967	False	2.806159156503157
2022		15	84	69	153	Tm		-53972.61	11.979	8071.2571	0.0783	B-	-6813.0	201.0	152942058.023	12.86	False	2.790640306514374
2023		13	83	70	153	Yb	x	-47160.0	200.0	8022.0	1.0	B-	-8784.0	250.0	152949372.0	215.0	True	
2024		11	82	71	153	Lu	+a	-38375.462	150.017	7959.0882	0.9805	B-	-11075.0	335.0	152958802.248	161.05	False	2.6220538942794342
2025		9	81	72	153	Hf	x	-27300.0	300.0	7882.0	2.0	B-			152970692.0	322.0	True	
2026	0.0	42	98	56	154	Ba	x	-32920.0	500.0	8001.0	3.0	B-	8610.0	583.0	153964659.0	537.0	True	
2027		40	97	57	154	La	x	-41530.0	300.0	8051.0	2.0	B-	10690.0	361.0	153955416.0	322.0	True	
2028		38	96	58	154	Ce	x	-52220.0	200.0	8116.0	1.0	B-	5640.0	224.0	153943940.0	215.0	True	
2029		36	95	59	154	Pr	+	-57859.602	100.005	8147.2994	0.6494	B-	7720.0	100.0	153937885.165	107.36	False	2.651541368899978
2030		34	94	60	154	Nd	x	-65579.602	1.025	8192.3491	0.0067	B-	2687.0	25.0	153929597.404	1.1	False	2.931550793540581
2031		32	93	61	154	Pm	-	-68266.602	25.021	8204.717	0.1625	B-	4188.9614	25.055	153926712.791	26.861	False	2.7447878169743225
2032		30	92	62	154	Sm		-72455.564	1.305	8226.8379	0.0085	B-	-717.1969	1.1019	153922215.756	1.4	False	2.918607447003458
2033		28	91	63	154	Eu		-71738.367	1.188	8217.1006	0.0077	B-	1967.9913	0.7535	153922985.699	1.275	False	2.923646235503208
2034		26	90	64	154	Gd		-73706.358	0.994	8224.7996	0.0065	B-	-3549.6514	45.2983	153920872.974	1.066	False	2.933220278463678
2035		24	89	65	154	Tb	-	-70156.707	45.309	8196.6697	0.2942	B-	237.308	45.9008	153924683.681	48.641	False	2.705881663328331
2036		22	88	66	154	Dy		-70394.015	7.431	8193.1305	0.0483	B-	-5754.6363	10.1785	153924428.92	7.977	False	2.819914118786137
2037		20	87	67	154	Ho	-a	-64639.378	8.216	8150.6825	0.0534	B-	-2034.4045	9.4621	153930606.776	8.82	False	2.8139100270912105
2038		18	86	68	154	Er		-62604.974	4.961	8132.3919	0.0322	B-	-8177.8316	14.9113	153932790.799	5.325	False	2.8437234442511583
2039		16	85	69	154	Tm	-a	-54427.142	14.412	8074.209	0.0936	B-	-4495.0495	13.9528	153941570.062	15.471	False	2.7796336216508117
2040		14	84	70	154	Yb		-49932.093	17.281	8039.9402	0.1122	B-	-10265.0	201.0	153946395.696	18.551	False	2.7683040137182227
2041		12	83	71	154	Lu	+a	-39667.0	201.0	7968.0	1.0	B-	-6937.0	361.0	153957416.0	216.0	True	
2042		10	82	72	154	Hf	x	-32730.0	300.0	7918.0	2.0	B-			153964863.0	322.0	True	
2043	0.0	41	98	57	155	La	x	-37930.0	400.0	8028.0	3.0	B-	9850.0	500.0	154959280.0	429.0	True	
2044		39	97	58	155	Ce	x	-47780.0	300.0	8087.0	2.0	B-	7635.0	300.0	154948706.0	322.0	True	
2045		37	96	59	155	Pr		-55415.335	17.198	8131.0398	0.111	B-	6868.4609	19.4725	154940509.193	18.462	False	2.7690096514993665
2046		35	95	60	155	Nd		-62283.796	9.154	8170.305	0.0591	B-	4656.2095	10.2781	154933135.598	9.826	False	2.807803360772682
2047		33	94	61	155	Pm		-66940.006	4.719	8195.2977	0.0304	B-	3251.1999	4.9024	154928136.951	5.065	False	2.8470070540942354
2048		31	93	62	155	Sm	-n	-70191.206	1.332	8211.2258	0.0086	B-	1627.1314	1.2016	154924646.645	1.429	False	2.917850431991877
2049		29	92	63	155	Eu		-71818.337	1.252	8216.676	0.0081	B-	251.9612	0.8682	154922899.847	1.343	False	2.921199022464475
2050		27	91	64	155	Gd		-72070.298	0.983	8213.2541	0.0063	B-	-819.8588	9.7884	154922629.356	1.055	False	2.9341172411430434
2051		25	90	65	155	Tb	+	-71250.439	9.83	8202.9173	0.0634	B-	-2094.5	1.8974	154923509.511	10.552	False	2.8034892605186497
2052		23	89	66	155	Dy		-69155.939	9.645	8184.357	0.0622	B-	-3116.1405	16.5887	154925758.049	10.354	False	2.804637362874078
2053		21	88	67	155	Ho		-66039.799	17.47	8159.2055	0.1127	B-	-3830.6268	18.473	154929103.363	18.754	False	2.7680202469793236
2054		19	87	68	155	Er	-a	-62209.172	6.074	8129.4444	0.0392	B-	-5583.2509	11.5109	154933215.71	6.52	False	2.8322499589561447
2055		17	86	69	155	Tm	-a	-56625.921	9.921	8088.376	0.064	B-	-6123.3072	19.3388	154939209.576	10.651	False	2.802929355738201
2056		15	85	70	155	Yb	-a	-50502.614	16.6	8043.8234	0.1071	B-	-7957.5578	25.4153	154945783.216	17.82	False	2.771229324048375
2057		13	84	71	155	Lu		-42545.056	19.245	7987.4369	0.1242	B-	-8235.0	301.0	154954326.005	20.66	False	2.761934763386035
2058		11	83	72	155	Hf	x	-34310.0	300.0	7929.0	2.0	B-	-10322.0	424.0	154963167.0	322.0	True	
2059		9	82	73	155	Ta	-p	-23988.0	300.0	7858.0	2.0	B-			154974248.0	322.0	True	
2060	0.0	42	99	57	156	La	x	-33050.0	400.0	7997.0	3.0	B-	11769.0	500.0	155964519.0	429.0	True	
2061		40	98	58	156	Ce	x	-44820.0	300.0	8068.0	2.0	B-	6630.0	300.0	155951884.0	322.0	True	
2062		38	97	59	156	Pr	x	-51449.307	1.025	8105.2337	0.0066	B-	8752.8229	1.6585	155944766.9	1.1	False	2.9322439881594877
2063		36	96	60	156	Nd	x	-60202.13	1.304	8156.3265	0.0084	B-	3964.7175	1.7642	155935370.358	1.4	False	2.91930900510154
2064		34	95	61	156	Pm		-64166.847	1.188	8176.7263	0.0076	B-	5193.8878	8.6044	155931114.059	1.275	False	2.9243425343304104
2065		32	94	62	156	Sm		-69360.735	8.522	8205.0054	0.0546	B-	722.109	7.9025	155925538.191	9.148	False	2.812491525782121
2066		30	93	63	156	Eu		-70082.844	3.532	8204.6192	0.0226	B-	2452.4891	3.4083	155924762.976	3.791	False	2.8640422887099417
2067		28	92	64	156	Gd		-72535.333	0.983	8215.3253	0.0063	B-	-2444.323	3.6774	155922130.12	1.054	False	2.934509572979516
2068		26	91	65	156	Tb		-70091.01	3.768	8194.6415	0.0242	B-	438.3762	3.6789	155924754.209	4.044	False	2.860350587499053
2069		24	90	66	156	Dy		-70529.386	0.988	8192.4366	0.0063	B-	-4990.9836	38.4111	155924283.593	1.06	False	2.9342085195786316
2070		22	89	67	156	Ho	-	-65538.403	38.424	8155.428	0.2463	B-	-1326.7201	45.6391	155929641.634	41.249	False	2.7176894986553193
2071		20	88	68	156	Er		-64211.683	24.629	8141.9084	0.1579	B-	-7377.2657	26.7099	155931065.926	26.44	False	2.746632670074884
2072		18	87	69	156	Tm		-56834.417	14.279	8089.6032	0.0915	B-	-3568.8794	12.5484	155938985.746	15.328	False	2.7810090559213436
2073		16	86	70	156	Yb		-53265.538	9.308	8061.7107	0.0597	B-	-9565.988	54.9162	155942817.096	9.992	False	2.807184282775882
2074		14	85	71	156	Lu	-a	-43699.55	54.122	7995.3752	0.3469	B-	-5880.0352	139.6908	155953086.606	58.102	False	2.694820790839166
2075		12	84	72	156	Hf		-37819.514	149.74	7952.6676	0.9599	B-	-11819.0	335.0	155959399.083	160.752	False	2.62359870585997
2076		10	83	73	156	Ta	-p	-26001.0	300.0	7872.0	2.0	B-			155972087.0	322.0	True	
2077	0.0	43	100	57	157	La	x	-29070.0	300.0	7972.0	2.0	B-	10860.0	500.0	156968792.0	322.0	True	
2078		41	99	58	157	Ce	x	-39930.0	400.0	8037.0	3.0	B-	8504.0	400.0	156957133.0	429.0	True	
2079		39	98	59	157	Pr	x	-48434.806	3.167	8085.817	0.0202	B-	8059.3109	3.8207	156948003.1	3.4	False	2.8706026122681743
2080		37	97	60	157	Nd		-56494.117	2.137	8132.1671	0.0136	B-	5802.9994	7.3246	156939351.074	2.294	False	2.8926509901984234
2081		35	96	61	157	Pm		-62297.116	7.006	8164.1458	0.0446	B-	4380.5376	8.265	156933121.298	7.521	False	2.8245661342176374
2082		33	95	62	157	Sm		-66677.654	4.434	8187.0642	0.0282	B-	2781.4807	6.1191	156928418.598	4.759	False	2.8513573165394095
2083		31	94	63	157	Eu		-69459.134	4.234	8199.7975	0.027	B-	1364.7614	4.1973	156925432.556	4.545	False	2.8540104922802234
2084		29	93	64	157	Gd		-70823.896	0.977	8203.5072	0.0062	B-	-60.0473	0.2972	156923967.424	1.048	False	2.9351532831813514
2085		27	92	65	157	Tb		-70763.848	1.018	8198.1416	0.0065	B-	-1339.1791	5.1297	156924031.888	1.092	False	2.932966127261678
2086		25	91	66	157	Dy		-69424.669	5.154	8184.6287	0.0328	B-	-2591.8068	23.7839	156925469.555	5.532	False	2.8426237575195588
2087		23	90	67	157	Ho		-66832.862	23.469	8163.1373	0.1495	B-	-3419.2146	33.6675	156928251.974	25.194	False	2.7501317792383513
2088		21	89	68	157	Er		-63413.648	26.505	8136.3757	0.1688	B-	-4704.369	38.5152	156931922.652	28.454	False	2.7423249793725577
2089		19	88	69	157	Tm	x	-58709.279	27.945	8101.4285	0.178	B-	-5289.3667	29.9971	156936973.0	30.0	False	2.738912842632053
2090		17	87	70	157	Yb		-53419.912	10.905	8062.7551	0.0695	B-	-6980.0942	14.2406	156942651.368	11.706	False	2.797969481405569
2091		15	86	71	157	Lu		-46439.818	12.074	8013.3128	0.0769	B-	-7585.0	201.0	156950144.807	12.961	False	2.7917473870553717
2092		13	85	72	157	Hf	-a	-38855.0	200.0	7960.0	1.0	B-	-9259.0	250.0	156958288.0	215.0	True	
2093		11	84	73	157	Ta	IT	-29595.948	150.052	7896.0608	0.9557	B-	-9906.0	427.0	156968227.445	161.087	False	2.623915364947453
2094		9	83	74	157	W	x	-19690.0	400.0	7828.0	3.0	B-			156978862.0	429.0	True	
2095	0.0	42	100	58	158	Ce	x	-36540.0	400.0	8015.0	3.0	B-	7610.0	500.0	157960773.0	429.0	True	
2096		40	99	59	158	Pr	x	-44150.0	300.0	8059.0	2.0	B-	9685.0	300.0	157952603.0	322.0	True	
2097		38	98	60	158	Nd	x	-53835.123	1.304	8114.9529	0.0083	B-	5271.0196	1.5776	157942205.62	1.4	False	2.9199989235095307
2098		36	97	61	158	Pm		-59106.143	0.888	8143.3622	0.0056	B-	6145.7062	4.8634	157936546.948	0.953	False	2.940528410432027
2099		34	96	62	158	Sm		-65251.849	4.782	8177.3075	0.0303	B-	2018.6123	5.1146	157929949.262	5.133	False	2.8473466351451235
2100		32	95	63	158	Eu		-67270.461	2.032	8185.132	0.0129	B-	3419.5081	2.2547	157927782.192	2.181	False	2.895793971344181
2101		30	94	64	158	Gd		-70689.969	0.976	8201.8229	0.0062	B-	-1219.0862	0.9799	157924111.2	1.048	False	2.93549072483815
2102		28	93	65	158	Tb		-69470.883	1.268	8189.1556	0.008	B-	936.2686	2.475	157925419.942	1.36	False	2.9215553857859797
2103		26	92	66	158	Dy		-70407.152	2.337	8190.1298	0.0148	B-	-4219.7555	27.0048	157924414.817	2.509	False	2.8880213769084815
2104		24	91	67	158	Ho	-	-66187.396	27.106	8158.4709	0.1716	B-	-883.5812	37.0236	157928944.91	29.099	False	2.7412884372279898
2105		22	90	68	158	Er		-65303.815	25.219	8147.927	0.1596	B-	-6600.6151	31.3411	157929893.474	27.074	False	2.7459294971736763
2106		20	89	69	158	Tm		-58703.2	25.219	8101.1994	0.1596	B-	-2693.5796	26.4499	157936979.525	27.074	False	2.745932377140831
2107		18	88	70	158	Yb		-56009.62	7.973	8079.1999	0.0505	B-	-8797.4201	16.8655	157939871.202	8.559	False	2.8172478413114064
2108		16	87	71	158	Lu	-a	-47212.2	15.125	8018.5685	0.0957	B-	-5109.801	14.9373	157949315.62	16.236	False	2.7782323764056223
2109		14	86	72	158	Hf		-42102.399	17.494	7981.2764	0.1107	B-	-10984.0	201.0	157954801.217	18.78	False	2.769146994285545
2110		12	85	73	158	Ta	+a	-31118.0	201.0	7907.0	1.0	B-	-7426.0	361.0	157966593.0	215.0	True	
2111		10	84	74	158	W	-a	-23693.0	300.0	7855.0	2.0	B-			157974565.0	322.0	True	
2112	0.0	43	101	58	159	Ce	x	-31340.0	500.0	7983.0	3.0	B-	9430.0	640.0	158966355.0	537.0	True	
2113		41	100	59	159	Pr	x	-40770.0	400.0	8037.0	3.0	B-	8954.0	401.0	158956232.0	429.0	True	
2114		39	99	60	159	Nd	x	-49724.007	29.808	8088.8224	0.1875	B-	6830.3441	31.4529	158946619.085	32.0	False	2.7355579091833384
2115		37	98	61	159	Pm		-56554.351	10.039	8126.8601	0.0631	B-	5653.4982	11.6438	158939286.409	10.777	False	2.803761428183209
2116		35	97	62	159	Sm		-62207.849	5.934	8157.4963	0.0373	B-	3835.5363	7.3211	158933217.13	6.37	False	2.8351171297831277
2117		33	96	63	159	Eu		-66043.386	4.32	8176.6987	0.0272	B-	2518.4717	4.3657	158929099.512	4.637	False	2.8535868084116
2118		31	95	64	159	Gd		-68561.857	0.98	8187.6177	0.0062	B-	970.7242	0.7495	158926395.822	1.051	False	2.9356748780523083
2119		29	94	65	159	Tb		-69532.582	1.103	8188.8025	0.0069	B-	-365.3613	1.1573	158925353.707	1.184	False	2.9293278334689483
2120		27	93	66	159	Dy		-69167.22	1.439	8181.5842	0.0091	B-	-1837.6	2.6833	158925745.938	1.544	False	2.915041128634934
2121		25	92	67	159	Ho	-	-67329.62	3.045	8165.1066	0.0192	B-	-2768.5	2.0	158927718.683	3.268	False	2.873552316359621
2122		23	91	68	159	Er	-	-64561.12	3.643	8142.7742	0.0229	B-	-3990.7162	28.1813	158930690.79	3.91	False	2.8633682783513503
2123		21	90	69	159	Tm	x	-60570.404	27.945	8112.7549	0.1758	B-	-4736.8869	33.0155	158934975.0	30.0	False	2.7397302685428295
2124		19	89	70	159	Yb	x	-55833.517	17.582	8078.0428	0.1106	B-	-6124.9081	41.5648	158940060.257	18.874	False	2.7692238421248
2125		17	88	71	159	Lu	x	-49708.609	37.663	8034.6009	0.2369	B-	-6856.003	41.2456	158946635.615	40.433	False	2.7202707448571752
2126		15	87	72	159	Hf	-a	-42852.606	16.813	7986.561	0.1057	B-	-8413.4492	25.8909	158953995.837	18.049	False	2.7720282591083234
2127		13	86	73	159	Ta	IT	-34439.157	19.689	7928.7258	0.1238	B-	-9005.0	301.0	158963028.046	21.137	False	2.7621062946788086
2128		11	85	74	159	W	-a	-25434.0	300.0	7867.0	2.0	B-	-10629.0	427.0	158972696.0	322.0	True	
2129		9	84	75	159	Re	IT	-14805.0	305.0	7795.0	2.0	B-			158984106.0	327.0	True	
2130	0.0	42	101	59	160	Pr	x	-36200.0	400.0	8009.0	2.0	B-	10525.0	402.0	159961138.0	429.0	True	
2131		40	100	60	160	Nd	x	-46724.515	46.575	8069.9662	0.2911	B-	6170.1238	46.6198	159949839.172	50.0	False	2.706605679178731
2132		38	99	61	160	Pm	x	-52894.639	2.049	8103.6398	0.0128	B-	7338.5338	2.833	159943215.272	2.2	False	2.8960153608400736
2133		36	98	62	160	Sm	x	-60233.172	1.956	8144.6159	0.0122	B-	3260.2763	2.1547	159935337.032	2.1	False	2.8985792509351254
2134		34	97	63	160	Eu	x	-63493.449	0.904	8160.103	0.0057	B-	4448.6112	1.4417	159931836.982	0.97	False	2.940257484207512
2135		32	96	64	160	Gd		-67942.06	1.123	8183.0171	0.007	B-	-105.5863	1.0207	159927061.202	1.206	False	2.928679624161091
2136		30	95	65	160	Tb		-67836.474	1.11	8177.4676	0.0069	B-	1835.9516	1.1011	159927174.553	1.191	False	2.9293486282968373
2137		28	94	66	160	Dy		-69672.425	0.7	8184.0526	0.0044	B-	-3290.0	15.0	159925203.578	0.751	False	2.9536890343198063
2138		26	93	67	160	Ho	-	-66382.425	15.016	8158.6004	0.0939	B-	-318.2488	28.5197	159928735.538	16.12	False	2.7794512544841004
2139		24	92	68	160	Er		-66064.176	24.246	8151.7217	0.1515	B-	-5763.1395	39.1333	159929077.193	26.029	False	2.7492580223865235
2140		22	91	69	160	Tm		-60301.037	32.686	8110.8124	0.2043	B-	-2137.8101	33.1447	159935264.177	35.089	False	2.729967714722818
2141		20	90	70	160	Yb	x	-58163.227	5.496	8092.5614	0.0343	B-	-7893.2846	57.0863	159937559.21	5.9	False	2.839975236210537
2142		18	89	71	160	Lu	x	-50269.942	56.821	8038.3387	0.3551	B-	-4331.1951	57.6165	159946033.0	61.0	False	2.693239269308178
2143		16	88	72	160	Hf		-45938.747	9.54	8006.3791	0.0596	B-	-10115.0475	55.1472	159950682.728	10.241	False	2.807230266360998
2144		14	87	73	160	Ta	-a	-35823.7	54.316	7938.2704	0.3395	B-	-6494.6267	139.8413	159961541.678	58.31	False	2.6962927102055283
2145		12	86	74	160	W		-29329.073	149.81	7892.7893	0.9363	B-	-12451.0	335.0	159968513.946	160.828	False	2.625403980760698
2146		10	85	75	160	Re	-a	-16878.0	300.0	7810.0	2.0	B-			159981880.0	322.0	True	
2147	0.0	43	102	59	161	Pr	x	-32490.0	500.0	7986.0	3.0	B-	9741.0	640.0	160965121.0	537.0	True	
2148		41	101	60	161	Nd	x	-42230.0	400.0	8042.0	2.0	B-	7856.0	400.0	160954664.0	429.0	True	
2149		39	100	61	161	Pm	x	-50086.589	9.035	8085.9977	0.0561	B-	6585.4546	11.3187	160946229.837	9.7	False	2.810874804379881
2150		37	99	62	161	Sm		-56672.043	6.817	8122.0418	0.0423	B-	5119.5577	12.4147	160939160.062	7.318	False	2.8276804124709307
2151		35	98	63	161	Eu		-61791.601	10.4	8148.981	0.0646	B-	3714.5406	10.5074	160933663.991	11.164	False	2.80237859592962
2152		33	97	64	161	Gd	-n	-65506.142	1.504	8167.1934	0.0093	B-	1955.6357	1.4402	160929676.267	1.614	False	2.9133155502840022
2153		31	96	65	161	Tb		-67461.778	1.218	8174.4809	0.0076	B-	593.7166	1.201	160927576.806	1.308	False	2.924663985694195
2154		29	95	66	161	Dy		-68055.494	0.697	8173.3093	0.0043	B-	-859.2003	2.1368	160926939.425	0.748	False	2.9542232372709476
2155		27	94	67	161	Ho		-67196.294	2.151	8163.1134	0.0134	B-	-1994.9954	9.0041	160927861.815	2.309	False	2.893680291375147
2156		25	93	68	161	Er	+n	-65201.298	8.774	8145.8628	0.0545	B-	-3302.5839	29.2899	160930003.53	9.419	False	2.8126354848587614
2157		23	92	69	161	Tm	x	-61898.715	27.945	8120.4906	0.1736	B-	-4064.4665	31.764	160933549.0	30.0	False	2.740537056548504
2158		21	91	70	161	Yb	x	-57834.248	15.101	8090.3861	0.0938	B-	-5271.8989	31.764	160937912.384	16.211	False	2.7794922868964758
2159		19	90	71	161	Lu	x	-52562.349	27.945	8052.7821	0.1736	B-	-6246.5319	36.4805	160943572.0	30.0	False	2.7405410757207997
2160		17	89	72	161	Hf		-46315.817	23.45	8009.1245	0.1457	B-	-7537.2421	33.7278	160950277.927	25.174	False	2.7517987459976245
2161		15	88	73	161	Ta	+a	-38778.575	24.381	7957.45	0.1514	B-	-8272.0	202.0	160958369.489	26.174	False	2.749313043284568
2162		13	87	74	161	W	-a	-30507.0	200.0	7901.0	1.0	B-	-9664.0	250.0	160967249.0	215.0	True	
2163		11	86	75	161	Re		-20842.82	149.905	7836.3292	0.9311	B-	-10647.0	427.0	160977624.313	160.93	False	2.6258133313395744
2164		9	85	76	161	Os	-a	-10196.0	400.0	7765.0	2.0	B-			160989054.0	429.0	True	
2165	0.0	42	102	60	162	Nd	x	-39010.0	400.0	8022.0	2.0	B-	7030.0	500.0	161958121.0	429.0	True	
2166		40	101	61	162	Pm	x	-46040.0	300.0	8061.0	2.0	B-	8339.0	300.0	161950574.0	322.0	True	
2167		38	100	62	162	Sm		-54379.053	3.523	8107.5745	0.0218	B-	4343.8905	3.7605	161941621.687	3.782	False	2.8663348100612165
2168		36	99	63	162	Eu		-58722.944	1.314	8129.5593	0.0081	B-	5557.7761	4.1748	161936958.329	1.41	False	2.9209617417150384
2169		34	98	64	162	Gd	-nn	-64280.72	3.963	8159.0373	0.0245	B-	1598.8278	4.4611	161930991.812	4.254	False	2.859615891819046
2170		32	97	65	162	Tb	x	-65879.548	2.049	8164.0773	0.0127	B-	2301.6217	2.164	161929275.4	2.2	False	2.8966968713412733
2171		30	96	66	162	Dy		-68181.169	0.695	8173.4555	0.0043	B-	-2140.6068	3.0926	161926804.507	0.746	False	2.954685495742747
2172		28	95	67	162	Ho		-66040.563	3.102	8155.4126	0.0192	B-	293.6478	3.1069	161929102.543	3.33	False	2.873547512585045
2173		26	94	68	162	Er		-66334.21	0.756	8152.3959	0.0047	B-	-4856.7282	26.0475	161928787.299	0.811	False	2.950324490612652
2174		24	93	69	162	Tm	-	-61477.482	26.058	8117.5868	0.1609	B-	-1656.319	30.1127	161934001.211	27.974	False	2.7454374333598666
2175		22	92	70	162	Yb	x	-59821.163	15.103	8102.5333	0.0932	B-	-6989.4042	76.5406	161935779.342	16.213	False	2.7798682248281716
2176		20	91	71	162	Lu	x	-52831.759	75.036	8054.5596	0.4632	B-	-3663.3333	75.5679	161943282.776	80.554	False	2.675101916205203
2177		18	90	72	162	Hf		-49168.426	8.952	8027.1171	0.0553	B-	-9387.0211	63.8938	161947215.526	9.61	False	2.811808040382106
2178		16	89	73	162	Ta	-a	-39781.405	63.322	7964.3432	0.3909	B-	-5782.188	63.3235	161957292.907	67.979	False	2.686734248538032
2179		14	88	74	162	W		-33999.217	17.657	7923.8214	0.109	B-	-11546.0	201.0	161963500.341	18.955	False	2.770136581467668
2180		12	87	75	162	Re	+a	-22453.0	201.0	7848.0	1.0	B-	-7953.0	361.0	161975896.0	215.0	True	
2181		10	86	76	162	Os	-a	-14500.0	300.0	7794.0	2.0	B-			161984434.0	322.0	True	
2182	0.0	43	103	60	163	Nd	x	-34080.0	500.0	7992.0	3.0	B-	8880.0	640.0	162963414.0	537.0	True	
2183		41	102	61	163	Pm	x	-42960.0	400.0	8042.0	2.0	B-	7640.0	400.0	162953881.0	429.0	True	
2184		39	101	62	163	Sm	x	-50599.612	7.359	8084.1653	0.0451	B-	5974.2073	7.4141	162945679.085	7.9	False	2.8238796073917984
2185		37	100	63	163	Eu	x	-56573.819	0.904	8116.0172	0.0056	B-	4814.772	1.2046	162939265.51	0.97	False	2.9412416253155564
2186		35	99	64	163	Gd		-61388.591	0.797	8140.756	0.0049	B-	3207.1628	4.1374	162934096.64	0.855	False	2.9478809525616185
2187		33	98	65	163	Tb	+p	-64595.754	4.06	8155.6322	0.0249	B-	1785.1041	4.0006	162930653.609	4.358	False	2.8585841767463793
2188		31	97	66	163	Dy		-66380.858	0.693	8161.784	0.0043	B-	-2.8309	0.0222	162928737.221	0.744	False	2.955146590295411
2189		29	96	67	163	Ho		-66378.027	0.693	8156.967	0.0043	B-	-1210.6141	4.5755	162928740.26	0.744	False	2.9551465912666566
2190		27	95	68	163	Er		-65167.413	4.628	8144.7403	0.0284	B-	-2439.0	3.0	162930039.908	4.967	False	2.8510541536376017
2191		25	94	69	163	Tm	-	-62728.413	5.515	8124.9774	0.0338	B-	-3434.5345	16.0687	162932658.282	5.92	False	2.8408611475672703
2192		23	93	70	163	Yb	x	-59293.878	15.105	8099.1069	0.0927	B-	-4502.4636	31.7657	162936345.406	16.215	False	2.780242694701711
2193		21	92	71	163	Lu	x	-54791.415	27.945	8066.6848	0.1714	B-	-5522.0944	37.9611	162941179.0	30.0	False	2.741336832556692
2194		19	91	72	163	Hf		-49269.32	25.693	8028.0072	0.1576	B-	-6734.6864	45.9217	162947107.211	27.582	False	2.746743392090185
2195		17	90	73	163	Ta	-a	-42534.634	38.061	7981.8905	0.2335	B-	-7626.1952	69.7301	162954337.194	40.86	False	2.721218384767445
2196		15	89	74	163	W	-a	-34908.439	58.426	7930.3043	0.3584	B-	-8906.1859	61.2953	162962524.251	62.722	False	2.6926196641155604
2197		13	88	75	163	Re	+a	-26002.253	18.534	7870.8655	0.1137	B-	-9666.0	301.0	162972085.434	19.897	False	2.767483244094146
2198		11	87	76	163	Os	-a	-16336.0	300.0	7807.0	2.0	B-	-11026.0	500.0	162982462.0	322.0	True	
2199		9	86	77	163	Ir	x	-5310.0	400.0	7734.0	2.0	B-			162994299.0	429.0	True	
2200	0.0	42	103	61	164	Pm	x	-38360.0	400.0	8014.0	2.0	B-	9565.0	400.0	163958819.0	429.0	True	
2201		40	102	62	164	Sm	x	-47925.314	4.099	8067.7803	0.025	B-	5306.8315	4.5907	163948550.061	4.4	False	2.8583912722337392
2202		38	101	63	164	Eu		-53232.146	2.068	8095.3686	0.0126	B-	6461.5416	2.2969	163942852.943	2.219	False	2.896904364076878
2203		36	100	64	164	Gd		-59693.688	1.0	8129.9978	0.0061	B-	2411.2959	2.1143	163935916.193	1.073	False	2.9362225635689674
2204		34	99	65	164	Tb	x	-62104.983	1.863	8139.9304	0.0114	B-	3862.6653	1.9884	163933327.561	2.0	False	2.90261995177114
2205		32	98	66	164	Dy		-65967.649	0.695	8158.7129	0.0042	B-	-987.1315	1.371	163929180.819	0.746	False	2.955325544207004
2206		30	97	67	164	Ho		-64980.517	1.39	8147.9234	0.0085	B-	962.0559	1.3756	163930240.548	1.492	False	2.9185722502963634
2207		28	96	68	164	Er		-65942.573	0.704	8149.0191	0.0043	B-	-4033.6302	25.0113	163929207.739	0.755	False	2.954701026006509
2208		26	95	69	164	Tm		-61908.943	25.006	8119.6534	0.1525	B-	-896.7722	29.2135	163933538.019	26.845	False	2.748865287681411
2209		24	94	70	164	Yb	x	-61012.171	15.106	8109.4149	0.0921	B-	-6369.7952	31.7666	163934500.743	16.217	False	2.78061377553656
2210		22	93	71	164	Lu	x	-54642.376	27.945	8065.8043	0.1704	B-	-2824.0194	32.1083	163941339.0	30.0	False	2.7417313588981944
2211		20	92	72	164	Hf		-51818.356	15.812	8043.8142	0.0964	B-	-8535.5511	32.1083	163944370.709	16.975	False	2.777781221091865
2212		18	91	73	164	Ta	x	-43282.805	27.945	7986.9978	0.1704	B-	-5047.25	29.5717	163953534.0	30.0	False	2.7417361535528673
2213		16	90	74	164	W		-38235.555	9.673	7951.4515	0.059	B-	-10763.1138	55.4055	163958952.445	10.384	False	2.8078871200201894
2214		14	89	75	164	Re	-a	-27472.441	54.555	7881.0523	0.3326	B-	-7047.718	140.033	163970507.122	58.566	False	2.697665992116816
2215		12	88	76	164	Os		-20424.723	149.903	7833.308	0.914	B-	-12941.0	350.0	163978073.158	160.927	False	2.627150468496432
2216		10	87	77	164	Ir	-a	-7483.0	316.0	7750.0	2.0	B-			163991966.0	339.0	True	
2217	0.0	43	104	61	165	Pm	x	-34670.0	500.0	7992.0	3.0	B-	8840.0	640.0	164962780.0	537.0	True	
2218		41	103	62	165	Sm	x	-43510.0	400.0	8041.0	2.0	B-	7219.0	400.0	164953290.0	429.0	True	
2219		39	102	63	165	Eu		-50729.103	5.213	8080.0529	0.0316	B-	5796.6788	5.3733	164945540.07	5.596	False	2.8448555370439954
2220		37	101	64	165	Gd		-56525.782	1.304	8110.4428	0.0079	B-	4063.0674	2.0189	164939317.08	1.4	False	2.9223341391464115
2221		35	100	65	165	Tb		-60588.849	1.541	8130.3259	0.0093	B-	3023.4392	1.6915	164934955.198	1.654	False	2.9133211254470144
2222		33	99	66	165	Dy	-n	-63612.289	0.697	8143.9083	0.0042	B-	1285.7287	0.7502	164931709.402	0.748	False	2.9555035595074117
2223		31	98	67	165	Ho		-64898.017	0.786	8146.9591	0.0048	B-	-376.6648	0.9575	164930329.116	0.844	False	2.9491979781612985
2224		29	97	68	165	Er		-64521.353	0.918	8139.9348	0.0056	B-	-1591.3282	1.4891	164930733.482	0.985	False	2.9410727822171885
2225		27	96	69	165	Tm		-62930.024	1.658	8125.5489	0.0101	B-	-2634.6364	26.5907	164932441.843	1.779	False	2.9093567904842645
2226		25	95	70	165	Yb		-60295.388	26.539	8104.8399	0.1608	B-	-3853.1403	35.4324	164935270.241	28.49	False	2.745442994937094
2227		23	94	71	165	Lu		-56442.248	26.539	8076.746	0.1608	B-	-4806.735	38.5387	164939406.758	28.49	False	2.7454446055261306
2228		21	93	72	165	Hf	x	-51635.513	27.945	8042.8728	0.1694	B-	-5787.641	31.0668	164944567.0	30.0	False	2.742124529960468
2229		19	92	73	165	Ta		-45847.872	13.573	8003.0547	0.0823	B-	-6986.5555	29.1133	164950780.287	14.571	False	2.787608141082045
2230		17	91	74	165	W		-38861.316	25.756	7955.9704	0.1561	B-	-8201.9627	34.9116	164958280.663	27.649	False	2.747374344449904
2231		15	90	75	165	Re	+a	-30659.353	23.593	7901.5201	0.143	B-	-8913.0	202.0	164967085.831	25.328	False	2.7529818851251804
2232		13	89	76	165	Os	-a	-21747.0	200.0	7843.0	1.0	B-	-10151.0	255.0	164976654.0	215.0	True	
2233		11	88	77	165	Ir	IT	-11595.0	158.0	7776.0	1.0	B-	-11277.0	430.0	164987552.0	170.0	True	
2234		9	87	78	165	Pt	-a	-318.0	400.0	7703.0	2.0	B-			164999658.0	429.0	True	
2235	0.0	42	104	62	166	Sm	x	-40450.0	400.0	8023.0	2.0	B-	6299.0	412.0	165956575.0	429.0	True	
2236		40	103	63	166	Eu	+	-46749.0	100.0	8056.0	1.0	B-	7622.0	100.0	165949813.0	107.0	True	
2237		38	102	64	166	Gd	x	-54370.926	1.584	8097.226	0.0095	B-	3437.8515	2.1558	165941630.413	1.7	False	2.912161429831078
2238		36	101	65	166	Tb		-57808.778	1.463	8113.223	0.0088	B-	4775.693	1.669	165937939.727	1.57	False	2.9164752338288
2239		34	100	66	166	Dy	-n	-62584.471	0.804	8137.2793	0.0048	B-	485.8684	0.8502	165932812.81	0.862	False	2.9484096923142578
2240		32	99	67	166	Ho		-63070.339	0.786	8135.4933	0.0047	B-	1853.8057	0.7792	165932291.209	0.844	False	2.949515187247475
2241		30	98	68	166	Er		-64924.145	0.334	8141.9479	0.002	B-	-3037.6667	11.547	165930301.067	0.358	False	2.9934446929174525
2242		28	97	69	166	Tm	-	-61886.478	11.552	8118.9357	0.0696	B-	-292.7714	13.5069	165933562.136	12.401	False	2.797849522380491
2243		26	96	70	166	Yb	+nn	-61593.706	7.001	8112.4591	0.0422	B-	-5572.7197	30.6189	165933876.439	7.515	False	2.8279169256476187
2244		24	95	71	166	Lu	x	-56020.987	29.808	8074.1756	0.1796	B-	-2161.9978	40.8585	165939859.0	32.0	False	2.7383466006820805
2245		22	94	72	166	Hf	x	-53858.989	27.945	8056.4386	0.1683	B-	-7761.2089	39.5199	165942180.0	30.0	False	2.742512984438346
2246		20	93	73	166	Ta	x	-46097.78	27.945	8004.9714	0.1683	B-	-4210.3092	29.5036	165950512.0	30.0	False	2.7425162183087326
2247		18	92	74	166	W		-41887.471	9.463	7974.8951	0.057	B-	-10050.1358	88.7072	165955031.952	10.159	False	2.809936733802327
2248		16	91	75	166	Re	-a	-31837.335	88.242	7909.6392	0.5316	B-	-6405.809	88.3046	165965821.216	94.731	False	2.6655776182130992
2249		14	90	76	166	Os		-25431.526	17.966	7866.3371	0.1082	B-	-12126.0	201.0	165972698.135	19.287	False	2.770580617966098
2250		12	89	77	166	Ir	-p	-13306.0	201.0	7789.0	1.0	B-	-8523.0	361.0	165985716.0	215.0	True	
2251		10	88	78	166	Pt	-a	-4783.0	300.0	7733.0	2.0	B-			165994866.0	322.0	True	
2252	0.0	43	105	62	167	Sm	x	-35330.0	500.0	7992.0	3.0	B-	8440.0	640.0	166962072.0	537.0	True	
2253		41	104	63	167	Eu	x	-43770.0	400.0	8038.0	2.0	B-	7006.0	400.0	166953011.0	429.0	True	
2254		39	103	64	167	Gd		-50775.732	5.213	8075.5428	0.0312	B-	5107.3505	5.5584	166945490.012	5.596	False	2.8455560266300366
2255		37	102	65	167	Tb		-55883.082	1.929	8101.441	0.0116	B-	4028.3686	4.4459	166940007.046	2.071	False	2.901702515289934
2256		35	101	66	167	Dy	x	-59911.451	4.005	8120.8782	0.024	B-	2368.0076	6.5549	166935682.415	4.3	False	2.8607429122241985
2257		33	100	67	167	Ho	p2n	-62279.459	5.189	8130.3732	0.0311	B-	1009.7971	5.189	166933140.254	5.57	False	2.8458222738989454
2258		31	99	68	167	Er		-63289.256	0.286	8131.7352	0.0017	B-	-746.1392	1.2633	166932056.192	0.306	False	3.0015785316094608
2259		29	98	69	167	Tm		-62543.117	1.258	8122.5826	0.0075	B-	-1953.2162	3.7968	166932857.206	1.35	False	2.9249340758258593
2260		27	97	70	167	Yb		-60589.9	3.96	8106.202	0.0237	B-	-3063.619	37.4696	166934954.069	4.251	False	2.861398304581961
2261		25	96	71	167	Lu	x	-57526.281	37.26	8083.1722	0.2231	B-	-4058.5198	46.5747	166938243.0	40.0	False	2.724202713747941
2262		23	95	72	167	Hf	x	-53467.761	27.945	8054.185	0.1673	B-	-5116.6971	39.5199	166942600.0	30.0	False	2.742900043662993
2263		21	94	73	167	Ta	x	-48351.064	27.945	8018.8614	0.1673	B-	-6257.8523	33.6262	166948093.0	30.0	False	2.742902162065432
2264		19	93	74	167	W		-42093.212	18.703	7976.7045	0.112	B-	-7259.0	44.0	166954811.08	20.078	False	2.768430655271188
2265		17	92	75	167	Re	+a	-34834.0	40.0	7929.0	0.0	B-	-8335.0	90.0	166962604.0	43.0	True	
2266		15	91	76	167	Os	-a	-26498.86	80.892	7873.9557	0.4844	B-	-9426.4121	82.9464	166971552.304	86.841	False	2.6720260638527695
2267		13	90	77	167	Ir		-17072.448	18.346	7812.8254	0.1099	B-	-10319.0	307.0	166981671.973	19.694	False	2.7696519513256517
2268		11	89	78	167	Pt	-a	-6753.0	306.0	7746.0	2.0	B-			166992750.0	329.0	True	
2269	0.0	44	106	62	168	Sm	x	-31640.0	300.0	7971.0	2.0	B-	7610.0	500.0	167966033.0	322.0	True	
2270		42	105	63	168	Eu	x	-39250.0	400.0	8012.0	2.0	B-	8899.0	500.0	167957863.0	429.0	True	
2271		40	104	64	168	Gd	x	-48150.0	300.0	8060.0	2.0	B-	4631.0	300.0	167948309.0	322.0	True	
2272		38	103	65	168	Tb	x	-52781.181	4.192	8082.798	0.025	B-	5777.2167	140.0696	167943337.074	4.5	False	2.8584831102552775
2273		36	102	66	168	Dy	+pp	-58558.398	140.007	8112.5293	0.8334	B-	1500.8333	143.1849	167937134.977	150.303	False	2.633789695253604
2274		34	101	67	168	Ho	+	-60059.231	30.001	8116.8061	0.1786	B-	2930.0	30.0	167935523.766	32.207	False	2.738702699949981
2275		32	100	68	168	Er		-62989.231	0.262	8129.5897	0.0016	B-	-1676.8526	1.6858	167932378.282	0.28	False	3.006278348793715
2276		30	99	69	168	Tm		-61312.379	1.677	8114.9516	0.01	B-	267.488	1.6782	167934178.457	1.8	False	2.9097001987529456
2277		28	98	70	168	Yb		-61579.867	0.093	8111.887	0.0006	B-	-4507.0351	37.9735	167933891.297	0.1	False	3.055964632503475
2278		26	97	71	168	Lu		-57072.832	37.973	8080.4026	0.226	B-	-1712.274	47.1476	167938729.798	40.766	False	2.723349984659604
2279		24	96	72	168	Hf	x	-55360.557	27.945	8065.5536	0.1663	B-	-6966.6444	39.5199	167940568.0	30.0	False	2.7432837022395793
2280		22	95	73	168	Ta	x	-48393.913	27.945	8019.4287	0.1663	B-	-3500.9828	30.9307	167948047.0	30.0	False	2.743286568295427
2281		20	94	74	168	W		-44892.93	13.259	7993.9327	0.0789	B-	-9098.0411	33.5515	167951805.459	14.233	False	2.7901599655169274
2282		18	93	75	168	Re	-a	-35794.889	30.821	7935.1208	0.1835	B-	-5799.8944	32.3727	167961572.607	33.087	False	2.736968365864139
2283		16	92	76	168	Os		-29994.995	9.903	7895.9408	0.0589	B-	-11328.7644	56.0975	167967799.05	10.631	False	2.8079262194846333
2284		14	91	77	168	Ir	-a	-18666.23	55.216	7823.8509	0.3287	B-	-7656.1526	140.3258	167979960.978	59.277	False	2.6984801457164855
2285		12	90	78	168	Pt	-a	-11010.078	149.934	7773.6217	0.8925	B-	-13540.0	427.0	167988180.196	160.96	False	2.6288805999161573
2286		10	89	79	168	Au	x	2530.0	400.0	7688.0	2.0	B-			168002716.0	429.0	True	
2287	0.0	43	106	63	169	Eu	x	-35660.0	500.0	7991.0	3.0	B-	8230.0	640.0	168961717.0	537.0	True	
2288		41	105	64	169	Gd	x	-43890.0	400.0	8035.0	2.0	B-	6590.0	500.0	168952882.0	429.0	True	
2289		39	104	65	169	Tb	x	-50480.0	300.0	8069.0	2.0	B-	5116.0	425.0	168945807.0	322.0	True	
2290		37	103	66	169	Dy	+	-55596.01	300.669	8094.7566	1.7791	B-	3200.0	300.0	168940315.231	322.781	False	2.577795868969126
2291		35	102	67	169	Ho	+p	-58796.01	20.048	8109.0622	0.1186	B-	2125.1534	20.0483	168936879.89	21.522	False	2.764806018135627
2292		33	101	68	169	Er	-n	-60921.163	0.304	8117.0078	0.0018	B-	353.491	0.7729	168934598.444	0.326	False	2.999020865410649
2293		31	100	69	169	Tm		-61274.654	0.738	8114.4702	0.0044	B-	-899.127	0.7563	168934218.956	0.792	False	2.9537749393281985
2294		29	99	70	169	Yb	-n	-60375.527	0.178	8104.5206	0.0011	B-	-2293.0	3.0	168935184.208	0.191	False	3.0253157126212566
2295		27	98	71	169	Lu	-	-58082.527	3.005	8086.3233	0.0178	B-	-3365.6321	28.106	168937645.845	3.226	False	2.8777253090176877
2296		25	97	72	169	Hf	x	-54716.895	27.945	8061.7791	0.1654	B-	-4426.46	39.5199	168941259.0	30.0	False	2.743665978823137
2297		23	96	73	169	Ta	x	-50290.435	27.945	8030.9577	0.1654	B-	-5372.5686	31.9246	168946011.0	30.0	False	2.7436677883923966
2298		21	95	74	169	W		-44917.866	15.436	7994.5381	0.0913	B-	-6508.6195	19.1703	168951778.689	16.571	False	2.7811438797541603
2299		19	94	75	169	Re	+a	-38409.247	11.369	7951.3963	0.0673	B-	-7686.2626	28.3218	168958765.979	12.204	False	2.7999242713879013
2300		17	93	76	169	Os	-a	-30722.984	25.94	7901.2862	0.1535	B-	-8629.5684	34.8557	168967017.521	27.847	False	2.748455395211648
2301		15	92	77	169	Ir	+a	-22093.416	23.307	7845.5944	0.1379	B-	-9629.0	202.0	168976281.743	25.02	False	2.7552895388082432
2302		13	91	78	169	Pt	-a	-12464.0	200.0	7784.0	1.0	B-	-10676.0	359.0	168986619.0	215.0	True	
2303		11	90	79	169	Au	x	-1788.0	298.0	7716.0	2.0	B-			168998080.0	320.0	True	
2304	0.0	44	107	63	170	Eu	x	-30860.0	500.0	7963.0	3.0	B-	9989.0	707.0	169966870.0	537.0	True	
2305		42	106	64	170	Gd	x	-40850.0	500.0	8017.0	3.0	B-	5860.0	583.0	169956146.0	537.0	True	
2306		40	105	65	170	Tb	x	-46710.0	300.0	8047.0	2.0	B-	7000.0	361.0	169949855.0	322.0	True	
2307		38	104	66	170	Dy	x	-53710.0	200.0	8084.0	1.0	B-	2528.0	206.0	169942340.0	215.0	True	
2308		36	103	67	170	Ho	+	-56237.514	50.019	8093.7902	0.2942	B-	3870.0	50.0	169939626.548	53.697	False	2.705887641785674
2309		34	102	68	170	Er		-60107.514	1.387	8111.9529	0.0082	B-	-312.1997	1.7852	169935471.933	1.488	False	2.9206582569893573
2310		32	101	69	170	Tm		-59795.314	0.732	8105.5144	0.0043	B-	968.6148	0.7319	169935807.093	0.785	False	2.9545457792559353
2311		30	100	70	170	Yb		-60763.929	0.01	8106.6101	0.0003	B-	-3457.695	16.843	169934767.242	0.011	False	3.155330312633349
2312		28	99	71	170	Lu	-	-57306.234	16.843	8081.6686	0.0991	B-	-1052.3734	32.6282	169938479.23	18.081	False	2.776087929084925
2313		26	98	72	170	Hf	x	-56253.86	27.945	8070.8762	0.1644	B-	-6116.1903	39.5199	169939609.0	30.0	False	2.7440449670595393
2314		24	97	73	170	Ta	x	-50137.67	27.945	8030.2965	0.1644	B-	-2846.8656	30.9035	169946175.0	30.0	False	2.7440474517583207
2315		22	96	74	170	W		-47290.804	13.195	8008.9482	0.0776	B-	-8386.8083	17.4557	169949231.235	14.165	False	2.791179597114875
2316		20	95	75	170	Re		-38903.996	11.427	7955.012	0.0672	B-	-4978.3046	15.0274	169958234.844	12.267	False	2.7999698247582554
2317		18	94	76	170	Os		-33925.692	9.759	7921.1258	0.0574	B-	-10743.0	102.0	169963579.273	10.476	False	2.809523640207767
2318		16	93	77	170	Ir	-a	-23182.0	101.0	7853.0	1.0	B-	-6883.0	102.0	169975113.0	109.0	True	
2319		14	92	78	170	Pt		-16299.202	18.246	7808.2365	0.1073	B-	-12596.0	202.0	169982502.087	19.588	False	2.7711056810136343
2320		12	91	79	170	Au	-p	-3703.0	201.0	7730.0	1.0	B-	-9119.0	362.0	169996024.0	216.0	True	
2321		10	90	80	170	Hg	-a	5415.0	302.0	7671.0	2.0	B-			170005814.0	324.0	True	
2322	0.0	43	107	64	171	Gd	x	-36210.0	500.0	7990.0	3.0	B-	7560.0	640.0	170961127.0	537.0	True	
2323		41	106	65	171	Tb	x	-43770.0	400.0	8030.0	2.0	B-	6240.0	447.0	170953011.0	429.0	True	
2324		39	105	66	171	Dy	x	-50010.0	200.0	8062.0	1.0	B-	4508.0	633.0	170946312.0	215.0	True	
2325		37	104	67	171	Ho	+	-54517.822	600.002	8083.6021	3.5088	B-	3200.0	600.0	170941472.713	644.128	False	2.5248429983937517
2326		35	103	68	171	Er		-57717.822	1.408	8097.7404	0.0082	B-	1492.449	1.0788	170938037.372	1.511	False	2.920148444218038
2327		33	102	69	171	Tm		-59210.271	0.972	8101.8931	0.0057	B-	96.5468	0.9715	170936435.162	1.043	False	2.9399394580734644
2328		31	101	70	171	Yb		-59306.818	0.013	8097.8826	0.0003	B-	-1478.3526	1.8621	170936331.515	0.013	False	3.148436520787538
2329		29	100	71	171	Lu		-57828.465	1.862	8084.6621	0.0109	B-	-2397.1144	28.9363	170937918.591	1.999	False	2.9049408855261762
2330		27	99	72	171	Hf	x	-55431.351	28.876	8066.0687	0.1689	B-	-3711.0725	40.184	170940492.0	31.0	False	2.7423124135831998
2331		25	98	73	171	Ta	x	-51720.279	27.945	8039.7914	0.1634	B-	-4634.1832	39.5199	170944476.0	30.0	False	2.7444240438603758
2332		23	97	74	171	W	x	-47086.095	27.945	8008.1158	0.1634	B-	-5835.8106	39.5199	170949451.0	30.0	False	2.7444259147280436
2333		21	96	75	171	Re	x	-41250.285	27.945	7969.4131	0.1634	B-	-6953.0469	33.3748	170955716.0	30.0	False	2.744428270622687
2334		19	95	76	171	Os		-34297.238	18.247	7924.1769	0.1067	B-	-7885.2079	42.5749	170963180.402	19.589	False	2.771462500026719
2335		17	94	77	171	Ir	-a	-26412.03	38.466	7873.4895	0.2249	B-	-8945.4613	89.6251	170971645.52	41.295	False	2.7236785634132747
2336		15	93	78	171	Pt	-a	-17466.569	80.951	7816.6017	0.4734	B-	-9904.2655	83.5586	170981248.868	86.904	False	2.673614740824774
2337		13	92	79	171	Au	-p	-7562.303	20.713	7754.1069	0.1211	B-	-10901.0	307.0	170991881.533	22.236	False	2.7635110217984096
2338		11	91	80	171	Hg	-a	3339.0	307.0	7686.0	2.0	B-			171003585.0	329.0	True	
2339	0.0	44	108	64	172	Gd	x	-32970.0	300.0	7972.0	2.0	B-	6720.0	583.0	171964605.0	322.0	True	
2340		42	107	65	172	Tb	x	-39690.0	500.0	8006.0	3.0	B-	8070.0	583.0	171957391.0	537.0	True	
2341		40	106	66	172	Dy	x	-47760.0	300.0	8049.0	2.0	B-	3724.0	358.0	171948728.0	322.0	True	
2342		38	105	67	172	Ho	x	-51484.0	196.0	8066.0	1.0	B-	4999.0	196.0	171944730.0	210.0	True	
2343		36	104	68	172	Er		-56482.578	3.962	8090.4052	0.023	B-	890.9756	4.5418	171939363.461	4.253	False	2.863059244905834
2344		34	103	69	172	Tm		-57373.554	5.481	8091.0367	0.0319	B-	1881.9024	5.4814	171938406.959	5.884	False	2.844351674190519
2345		32	102	70	172	Yb		-59255.456	0.014	8097.4295	0.0003	B-	-2519.3805	2.336	171936386.654	0.014	False	3.1455019308740964
2346		30	101	71	172	Lu		-56736.076	2.336	8078.2334	0.0136	B-	-333.8443	24.5396	171939091.32	2.507	False	2.8927890579071986
2347		28	100	72	172	Hf	x	-56402.232	24.428	8071.7439	0.142	B-	-5072.249	37.1167	171939449.716	26.224	False	2.7534044957286152
2348		26	99	73	172	Ta	x	-51329.983	27.945	8037.7056	0.1625	B-	-2232.7914	39.5199	171944895.0	30.0	False	2.7447990941234313
2349		24	98	74	172	W	x	-49097.191	27.945	8020.1757	0.1625	B-	-7530.3525	45.2323	171947292.0	30.0	False	2.7447999899510043
2350		22	97	75	172	Re		-41566.839	35.568	7971.846	0.2068	B-	-4323.1979	37.789	171955376.165	38.183	False	2.7291823474533077
2351		20	96	76	172	Os		-37243.641	12.766	7942.1626	0.0742	B-	-9864.2673	34.8263	171960017.309	13.704	False	2.7939272276345855
2352		18	95	77	172	Ir	-a	-27379.373	32.402	7880.2637	0.1884	B-	-6272.7035	34.0232	171970607.035	34.785	False	2.7352533423736607
2353		16	94	78	172	Pt		-21106.67	10.376	7839.246	0.0603	B-	-11788.6592	57.1082	171977341.059	11.139	False	2.8065323644921714
2354		14	93	79	172	Au	-a	-9318.011	56.158	7766.1587	0.3265	B-	-8256.6495	140.835	171989996.704	60.287	False	2.698930770718784
2355		12	92	80	172	Hg	-a	-1061.361	150.062	7713.6064	0.8725	B-			171998860.581	161.098	False	2.6305199565039725
2356	0.0	43	108	65	173	Tb	x	-36510.0	500.0	7988.0	3.0	B-	7230.0	640.0	172960805.0	537.0	True	
2357		41	107	66	173	Dy	x	-43740.0	400.0	8026.0	2.0	B-	5610.0	499.0	172953043.0	429.0	True	
2358		39	106	67	173	Ho	x	-49351.0	298.0	8054.0	2.0	B-	4304.0	357.0	172947020.0	320.0	True	
2359		37	105	68	173	Er	x	-53654.0	196.0	8074.0	1.0	B-	2602.0	196.0	172942400.0	210.0	True	
2360		35	104	69	173	Tm	p2n	-56256.067	4.4	8084.4633	0.0254	B-	1295.1669	4.4	172939606.63	4.723	False	2.857389829557755
2361		33	103	70	173	Yb		-57551.234	0.011	8087.4276	0.0003	B-	-670.2201	1.5674	172938216.211	0.012	False	3.1523638841604957
2362		31	102	71	173	Lu		-56881.014	1.567	8079.0312	0.0091	B-	-1469.2244	27.9887	172938935.722	1.682	False	2.914981199325828
2363		29	101	72	173	Hf	x	-55411.79	27.945	8066.0164	0.1615	B-	-3015.2464	39.5199	172940513.0	30.0	False	2.7451700459105988
2364		27	100	73	173	Ta	x	-52396.543	27.945	8044.065	0.1615	B-	-3669.1553	39.5199	172943750.0	30.0	False	2.745171248256503
2365		25	99	74	173	W	x	-48727.388	27.945	8018.3337	0.1615	B-	-5173.5182	39.5199	172947689.0	30.0	False	2.745172711319817
2366		23	98	75	173	Re	x	-43553.87	27.945	7983.9068	0.1615	B-	-6115.6196	31.6968	172953243.0	30.0	False	2.7451747741825523
2367		21	97	76	173	Os		-37438.25	14.959	7944.0341	0.0865	B-	-7169.7944	18.2998	172959808.387	16.059	False	2.784535843076868
2368		19	96	77	173	Ir		-30268.456	10.542	7898.068	0.0609	B-	-8331.6974	64.3014	172967505.477	11.316	False	2.8059265794472235
2369		17	95	78	173	Pt	-a	-21936.758	63.431	7845.3856	0.3667	B-	-9104.7415	67.3903	172976449.922	68.096	False	2.6910903620600855
2370		15	94	79	173	Au	+a	-12832.017	22.783	7788.2348	0.1317	B-	-10171.0	202.0	172986224.263	24.458	False	2.75822132622578
2371		13	93	80	173	Hg	-a	-2661.0	201.0	7725.0	1.0	B-			172997143.0	215.0	True	
2372	0.0	44	109	65	174	Tb	x	-31970.0	500.0	7963.0	3.0	B-	9160.0	707.0	173965679.0	537.0	True	
2373		42	108	66	174	Dy	x	-41130.0	500.0	8011.0	3.0	B-	4739.0	583.0	173955845.0	537.0	True	
2374		40	107	67	174	Ho	x	-45870.0	300.0	8034.0	2.0	B-	6080.0	423.0	173950757.0	322.0	True	
2375		38	106	68	174	Er	x	-51949.0	298.0	8064.0	2.0	B-	1915.0	301.0	173944230.0	320.0	True	
2376		36	105	69	174	Tm	+	-53864.521	44.721	8070.6432	0.257	B-	3080.0	44.7214	173942174.061	48.01	False	2.714881755897159
2377		34	104	70	174	Yb		-56944.521	0.011	8083.8481	0.0003	B-	-1374.2287	1.5675	173938867.545	0.011	False	3.1563225091082288
2378		32	103	71	174	Lu		-55570.292	1.567	8071.454	0.009	B-	274.2911	2.1686	173940342.84	1.682	False	2.915294120763881
2379		30	102	72	174	Hf		-55844.583	2.259	8068.5341	0.013	B-	-4103.8117	28.036	173940048.377	2.425	False	2.8952702807332216
2380		28	101	73	174	Ta	x	-51740.771	27.945	8040.4528	0.1606	B-	-1513.6779	39.5199	173944454.0	30.0	False	2.745541804479951
2381		26	100	74	174	W	x	-50227.093	27.945	8027.2572	0.1606	B-	-6553.9925	39.5199	173946079.0	30.0	False	2.745542404363517
2382		24	99	75	174	Re	x	-43673.101	27.945	7985.0944	0.1606	B-	-3677.7177	29.7667	173953115.0	30.0	False	2.745545001698254
2383		22	98	76	174	Os		-39995.383	10.254	7959.4618	0.0589	B-	-9209.4466	15.2008	173957063.192	11.008	False	2.807937573334495
2384		20	97	77	174	Ir	+a	-30785.937	11.221	7902.0377	0.0645	B-	-5468.3293	15.2578	173966949.939	12.046	False	2.8024898955766075
2385		18	96	78	174	Pt	-a	-25317.608	10.338	7866.1143	0.0594	B-	-11259.0	102.0	173972820.431	11.098	False	2.807451680638746
2386		16	95	79	174	Au	-a	-14058.0	102.0	7797.0	1.0	B-	-7417.0	102.0	173984908.0	109.0	True	
2387		14	94	80	174	Hg	-a	-6641.017	19.211	7749.7851	0.1104	B-			173992870.575	20.623	False	2.76934082382401
2388	0.0	43	109	66	175	Dy	x	-36730.0	500.0	7986.0	3.0	B-	6570.0	640.0	174960569.0	537.0	True	
2389		41	108	67	175	Ho	x	-43300.0	400.0	8019.0	2.0	B-	5352.0	566.0	174953516.0	429.0	True	
2390		39	107	68	175	Er	x	-48652.0	401.0	8045.0	2.0	B-	3659.0	404.0	174947770.0	430.0	True	
2391		37	106	69	175	Tm	+	-52310.556	50.0	8061.7673	0.2857	B-	2385.0	50.0	174943842.31	53.677	False	2.7078495793081245
2392		35	105	70	175	Yb		-54695.556	0.071	8070.9253	0.0005	B-	470.1219	1.2068	174941281.907	0.076	False	3.070699795725024
2393		33	104	71	175	Lu		-55165.678	1.207	8069.1412	0.0069	B-	-683.9154	1.9516	174940777.211	1.295	False	2.929669784488225
2394		31	103	72	175	Hf		-54481.763	2.283	8060.7625	0.013	B-	-2073.1103	28.0379	174941511.424	2.45	False	2.8950206146986397
2395		29	102	73	175	Ta	x	-52408.653	27.945	8044.4456	0.1597	B-	-2775.8524	39.5199	174943737.0	30.0	False	2.745909577523349
2396		27	101	74	175	W	x	-49632.8	27.945	8024.113	0.1597	B-	-4344.4885	39.5199	174946717.0	30.0	False	2.745910670927079
2397		25	100	75	175	Re	x	-45288.312	27.945	7994.8168	0.1597	B-	-5182.9513	30.3243	174951381.0	30.0	False	2.7459123821742057
2398		23	99	76	175	Os		-40105.36	11.775	7960.7294	0.0673	B-	-6710.8496	17.0887	174956945.126	12.64	False	2.7999110500138134
2399		21	98	77	175	Ir		-33394.511	12.384	7917.9112	0.0708	B-	-7685.8265	22.3572	174964149.519	13.295	False	2.7968363349979444
2400		19	97	78	175	Pt		-25708.684	18.614	7869.5216	0.1064	B-	-8304.998	42.8203	174972400.593	19.982	False	2.7716699840942436
2401		17	96	79	175	Au	-a	-17403.686	38.563	7817.5939	0.2204	B-	-9434.2436	89.7876	174981316.375	41.399	False	2.7250340250978082
2402		15	95	80	175	Hg	-a	-7969.443	81.085	7759.2134	0.4633	B-			174991444.451	87.047	False	2.675099882321256
2403	0.0	44	110	66	176	Dy	x	-33610.0	500.0	7969.0	3.0	B-	5780.0	707.0	175963918.0	537.0	True	
2404		42	109	67	176	Ho	x	-39390.0	500.0	7997.0	3.0	B-	7241.0	641.0	175957713.0	537.0	True	
2405		40	108	68	176	Er	x	-46631.0	401.0	8034.0	2.0	B-	2741.0	413.0	175949940.0	430.0	True	
2406		38	107	69	176	Tm	+	-49371.322	100.0	8045.1214	0.5682	B-	4120.0	100.0	175946997.707	107.354	False	2.6609279553163687
2407		36	106	70	176	Yb		-53491.322	0.014	8064.0853	0.0003	B-	-108.9895	1.2124	175942574.706	0.015	False	3.1435216185359716
2408		34	105	71	176	Lu		-53382.333	1.212	8059.0209	0.0069	B-	1194.0947	0.8744	175942691.711	1.301	False	2.929727915144081
2409		32	104	72	176	Hf		-54576.428	1.482	8061.3604	0.0084	B-	-3211.0484	30.775	175941409.797	1.591	False	2.9189213590128213
2410		30	103	73	176	Ta	x	-51365.379	30.739	8038.6706	0.1747	B-	-723.7709	41.543	175944857.0	33.0	False	2.740141304390023
2411		28	102	74	176	W	x	-50641.608	27.945	8030.1131	0.1588	B-	-5578.7182	39.5199	175945634.0	30.0	False	2.7462760750730935
2412		26	101	75	176	Re	x	-45062.89	27.945	7993.9707	0.1588	B-	-2931.7058	30.0134	175951623.0	30.0	False	2.746278259187622
2413		24	100	76	176	Os		-42131.184	10.949	7972.8681	0.0622	B-	-8249.2618	13.611	175954770.315	11.754	False	2.804665221651977
2414		22	99	77	176	Ir		-33881.923	8.085	7921.5522	0.0459	B-	-4948.0041	15.0657	175963626.261	8.679	False	2.822858835268847
2415		20	98	78	176	Pt		-28933.918	12.712	7888.9934	0.0722	B-	-10412.9516	35.5363	175968938.162	13.647	False	2.7955907805784013
2416		18	97	79	176	Au	-a	-18520.967	33.185	7825.3837	0.1885	B-	-6736.3283	34.9978	175980116.925	35.625	False	2.735200534826046
2417		16	96	80	176	Hg		-11784.639	11.118	7782.664	0.0632	B-	-12369.3668	83.7993	175987348.67	11.936	False	2.8037459807594476
2418		14	95	81	176	Tl	-p	584.728	83.058	7707.9383	0.4719	B-			176000627.731	89.166	False	2.6738381404404983
2419	0.0	43	110	67	177	Ho	x	-36280.0	500.0	7980.0	3.0	B-	6578.0	709.0	176961052.0	537.0	True	
2420		41	109	68	177	Er	x	-42858.0	503.0	8013.0	3.0	B-	4711.0	541.0	176953990.0	540.0	True	
2421		39	108	69	177	Tm	x	-47570.0	200.0	8035.0	1.0	B-	3417.0	200.0	176948932.0	215.0	True	
2422		37	107	70	177	Yb	-n	-50986.404	0.22	8049.9741	0.0013	B-	1397.4983	1.2406	176945263.846	0.236	False	3.0172625484337945
2423		35	106	71	177	Lu		-52383.903	1.221	8053.4495	0.0069	B-	496.8425	0.7921	176943763.57	1.31	False	2.9296627347613353
2424		33	105	72	177	Hf		-52880.745	1.41	8051.8365	0.008	B-	-1166.0	3.0	176943230.187	1.514	False	2.9219018817535143
2425		31	104	73	177	Ta	-	-51714.745	3.315	8040.8289	0.0187	B-	-2013.0144	28.1408	176944481.94	3.558	False	2.874815156269429
2426		29	103	74	177	W	x	-49701.731	27.945	8025.0359	0.1579	B-	-3432.5558	39.5199	176946643.0	30.0	False	2.7466400365409607
2427		27	102	75	177	Re	x	-46269.175	27.945	8001.2229	0.1579	B-	-4312.7271	31.5349	176950328.0	30.0	False	2.7466413723357364
2428		25	101	76	177	Os	+a	-41956.448	14.613	7972.4371	0.0826	B-	-5909.0234	24.5763	176954957.902	15.687	False	2.787389488458275
2429		23	100	77	177	Ir	x	-36047.425	19.76	7934.6328	0.1116	B-	-6676.988	24.801	176961301.5	21.213	False	2.7686326215419315
2430		21	99	78	177	Pt		-29370.437	14.988	7892.4896	0.0847	B-	-7824.7003	17.9991	176968469.541	16.09	False	2.7858309170451694
2431		19	98	79	177	Au		-21545.736	9.968	7843.8623	0.0563	B-	-8769.9135	85.3061	176976869.701	10.7	False	2.810684154718258
2432		17	97	80	177	Hg	-a	-12775.823	84.722	7789.8947	0.4787	B-	-9435.7198	87.4322	176986284.59	90.952	False	2.672854771659788
2433		15	96	81	177	Tl	IT	-3340.103	21.628	7732.1655	0.1222	B-			176996414.252	23.218	False	2.7629620461218503
2434	0.0	44	111	67	178	Ho	x	-32130.0	500.0	7957.0	3.0	B-	8130.0	778.0	177965507.0	537.0	True	
2435		42	110	68	178	Er	x	-40260.0	596.0	7999.0	3.0	B-	3980.0	667.0	177956779.0	640.0	True	
2436		40	109	69	178	Tm	x	-44240.0	300.0	8017.0	2.0	B-	5437.0	300.0	177952506.0	322.0	True	
2437		38	108	70	178	Yb		-49677.139	6.588	8042.7386	0.037	B-	660.7415	6.9617	177946669.4	7.072	False	2.8356134689751644
2438		36	107	71	178	Lu		-50337.881	2.251	8042.0554	0.0127	B-	2097.4851	2.0569	177945960.065	2.416	False	2.896733544691103
2439		34	106	72	178	Hf		-52435.366	1.415	8049.4438	0.008	B-	-1837.0	52.0	177943708.322	1.519	False	2.9220279055158778
2440		32	105	73	178	Ta	IT	-50598.0	52.0	8035.0	0.0	B-	-191.0	50.0	177945680.0	56.0	True	
2441		30	104	74	178	W	-	-50407.066	15.199	8029.2584	0.0854	B-	-4753.6082	31.8106	177945885.791	16.316	False	2.785310199285103
2442		28	103	75	178	Re	x	-45653.457	27.945	7998.1576	0.157	B-	-2109.2143	31.0925	177950989.0	30.0	False	2.7470030159370062
2443		26	102	76	178	Os		-43544.243	13.632	7981.9128	0.0766	B-	-7289.9295	23.239	177953253.334	14.634	False	2.7920042564623766
2444		24	101	77	178	Ir		-36254.314	18.821	7936.563	0.1057	B-	-4256.8282	21.3752	177961079.395	20.204	False	2.7720382472973584
2445		22	100	78	178	Pt		-31997.486	10.133	7908.253	0.0569	B-	-9694.4567	14.4108	177965649.288	10.878	False	2.810026519244164
2446		20	99	79	178	Au	x	-22303.029	10.246	7849.3946	0.0576	B-	-5987.6832	14.8566	177976056.714	11.0	False	2.809358375920624
2447		18	98	80	178	Hg	-a	-16315.346	10.758	7811.3607	0.0604	B-	-11702.0	103.0	177982484.756	11.548	False	2.806427396521302
2448		16	97	81	178	Tl	-a	-4613.0	102.0	7741.0	1.0	B-	-8187.0	103.0	177995047.0	110.0	True	
2449		14	96	82	178	Pb	-a	3573.371	23.184	7690.8359	0.1302	B-			178003836.171	24.889	False	2.7589264241752387
2450	0.0	43	111	68	179	Er	x	-36080.0	500.0	7976.0	3.0	B-	5821.0	640.0	178961267.0	537.0	True	
2451		41	110	69	179	Tm	x	-41900.0	400.0	8004.0	2.0	B-	4739.0	447.0	178955018.0	429.0	True	
2452		39	109	70	179	Yb	x	-46640.0	200.0	8026.0	1.0	B-	2419.0	200.0	178949930.0	215.0	True	
2453		37	108	71	179	Lu		-49059.013	5.15	8035.0744	0.0288	B-	1404.0231	5.0672	178947332.985	5.528	False	2.8502888423258583
2454		35	107	72	179	Hf		-50463.036	1.416	8038.5474	0.0079	B-	-105.5801	0.4088	178945825.705	1.52	False	2.922294717652796
2455		33	106	73	179	Ta		-50357.456	1.466	8033.5869	0.0082	B-	-1062.2093	14.5197	178945939.05	1.574	False	2.9204144857298076
2456		31	105	74	179	W		-49295.247	14.573	8023.2821	0.0814	B-	-2710.9347	26.8021	178947079.378	15.644	False	2.788247556341314
2457		29	104	75	179	Re		-46584.312	24.639	8003.7666	0.1376	B-	-3564.1747	29.1116	178949989.686	26.45	False	2.755401920363468
2458		27	103	76	179	Os		-43020.137	15.505	7979.4844	0.0866	B-	-4938.4182	18.3271	178953815.985	16.645	False	2.7844264075663956
2459		25	102	77	179	Ir		-38081.719	9.771	7947.5248	0.0546	B-	-5813.592	12.6133	178959117.594	10.489	False	2.8125507984608653
2460		23	101	78	179	Pt		-32268.127	7.977	7910.6759	0.0446	B-	-7279.5556	14.1567	178965358.742	8.563	False	2.824662312825101
2461		21	100	79	179	Au		-24988.572	11.696	7865.6374	0.0653	B-	-8055.648	30.4559	178973173.666	12.555	False	2.8017000634739575
2462		19	99	80	179	Hg		-16932.924	28.121	7816.2631	0.1571	B-	-8663.2918	47.7998	178981821.759	30.188	False	2.746972812763965
2463		17	98	81	179	Tl	-a	-8269.632	38.653	7763.4942	0.2159	B-	-10321.2401	89.9571	178991122.185	41.495	False	2.726366353409165
2464		15	97	82	179	Pb	-a	2051.608	81.229	7701.463	0.4538	B-			179002202.492	87.203	False	2.6765368254049475
2465	0.0	44	112	68	180	Er	x	-33180.0	500.0	7960.0	3.0	B-	4990.0	640.0	179964380.0	537.0	True	
2466		42	111	69	180	Tm	x	-38170.0	400.0	7983.0	2.0	B-	6550.0	500.0	179959023.0	429.0	True	
2467		40	110	70	180	Yb	x	-44720.0	300.0	8016.0	2.0	B-	1956.0	308.0	179951991.0	322.0	True	
2468		38	109	71	180	Lu	+	-46676.476	70.725	8022.0394	0.3929	B-	3103.0	70.7107	179949890.744	75.926	False	2.6863790558583003
2469		36	108	72	180	Hf		-49779.476	1.421	8034.9319	0.0079	B-	-845.8453	2.3472	179946559.537	1.525	False	2.9224180819867076
2470		34	107	73	180	Ta	+n	-48933.631	2.068	8025.8864	0.0115	B-	702.6122	2.359	179947467.589	2.219	False	2.90203233477239
2471		32	106	74	180	W		-49636.243	1.439	8025.4434	0.008	B-	-3798.8793	21.4404	179946713.304	1.545	False	2.921716850366249
2472		30	105	75	180	Re	x	-45837.364	21.392	7999.9922	0.1188	B-	-1481.1659	26.5482	179950791.568	22.965	False	2.7646965781325874
2473		28	104	76	180	Os		-44356.198	15.722	7987.4171	0.0873	B-	-6378.6679	26.8021	179952381.665	16.878	False	2.783911367771855
2474		26	103	77	180	Ir	x	-37977.53	21.706	7947.6337	0.1206	B-	-3547.6546	23.9205	179959229.446	23.302	False	2.7637814068446405
2475		24	102	78	180	Pt		-34429.875	10.051	7923.5781	0.0558	B-	-8804.229	11.1207	179963038.01	10.79	False	2.8111867814947784
2476		22	101	79	180	Au		-25625.646	4.759	7870.3194	0.0264	B-	-5375.133	13.5105	179972489.738	5.108	False	2.8551766471873603
2477		20	100	80	180	Hg		-20250.513	12.645	7836.1111	0.0702	B-	-10860.075	71.0509	179978260.18	13.574	False	2.7972929461347555
2478		18	99	81	180	Tl	-a	-9390.438	69.917	7771.431	0.3884	B-	-7449.3696	71.0069	179989918.95	75.058	False	2.687177218414708
2479		16	98	82	180	Pb	-a	-1941.069	12.395	7725.6993	0.0689	B-			179997916.177	13.306	False	2.798514767173375
2480	0.0	43	112	69	181	Tm	x	-35440.0	500.0	7969.0	3.0	B-	5649.0	582.0	180961954.0	537.0	True	
2481		41	111	70	181	Yb	x	-41088.0	298.0	7996.0	2.0	B-	3709.0	324.0	180955890.0	320.0	True	
2482		39	110	71	181	Lu	x	-44797.414	125.752	8011.9301	0.6948	B-	2605.5435	125.7598	180951908.0	135.0	False	2.6467751188451505
2483		37	109	72	181	Hf	-n	-47402.958	1.423	8022.003	0.0079	B-	1036.1061	1.9298	180949110.834	1.527	False	2.9226464678481094
2484		35	108	73	181	Ta		-48439.064	1.576	8023.405	0.0087	B-	-205.1193	1.9495	180947998.528	1.692	False	2.917111541126028
2485		33	107	74	181	W	-n	-48233.945	1.448	8017.9494	0.008	B-	-1716.5331	12.6289	180948218.733	1.554	False	2.9217029481848105
2486		31	106	75	181	Re	4n	-46517.412	12.549	8004.1434	0.0693	B-	-2967.4438	28.2755	180950061.507	13.471	False	2.7980854273860123
2487		29	105	76	181	Os		-43549.968	25.338	7983.4263	0.14	B-	-4086.9327	25.8756	180953247.188	27.201	False	2.754328993189805
2488		27	104	77	181	Ir	+a	-39463.035	5.245	7956.5242	0.029	B-	-5081.5379	14.6597	180957634.691	5.631	False	2.849867216054238
2489		25	103	78	181	Pt		-34381.497	13.689	7924.1271	0.0756	B-	-6510.3575	24.2164	180963089.946	14.695	False	2.7927770806232024
2490		23	102	79	181	Au	-a	-27871.14	19.976	7883.8359	0.1104	B-	-7210.0126	25.2123	180970079.102	21.445	False	2.769355422553377
2491		21	101	80	181	Hg		-20661.127	15.382	7839.6792	0.085	B-	-7862.378	17.873	180977819.368	16.513	False	2.7856121164496015
2492		19	100	81	181	Tl		-12798.749	9.102	7791.9183	0.0503	B-	-9688.1182	85.5227	180986259.978	9.771	False	2.817473225166574
2493		17	99	82	181	Pb	-a	-3110.631	85.037	7734.0704	0.4698	B-			180996660.6	91.29	False	2.6741450554034603
2494	0.0	44	113	69	182	Tm	x	-31490.0	500.0	7948.0	3.0	B-	7410.0	640.0	181966194.0	537.0	True	
2495		42	112	70	182	Yb	x	-38900.0	400.0	7984.0	2.0	B-	2870.0	447.0	181958239.0	429.0	True	
2496		40	111	71	182	Lu	x	-41770.0	200.0	7996.0	1.0	B-	4280.0	200.0	181955158.0	215.0	True	
2497		38	110	72	182	Hf	-nn	-46049.636	6.166	8014.8381	0.0339	B-	381.0486	6.3027	181950563.684	6.619	False	2.840790522181109
2498		36	109	73	182	Ta		-46430.685	1.578	8012.6332	0.0087	B-	1815.4592	1.5276	181950154.612	1.693	False	2.9173782890681053
2499		34	108	74	182	W		-48246.144	0.745	8018.3096	0.0041	B-	-2800.0	101.9804	181948205.636	0.799	False	2.9571799385598063
2500		32	107	75	182	Re	IT	-45446.144	101.983	7998.6264	0.5603	B-	-837.0348	104.2757	181951211.56	109.483	False	2.661900138623632
2501		30	106	76	182	Os		-44609.109	21.745	7989.7287	0.1195	B-	-5557.4266	30.2074	181952110.154	23.344	False	2.7643621067160042
2502		28	105	77	182	Ir		-39051.682	20.967	7954.8948	0.1152	B-	-2883.262	24.7202	181958076.296	22.509	False	2.7666568911181724
2503		26	104	78	182	Pt		-36168.42	13.095	7934.7541	0.0719	B-	-7864.4447	22.8812	181961171.605	14.057	False	2.7958280468246777
2504		24	103	79	182	Au		-28303.976	18.764	7887.2442	0.1031	B-	-4727.0905	21.1645	181969614.433	20.143	False	2.773619031535179
2505		22	102	80	182	Hg		-23576.885	9.79	7856.9726	0.0538	B-	-10249.6721	15.4687	181974689.173	10.51	False	2.813433775294366
2506		20	101	81	182	Tl	-a	-13327.213	11.976	7796.3571	0.0658	B-	-6502.6567	17.0151	181985692.649	12.856	False	2.801275056716327
2507		18	100	82	182	Pb	-a	-6824.556	12.086	7756.3296	0.0664	B-			181992673.537	12.975	False	2.800717653181039
2508	0.0	43	113	70	183	Yb	x	-35000.0	400.0	7963.0	2.0	B-	4716.0	408.0	182962426.0	429.0	True	
2509		41	112	71	183	Lu	x	-39716.114	80.108	7984.8125	0.4378	B-	3567.4325	85.5564	182957363.0	86.0	False	2.6789931989569373
2510		39	111	72	183	Hf	+	-43283.547	30.042	8000.0315	0.1642	B-	2010.0	30.0	182953533.203	32.251	False	2.7441374016677504
2511		37	110	73	183	Ta	-n	-45293.547	1.59	8006.74	0.0087	B-	1072.1161	1.5405	182951375.38	1.707	False	2.9172296951221024
2512		35	109	74	183	W		-46365.663	0.743	8008.3234	0.0041	B-	-556.0	8.0	182950224.416	0.798	False	2.957530351852298
2513		33	108	75	183	Re	-	-45809.663	8.034	8001.0101	0.0439	B-	-2145.9028	50.4129	182950821.306	8.625	False	2.8255406295526573
2514		31	107	76	183	Os		-43663.76	49.769	7985.0087	0.272	B-	-3461.6215	52.8061	182953125.028	53.428	False	2.7111391306096015
2515		29	106	77	183	Ir		-40202.138	24.672	7961.8176	0.1348	B-	-4428.9417	28.4743	182956841.231	26.486	False	2.7567225520600953
2516		27	105	78	183	Pt		-35773.197	14.216	7933.3406	0.0777	B-	-5581.7092	17.0554	182961595.895	15.261	False	2.791133590492512
2517		25	104	79	183	Au		-30191.488	9.423	7898.5644	0.0515	B-	-6386.8322	11.7891	182967588.106	10.116	False	2.8160493077433033
2518		23	103	80	183	Hg		-23804.655	7.084	7859.3885	0.0387	B-	-7217.3941	11.7158	182974444.652	7.604	False	2.8329887676477408
2519		21	102	81	183	Tl		-16587.261	9.331	7815.6741	0.051	B-	-9007.2534	30.4442	182982192.843	10.017	False	2.8166424341060012
2520		19	101	82	183	Pb	-a	-7580.008	28.979	7762.179	0.1584	B-			182991862.527	31.11	False	2.746464366765665
2521	0.0	44	114	70	184	Yb	x	-32600.0	503.0	7951.0	3.0	B-	3700.0	541.0	183965002.0	540.0	True	
2522		42	113	71	184	Lu	x	-36300.0	200.0	7967.0	1.0	B-	5199.0	204.0	183961030.0	215.0	True	
2523		40	112	72	184	Hf	+	-41499.453	39.706	7990.7228	0.2158	B-	1340.0	30.0	183955448.507	42.625	False	2.726398387091795
2524		38	111	73	184	Ta	+	-42839.453	26.01	7993.7535	0.1414	B-	2866.0	26.0	183954009.958	27.923	False	2.753708202721645
2525		36	110	74	184	W		-45705.453	0.738	8005.0777	0.004	B-	-1485.6333	4.1971	183950933.18	0.792	False	2.958205546778569
2526		34	109	75	184	Re		-44219.819	4.276	7992.7517	0.0232	B-	32.746	4.1387	183952528.073	4.59	False	2.862561287895642
2527		32	108	76	184	Os		-44252.565	0.829	7988.6778	0.0045	B-	-4641.7101	27.9571	183952492.919	0.89	False	2.9521315212261925
2528		30	107	77	184	Ir	x	-39610.855	27.945	7959.1992	0.1519	B-	-2278.3688	31.5957	183957476.0	30.0	False	2.7491293016722382
2529		28	106	78	184	Pt		-37332.486	14.744	7942.5649	0.0801	B-	-7013.7724	26.7122	183959921.929	15.828	False	2.789227523485985
2530		26	105	79	184	Au	-a	-30318.714	22.275	7900.1947	0.1211	B-	-3973.9269	24.2296	183967451.523	23.912	False	2.7635409758632785
2531		24	104	80	184	Hg		-26344.787	9.535	7874.3454	0.0518	B-	-9461.4321	13.8254	183971717.709	10.235	False	2.8156769095967755
2532		22	103	81	184	Tl		-16883.355	10.012	7818.6727	0.0544	B-	-5831.7688	16.2517	183981874.973	10.747	False	2.812753770574981
2533		20	102	82	184	Pb		-11051.586	12.802	7782.7264	0.0696	B-	-12306.0	123.0	183988135.634	13.743	False	2.797881900166367
2534		18	101	83	184	Bi	-a	1254.0	122.0	7712.0	1.0	B-			184001347.0	131.0	True	
2535	0.0	45	115	70	185	Yb	x	-28480.0	500.0	7929.0	3.0	B-	5480.0	583.0	184969425.0	537.0	True	
2536		43	114	71	185	Lu	x	-33960.0	300.0	7955.0	2.0	B-	4359.0	307.0	184963542.0	322.0	True	
2537		41	113	72	185	Hf	x	-38319.804	64.273	7973.9711	0.3474	B-	3074.5667	65.8147	184958862.0	69.0	False	2.6947310595738334
2538		39	112	73	185	Ta	+	-41394.371	14.161	7986.3615	0.0765	B-	1993.5	14.1421	184955561.317	15.202	False	2.7920358419233273
2539		37	111	74	185	W		-43387.871	0.739	7992.9083	0.004	B-	431.1764	0.6616	184953421.206	0.793	False	2.9584221588785167
2540		35	110	75	185	Re		-43819.047	0.82	7991.0101	0.0044	B-	-1013.1393	0.419	184952958.32	0.879	False	2.9530639116217237
2541		33	109	76	185	Os		-42805.908	0.832	7981.3047	0.0045	B-	-2470.3505	27.9572	184954045.969	0.893	False	2.9522393533124776
2542		31	108	77	185	Ir	x	-40335.558	27.945	7963.7226	0.1511	B-	-3647.4137	38.0554	184956698.0	30.0	False	2.7494758475715204
2543		29	107	78	185	Pt		-36688.144	25.832	7939.7779	0.1396	B-	-4829.9942	25.9635	184960613.659	27.731	False	2.754494921008102
2544		27	106	79	185	Au	x	-31858.15	2.608	7909.441	0.0141	B-	-5674.4989	13.8859	184965798.871	2.8	False	2.890708483297977
2545		25	105	80	185	Hg		-26183.651	13.639	7874.5391	0.0737	B-	-6425.9062	24.7674	184971890.696	14.641	False	2.794343402421718
2546		23	104	81	185	Tl	IT	-19757.745	20.674	7835.5756	0.1118	B-	-8216.5333	26.2493	184978789.189	22.194	False	2.768576292032237
2547		21	103	82	185	Pb	-a	-11541.211	16.175	7786.933	0.0874	B-	-9305.0	83.0	184987610.0	17.364	False	2.7838624536450256
2548		19	102	83	185	Bi	IT	-2236.0	81.0	7732.0	0.0	B-			184997600.0	87.0	True	
2549	0.0	44	115	71	186	Lu	x	-30320.0	400.0	7936.0	2.0	B-	6104.0	403.0	185967450.0	429.0	True	
2550		42	114	72	186	Hf	x	-36424.214	51.232	7964.3032	0.2754	B-	2183.3883	78.9063	185960897.0	55.0	False	2.710295265269325
2551		40	113	73	186	Ta	+	-38607.602	60.012	7971.8357	0.3226	B-	3901.0	60.0	185958553.036	64.425	False	2.699717756986853
2552		38	112	74	186	W		-42508.602	1.213	7988.6026	0.0065	B-	-581.2819	1.2386	185954365.14	1.302	False	2.932638591284716
2553		36	111	75	186	Re		-41927.32	0.82	7981.2713	0.0044	B-	1072.7114	0.8337	185954989.172	0.88	False	2.9532864916231567
2554		34	110	76	186	Os		-43000.032	0.761	7982.8324	0.0041	B-	-3827.6813	16.543	185953837.569	0.816	False	2.957217508029574
2555		32	109	77	186	Ir	x	-39172.35	16.526	7958.0473	0.0888	B-	-1307.903	27.3122	185957946.754	17.74	False	2.782861348706623
2556		30	108	78	186	Pt		-37864.447	21.745	7946.8094	0.1169	B-	-6149.5913	30.2074	185959350.845	23.344	False	2.765733948881486
2557		28	107	79	186	Au		-31714.856	20.967	7909.5409	0.1127	B-	-3175.7972	23.9866	185965952.703	22.509	False	2.7680257612307293
2558		26	106	80	186	Hg		-28539.059	11.65	7888.2605	0.0626	B-	-8656.119	23.7974	185969362.061	12.507	False	2.8042571914057417
2559		24	105	81	186	Tl		-19882.94	20.751	7837.5161	0.1116	B-	-5202.0427	23.4877	185978654.787	22.276	False	2.7686831428937615
2560		22	104	82	186	Pb	-a	-14680.897	11.004	7805.342	0.0592	B-	-11535.3999	20.2118	185984239.409	11.813	False	2.80771282699918
2561		20	103	83	186	Bi	-a	-3145.497	16.954	7739.1175	0.0911	B-	-7247.0279	24.9305	185996623.169	18.2	False	2.781289354377896
2562		18	102	84	186	Po	-a	4101.531	18.278	7695.9488	0.0983	B-			186004403.174	19.622	False	2.7766199309034953
2563	0.0	45	116	71	187	Lu	x	-27770.0	400.0	7923.0	2.0	B-	5230.0	447.0	186970188.0	429.0	True	
2564		43	115	72	187	Hf	x	-33000.0	200.0	7947.0	1.0	B-	3896.0	208.0	186964573.0	215.0	True	
2565		41	114	73	187	Ta	x	-36895.55	55.89	7963.2123	0.2989	B-	3008.4937	55.9028	186960391.0	60.0	False	2.704849268735073
2566		39	113	74	187	W		-39904.044	1.213	7975.1168	0.0065	B-	1312.5048	1.1219	186957161.249	1.302	False	2.9329249740834986
2567		37	112	75	187	Re		-41216.548	0.737	7977.9519	0.0039	B-	2.4667	0.0016	186955752.217	0.791	False	2.959111848341268
2568		35	111	76	187	Os		-41219.015	0.737	7973.7814	0.0039	B-	-1669.6385	27.9545	186955749.569	0.791	False	2.959111847606664
2569		33	110	77	187	Ir	x	-39549.377	27.945	7960.6692	0.1494	B-	-2864.0151	36.8802	186957542.0	30.0	False	2.750163823144322
2570		31	109	78	187	Pt		-36685.361	24.067	7941.1699	0.1287	B-	-3656.5811	27.4478	186960616.646	25.837	False	2.7596681710899844
2571		29	108	79	187	Au		-33028.78	22.499	7917.4323	0.1203	B-	-4910.2713	25.9171	186964542.147	24.153	False	2.763927632216724
2572		27	107	80	187	Hg		-28118.509	12.864	7886.9905	0.0688	B-	-5673.917	15.1746	186969813.54	13.81	False	2.7985649478078387
2573		25	106	81	187	Tl		-22444.592	8.048	7852.465	0.043	B-	-7457.637	9.5248	186975904.74	8.64	False	2.8267269251249307
2574		23	105	82	187	Pb		-14986.955	5.094	7808.401	0.0272	B-	-8603.6798	11.2268	186983910.842	5.468	False	2.853455333525595
2575		21	104	83	187	Bi	-a	-6383.275	10.005	7758.2083	0.0535	B-	-9207.0832	34.1302	186993147.272	10.74	False	2.8137670996158657
2576		19	103	84	187	Po	-a	2823.808	32.631	7704.7889	0.1745	B-			187003031.482	35.03	False	2.740222449304714
2577	0.0	46	117	71	188	Lu	x	-23820.0	400.0	7903.0	2.0	B-	7009.0	500.0	187974428.0	429.0	True	
2578		44	116	72	188	Hf	x	-30830.0	300.0	7936.0	2.0	B-	3080.0	361.0	187966903.0	322.0	True	
2579		42	115	73	188	Ta	x	-33910.0	200.0	7948.0	1.0	B-	4758.0	200.0	187963596.0	215.0	True	
2580		40	114	74	188	W	+	-38667.88	3.089	7969.0532	0.0164	B-	349.0	3.0	187958488.325	3.316	False	2.8821700183036922
2581		38	113	75	188	Re	-n	-39016.88	0.738	7966.7481	0.0039	B-	2120.4209	0.152	187958113.658	0.792	False	2.959323629165792
2582		36	112	76	188	Os		-41137.301	0.734	7973.8656	0.0039	B-	-2792.3457	9.4164	187955837.292	0.788	False	2.9595855192082285
2583		34	111	77	188	Ir		-38344.955	9.423	7954.8512	0.0501	B-	-523.986	8.6863	187958834.999	10.116	False	2.817658594054955
2584		32	110	78	188	Pt		-37820.97	5.305	7947.9027	0.0282	B-	-5449.6549	5.9528	187959397.521	5.694	False	2.851418591143575
2585		30	109	79	188	Au	x	-32371.315	2.701	7914.7537	0.0144	B-	-2172.9634	7.3046	187965247.966	2.9	False	2.88965243899668
2586		28	108	80	188	Hg		-30198.351	6.787	7899.034	0.0361	B-	-7861.9485	30.6643	187967580.738	7.285	False	2.837085989990941
2587		26	107	81	188	Tl	x	-22336.403	29.904	7853.0537	0.1591	B-	-4525.3784	31.5712	187976020.886	32.103	False	2.7461725857023933
2588		24	106	82	188	Pb	-a	-17811.024	10.124	7824.8211	0.0539	B-	-10616.2241	15.0824	187980879.079	10.868	False	2.8133724030479366
2589		22	105	83	188	Bi	-a	-7194.8	11.179	7764.1904	0.0595	B-	-6650.4226	22.8861	187992276.064	12.001	False	2.8074080239259644
2590		20	104	84	188	Po	-a	-544.378	19.97	7724.6544	0.1062	B-			187999415.586	21.438	False	2.7717624036785495
2591	0.0	45	117	72	189	Hf	x	-27150.0	300.0	7917.0	2.0	B-	4809.0	361.0	188970853.0	322.0	True	
2592		43	116	73	189	Ta	x	-31960.0	200.0	7938.0	1.0	B-	3850.0	283.0	188965690.0	215.0	True	
2593		41	115	74	189	W	+	-35809.0	200.0	7954.0	1.0	B-	2170.0	200.0	188961557.0	215.0	True	
2594		39	114	75	189	Re	+p	-37979.097	8.191	7961.8105	0.0433	B-	1007.7049	8.1671	188959227.764	8.793	False	2.8263122848553026
2595		37	113	76	189	Os		-38986.802	0.666	7963.0029	0.0035	B-	-537.1494	12.563	188958145.949	0.715	False	2.964886848960101
2596		35	112	77	189	Ir		-38449.652	12.576	7956.0214	0.0665	B-	-1980.247	13.6363	188958722.602	13.5	False	2.800589847417258
2597		33	111	78	189	Pt		-36469.405	10.09	7941.4045	0.0534	B-	-2887.4471	22.4737	188960848.485	10.832	False	2.8138833461245167
2598		31	110	79	189	Au	x	-33581.958	20.081	7921.9876	0.1063	B-	-3955.58	37.4009	188963948.286	21.558	False	2.7717333457383315
2599		29	109	80	189	Hg		-29626.378	31.553	7896.9192	0.1669	B-	-5010.2727	32.6434	188968194.776	33.873	False	2.7430614927247916
2600		27	108	81	189	Tl		-24616.105	8.368	7866.2704	0.0443	B-	-6772.0862	16.3636	188973573.525	8.983	False	2.8250497499652067
2601		25	107	82	189	Pb		-17844.019	14.062	7826.2999	0.0744	B-	-7779.3555	25.1498	188980843.658	15.096	False	2.7937829300733963
2602		23	106	83	189	Bi	-a	-10064.664	20.851	7780.9999	0.1103	B-	-8642.6682	30.3542	188989195.139	22.384	False	2.7693869761723615
2603		21	105	84	189	Po	-a	-1421.996	22.059	7731.1321	0.1167	B-			188998473.425	23.681	False	2.7658521107038143
2604	0.0	46	118	72	190	Hf	x	-24800.0	400.0	7905.0	2.0	B-	3920.0	447.0	189973376.0	429.0	True	
2605		44	117	73	190	Ta	x	-28720.0	200.0	7922.0	1.0	B-	5649.0	203.0	189969168.0	215.0	True	
2606		42	116	74	190	W		-34368.832	35.391	7947.5031	0.1863	B-	1214.1824	35.5545	189963103.542	37.993	False	2.7359855819165073
2607		40	115	75	190	Re		-35583.015	4.87	7949.7759	0.0256	B-	3124.8105	4.7864	189961800.064	5.227	False	2.8569583662398137
2608		38	114	76	190	Os		-38707.825	0.65	7962.1047	0.0034	B-	-1954.2108	1.2131	189958445.442	0.697	False	2.966472643516631
2609		36	113	77	190	Ir	+n	-36753.614	1.37	7947.7017	0.0072	B-	552.8893	1.2822	189960543.374	1.47	False	2.9272962759830365
2610		34	112	78	190	Pt		-37306.504	0.657	7946.4941	0.0035	B-	-4472.9637	3.5086	189959949.823	0.705	False	2.965885316423816
2611		32	111	79	190	Au	x	-32833.54	3.447	7918.8345	0.0181	B-	-1462.915	16.276	189964751.746	3.7	False	2.876611759404626
2612		30	110	80	190	Hg		-31370.625	15.907	7907.0174	0.0837	B-	-7004.3892	17.4819	189966322.25	17.076	False	2.786533748945365
2613		28	109	81	190	Tl	+a	-24366.236	7.252	7866.0345	0.0382	B-	-3949.6288	14.4634	189973841.771	7.784	False	2.833820606745108
2614		26	108	82	190	Pb	-a	-20416.607	12.514	7841.1294	0.0659	B-	-9820.7014	24.4226	189978081.872	13.434	False	2.8012144714864067
2615		24	107	83	190	Bi	-a	-10595.906	20.973	7785.3239	0.1104	B-	-6033.1975	24.7615	189988624.828	22.515	False	2.7693518018893792
2616		22	106	84	190	Po	-a	-4562.708	13.163	7749.4526	0.0693	B-			189995101.731	14.131	False	2.79814302955171
2617	0.0	45	118	73	191	Ta	x	-26520.0	300.0	7911.0	2.0	B-	4657.0	303.0	190971530.0	322.0	True	
2618		43	117	74	191	W	x	-31176.176	41.917	7931.4359	0.2195	B-	3174.2318	43.1556	190966531.0	45.0	False	2.7252970324869046
2619		41	116	75	191	Re	+p	-34350.408	10.264	7943.9588	0.0537	B-	2044.8311	10.2443	190963123.322	11.019	False	2.8134889041184437
2620		39	115	76	191	Os		-36395.239	0.659	7950.5687	0.0035	B-	313.5873	1.141	190960928.105	0.707	False	2.966010114654133
2621		37	114	77	191	Ir		-36708.826	1.31	7948.1144	0.0069	B-	-1010.4903	3.636	190960591.455	1.406	False	2.9299571931986796
2622		35	113	78	191	Pt		-35698.336	4.127	7938.7279	0.0216	B-	-1900.4257	6.426	190961676.261	4.43	False	2.8667154596644484
2623		33	112	79	191	Au		-33797.91	4.926	7924.6819	0.0258	B-	-3206.0616	22.7103	190963716.452	5.288	False	2.8565939858695675
2624		31	111	80	191	Hg		-30591.849	22.28	7903.8002	0.1167	B-	-4308.8981	23.4609	190967158.301	23.918	False	2.765877547073463
2625		29	110	81	191	Tl	+a	-26282.951	7.349	7877.1445	0.0385	B-	-5991.7073	9.8864	190971784.093	7.889	False	2.833340798505519
2626		27	109	82	191	Pb		-20291.243	6.613	7841.6782	0.0346	B-	-7051.8922	9.9895	190978216.455	7.099	False	2.8395295898338206
2627		25	108	83	191	Bi		-13239.351	7.487	7800.6613	0.0392	B-	-8170.6205	10.3201	190985786.972	8.037	False	2.8322513338405204
2628		23	107	84	191	Po		-5068.731	7.103	7753.7871	0.0372	B-	-8932.644	17.5997	190994558.494	7.624	False	2.835355420506309
2629		21	106	85	191	At	-a	3863.913	16.103	7702.9233	0.0843	B-			191004148.081	17.287	False	2.786112544812592
2630	0.0	46	119	73	192	Ta	x	-23100.0	400.0	7894.0	2.0	B-	6520.0	447.0	191975201.0	429.0	True	
2631		44	118	74	192	W	x	-29620.0	200.0	7924.0	1.0	B-	1969.0	212.0	191968202.0	215.0	True	
2632		42	117	75	192	Re	x	-31588.828	70.794	7930.2389	0.3687	B-	4293.475	70.8314	191966088.0	76.0	False	2.6907070713000945
2633		40	116	76	192	Os		-35882.303	2.314	7948.526	0.0121	B-	-1046.6722	2.3962	191961478.765	2.484	False	2.899382985353248
2634		38	115	77	192	Ir		-34835.631	1.314	7938.9999	0.0068	B-	1452.8946	2.2739	191962602.414	1.41	False	2.930084947387868
2635		36	114	78	192	Pt		-36288.525	2.57	7942.4923	0.0134	B-	-3516.3415	15.6174	191961042.667	2.758	False	2.893605259338785
2636		34	113	79	192	Au	-	-32772.184	15.827	7920.1033	0.0824	B-	-760.7028	22.1777	191964817.615	16.991	False	2.7874858863908765
2637		32	112	80	192	Hg	x	-32011.481	15.537	7912.0666	0.0809	B-	-6139.2324	35.2767	191965634.263	16.679	False	2.7886267036765524
2638		30	111	81	192	Tl	x	-25872.249	31.671	7876.0167	0.165	B-	-3320.4029	32.1843	191972225.0	34.0	False	2.743835580083018
2639		28	110	82	192	Pb		-22551.846	5.726	7854.6482	0.0298	B-	-9017.3089	30.6518	191975789.598	6.147	False	2.8482129714407693
2640		26	109	83	192	Bi	-a	-13534.537	30.112	7803.6084	0.1568	B-	-5468.0534	31.9348	191985470.077	32.326	False	2.7470823317607334
2641		24	108	84	192	Po	-a	-8066.483	10.634	7771.0542	0.0554	B-	-10992.2252	29.8328	191991340.274	11.416	False	2.8116859269285124
2642		22	107	85	192	At	-a	2925.742	27.873	7709.7283	0.1452	B-			192003140.912	29.922	False	2.7520306133168675
2643	0.0	47	120	73	193	Ta	x	-20810.0	400.0	7883.0	2.0	B-	5380.0	447.0	192977660.0	429.0	True	
2644		45	119	74	193	W	x	-26190.0	200.0	7907.0	1.0	B-	4042.0	204.0	192971884.0	215.0	True	
2645		43	118	75	193	Re	x	-30231.641	39.123	7923.9378	0.2027	B-	3162.7597	39.1915	192967545.0	42.0	False	2.730487456273508
2646		41	117	76	193	Os		-33394.401	2.32	7936.2716	0.012	B-	1141.9038	2.4	192964149.637	2.49	False	2.8995369767771013
2647		39	116	77	193	Ir		-34536.305	1.327	7938.1346	0.0069	B-	-56.6276	0.2997	192962923.753	1.425	False	2.929797407836251
2648		37	115	78	193	Pt		-34479.677	1.359	7933.7875	0.007	B-	-1074.8477	8.7676	192962984.546	1.458	False	2.9285739667044055
2649		35	114	79	193	Au		-33404.829	8.674	7924.1648	0.0449	B-	-2342.6641	14.3702	192964138.442	9.311	False	2.8241618212559008
2650		33	113	80	193	Hg		-31062.165	15.505	7907.973	0.0803	B-	-3584.9466	16.8938	192966653.395	16.645	False	2.789072003495405
2651		31	112	81	193	Tl	x	-27477.218	6.707	7885.3445	0.0348	B-	-5247.9637	12.2808	192970501.994	7.2	False	2.839310417292781
2652		29	111	82	193	Pb		-22229.255	10.288	7854.0994	0.0533	B-	-6344.6913	12.7761	192976135.914	11.044	False	2.8139819414027034
2653		27	110	83	193	Bi		-15884.563	7.576	7817.1718	0.0393	B-	-7559.2614	16.3874	192982947.22	8.132	False	2.8321719485112564
2654		25	109	84	193	Po	-a	-8325.302	14.531	7773.951	0.0753	B-	-8257.9789	26.0594	192991062.421	15.599	False	2.7930619351493298
2655		23	108	85	193	At	-a	-67.323	21.632	7727.1099	0.1121	B-	-9110.2435	33.1444	192999927.725	23.222	False	2.7683987231396223
2656		21	107	86	193	Rn	-a	9042.92	25.112	7675.853	0.1301	B-			193009707.973	26.958	False	2.7589949280360493
2657	0.0	48	121	73	194	Ta	x	-17130.0	500.0	7865.0	3.0	B-	7280.0	583.0	193981610.0	537.0	True	
2658		46	120	74	194	W	x	-24410.0	300.0	7899.0	2.0	B-	2850.0	361.0	193973795.0	322.0	True	
2659		44	119	75	194	Re	x	-27260.0	200.0	7909.0	1.0	B-	5175.0	200.0	193970735.0	215.0	True	
2660		42	118	76	194	Os	+	-32435.176	2.403	7932.0232	0.0124	B-	96.6	2.0	193965179.407	2.579	False	2.897887195361198
2661		40	117	77	194	Ir	-n	-32531.776	1.332	7928.4885	0.0069	B-	2228.3252	1.2569	193965075.703	1.429	False	2.9299243486495707
2662		38	116	78	194	Pt		-34760.101	0.496	7935.942	0.0026	B-	-2548.1518	2.1174	193962683.498	0.532	False	2.981343658894923
2663		36	115	79	194	Au	+3n	-32211.95	2.118	7918.7744	0.0109	B-	-27.9978	3.5809	193965419.051	2.273	False	2.904827321189036
2664		34	114	80	194	Hg	x	-32183.952	2.888	7914.5974	0.0149	B-	-5246.4542	14.2677	193965449.108	3.1	False	2.8876897474245022
2665		32	113	81	194	Tl	x	-26937.498	13.972	7883.5211	0.072	B-	-2729.6315	22.3433	193971081.408	15.0	False	2.7957661289430114
2666		30	112	82	194	Pb		-24207.866	17.435	7865.4181	0.0899	B-	-8184.8462	18.2094	193974011.788	18.717	False	2.782155473743825
2667		28	111	83	194	Bi	+a	-16023.02	5.252	7819.1955	0.0271	B-	-5018.4029	13.9386	193982798.581	5.638	False	2.8538086590127016
2668		26	110	84	194	Po	-a	-11004.617	12.911	7789.2947	0.0666	B-	-10288.1273	26.8153	193988186.058	13.86	False	2.800586891356037
2669		24	109	85	194	At	-a	-716.49	23.502	7732.2304	0.1211	B-	-6441.1134	28.8079	193999230.816	25.23	False	2.7635057838052566
2670		22	108	86	194	Rn	-a	5724.624	16.659	7694.9961	0.0859	B-			194006145.636	17.884	False	2.784980003274493
2671	0.0	47	121	74	195	W	x	-20740.0	300.0	7881.0	2.0	B-	4820.0	424.0	194977735.0	322.0	True	
2672		45	120	75	195	Re	x	-25560.0	300.0	7901.0	2.0	B-	3951.0	305.0	194972560.0	322.0	True	
2673		43	119	76	195	Os	x	-29511.596	55.89	7917.7449	0.2866	B-	2180.722	55.9055	194968318.0	60.0	False	2.7076503257834688
2674		41	118	77	195	Ir	-n	-31692.318	1.333	7924.916	0.0068	B-	1101.5601	1.2637	194965976.898	1.431	False	2.930124494205399
2675		39	117	78	195	Pt		-32793.878	0.503	7926.553	0.0026	B-	-226.8175	0.9998	194964794.325	0.54	False	2.9808478327112913
2676		37	116	79	195	Au		-32567.061	1.119	7921.3778	0.0057	B-	-1553.719	23.1562	194965037.823	1.201	False	2.9394357609778146
2677		35	115	80	195	Hg		-31013.342	23.142	7909.398	0.1187	B-	-2858.0499	25.6707	194966705.809	24.843	False	2.7647936280189387
2678		33	114	81	195	Tl		-28155.292	11.126	7890.7293	0.0571	B-	-4417.2524	12.2333	194969774.052	11.944	False	2.8098920960331433
2679		31	113	82	195	Pb		-23738.039	5.088	7864.0647	0.0261	B-	-5712.4729	7.337	194974516.167	5.461	False	2.8559383118296653
2680		29	112	83	195	Bi		-18025.567	5.287	7830.7579	0.0271	B-	-6908.9121	8.0284	194980648.759	5.675	False	2.8537273855442717
2681		27	111	84	195	Po		-11116.655	6.042	7791.3155	0.031	B-	-7646.3554	11.3199	194988065.781	6.486	False	2.8460019789087263
2682		25	110	85	195	At	-a	-3470.299	9.573	7748.0914	0.0491	B-	-8520.5842	52.565	194996274.48	10.276	False	2.818916328936879
2683		23	109	86	195	Rn	-a	5050.285	51.686	7700.3841	0.2651	B-			195005421.703	55.487	False	2.71286453760853
2684	0.0	48	122	74	196	W	x	-18740.0	400.0	7872.0	2.0	B-	3620.0	500.0	195979882.0	429.0	True	
2685		46	121	75	196	Re	x	-22360.0	300.0	7886.0	2.0	B-	5918.0	303.0	195975996.0	322.0	True	
2686		44	120	76	196	Os	+pp	-28277.123	40.055	7912.2301	0.2044	B-	1158.3989	55.4951	195969643.261	43.0	False	2.729959771168415
2687		42	119	77	196	Ir	+	-29435.522	38.414	7914.1487	0.196	B-	3209.0164	38.4111	195968399.669	41.239	False	2.732682946369885
2688		40	118	78	196	Pt		-32644.538	0.51	7926.5297	0.0026	B-	-1505.8204	2.9605	195964954.648	0.547	False	2.980453793475537
2689		38	117	79	196	Au		-31138.718	2.962	7914.8553	0.0151	B-	687.2263	3.1176	195966571.213	3.179	False	2.8868593725577543
2690		36	116	80	196	Hg		-31825.944	2.946	7914.37	0.015	B-	-4329.3455	12.4627	195965833.445	3.163	False	2.8871404282424855
2691		34	115	81	196	Tl	x	-27496.598	12.109	7888.29	0.0618	B-	-2148.3639	14.3556	195970481.189	13.0	False	2.8050876908058155
2692		32	114	82	196	Pb		-25348.234	7.71	7873.3374	0.0393	B-	-7339.202	25.616	195972787.552	8.277	False	2.8320365215564114
2693		30	113	83	196	Bi	x	-18009.032	24.428	7831.9009	0.1246	B-	-4540.3012	25.0142	195980666.509	26.224	False	2.761707962770154
2694		28	112	84	196	Po		-13468.731	5.383	7804.7445	0.0275	B-	-9555.5564	30.7105	195985540.722	5.778	False	2.8529867806497045
2695		26	111	85	196	At	-a	-3913.175	30.235	7752.0001	0.1543	B-	-5888.3439	33.3417	195995799.034	32.458	False	2.748145969588733
2696		24	110	86	196	Rn	-a	1975.169	14.054	7717.966	0.0717	B-			196002120.431	15.087	False	2.7960490264477715
2697	0.0	49	123	74	197	W	x	-14870.0	400.0	7853.0	2.0	B-	5480.0	500.0	196984036.0	429.0	True	
2698		47	122	75	197	Re	x	-20350.0	300.0	7877.0	2.0	B-	4729.0	361.0	196978153.0	322.0	True	
2699		45	121	76	197	Os	x	-25080.0	200.0	7897.0	1.0	B-	3185.0	201.0	196973076.0	215.0	True	
2700		43	120	77	197	Ir	+p	-28264.123	20.11	7909.0003	0.1021	B-	2155.6519	20.1061	196969657.217	21.588	False	2.7742387755155384
2701		41	119	78	197	Pt		-30419.775	0.536	7915.9714	0.0027	B-	719.9769	0.5022	196967343.03	0.575	False	2.978175742619674
2702		39	118	79	197	Au		-31139.751	0.542	7915.6548	0.0028	B-	-599.5206	3.2022	196966570.103	0.581	False	2.9776471745370565
2703		37	117	80	197	Hg		-30540.231	3.207	7908.6402	0.0163	B-	-2186.0092	13.9478	196967213.715	3.442	False	2.88270327158175
2704		35	116	81	197	Tl	+a	-28354.222	13.575	7893.5725	0.0689	B-	-3608.8367	14.3969	196969560.492	14.573	False	2.7984629083229664
2705		33	115	82	197	Pb		-24745.385	4.804	7871.2822	0.0244	B-	-5058.1894	9.619	196973434.737	5.157	False	2.859810850709273
2706		31	114	83	197	Bi	+a	-19687.196	8.333	7841.6348	0.0423	B-	-6294.1172	12.9103	196978864.927	8.946	False	2.8277514249728783
2707		29	113	84	197	Po		-13393.078	9.861	7805.7136	0.0501	B-	-7037.8235	12.6871	196985621.939	10.585	False	2.8177534769738775
2708		27	112	85	197	At		-6355.255	7.983	7766.0174	0.0405	B-	-7865.6231	18.0538	196993177.353	8.57	False	2.830292135641313
2709		25	111	86	197	Rn	-a	1510.368	16.193	7722.119	0.0822	B-	-8743.5996	58.711	197001621.446	17.383	False	2.787676194283512
2710		23	110	87	197	Fr	-a	10253.968	56.434	7673.764	0.2865	B-			197011008.086	60.584	False	2.707699428384568
2711	0.0	48	123	75	198	Re	x	-16990.0	400.0	7861.0	2.0	B-	6610.0	447.0	197981760.0	429.0	True	
2712		46	122	76	198	Os	x	-23600.0	200.0	7890.0	1.0	B-	2110.0	283.0	197974664.0	215.0	True	
2713		44	121	77	198	Ir	x	-25710.0	200.0	7897.0	1.0	B-	4194.0	200.0	197972399.0	215.0	True	
2714		42	120	78	198	Pt		-29904.018	2.1	7914.1512	0.0106	B-	-323.2251	2.0595	197967896.718	2.254	False	2.9064041616657006
2715		40	119	79	198	Au		-29580.793	0.54	7908.5675	0.0027	B-	1373.5226	0.4905	197968243.714	0.579	False	2.9780809002388007
2716		38	118	80	198	Hg		-30954.315	0.458	7911.5532	0.0023	B-	-3425.5625	7.559	197966769.177	0.491	False	2.986435234372082
2717		36	117	81	198	Tl	x	-27528.753	7.545	7890.3011	0.0381	B-	-1461.3103	11.5537	197970446.669	8.1	False	2.8339051198178655
2718		34	116	82	198	Pb		-26067.443	8.75	7878.9695	0.0442	B-	-6693.5916	28.9259	197972015.45	9.393	False	2.825161693489593
2719		32	115	83	198	Bi		-19373.851	27.571	7841.2123	0.1392	B-	-3900.5727	32.6152	197979201.316	29.598	False	2.7546771222463375
2720		30	114	84	198	Po		-15473.278	17.424	7817.5611	0.088	B-	-8764.5316	18.1013	197983388.753	18.705	False	2.783460832464894
2721		28	113	85	198	At		-6708.747	4.904	7769.3446	0.0248	B-	-5478.4271	14.2879	197992797.864	5.265	False	2.858918933683919
2722		26	112	86	198	Rn	-a	-1230.32	13.42	7737.7245	0.0678	B-	-10808.0177	33.8991	197998679.197	14.406	False	2.799481725088041
2723		24	111	87	198	Fr	-a	9577.698	31.13	7679.1873	0.1572	B-			198010282.081	33.419	False	2.7469314282068305
2724	0.0	49	124	75	199	Re	x	-14730.0	400.0	7850.0	2.0	B-	5541.0	447.0	198984187.0	429.0	True	
2725		47	123	76	199	Os	x	-20270.0	200.0	7874.0	1.0	B-	4128.0	204.0	198978239.0	215.0	True	
2726		45	122	77	199	Ir	p-2n	-24398.534	41.054	7891.2066	0.2063	B-	2990.1656	41.003	198973807.097	44.073	False	2.7293442908661465
2727		43	121	78	199	Pt	-n	-27388.7	2.159	7902.3011	0.0109	B-	1705.0525	2.1201	198970597.022	2.317	False	2.9051724832583097
2728		41	120	79	199	Au		-29093.752	0.542	7906.9379	0.0027	B-	452.3142	0.6126	198968766.573	0.581	False	2.9781619627551974
2729		39	119	80	199	Hg		-29546.066	0.526	7905.2794	0.0027	B-	-1486.6695	27.9498	198968280.994	0.564	False	2.9796718427773405
2730		37	118	81	199	Tl	x	-28059.397	27.945	7893.8773	0.1404	B-	-2827.6624	28.7653	198969877.0	30.0	False	2.754136180047406
2731		35	117	82	199	Pb	+a	-25231.734	6.821	7875.7366	0.0343	B-	-4434.1181	12.6179	198972912.62	7.322	False	2.8401186089918284
2732		33	116	83	199	Bi		-20797.616	10.615	7849.5232	0.0533	B-	-5558.7875	11.9224	198977672.841	11.395	False	2.813942286466884
2733		31	115	84	199	Po	-a	-15238.829	5.429	7817.6582	0.0273	B-	-6415.4515	7.6464	198983640.445	5.828	False	2.8533653498833917
2734		29	114	85	199	At		-8823.377	5.384	7781.4883	0.0271	B-	-7263.5308	9.0686	198990527.715	5.78	False	2.8538440078731995
2735		27	113	86	199	Rn	-a	-1559.846	7.297	7741.0568	0.0367	B-	-8331.2349	15.5446	198998325.436	7.833	False	2.836177264323724
2736		25	112	87	199	Fr	-a	6771.388	13.726	7695.2599	0.069	B-			199007269.384	14.734	False	2.7984205736589516
2737	0.0	48	124	76	200	Os	x	-18550.0	300.0	7867.0	1.0	B-	3020.0	358.0	199980086.0	322.0	True	
2738		46	123	77	200	Ir	x	-21570.0	196.0	7878.0	1.0	B-	5030.0	197.0	199976844.0	210.0	True	
2739		44	122	78	200	Pt	-nn	-26599.178	20.11	7899.1986	0.1006	B-	640.9158	33.4386	199971444.609	21.588	False	2.775182077373497
2740		42	121	79	200	Au		-27240.094	26.717	7898.4915	0.1336	B-	2263.1737	26.7188	199970756.558	28.681	False	2.757313067116835
2741		40	120	80	200	Hg		-29503.267	0.53	7905.8956	0.0027	B-	-2456.0403	5.7346	199968326.941	0.568	False	2.979567495008691
2742		38	119	81	200	Tl	-	-27047.227	5.759	7889.7037	0.0288	B-	-796.3695	11.536	199970963.608	6.182	False	2.8502463313817286
2743		36	118	82	200	Pb		-26250.858	10.008	7881.8101	0.05	B-	-5880.2841	24.8094	199971818.546	10.744	False	2.817761610764083
2744		34	117	83	200	Bi	+a	-20370.574	22.701	7848.4969	0.1135	B-	-3428.8901	23.9327	199978131.29	24.37	False	2.7675991517194016
2745		32	116	84	200	Po		-16941.683	7.579	7827.4407	0.0379	B-	-7953.7897	25.6119	199981812.355	8.136	False	2.834238602029357
2746		30	115	85	200	At	-a	-8987.894	24.465	7783.7601	0.1223	B-	-4987.4394	25.1411	199990351.099	26.264	False	2.7628906285490613
2747		28	114	86	200	Rn	-a	-4000.454	5.792	7754.9111	0.029	B-	-10134.0327	31.0688	199995705.335	6.217	False	2.8499269477693643
2748		26	113	87	200	Fr	-a	6133.578	30.524	7700.3292	0.1526	B-			200006584.666	32.769	False	2.7488323804791865
2749	0.0	49	125	76	201	Os	x	-14840.0	300.0	7849.0	1.0	B-	5000.0	361.0	200984069.0	322.0	True	
2750		47	124	77	201	Ir	x	-19840.0	200.0	7870.0	1.0	B-	3901.0	206.0	200978701.0	215.0	True	
2751		45	123	78	201	Pt	+	-23740.705	50.103	7885.8337	0.2493	B-	2660.0	50.0	200974513.305	53.788	False	2.7169199658156877
2752		43	122	79	201	Au		-26400.705	3.218	7895.1752	0.016	B-	1261.8237	3.1471	200971657.678	3.455	False	2.8836185614359735
2753		41	121	80	201	Hg		-27662.529	0.712	7897.5607	0.0036	B-	-481.7508	14.1815	200970303.054	0.763	False	2.96471440266478
2754		39	120	81	201	Tl		-27180.778	14.185	7891.2717	0.0706	B-	-1909.7458	18.5299	200970820.235	15.228	False	2.7970090077527616
2755		37	119	82	201	Pb		-25271.033	13.747	7877.8782	0.0684	B-	-3842.0269	18.3637	200972870.431	14.758	False	2.7989199412942516
2756		35	118	83	201	Bi	+a	-21429.006	12.177	7854.8713	0.0606	B-	-4907.8397	13.1377	200976995.017	13.072	False	2.8062790549278214
2757		33	117	84	201	Po		-16521.166	4.942	7826.5619	0.0246	B-	-5731.7247	9.5606	200982263.799	5.305	False	2.859344087048791
2758		31	116	85	201	At	+a	-10789.441	8.184	7794.1536	0.0407	B-	-6682.0288	13.0163	200988417.058	8.786	False	2.8300081123278376
2759		29	115	86	201	Rn	-a	-4107.413	10.121	7757.0174	0.0504	B-	-7695.9856	13.5972	200995590.511	10.865	False	2.8173975735332557
2760		27	114	87	201	Fr	-a	3588.573	9.08	7714.8367	0.0452	B-	-8348.2439	22.2391	201003852.491	9.747	False	2.8238683498308896
2761		25	113	88	201	Ra	-a	11936.817	20.301	7669.4108	0.101	B-			201012814.699	21.794	False	2.77491379941161
2762	0.0	50	126	76	202	Os	x	-12530.0	400.0	7839.0	2.0	B-	4110.0	500.0	201986548.0	429.0	True	
2763		48	125	77	202	Ir	x	-16640.0	300.0	7855.0	1.0	B-	6052.0	301.0	201982136.0	322.0	True	
2764		46	124	78	202	Pt	x	-22692.128	25.15	7881.5609	0.1245	B-	1660.854	34.2759	201975639.0	27.0	False	2.76176920068163
2765		44	123	79	202	Au	x	-24352.982	23.287	7885.91	0.1153	B-	2992.3278	23.298	201973856.0	25.0	False	2.7666192526301234
2766		42	122	80	202	Hg		-27345.31	0.705	7896.8505	0.0035	B-	-1364.8906	1.8348	201970643.604	0.757	False	2.9653774390581016
2767		40	121	81	202	Tl		-25980.419	1.838	7886.2206	0.0091	B-	-39.811	4.1863	201972108.874	1.972	False	2.9147712063674915
2768		38	120	82	202	Pb		-25940.608	3.796	7882.1505	0.0188	B-	-5189.7539	14.507	201972151.613	4.075	False	2.8746245091244713
2769		36	119	83	202	Bi		-20750.854	14.002	7852.5857	0.0693	B-	-2809.285	16.466	201977723.042	15.032	False	2.798103356950698
2770		34	118	84	202	Po		-17941.569	8.67	7834.8053	0.0429	B-	-7346.4628	28.9311	201980738.934	9.307	False	2.826894368007268
2771		32	117	85	202	At		-10595.106	27.601	7794.5637	0.1366	B-	-4320.5458	32.6924	201988625.686	29.631	False	2.755881228284935
2772		30	116	86	202	Rn	-a	-6274.561	17.52	7769.3018	0.0867	B-	-9376.0984	18.5296	201993263.982	18.808	False	2.784360573620896
2773		28	115	87	202	Fr	-a	3101.538	6.033	7719.0125	0.0299	B-	-5973.362	16.1841	202003329.637	6.476	False	2.8481420428381106
2774		26	114	88	202	Ra	-a	9074.9	15.018	7685.5684	0.0743	B-			202009742.305	16.122	False	2.7938389339131398
2775	0.0	51	127	76	203	Os	x	-7270.0	400.0	7814.0	2.0	B-	7100.0	565.0	202992195.0	429.0	True	
2776		49	126	77	203	Ir	x	-14370.0	400.0	7845.0	2.0	B-	5140.0	447.0	202984573.0	429.0	True	
2777		47	125	78	203	Pt	x	-19510.0	200.0	7867.0	1.0	B-	3633.0	200.0	202979055.0	215.0	True	
2778		45	124	79	203	Au		-23143.444	3.083	7880.865	0.0152	B-	2125.7592	3.4514	202975154.492	3.309	False	2.8865839325187124
2779		43	123	80	203	Hg		-25269.203	1.63	7887.4828	0.008	B-	492.1062	1.2247	202972872.396	1.75	False	2.921491752203439
2780		41	122	81	203	Tl		-25761.309	1.171	7886.053	0.0058	B-	-974.8265	6.4609	202972344.098	1.257	False	2.939154110508449
2781		39	121	82	203	Pb		-24786.483	6.554	7877.397	0.0323	B-	-3261.5896	14.3559	202973390.617	7.036	False	2.8436030437678856
2782		37	120	83	203	Bi	+a	-21524.893	12.778	7857.4762	0.0629	B-	-4214.0744	13.5942	202976892.077	13.717	False	2.8039642445379696
2783		35	119	84	203	Po		-17310.819	4.64	7832.8632	0.0229	B-	-5148.2116	11.5921	202981416.072	4.981	False	2.86351397914031
2784		33	118	85	203	At		-12162.607	10.623	7803.6487	0.0523	B-	-5978.5623	12.1098	202986942.904	11.404	False	2.815090587579651
2785		31	117	86	203	Rn	-a	-6184.045	5.815	7770.3437	0.0286	B-	-7060.4572	8.5231	202993361.155	6.242	False	2.8505552293084953
2786		29	116	87	203	Fr		876.412	6.232	7731.7092	0.0307	B-	-7724.9182	11.5191	203000940.867	6.689	False	2.8465508722161363
2787		27	115	88	203	Ra	-a	8601.331	9.688	7689.8015	0.0477	B-			203009233.907	10.4	False	2.82060216919074
2788	0.0	50	127	77	204	Ir	x	-9570.0	400.0	7823.0	2.0	B-	8050.0	447.0	203989726.0	429.0	True	
2789		48	126	78	204	Pt	x	-17620.0	200.0	7859.0	1.0	B-	2770.0	283.0	203981084.0	215.0	True	
2790		46	125	79	204	Au	+	-20390.0	200.0	7868.0	1.0	B-	4300.0	200.0	203978110.0	215.0	True	
2791		44	124	80	204	Hg		-24690.148	0.498	7885.5455	0.0025	B-	-344.0781	1.1876	203973494.037	0.534	False	2.9837032162813193
2792		42	123	81	204	Tl		-24346.07	1.154	7880.0238	0.0057	B-	763.7453	0.1768	203973863.42	1.238	False	2.940219841046937
2793		40	122	82	204	Pb		-25109.815	1.147	7879.9326	0.0056	B-	-4463.8883	9.248	203973043.506	1.231	False	2.9405192838299135
2794		38	121	83	204	Bi	+a	-20645.927	9.18	7854.2157	0.045	B-	-2304.8814	13.6253	203977835.687	9.854	False	2.824092132772098
2795		36	120	84	204	Po		-18341.045	10.071	7839.0823	0.0494	B-	-6465.7939	24.8047	203980310.078	10.811	False	2.8185755496354705
2796		34	119	85	204	At		-11875.252	22.668	7803.5522	0.1111	B-	-3905.136	23.8592	203987251.393	24.335	False	2.7689353325688617
2797		32	118	86	204	Rn		-7970.115	7.444	7780.5743	0.0365	B-	-8577.4239	25.684	203991443.729	7.991	False	2.836459405190545
2798		30	117	87	204	Fr	-a	607.308	24.581	7734.6931	0.1205	B-	-5453.7889	26.1514	204000651.972	26.389	False	2.763843499701776
2799		28	116	88	204	Ra	-a	6061.097	8.924	7704.1238	0.0437	B-			204006506.855	9.58	False	2.825773078247778
2800	0.0	51	128	77	205	Ir	x	-5600.0	500.0	7805.0	2.0	B-	7220.0	583.0	204993988.0	537.0	True	
2801		49	127	78	205	Pt	x	-12820.0	300.0	7836.0	1.0	B-	5750.0	361.0	204986237.0	322.0	True	
2802		47	126	79	205	Au	x	-18570.0	200.0	7860.0	1.0	B-	3717.0	200.0	204980064.0	215.0	True	
2803		45	125	80	205	Hg		-22287.719	3.655	7874.7325	0.0178	B-	1533.0836	3.7238	204976073.151	3.923	False	2.877598703470976
2804		43	124	81	205	Tl		-23820.802	1.239	7878.3946	0.006	B-	-50.6402	0.5033	204974427.318	1.33	False	2.9366835540979452
2805		41	123	82	205	Pb		-23770.162	1.145	7874.3313	0.0056	B-	-2704.5927	4.8196	204974481.682	1.228	False	2.9409069182520566
2806		39	122	83	205	Bi		-21065.569	4.808	7857.3218	0.0235	B-	-3544.171	11.1458	204977385.182	5.161	False	2.862045432028797
2807		37	121	84	205	Po		-17521.398	10.059	7836.2168	0.0491	B-	-4536.8793	15.6996	204981190.006	10.798	False	2.8189394756688095
2808		35	120	85	205	At	+a	-12984.519	12.055	7810.2694	0.0588	B-	-5274.7547	13.0777	204986060.546	12.941	False	2.8080796501393657
2809		33	119	86	205	Rn		-7709.764	5.08	7780.7226	0.0248	B-	-6399.9479	9.3288	204991723.228	5.453	False	2.858899107260208
2810		31	118	87	205	Fr	x	-1309.816	7.824	7745.687	0.0382	B-	-7113.6693	24.0784	204998593.854	8.399	False	2.833824982066775
2811		29	117	88	205	Ra	-a	5803.853	22.772	7707.1698	0.1111	B-	-8302.8357	63.5402	205006230.692	24.446	False	2.7689624255981427
2812		27	116	89	205	Ac	-a	14106.689	59.32	7662.8519	0.2894	B-			205015144.152	63.682	False	2.707029177382062
2813	0.0	50	128	78	206	Pt	x	-9240.0	300.0	7820.0	1.0	B-	4950.0	424.0	205990080.0	322.0	True	
2814		48	127	79	206	Au	x	-14190.0	300.0	7840.0	1.0	B-	6755.0	301.0	205984766.0	322.0	True	
2815		46	126	80	206	Hg	+a	-20945.728	20.441	7869.1723	0.0992	B-	1307.5659	20.41	205977513.837	21.943	False	2.776009700428709
2816		44	125	81	206	Tl		-22253.293	1.286	7871.7219	0.0062	B-	1532.2128	0.6117	205976110.108	1.38	False	2.934983216679187
2817		42	124	82	206	Pb		-23785.506	1.144	7875.362	0.0056	B-	-3757.3057	7.5461	205974465.21	1.228	False	2.941163934375764
2818		40	123	83	206	Bi	-	-20028.201	7.632	7853.3249	0.0371	B-	-1839.5323	8.6005	205978498.843	8.193	False	2.8355636514245317
2819		38	122	84	206	Po	-a	-18188.668	4.012	7840.5973	0.0195	B-	-5749.2803	14.1099	205980473.662	4.306	False	2.8726197037357566
2820		36	121	85	206	At		-12439.388	13.529	7808.8904	0.0657	B-	-3306.4697	16.0227	205986645.768	14.523	False	2.8013941035136556
2821		34	120	86	206	Rn		-9132.918	8.591	7789.0417	0.0417	B-	-7886.0592	29.1075	205990195.409	9.223	False	2.8285932032862573
2822		32	119	87	206	Fr		-1246.859	27.811	7746.9621	0.135	B-	-4812.4721	33.1318	205998661.441	29.856	False	2.7566495155821786
2823		30	118	88	206	Ra	-a	3565.613	18.008	7719.8028	0.0874	B-	-9919.1406	67.5328	206003827.842	19.332	False	2.7838774858507223
2824		28	117	89	206	Ac	-a	13484.754	65.088	7667.8538	0.316	B-			206014476.477	69.874	False	2.7011439664250423
2825	0.0	51	129	78	207	Pt	x	-4140.0	400.0	7797.0	2.0	B-	6501.0	500.0	206995556.0	429.0	True	
2826		49	128	79	207	Au	x	-10640.0	300.0	7824.0	1.0	B-	5847.0	301.0	206988577.0	322.0	True	
2827		47	127	80	207	Hg	x	-16487.446	29.808	7848.6112	0.144	B-	4546.9906	30.3	206982300.0	32.0	False	2.7525395705763502
2828		45	126	81	207	Tl		-21034.436	5.439	7866.7979	0.0263	B-	1417.5323	5.4024	206977418.605	5.839	False	2.8555249726804477
2829		43	125	82	207	Pb		-22451.968	1.147	7869.8664	0.0055	B-	-2397.414	2.1175	206975896.821	1.231	False	2.941291190957994
2830		41	124	83	207	Bi		-20054.554	2.397	7854.5053	0.0116	B-	-2908.8541	6.614	206978470.551	2.573	False	2.901589316583629
2831		39	123	84	207	Po		-17145.7	6.659	7836.6734	0.0322	B-	-3918.2186	14.0754	206981593.334	7.148	False	2.8438220387394737
2832		37	122	85	207	At	+a	-13227.482	12.406	7813.9653	0.0599	B-	-4592.74	13.2815	206985799.715	13.318	False	2.806932432604206
2833		35	121	86	207	Rn		-8634.742	4.742	7787.9987	0.0229	B-	-5785.7211	18.1857	206990730.224	5.09	False	2.8633948386289565
2834		33	120	87	207	Fr		-2849.021	17.557	7756.2689	0.0848	B-	-6363.0084	60.8726	206996941.45	18.847	False	2.7857431240686
2835		31	119	88	207	Ra	-a	3513.988	58.286	7721.7503	0.2816	B-	-7632.2404	81.0004	207003772.42	62.572	False	2.7088451971168044
2836		29	118	89	207	Ac	-a	11146.228	56.248	7681.1001	0.2717	B-			207011965.967	60.384	False	2.7112160503075278
2837	0.0	52	130	78	208	Pt	x	-500.0	400.0	7780.0	2.0	B-	5410.0	500.0	207999463.0	429.0	True	
2838		50	129	79	208	Au	x	-5910.0	300.0	7803.0	1.0	B-	7355.0	302.0	207993655.0	322.0	True	
2839		48	128	80	208	Hg	x	-13265.408	30.739	7834.1914	0.1478	B-	3484.7131	30.7951	207985759.0	33.0	False	2.7508844166277475
2840		46	127	81	208	Tl	+a	-16750.121	1.854	7847.1835	0.0089	B-	4998.3984	1.6693	207982018.006	1.989	False	2.9158949296589975
2841		44	126	82	208	Pb		-21748.519	1.148	7867.453	0.0055	B-	-2878.368	2.0127	207976652.005	1.232	False	2.941502963618275
2842		42	125	83	208	Bi	+n	-18870.151	2.305	7849.8534	0.0111	B-	-1400.9438	2.3787	207979742.06	2.474	False	2.9040069834228435
2843		40	124	84	208	Po		-17469.207	1.672	7839.3568	0.008	B-	-4999.3061	9.0736	207981246.035	1.795	False	2.9214371618797603
2844		38	123	85	208	At	+a	-12469.901	8.921	7811.5604	0.0429	B-	-2814.5118	13.5215	207986613.011	9.577	False	2.826936029024405
2845		36	122	86	208	Rn		-9655.389	10.163	7794.2678	0.0489	B-	-6990.4614	15.4656	207989634.513	10.91	False	2.8191931066241716
2846		34	121	87	208	Fr		-2664.928	11.657	7756.8985	0.056	B-	-4392.8615	14.7413	207997139.082	12.514	False	2.810978974404653
2847		32	120	88	208	Ra	-a	1727.934	9.023	7732.0177	0.0434	B-	-9032.9208	65.1111	208001855.012	9.686	False	2.8262702382652556
2848		30	119	89	208	Ac	-a	10760.854	64.483	7684.8289	0.31	B-	-5927.1868	71.9264	208011552.251	69.225	False	2.7024171724603856
2849		28	118	90	208	Th	-a	16688.041	31.865	7652.5716	0.1532	B-			208017915.348	34.208	False	2.7485953720684164
2850	0.0	51	130	79	209	Au	x	-2230.0	400.0	7786.0	2.0	B-	6380.0	427.0	208997606.0	429.0	True	
2851		49	129	80	209	Hg	x	-8610.0	150.0	7813.0	1.0	B-	5035.0	150.0	208990757.0	161.0	True	
2852		47	128	81	209	Tl	+a	-13644.793	6.11	7833.3979	0.0292	B-	3969.7809	6.2115	208985351.713	6.559	False	2.8493724656956947
2853		45	127	82	209	Pb		-17614.574	1.747	7848.6488	0.0084	B-	644.0152	1.1462	208981089.978	1.875	False	2.919344933883014
2854		43	126	83	209	Bi		-18258.589	1.365	7847.9869	0.0065	B-	-1892.5741	1.5635	208980398.599	1.465	False	2.932573907641441
2855		41	125	84	209	Po	-a	-16366.015	1.778	7835.1882	0.0085	B-	-3482.2417	4.9599	208982430.361	1.909	False	2.9183749385090483
2856		39	124	85	209	At		-12883.773	4.745	7814.7835	0.0227	B-	-3942.7237	11.0298	208986168.701	5.094	False	2.863897455373825
2857		37	123	86	209	Rn		-8941.049	9.96	7792.1755	0.0477	B-	-5158.9051	15.2153	208990401.389	10.692	False	2.820682398931762
2858		35	122	87	209	Fr		-3782.144	11.503	7763.7485	0.055	B-	-5640.3845	12.8549	208995939.701	12.349	False	2.812064829119661
2859		33	121	88	209	Ra	-a	1858.24	5.747	7733.0177	0.0275	B-	-6986.6464	56.1409	209001994.902	6.169	False	2.8529189426915003
2860		31	120	89	209	Ac	-a	8844.887	55.846	7695.8455	0.2672	B-	-7550.0	117.0	209009495.375	59.953	False	2.7123296524668272
2861		29	119	90	209	Th	IT	16395.0	103.0	7656.0	0.0	B-			209017601.0	111.0	True	
2862	0.0	52	131	79	210	Au	x	2680.0	400.0	7764.0	2.0	B-	7980.0	447.0	210002877.0	429.0	True	
2863		50	130	80	210	Hg	x	-5300.0	200.0	7799.0	1.0	B-	3947.0	201.0	209994310.0	215.0	True	
2864		48	129	81	210	Tl	+a	-9246.996	11.603	7813.589	0.0553	B-	5481.4334	11.561	209990072.942	12.456	False	2.811831573448972
2865		46	128	82	210	Pb		-14728.429	1.448	7835.9656	0.0069	B-	63.4758	0.4992	209984188.381	1.554	False	2.9296838419005256
2866		44	127	83	210	Bi		-14791.905	1.364	7832.5424	0.0065	B-	1161.1549	0.7662	209984120.237	1.463	False	2.93290180464383
2867		42	126	84	210	Po		-15953.06	1.146	7834.3462	0.0055	B-	-3980.9605	7.6101	209982873.686	1.23	False	2.942095306599426
2868		40	125	85	210	At	-a	-11972.099	7.695	7811.6638	0.0366	B-	-2367.3352	8.9225	209987147.423	8.261	False	2.8362095121455733
2869		38	124	86	210	Rn	-a	-9604.764	4.557	7796.6653	0.0217	B-	-6261.2558	14.172	209989688.862	4.892	False	2.86647560378291
2870		36	123	87	210	Fr		-3343.508	13.42	7763.1243	0.0639	B-	-3786.3467	16.2633	209996410.596	14.407	False	2.803050441762562
2871		34	122	88	210	Ra	-a	442.839	9.193	7741.3687	0.0438	B-	-8321.2403	62.8832	210000475.406	9.868	False	2.8257338631604703
2872		32	121	89	210	Ac		8764.079	62.208	7698.0182	0.2962	B-	-5295.442	65.018	210009408.625	66.782	False	2.705462142131596
2873		30	120	90	210	Th	-a	14059.521	18.909	7669.0764	0.09	B-			210015093.515	20.299	False	2.7820512073971
2874	0.0	51	131	80	211	Hg	x	-390.0	200.0	7777.0	1.0	B-	5688.0	205.0	210999581.0	215.0	True	
2875		49	130	81	211	Tl	x	-6077.999	41.917	7799.7915	0.1987	B-	4415.0129	41.9781	210993475.0	45.0	False	2.7318106901009034
2876		47	129	82	211	Pb		-10493.012	2.26	7817.0079	0.0107	B-	1366.1041	5.4713	210988735.288	2.426	False	2.905866179857013
2877		45	128	83	211	Bi		-11859.116	5.442	7819.7745	0.0258	B-	573.3763	5.4297	210987268.715	5.842	False	2.856598654741354
2878		43	127	84	211	Po	-a	-12432.492	1.255	7818.7842	0.006	B-	-785.3012	2.5385	210986653.171	1.347	False	2.9375429157213837
2879		41	126	85	211	At	-a	-11647.191	2.729	7811.3545	0.0129	B-	-2891.8615	6.8937	210987496.226	2.929	False	2.895505687931594
2880		39	125	86	211	Rn	-a	-8755.33	6.813	7793.9412	0.0323	B-	-4615.0152	13.7862	210990600.767	7.314	False	2.843602357043145
2881		37	124	87	211	Fr		-4140.314	11.991	7768.3613	0.0568	B-	-4972.1844	12.9786	210995555.189	12.872	False	2.810142976471955
2882		35	123	88	211	Ra		831.87	4.966	7741.0887	0.0235	B-	-6311.6152	53.9818	211000893.049	5.331	False	2.8618484809039
2883		33	122	89	211	Ac		7143.485	53.753	7707.468	0.2548	B-	-6732.9111	101.4758	211007668.846	57.706	False	2.715492033965408
2884		31	121	90	211	Th	-a	13876.396	86.07	7671.8506	0.4079	B-	-8175.8296	110.6091	211014896.923	92.399	False	2.6838478824821532
2885		29	120	91	211	Pa	-a	22052.226	69.472	7629.3948	0.3293	B-			211023674.036	74.581	False	2.698376568784527
2886	0.0	52	132	80	212	Hg	x	3020.0	300.0	7762.0	1.0	B-	4571.0	361.0	212003242.0	322.0	True	
2887		50	131	81	212	Tl	+a	-1551.0	200.0	7780.0	1.0	B-	5998.0	200.0	211998335.0	215.0	True	
2888		48	130	82	212	Pb		-7548.929	1.84	7804.3203	0.0087	B-	569.0133	1.8246	211991895.891	1.975	False	2.917310637425789
2889		46	129	83	212	Bi		-8117.943	1.853	7803.314	0.0087	B-	2251.4656	1.6671	211991285.03	1.989	False	2.916928416548045
2890		44	128	84	212	Po		-10369.408	1.153	7810.2438	0.0054	B-	-1741.2596	2.1066	211988867.982	1.237	False	2.9422974893039218
2891		42	127	85	212	At	-a	-8628.149	2.385	7798.34	0.0113	B-	31.0705	3.5927	211990737.301	2.559	False	2.90320223760489
2892		40	126	86	212	Rn	-a	-8659.219	3.11	7794.7963	0.0147	B-	-5143.221	9.3064	211990703.946	3.338	False	2.8885189957654727
2893		38	125	87	212	Fr		-3515.998	8.775	7766.8455	0.0414	B-	-3317.2355	13.4939	211996225.42	9.419	False	2.829048808049368
2894		36	124	88	212	Ra		-198.763	10.254	7747.5078	0.0484	B-	-7498.3626	24.1666	211999786.619	11.007	False	2.8198040989916984
2895		34	123	89	212	Ac		7299.6	21.883	7708.4479	0.1032	B-	-4811.2864	24.1055	212007836.442	23.492	False	2.7735553710493623
2896		32	122	90	212	Th	-a	12110.886	10.109	7682.0628	0.0477	B-	-9485.6366	88.1858	212013001.57	10.852	False	2.8206529541817487
2897		30	121	91	212	Pa	-a	21596.523	87.604	7633.6289	0.4132	B-			212023184.819	94.047	False	2.6829656330400775
2898	0.0	53	133	80	213	Hg	x	8200.0	300.0	7739.0	1.0	B-	6416.0	301.0	213008803.0	322.0	True	
2899		51	132	81	213	Tl	x	1783.811	27.013	7765.4311	0.1268	B-	4987.4088	27.8941	213001915.0	29.0	False	2.7606120298959516
2900		49	131	82	213	Pb	+a	-3203.598	6.954	7785.1732	0.0326	B-	2028.073	8.3708	212996560.796	7.465	False	2.842963372150914
2901		47	130	83	213	Bi		-5231.671	5.082	7791.0217	0.0239	B-	1421.8481	5.4898	212994383.57	5.455	False	2.8610713138272623
2902		45	129	84	213	Po		-6653.519	3.053	7794.024	0.0143	B-	-73.9972	5.4646	212992857.154	3.277	False	2.8898071996134824
2903		43	128	85	213	At	-a	-6579.522	4.898	7790.0036	0.023	B-	-883.5727	5.7243	212992936.593	5.258	False	2.863172913226165
2904		41	127	86	213	Rn	-a	-5695.949	3.37	7782.1824	0.0158	B-	-2141.7493	5.6996	212993885.147	3.618	False	2.8842895558627855
2905		39	126	87	213	Fr		-3554.199	4.707	7768.4543	0.0221	B-	-3899.7568	10.8862	212996184.41	5.053	False	2.8654414921088587
2906		37	125	88	213	Ra		345.557	9.818	7746.4726	0.0461	B-	-5795.4721	15.2463	213000370.971	10.54	False	2.8226653753253923
2907		35	124	89	213	Ac		6141.029	11.665	7715.5908	0.0548	B-	-5979.0781	14.8635	213006592.665	12.522	False	2.8123709710527875
2908		33	123	90	213	Th	-a	12120.108	9.217	7683.847	0.0433	B-	-7534.0866	57.9078	213013011.47	9.895	False	2.826415836168199
2909		31	122	91	213	Pa	-a	19654.194	57.17	7644.8027	0.2684	B-			213021099.644	61.374	False	2.7120366104985125
2910	0.0	54	134	80	214	Hg	x	11770.0	400.0	7724.0	2.0	B-	5306.0	445.0	214012636.0	429.0	True	
2911		52	133	81	214	Tl	x	6465.0	196.0	7745.0	1.0	B-	6648.0	196.0	214006940.0	210.0	True	
2912		50	132	82	214	Pb		-183.019	1.969	7772.3955	0.0092	B-	1017.7611	11.2559	213999803.521	2.114	False	2.9141373158315806
2913		48	131	83	214	Bi		-1200.78	11.209	7773.4955	0.0524	B-	3269.1925	11.1649	213998710.909	12.033	False	2.815039050727742
2914		46	130	84	214	Po		-4469.972	1.449	7785.1163	0.0068	B-	-1090.8208	3.775	213995201.287	1.556	False	2.9306253628115675
2915		44	129	85	214	At		-3379.151	3.982	7776.3632	0.0186	B-	940.5125	9.8827	213996372.331	4.274	False	2.8751971743046054
2916		42	128	86	214	Rn	-a	-4319.664	9.187	7777.1023	0.0429	B-	-3361.3369	12.4238	213995362.65	9.862	False	2.826886069896095
2917		40	127	87	214	Fr	-a	-958.327	8.519	7757.7393	0.0398	B-	-1051.0675	9.9879	213998971.193	9.145	False	2.831345393676945
2918		38	126	88	214	Ra	-a	92.74	5.25	7749.1719	0.0245	B-	-6340.5313	14.5317	214000099.56	5.636	False	2.8594721581599654
2919		36	125	89	214	Ac		6433.272	13.551	7715.8874	0.0633	B-	-4261.6599	17.2389	214006906.4	14.547	False	2.8036108985286923
2920		34	124	90	214	Th	-a	10694.932	10.661	7692.3173	0.0498	B-	-8764.963	81.9051	214011481.48	11.445	False	2.8180392248661814
2921		32	123	91	214	Pa	-a	19459.895	81.208	7647.7037	0.3795	B-			214020891.055	87.18	False	2.6887728643519107
2922	0.0	55	135	80	215	Hg	x	17110.0	400.0	7701.0	2.0	B-	7079.0	500.0	215018368.0	429.0	True	
2923		53	134	81	215	Tl	x	10030.0	300.0	7730.0	1.0	B-	5688.0	305.0	215010768.0	322.0	True	
2924		51	133	82	215	Pb	+a	4342.245	52.685	7752.7381	0.245	B-	2712.9729	52.9848	215004661.591	56.56	False	2.7180578402859754
2925		49	132	83	215	Bi		1629.272	5.624	7761.7177	0.0262	B-	2171.0426	5.5297	215001749.095	6.037	False	2.8557946632404065
2926		47	131	84	215	Po		-541.771	2.12	7768.1768	0.0099	B-	714.8128	6.6491	214999418.385	2.276	False	2.910377325635476
2927		45	130	85	215	At	-a	-1256.583	6.629	7767.8627	0.0308	B-	-87.5935	8.9062	214998651.002	7.116	False	2.846291947513158
2928		43	129	86	215	Rn	-a	-1168.99	6.09	7763.8164	0.0283	B-	-1487.1274	9.189	214998745.037	6.538	False	2.851198371309914
2929		41	128	87	215	Fr	-a	318.137	7.066	7753.2607	0.0329	B-	-2213.8573	9.7691	215000341.534	7.585	False	2.8425797864727382
2930		39	127	88	215	Ra	-a	2531.995	7.201	7739.3249	0.0335	B-	-3498.5554	14.3395	215002718.208	7.73	False	2.841476309548583
2931		37	126	89	215	Ac	-a	6030.55	12.406	7719.4137	0.0577	B-	-4890.8833	13.9296	215006474.061	13.318	False	2.809225703426962
2932		35	125	90	215	Th	-a	10921.434	6.335	7693.0266	0.0295	B-	-6883.1037	82.6932	215011724.64	6.8	False	2.8489292297755107
2933		33	124	91	215	Pa	-a	17804.537	82.45	7657.3733	0.3835	B-	-7084.7747	132.8246	215019113.955	88.513	False	2.688057543176859
2934		31	123	92	215	U	-a	24889.312	104.136	7620.7821	0.4844	B-			215026719.774	111.794	False	2.6720509310544456
2935	0.0	56	136	80	216	Hg	x	20920.0	400.0	7685.0	2.0	B-	6050.0	500.0	216022459.0	429.0	True	
2936		54	135	81	216	Tl	x	14870.0	300.0	7709.0	1.0	B-	7361.0	361.0	216015964.0	322.0	True	
2937		52	134	82	216	Pb	x	7510.0	200.0	7740.0	1.0	B-	1636.0	201.0	216008062.0	215.0	True	
2938		50	133	83	216	Bi	x	5873.988	11.178	7743.4996	0.0518	B-	4091.652	11.3243	216006305.985	12.0	False	2.8157626394089528
2939		48	132	84	216	Po		1782.336	1.815	7758.8205	0.0084	B-	-474.3423	3.5713	216001913.416	1.948	False	2.9190668981194494
2940		46	131	85	216	At	-a	2256.678	3.575	7753.0024	0.0166	B-	2003.3657	6.6383	216002422.643	3.837	False	2.881785522017991
2941		44	130	86	216	Rn	-a	253.312	5.768	7758.6553	0.0267	B-	-2717.7096	6.9366	216000271.942	6.192	False	2.8546024911922876
2942		42	129	87	216	Fr	-a	2971.022	4.174	7742.4513	0.0193	B-	-320.4441	8.8904	216003189.523	4.48	False	2.8730662490435512
2943		40	128	88	216	Ra	-a	3291.466	8.004	7737.3458	0.0371	B-	-4858.2701	12.2147	216003533.534	8.592	False	2.835561983060892
2944		38	127	89	216	Ac		8149.736	9.23	7711.2319	0.0427	B-	-2148.8006	14.4375	216008749.101	9.908	False	2.827164910179572
2945		36	126	90	216	Th	-a	10298.537	11.104	7697.6617	0.0514	B-	-7525.2616	27.0327	216011055.933	11.92	False	2.81616427150076
2946		34	125	91	216	Pa	-a	17823.799	24.647	7659.2006	0.1141	B-	-5242.6308	37.3721	216019134.633	26.459	False	2.767279728370071
2947		32	124	92	216	U	-a	23066.429	28.093	7631.3072	0.1301	B-			216024762.829	30.158	False	2.7590254919431705
2948	0.0	55	136	81	217	Tl	x	18660.0	400.0	7693.0	2.0	B-	6399.0	500.0	217020032.0	429.0	True	
2949		53	135	82	217	Pb	x	12260.0	300.0	7719.0	1.0	B-	3530.0	300.0	217013162.0	322.0	True	
2950		51	134	83	217	Bi	x	8729.963	17.698	7731.8491	0.0816	B-	2846.5103	18.8695	217009372.0	19.0	False	2.7881551911651288
2951		49	133	84	217	Po	+a	5883.452	6.544	7741.3614	0.0302	B-	1488.8543	7.9791	217006316.145	7.025	False	2.847578017667441
2952		47	132	85	217	At		4394.598	5.001	7744.6172	0.023	B-	736.032	6.1505	217004717.794	5.368	False	2.8630561866275417
2953		45	131	86	217	Rn	-a	3658.566	4.198	7744.4037	0.0193	B-	-656.0967	7.5383	217003927.632	4.506	False	2.8730004221914864
2954		43	130	87	217	Fr	-a	4314.663	6.531	7737.775	0.0301	B-	-1574.8729	9.4723	217004631.98	7.011	False	2.8476932327893407
2955		41	129	88	217	Ra	-a	5889.536	7.047	7726.9122	0.0325	B-	-2812.7853	13.2129	217006322.676	7.564	False	2.843282299034582
2956		39	128	89	217	Ac	-a	8702.321	11.223	7710.3448	0.0517	B-	-3503.459	15.4454	217009342.325	12.048	False	2.815800995269449
2957		37	127	90	217	Th	-a	12205.78	10.614	7690.5945	0.0489	B-	-4848.968	16.3966	217013103.443	11.394	False	2.8191371728573893
2958		35	126	91	217	Pa	-a	17054.748	12.498	7664.6438	0.0576	B-	-5916.0	81.0	217018309.024	13.417	False	2.8093406284797413
2959		33	125	92	217	U	-a	22971.0	81.0	7634.0	0.0	B-			217024660.0	86.0	True	
2960	0.0	56	137	81	218	Tl	x	23710.0	400.0	7672.0	2.0	B-	8081.0	500.0	218025454.0	429.0	True	
2961		54	136	82	218	Pb	x	15630.0	300.0	7705.0	1.0	B-	2414.0	301.0	218016779.0	322.0	True	
2962		52	135	83	218	Bi	x	13216.038	27.013	7712.828	0.1239	B-	4859.3866	27.0849	218014188.0	29.0	False	2.7620821504589395
2963		50	134	84	218	Po		8356.652	1.967	7731.53	0.009	B-	256.4334	11.549	218008971.234	2.112	False	2.9151950614860493
2964		48	133	85	218	At	-a	8100.218	11.503	7729.1175	0.0528	B-	2882.8048	11.6054	218008695.941	12.349	False	2.814598236666665
2965		46	132	86	218	Rn		5217.413	2.316	7738.7527	0.0106	B-	-1842.0267	4.4418	218005601.123	2.486	False	2.90631926881244
2966		44	131	87	218	Fr	-a	7059.44	4.235	7726.7143	0.0194	B-	413.8838	10.5603	218007578.62	4.546	False	2.8727616426329785
2967		42	130	88	218	Ra	-a	6645.556	9.807	7725.0241	0.045	B-	-4205.2887	58.4224	218007134.297	10.528	False	2.824113238217281
2968		40	129	89	218	Ac	-a	10850.845	57.616	7702.145	0.2643	B-	-1515.9019	58.5648	218011648.86	61.853	False	2.7130575402517647
2969		38	128	90	218	Th	-a	12366.747	10.516	7691.6026	0.0482	B-	-6282.8212	20.7132	218013276.248	11.289	False	2.8199634636732687
2970		36	127	91	218	Pa	-a	18649.568	17.846	7659.1935	0.0819	B-	-3245.0869	22.5042	218020021.133	19.158	False	2.787931484894398
2971		34	126	92	218	U	-a	21894.655	13.714	7640.7191	0.0629	B-			218023504.877	14.722	False	2.8040129232175945
2972	0.0	55	137	82	219	Pb	x	20620.0	400.0	7684.0	2.0	B-	4300.0	447.0	219022136.0	429.0	True	
2973		53	136	83	219	Bi	x	16320.0	200.0	7700.0	1.0	B-	3638.0	201.0	219017520.0	215.0	True	
2974		51	135	84	219	Po	x	12681.361	15.835	7713.334	0.0723	B-	2285.3395	16.1628	219013614.0	17.0	False	2.7955378100528177
2975		49	134	85	219	At		10396.021	3.237	7720.197	0.0148	B-	1566.6838	2.9473	219011160.587	3.474	False	2.888109566639221
2976		47	133	86	219	Rn		8829.337	2.1	7723.7784	0.0096	B-	212.3984	6.8938	219009478.683	2.254	False	2.9119113916750172
2977		45	132	87	219	Fr	-a	8616.939	6.874	7721.1759	0.0314	B-	-776.9137	9.5906	219009250.664	7.38	False	2.8452494939260573
2978		43	131	88	219	Ra	-a	9393.853	6.814	7714.056	0.0311	B-	-2175.7005	51.9016	219010084.715	7.315	False	2.845763745560978
2979		41	130	89	219	Ac	-a	11569.553	51.477	7700.5489	0.2351	B-	-2893.2268	76.3627	219012420.425	55.263	False	2.7208042147007365
2980		39	129	90	219	Th	-a	14462.78	56.46	7683.7655	0.2578	B-	-4120.4434	89.701	219015526.432	60.611	False	2.7147064515313377
2981		37	128	91	219	Pa	-a	18583.223	69.705	7661.3783	0.3183	B-	-4712.7298	70.9693	219019949.909	74.831	False	2.7006523135187246
2982		35	127	92	219	U	-a	23295.953	13.338	7636.2867	0.0609	B-	-6140.9976	92.9309	219025009.233	14.319	False	2.80596964967963
2983		33	126	93	219	Np	-a	29436.951	91.969	7604.6732	0.4199	B-			219031601.865	98.732	False	2.681864835321597
2984	0.0	56	138	82	220	Pb	x	24130.0	400.0	7670.0	2.0	B-	3171.0	500.0	220025905.0	429.0	True	
2985		54	137	83	220	Bi	x	20960.0	300.0	7681.0	1.0	B-	5696.0	300.0	220022501.0	322.0	True	
2986		52	136	84	220	Po	x	15263.462	17.698	7703.2244	0.0804	B-	887.7139	22.5491	220016386.0	19.0	False	2.7890016406273808
2987		50	135	85	220	At	x	14375.748	13.972	7703.7033	0.0635	B-	3763.755	14.0896	220015433.0	15.0	False	2.803430563337874
2988		48	134	86	220	Rn		10611.994	1.814	7717.2552	0.0082	B-	-870.3384	4.0256	220011392.443	1.947	False	2.9200869751112424
2989		46	133	87	220	Fr	-a	11482.332	4.028	7709.743	0.0183	B-	1210.2406	8.4809	220012326.789	4.324	False	2.8761045318760963
2990		44	132	88	220	Ra	-a	10272.091	7.595	7711.6879	0.0345	B-	-3471.664	9.6266	220011027.542	8.153	False	2.839709975792022
2991		42	131	89	220	Ac	-a	13743.755	6.129	7692.3515	0.0279	B-	-945.7825	14.9144	220014754.527	6.579	False	2.852169154426377
2992		40	130	90	220	Th	-a	14689.538	13.687	7684.4964	0.0622	B-	-5588.8595	20.0508	220015769.866	14.693	False	2.804683056879602
2993		38	129	91	220	Pa	-a	20278.397	14.655	7655.5364	0.0666	B-	-2735.0	102.0	220021769.753	15.732	False	2.800540663678646
2994		36	128	92	220	U	-a	23013.0	101.0	7640.0	0.0	B-	-7462.0	105.0	220024706.0	108.0	True	
2995		34	127	93	220	Np	-a	30475.022	30.718	7602.0758	0.1396	B-			220032716.28	32.977	False	2.75451871708334
2996	0.0	55	138	83	221	Bi	x	24200.0	300.0	7668.0	1.0	B-	4426.0	301.0	221025980.0	322.0	True	
2997		53	137	84	221	Po	x	19773.757	19.561	7684.4814	0.0885	B-	2991.0276	24.039	221021228.0	21.0	False	2.7831110968360813
2998		51	136	85	221	At	x	16782.729	13.972	7694.4754	0.0632	B-	2311.375	15.0957	221018017.0	15.0	False	2.803706053272759
2999		49	135	86	221	Rn	+a	14471.354	5.714	7701.3941	0.0259	B-	1194.1032	7.2312	221015535.637	6.134	False	2.856464257255619
3000		47	134	87	221	Fr		13277.251	4.886	7703.2572	0.0221	B-	313.3741	6.3858	221014253.714	5.245	False	2.8654221164321094
3001		45	133	88	221	Ra	-a	12963.877	4.63	7701.1352	0.021	B-	-1567.1715	57.0591	221013917.293	4.97	False	2.8684848889320196
3002		43	132	89	221	Ac	-a	14531.048	56.901	7690.5039	0.2575	B-	-2408.8773	57.4376	221015599.721	61.086	False	2.7147915031534917
3003		41	131	90	221	Th	-a	16939.926	7.994	7676.064	0.0362	B-	-3435.0112	59.9069	221018185.757	8.582	False	2.83697617091299
3004		39	130	91	221	Pa	-a	20374.937	59.38	7656.9809	0.2687	B-	-4145.059	93.4311	221021873.393	63.746	False	2.7119669069354373
3005		37	129	92	221	U	-a	24519.996	72.135	7634.6849	0.3264	B-	-5390.0	213.0	221026323.297	77.44	False	2.698961619406921
3006		35	128	93	221	Np	x	29910.0	200.0	7607.0	1.0	B-	-6019.0	361.0	221032110.0	215.0	True	
3007		33	127	94	221	Pu	x	35930.0	300.0	7576.0	1.0	B-			221038572.0	322.0	True	
3008	0.0	56	139	83	222	Bi	x	28950.0	300.0	7648.0	1.0	B-	6464.0	303.0	222031079.0	322.0	True	
3009		54	138	84	222	Po	x	22486.268	40.054	7674.0054	0.1804	B-	1533.2393	43.0709	222024140.0	43.0	False	2.7380682219624775
3010		52	137	85	222	At	x	20953.028	15.835	7677.3878	0.0713	B-	4581.0714	15.9542	222022494.0	17.0	False	2.7963709153394163
3011		50	136	86	222	Rn		16371.957	1.944	7694.4991	0.0088	B-	-6.1461	7.7013	222017576.017	2.086	False	2.9168524052199576
3012		48	135	87	222	Fr	x	16378.103	7.452	7690.9474	0.0336	B-	2057.898	8.6816	222017582.615	8.0	False	2.841346392501782
3013		46	134	88	222	Ra		14320.205	4.454	7696.6931	0.0201	B-	-2301.5922	6.2737	222015373.371	4.781	False	2.870940151005521
3014		44	133	89	222	Ac	-a	16621.797	4.699	7682.8015	0.0212	B-	-581.2415	11.1289	222017844.232	5.044	False	2.86790281669139
3015		42	132	90	222	Th	-a	17203.039	10.216	7676.6592	0.046	B-	-4861.322	87.1915	222018468.22	10.966	False	2.8227750273967813
3016		40	131	91	222	Pa	-a	22064.361	86.606	7651.2373	0.3901	B-	-2208.4729	101.0129	222023687.064	92.975	False	2.686892207223337
3017		38	130	92	222	U	-a	24272.834	51.994	7637.7651	0.2342	B-	-7001.8072	64.43	222026057.957	55.817	False	2.721047162079384
3018		36	129	93	222	Np	-a	31274.641	38.051	7602.7013	0.1714	B-	-3785.0	302.0	222033574.706	40.849	False	2.7413854767267405
3019		34	128	94	222	Pu	x	35060.0	300.0	7582.0	1.0	B-			222037638.0	322.0	True	
3020	0.0	57	140	83	223	Bi	x	32240.0	400.0	7636.0	2.0	B-	5161.0	445.0	223034611.0	429.0	True	
3021		55	139	84	223	Po	x	27079.0	196.0	7655.0	1.0	B-	3651.0	196.0	223029070.0	210.0	True	
3022		53	138	85	223	At	x	23428.008	13.972	7668.0557	0.0627	B-	3038.2698	16.0129	223025151.0	15.0	False	2.80425361256638
3023		51	137	86	223	Rn		20389.738	7.822	7678.172	0.0351	B-	2007.4091	8.0568	223021889.283	8.397	False	2.8387805234344623
3024		49	136	87	223	Fr		18382.329	1.931	7683.6655	0.0087	B-	1149.0844	0.8476	223019734.241	2.073	False	2.9174341341663994
3025		47	135	88	223	Ra		17233.245	2.09	7685.3101	0.0094	B-	-591.8099	6.9657	223018500.648	2.243	False	2.9131628908108
3026		45	134	89	223	Ac	-a	17825.055	6.947	7679.1479	0.0312	B-	-1560.3471	10.4712	223019135.982	7.457	False	2.8457006374839944
3027		43	133	90	223	Th	-a	19385.402	7.943	7668.6426	0.0356	B-	-2952.2124	76.0305	223020811.083	8.527	False	2.837881141656977
3028		41	132	91	223	Pa	-a	22337.614	75.632	7651.8957	0.3392	B-	-3707.6637	95.9225	223023980.414	81.193	False	2.6963797537500307
3029		39	131	92	223	U	-a	26045.278	59.054	7631.7611	0.2648	B-	-4613.3046	101.752	223027960.754	63.396	False	2.7129320612839876
3030		37	130	93	223	Np	-a	30658.583	82.863	7607.5654	0.3716	B-	-5462.0	311.0	223032913.34	88.956	False	2.6902044450475926
3031		35	129	94	223	Pu	x	36121.0	300.0	7580.0	1.0	B-	-6579.0	424.0	223038777.0	322.0	True	
3032		33	128	95	223	Am	x	42700.0	300.0	7547.0	1.0	B-			223045840.0	322.0	True	
3033	0.0	58	141	83	224	Bi	x	37070.0	400.0	7616.0	2.0	B-	7159.0	445.0	224039796.0	429.0	True	
3034		56	140	84	224	Po	x	29910.0	196.0	7644.0	1.0	B-	2199.0	197.0	224032110.0	210.0	True	
3035		54	139	85	224	At	x	27711.018	22.356	7650.7354	0.0998	B-	5265.9197	24.4153	224029749.0	24.0	False	2.7756612209457794
3036		52	138	86	224	Rn		22445.098	9.814	7670.7514	0.0438	B-	696.484	14.875	224024095.803	10.536	False	2.825683074974782
3037		50	137	87	224	Fr	x	21748.614	11.178	7670.368	0.0499	B-	2922.7819	11.3237	224023348.096	12.0	False	2.817941687620999
3038		48	136	88	224	Ra		18825.832	1.811	7679.9236	0.0081	B-	-1408.3152	4.0869	224020210.361	1.944	False	2.9211433693999243
3039		46	135	89	224	Ac	-a	20234.148	4.089	7670.1438	0.0183	B-	238.5672	10.3428	224021722.249	4.389	False	2.87628140733259
3040		44	134	90	224	Th	-a	19995.581	9.604	7667.7162	0.0429	B-	-3866.7705	12.1339	224021466.137	10.31	False	2.8269667060309436
3041		42	133	91	224	Pa	-a	23862.351	7.587	7646.9612	0.0339	B-	-1880.3393	16.9711	224025617.286	8.145	False	2.8408235320436663
3042		40	132	92	224	U	-a	25742.69	15.261	7635.0742	0.0681	B-	-6289.5572	32.7036	224027635.913	16.383	False	2.799171971144507
3043		38	131	93	224	Np		32032.248	28.925	7603.5032	0.1291	B-	-3248.0	301.0	224034388.03	31.052	False	2.7594811228593503
3044		36	130	94	224	Pu	x	35280.0	300.0	7586.0	1.0	B-	-7980.0	500.0	224037875.0	322.0	True	
3045		34	129	95	224	Am	x	43260.0	400.0	7546.0	2.0	B-			224046442.0	429.0	True	
3046	0.0	57	141	84	225	Po	x	34580.0	300.0	7626.0	1.0	B-	4280.0	424.0	225037123.0	322.0	True	
3047		55	140	85	225	At	x	30300.0	300.0	7641.0	1.0	B-	3765.0	300.0	225032528.0	322.0	True	
3048		53	139	86	225	Rn		26534.143	11.14	7654.3581	0.0495	B-	2713.5412	16.3492	225028485.572	11.958	False	2.8184183801127363
3049		51	138	87	225	Fr		23820.602	11.967	7662.9412	0.0532	B-	1827.5584	12.1574	225025572.466	12.847	False	2.8141273172245045
3050		49	137	88	225	Ra		21993.044	2.596	7667.5866	0.0115	B-	355.7386	5.0067	225023610.502	2.786	False	2.90181212302904
3051		47	136	89	225	Ac		21637.305	4.758	7665.6906	0.0211	B-	-672.8878	6.6576	225023228.601	5.107	False	2.8679615162997676
3052		45	135	90	225	Th	-a	22310.193	5.093	7659.2229	0.0226	B-	-2046.4473	82.0038	225023950.975	5.467	False	2.8640840998942996
3053		43	134	91	225	Pa	-a	24356.64	81.867	7646.6504	0.3639	B-	-3015.361	82.4514	225026147.927	87.887	False	2.6916277727158766
3054		41	133	92	225	U	-a	27372.001	9.934	7629.7717	0.0442	B-	-4246.0969	92.1491	225029385.05	10.664	False	2.825232639783713
3055		39	132	93	225	Np	-a	31618.098	91.618	7607.4231	0.4072	B-	-4682.0	314.0	225033943.422	98.355	False	2.6839745905743566
3056		37	131	94	225	Pu	x	36300.0	300.0	7583.0	1.0	B-	-6090.0	500.0	225038970.0	322.0	True	
3057		35	130	95	225	Am	x	42390.0	400.0	7553.0	2.0	B-			225045508.0	429.0	True	
3058	0.0	58	142	84	226	Po	x	37549.0	401.0	7614.0	2.0	B-	2889.0	500.0	226040310.0	430.0	True	
3059		56	141	85	226	At	x	34660.0	300.0	7624.0	1.0	B-	5913.0	300.0	226037209.0	322.0	True	
3060		54	140	86	226	Rn		28747.194	10.477	7646.4108	0.0464	B-	1226.6542	12.1895	226030861.38	11.247	False	2.822335611712923
3061		52	139	87	226	Fr		27520.539	6.23	7648.3768	0.0276	B-	3852.9638	6.5215	226029544.512	6.688	False	2.8527772693266495
3062		50	138	88	226	Ra		23667.576	1.927	7661.9636	0.0085	B-	-641.6252	3.273	226025408.186	2.068	False	2.9182882208596936
3063		48	137	89	226	Ac		24309.201	3.1	7655.6628	0.0137	B-	1111.5517	4.5626	226026096.999	3.327	False	2.892263857134711
3064		46	136	90	226	Th		23197.649	4.481	7657.1195	0.0198	B-	-2835.9504	11.9702	226024903.699	4.81	False	2.8716112448333075
3065		44	135	91	226	Pa	-a	26033.6	11.213	7641.1093	0.0496	B-	-1295.1978	15.6747	226027948.217	12.037	False	2.8182898329825266
3066		42	134	92	226	U	-a	27328.797	11.071	7631.9166	0.049	B-	-5488.0792	102.6485	226029338.669	11.884	False	2.8190537095848875
3067		40	133	93	226	Np	-a	32816.877	102.063	7604.1714	0.4516	B-	-2813.0	225.0	226035230.364	109.568	False	2.6768798178073636
3068		38	132	94	226	Pu	x	35630.0	200.0	7588.0	1.0	B-	-7340.0	361.0	226038250.0	215.0	True	
3069		36	131	95	226	Am	x	42970.0	300.0	7552.0	1.0	B-			226046130.0	322.0	True	
3070	0.0	59	143	84	227	Po	x	42281.0	401.0	7596.0	2.0	B-	4850.0	500.0	227045390.0	430.0	True	
3071		57	142	85	227	At	x	37430.0	300.0	7613.0	1.0	B-	4544.0	300.0	227040183.0	322.0	True	
3072		55	141	86	227	Rn		32885.835	14.091	7630.0508	0.0621	B-	3203.3894	15.2755	227035304.393	15.127	False	2.8048220311287273
3073		53	140	87	227	Fr		29682.445	5.898	7640.7162	0.026	B-	2504.9813	6.2112	227031865.413	6.332	False	2.85618193478023
3074		51	139	88	227	Ra	-n	27177.464	1.946	7648.3048	0.0086	B-	1327.9489	2.2622	227029176.205	2.089	False	2.9179817159958503
3075		49	138	89	227	Ac		25849.515	1.926	7650.7084	0.0085	B-	44.7559	0.8297	227027750.594	2.068	False	2.9185272491309444
3076		47	137	90	227	Th		25804.759	2.088	7647.4591	0.0092	B-	-1025.6117	7.2815	227027702.546	2.241	False	2.9141783635090066
3077		45	136	91	227	Pa	-a	26830.371	7.263	7639.4945	0.032	B-	-2214.6629	11.1118	227028803.586	7.797	False	2.8441444640819915
3078		43	135	92	227	U	-a	29045.034	8.51	7626.2918	0.0375	B-	-3533.9848	77.4417	227031181.124	9.136	False	2.834881086416885
3079		41	134	93	227	Np	-a	32579.018	76.989	7607.2771	0.3392	B-	-4191.0	126.0	227034975.012	82.651	False	2.6963815676298877
3080		39	133	94	227	Pu	x	36770.0	100.0	7585.0	0.0	B-	-5410.0	224.0	227039474.0	107.0	True	
3081		37	132	95	227	Am	x	42180.0	200.0	7558.0	1.0	B-			227045282.0	215.0	True	
3082	0.0	58	143	85	228	At	x	41880.0	400.0	7596.0	2.0	B-	6637.0	400.0	228044960.0	429.0	True	
3083		56	142	86	228	Rn		35243.466	17.677	7621.6457	0.0775	B-	1859.2451	18.9157	228037835.415	18.977	False	2.791275187544039
3084		54	141	87	228	Fr		33384.221	6.732	7626.3689	0.0295	B-	4444.027	7.021	228035839.433	7.226	False	2.8488161455209613
3085		52	140	88	228	Ra	+a	28940.194	1.995	7642.4289	0.0088	B-	45.5402	0.6344	228031068.574	2.141	False	2.916890314019377
3086		50	139	89	228	Ac	-	28894.654	2.093	7639.1973	0.0092	B-	2123.7545	2.6446	228031019.685	2.247	False	2.9142725251199657
3087		48	138	90	228	Th		26770.899	1.806	7645.0807	0.0079	B-	-2152.6993	4.3399	228028739.741	1.938	False	2.922264711824605
3088		46	137	91	228	Pa	-a	28923.599	4.34	7632.2076	0.019	B-	-296.402	14.0858	228031050.758	4.659	False	2.8739143824999682
3089		44	136	92	228	U	-a	29220.001	13.474	7627.4763	0.0591	B-	-4605.0	101.0	228031368.959	14.465	False	2.8077906631328573
3090		42	135	93	228	Np	-a	33825.0	100.0	7604.0	0.0	B-	-2283.0	103.0	228036313.0	108.0	True	
3091		40	134	94	228	Pu	-a	36107.809	23.352	7590.4039	0.1024	B-	-6742.0	202.0	228038763.325	25.069	False	2.7740497896101637
3092		38	133	95	228	Am	x	42850.0	200.0	7557.0	1.0	B-			228046001.0	215.0	True	
3093	0.0	59	144	85	229	At	x	44890.0	400.0	7585.0	2.0	B-	5527.0	400.0	229048191.0	429.0	True	
3094		57	143	86	229	Rn	x	39362.4	13.041	7605.6227	0.0569	B-	3694.1465	13.967	229042257.272	14.0	False	2.8100265816960133
3095		55	142	87	229	Fr		35668.253	5.001	7618.338	0.0218	B-	3106.2907	16.2305	229038291.443	5.368	False	2.8661328184026806
3096		53	141	88	229	Ra	x	32561.963	15.441	7628.4862	0.0674	B-	1872.0266	19.6229	229034956.703	16.576	False	2.799804328254467
3097		51	140	89	229	Ac	x	30689.936	12.109	7633.2446	0.0529	B-	1104.4191	12.3458	229032947.0	13.0	False	2.8144757734100305
3098		49	139	90	229	Th		29585.517	2.404	7634.651	0.0105	B-	-311.331	3.7152	229031761.357	2.581	False	2.906966321490834
3099		47	138	91	229	Pa		29896.848	3.28	7629.8752	0.0143	B-	-1313.7716	6.6554	229032095.585	3.521	False	2.889850937121332
3100		45	137	92	229	U	-a	31210.62	5.938	7620.7218	0.0259	B-	-2590.7577	101.3342	229033505.976	6.374	False	2.856306494494367
3101		43	136	93	229	Np	-a	33801.378	101.177	7605.9921	0.4418	B-	-3593.5462	117.9433	229036287.269	108.618	False	2.6783847588484346
3102		41	135	94	229	Pu	-a	37394.924	60.633	7586.8834	0.2648	B-	-4785.4899	122.4147	229040145.099	65.092	False	2.7129452805254948
3103		39	134	95	229	Am	-a	42180.414	106.348	7562.5697	0.4644	B-			229045282.534	114.169	False	2.674958698869395
3104	0.0	58	144	86	230	Rn	x	42170.0	200.0	7595.0	1.0	B-	2683.0	200.0	230045271.0	215.0	True	
3105		56	143	87	230	Fr		39486.769	6.541	7603.7052	0.0284	B-	4970.4627	12.1984	230042390.787	7.022	False	2.8509796480067093
3106		54	142	88	230	Ra	x	34516.306	10.296	7621.9144	0.0448	B-	677.9196	18.8884	230037054.776	11.053	False	2.82441291464096
3107		52	141	89	230	Ac	x	33838.386	15.835	7621.4604	0.0689	B-	2975.8745	15.8815	230036327.0	17.0	False	2.798532652449373
3108		50	140	90	230	Th		30862.512	1.209	7630.9974	0.0053	B-	-1311.0313	2.8334	230033132.267	1.297	False	2.9441062924909573
3109		48	139	91	230	Pa		32173.543	3.038	7621.8958	0.0132	B-	558.5262	4.5919	230034539.717	3.261	False	2.89434751804899
3110		46	138	92	230	U	-a	31615.017	4.509	7620.9227	0.0196	B-	-3621.5986	55.1683	230033940.114	4.841	False	2.8722426424404186
3111		44	137	93	230	Np	-a	35236.615	55.007	7601.7751	0.2392	B-	-1695.5543	56.8505	230037828.06	59.051	False	2.7196725884636375
3112		42	136	94	230	Pu	-a	36932.17	14.451	7591.0016	0.0628	B-	-5940.0	144.0	230039648.313	15.514	False	2.80408856383407
3113		40	135	95	230	Am	-a	42872.0	143.0	7562.0	1.0	B-			230046025.0	153.0	True	
3114	0.0	59	145	86	231	Rn	x	46550.0	300.0	7579.0	1.0	B-	4469.0	300.0	231049973.0	322.0	True	
3115		57	144	87	231	Fr	x	42080.575	7.731	7594.5009	0.0335	B-	3864.0868	13.7495	231045175.353	8.3	False	2.841523909496647
3116		55	143	88	231	Ra		38216.488	11.37	7607.8418	0.0492	B-	2453.6351	17.3014	231041027.085	12.206	False	2.8187670395179674
3117		53	142	89	231	Ac	x	35762.853	13.041	7615.0768	0.0565	B-	1947.0425	13.0976	231038393.0	14.0	False	2.8105488532438443
3118		51	141	90	231	Th		33815.811	1.217	7620.1188	0.0053	B-	391.4727	1.4598	231036302.764	1.306	False	2.943971310884929
3119		49	140	91	231	Pa		33424.338	1.771	7618.4267	0.0077	B-	-381.6138	2.0325	231035882.5	1.901	False	2.924005500240081
3120		47	139	92	231	U	-a	33805.952	2.67	7613.3879	0.0116	B-	-1817.7347	51.1839	231036292.18	2.866	False	2.901705511782222
3121		45	138	93	231	Np	-a	35623.686	51.154	7602.1321	0.2214	B-	-2684.8905	55.6931	231038243.598	54.916	False	2.7247295945071026
3122		43	137	94	231	Pu	-a	38308.577	22.061	7587.1224	0.0955	B-	-4101.0	301.0	231041125.946	23.683	False	2.778406068363835
3123		41	136	95	231	Am	x	42410.0	300.0	7566.0	1.0	B-	-4860.0	424.0	231045529.0	322.0	True	
3124		39	135	96	231	Cm	x	47270.0	300.0	7542.0	1.0	B-			231050746.0	322.0	True	
3125	0.0	58	145	87	232	Fr	x	46072.834	13.972	7579.3481	0.0602	B-	5575.8791	16.7023	232049461.219	15.0	False	2.806652585993679
3126		56	144	88	232	Ra		40496.955	9.151	7600.0099	0.0394	B-	1342.5322	15.9313	232043475.267	9.823	False	2.8319012324832666
3127		54	143	89	232	Ac	x	39154.423	13.041	7602.4245	0.0562	B-	3707.7131	13.1181	232042034.0	14.0	False	2.8108096427764715
3128		52	142	90	232	Th		35446.71	1.421	7615.0338	0.0061	B-	-499.8388	7.7338	232038053.606	1.525	False	2.9360044308073436
3129		50	141	91	232	Pa	+	35946.549	7.645	7609.5072	0.033	B-	1337.1034	7.4278	232038590.205	8.206	False	2.8424382318082078
3130		48	140	92	232	U		34609.445	1.808	7611.8984	0.0078	B-	-2750.0	100.0	232037154.765	1.941	False	2.9231188250992455
3131		46	139	93	232	Np	-	37359.0	100.0	7597.0	0.0	B-	-1001.0	101.0	232040107.0	107.0	True	
3132		44	138	94	232	Pu	-a	38360.915	16.885	7588.9839	0.0728	B-	-5059.0	300.0	232041182.133	18.126	False	2.7951496773544844
3133		42	137	95	232	Am	x	43420.0	300.0	7564.0	1.0	B-	-2913.0	361.0	232046613.0	322.0	True	
3134		40	136	96	232	Cm	-a	46333.0	201.0	7548.0	1.0	B-			232049740.0	216.0	True	
3135	0.0	59	146	87	233	Fr	x	48920.052	19.561	7569.2398	0.084	B-	4585.9906	21.3694	233052517.833	21.0	False	2.7863838767094613
3136		57	145	88	233	Ra		44334.062	8.603	7585.5644	0.0369	B-	3026.0244	15.6228	233047594.57	9.235	False	2.835783722833433
3137		55	144	89	233	Ac	x	41308.037	13.041	7595.1939	0.056	B-	2576.395	13.1184	233044346.0	14.0	False	2.811068896236689
3138		53	143	90	233	Th		38731.642	1.424	7602.8937	0.0061	B-	1242.232	1.1224	233041580.126	1.528	False	2.9361291670811576
3139		51	142	91	233	Pa		37489.41	1.336	7604.8675	0.0057	B-	570.2993	1.975	233040246.535	1.433	False	2.939529662889189
3140		49	141	92	233	U		36919.111	2.254	7603.9574	0.0097	B-	-1029.4197	51.005	233039634.294	2.42	False	2.9114236895171937
3141		47	140	93	233	Np	-a	37948.531	50.981	7596.1816	0.2188	B-	-2103.3047	74.3811	233040739.421	54.729	False	2.7255187411801614
3142		45	139	94	233	Pu	-a	40051.836	54.178	7583.7968	0.2325	B-	-3233.0	126.0	233042997.411	58.162	False	2.721525750814022
3143		43	138	95	233	Am	-a	43285.0	114.0	7567.0	0.0	B-	-4008.0	140.0	233046468.0	123.0	True	
3144		41	137	96	233	Cm	-a	47293.34	81.095	7546.002	0.348	B-	-5478.0	247.0	233050771.485	87.059	False	2.6946393997112734
3145		39	136	97	233	Bk	-a	52771.0	233.0	7519.0	1.0	B-			233056652.0	250.0	True	
3146	0.0	58	146	88	234	Ra	x	46930.629	8.383	7576.5439	0.0358	B-	2089.4348	16.2945	234050382.1	9.0	False	2.837546435636613
3147		56	145	89	234	Ac	x	44841.195	13.972	7582.1297	0.0597	B-	4228.2364	14.2103	234048139.0	15.0	False	2.8071705175498702
3148		54	144	90	234	Th	+a	40612.958	2.589	7596.8557	0.0111	B-	274.0882	3.1716	234043599.801	2.779	False	2.904106274416819
3149		52	143	91	234	Pa	IT	40338.87	4.094	7594.6837	0.0175	B-	2193.9105	3.9998	234043305.555	4.395	False	2.878667372001504
3150		50	142	92	234	U		38144.959	1.129	7600.716	0.0048	B-	-1809.8462	8.3205	234040950.296	1.212	False	2.9485743520619256
3151		48	141	93	234	Np	-	39954.806	8.397	7589.6382	0.0359	B-	-395.1807	10.7522	234042893.245	9.014	False	2.8374535204198366
3152		46	140	94	234	Pu	-a	40349.986	6.798	7584.6061	0.0291	B-	-4112.0	160.0	234043317.489	7.298	False	2.849747454230194
3153		44	139	95	234	Am	-a	44462.0	160.0	7564.0	1.0	B-	-2261.0	161.0	234047731.0	172.0	True	
3154		42	138	96	234	Cm	-a	46722.411	17.078	7550.6868	0.073	B-	-6673.0	154.0	234050158.568	18.333	False	2.794982553718832
3155		40	137	97	234	Bk	-a	53395.0	153.0	7519.0	1.0	B-			234057322.0	164.0	True	
3156	0.0	59	147	88	235	Ra	x	51130.0	300.0	7561.0	1.0	B-	3773.0	300.0	235054890.0	322.0	True	
3157		57	146	89	235	Ac	x	47357.16	13.972	7573.5051	0.0595	B-	3339.4064	19.1127	235050840.0	15.0	False	2.807428590752192
3158		55	145	90	235	Th	x	44017.754	13.041	7584.3862	0.0555	B-	1728.8531	19.1127	235047255.0	14.0	False	2.8115834367433887
3159		53	144	91	235	Pa	x	42288.901	13.972	7588.4139	0.0595	B-	1370.1184	14.0169	235045399.0	15.0	False	2.807427193510606
3160		51	143	92	235	U		40918.782	1.116	7590.9151	0.0048	B-	-124.2619	0.8524	235043928.117	1.198	False	2.949407116619294
3161		49	142	93	235	Np		41043.044	1.388	7587.0571	0.0059	B-	-1139.3021	20.4992	235044061.518	1.49	False	2.937918155808243
3162		47	141	94	235	Pu	-a	42182.346	20.521	7578.8799	0.0873	B-	-2442.2558	56.5932	235045284.609	22.03	False	2.783954115355177
3163		45	140	95	235	Am	-a	44624.602	52.78	7565.1582	0.2246	B-	-3389.0	115.0	235047906.478	56.661	False	2.7238063363881544
3164		43	139	96	235	Cm	-a	48013.0	102.0	7547.0	0.0	B-	-4757.0	413.0	235051545.0	110.0	True	
3165		41	138	97	235	Bk	x	52770.0	401.0	7524.0	2.0	B-			235056651.0	430.0	True	
3166	0.0	58	147	89	236	Ac	x	51220.998	38.191	7559.2423	0.1618	B-	4965.7951	40.6669	236054988.0	41.0	False	2.745089258555502
3167		56	146	90	236	Th	x	46255.203	13.972	7576.9688	0.0592	B-	921.2477	19.76	236049657.0	15.0	False	2.8076845063117704
3168		54	145	91	236	Pa	x	45333.955	13.972	7577.5573	0.0592	B-	2889.373	14.0166	236048668.0	15.0	False	2.8076842534797968
3169		52	144	92	236	U		42444.582	1.112	7586.4854	0.0047	B-	-933.5116	50.4152	236045566.13	1.193	False	2.9498487555907627
3170		50	143	93	236	Np	IT	43378.094	50.421	7579.2148	0.2136	B-	476.5854	50.3887	236046568.296	54.129	False	2.727079299250737
3171		48	142	94	236	Pu		42901.508	1.81	7577.9192	0.0077	B-	-3139.0	119.0	236046056.661	1.942	False	2.924011710085991
3172		46	141	95	236	Am	-a	46041.0	119.0	7561.0	1.0	B-	-1812.0	120.0	236049427.0	127.0	True	
3173		44	140	96	236	Cm	-a	47852.82	17.635	7550.309	0.0747	B-	-5689.0	361.0	236051372.112	18.931	False	2.7935401518922656
3174		42	139	97	236	Bk	-a	53542.0	361.0	7523.0	2.0	B-			236057479.0	387.0	True	
3175	0.0	59	148	89	237	Ac	x	54020.0	400.0	7550.0	2.0	B-	4065.0	400.0	237057993.0	429.0	True	
3176		57	147	90	237	Th	x	49955.097	15.835	7563.4433	0.0668	B-	2427.4736	20.514	237053629.0	17.0	False	2.8003609545240318
3177		55	146	91	237	Pa	x	47527.624	13.041	7570.3847	0.055	B-	2137.4905	13.0962	237051023.0	14.0	False	2.812093567693914
3178		53	145	92	237	U		45390.133	1.202	7576.1026	0.0051	B-	518.5338	0.52	237048728.309	1.29	False	2.9459711765560432
3179		51	144	93	237	Np		44871.599	1.12	7574.9895	0.0047	B-	-220.063	1.2944	237048171.64	1.201	False	2.9497207633860922
3180		49	143	94	237	Pu		45091.662	1.697	7570.7599	0.0072	B-	-1478.0	59.0	237048407.888	1.821	False	2.9276883693438354
3181		47	142	95	237	Am	-a	46570.0	59.0	7561.0	0.0	B-	-2677.0	95.0	237049995.0	64.0	True	
3182		45	141	96	237	Cm	-a	49247.151	74.399	7546.6241	0.3139	B-	-3963.0	242.0	237052868.988	79.87	False	2.701588934483388
3183		43	140	97	237	Bk	-a	53210.0	230.0	7527.0	1.0	B-	-4728.0	250.0	237057123.0	247.0	True	
3184		41	139	98	237	Cf	-a	57938.255	97.347	7503.3507	0.4107	B-			237062199.272	104.506	False	2.683387810615063
3185	0.0	58	148	90	238	Th	+a	52525.0	283.0	7555.0	1.0	B-	1631.0	284.0	238056388.0	304.0	True	
3186		56	147	91	238	Pa	x	50894.043	15.835	7558.3449	0.0665	B-	3586.3111	15.9056	238054637.0	17.0	False	2.8006170716820247
3187		54	146	92	238	U		47307.732	1.492	7570.1262	0.0063	B-	-146.8652	1.2006	238050786.936	1.601	False	2.93478017565702
3188		52	145	93	238	Np	-n	47454.597	1.137	7566.222	0.0048	B-	1291.4491	0.4573	238050944.603	1.22	False	2.9491198176100593
3189		50	144	94	238	Pu		46163.148	1.138	7568.3611	0.0048	B-	-2258.2731	58.9005	238049558.175	1.221	False	2.949076589988171
3190		48	143	95	238	Am	-a	48421.421	58.911	7555.5853	0.2475	B-	-1023.7818	60.1587	238051982.531	63.243	False	2.717407298088767
3191		46	142	96	238	Cm	-a	49445.203	12.234	7547.9966	0.0514	B-	-4771.0	256.0	238053081.606	13.133	False	2.816179445817209
3192		44	141	97	238	Bk	-a	54216.0	256.0	7525.0	1.0	B-	-3061.0	393.0	238058204.0	275.0	True	
3193		42	140	98	238	Cf	x	57278.0	298.0	7509.0	1.0	B-			238061490.0	320.0	True	
3194	0.0	59	149	90	239	Th	x	56500.0	400.0	7540.0	2.0	B-	3162.0	445.0	239060655.0	429.0	True	
3195		57	148	91	239	Pa	x	53337.0	196.0	7550.0	1.0	B-	2765.0	196.0	239057260.0	210.0	True	
3196		55	147	92	239	U	-n	50572.668	1.502	7558.5624	0.0063	B-	1261.6634	1.4935	239054291.989	1.612	False	2.9346398399979217
3197		53	146	93	239	Np		49311.005	1.31	7560.568	0.0055	B-	722.7849	0.9304	239052937.538	1.406	False	2.9418802762634737
3198		51	145	94	239	Pu		48588.22	1.112	7560.3187	0.0047	B-	-802.1402	1.6635	239052161.596	1.194	False	2.950467263047512
3199		49	144	95	239	Am	-a	49390.36	1.982	7553.6891	0.0083	B-	-1756.6021	150.074	239053022.729	2.127	False	2.919794812062148
3200		47	143	96	239	Cm	-a	51146.962	150.07	7543.0659	0.6279	B-	-3103.0	256.0	239054908.519	161.107	False	2.6539554484505112
3201		45	142	97	239	Bk	-a	54250.0	207.0	7527.0	1.0	B-	-3952.0	239.0	239058239.0	222.0	True	
3202		43	141	98	239	Cf	-a	58202.0	120.0	7507.0	1.0	B-	-5429.0	323.0	239062482.0	129.0	True	
3203		41	140	99	239	Es	x	63630.0	300.0	7481.0	1.0	B-			239068310.0	322.0	True	
3204	0.0	58	149	91	240	Pa	x	57010.0	200.0	7537.0	1.0	B-	4295.0	200.0	240061203.0	215.0	True	
3205		56	148	92	240	U		52715.497	2.553	7551.7705	0.0106	B-	399.2685	17.083	240056592.411	2.74	False	2.9062684737316573
3206		54	147	93	240	Np		52316.229	17.032	7550.1743	0.071	B-	2190.9095	17.0151	240056163.778	18.284	False	2.7966931807551703
3207		52	146	94	240	Pu		50125.319	1.105	7556.0433	0.0046	B-	-1384.7902	13.7882	240053811.74	1.186	False	2.95103754860013
3208		50	145	95	240	Am	+n	51510.11	13.832	7547.0136	0.0576	B-	-214.1127	13.8967	240055298.374	14.849	False	2.809309157358059
3209		48	144	96	240	Cm		51724.222	1.905	7542.8617	0.0079	B-	-3940.0	150.0	240055528.233	2.045	False	2.922138640096314
3210		46	143	97	240	Bk	-	55664.0	150.0	7523.0	1.0	B-	-2324.0	151.0	240059758.0	161.0	True	
3211		44	142	98	240	Cf	-a	57988.719	18.034	7510.24	0.0751	B-	-6237.0	366.0	240062253.447	19.36	False	2.7931998311550785
3212		42	141	99	240	Es	-a	64225.0	366.0	7481.0	2.0	B-			240068949.0	393.0	True	
3213	0.0	59	150	91	241	Pa	x	59740.0	300.0	7528.0	1.0	B-	3543.0	358.0	241064134.0	322.0	True	
3214		57	149	92	241	U	x	56197.0	196.0	7539.0	1.0	B-	1882.0	220.0	241060330.0	210.0	True	
3215		55	148	93	241	Np	+	54315.115	100.006	7544.0426	0.415	B-	1360.0	100.0	241058309.671	107.36	False	2.6826887503063714
3216		53	147	94	241	Pu		52955.115	1.105	7546.4395	0.0046	B-	20.7799	0.1658	241056849.651	1.186	False	2.9512555384799404
3217		51	146	95	241	Am		52934.335	1.113	7543.2795	0.0046	B-	-767.4346	1.1685	241056827.343	1.195	False	2.9508602698685946
3218		49	145	96	241	Cm		53701.77	1.607	7536.8488	0.0067	B-	-2279.0	165.0	241057651.218	1.725	False	2.9314774257259315
3219		47	144	97	241	Bk	+a	55981.0	165.0	7524.0	1.0	B-	-3346.0	235.0	241060098.0	178.0	True	
3220		45	143	98	241	Cf	-a	59327.0	167.0	7507.0	1.0	B-	-4567.0	285.0	241063690.0	180.0	True	
3221		43	142	99	241	Es	-a	63893.0	231.0	7485.0	1.0	B-	-5327.0	379.0	241068592.0	248.0	True	
3222		41	141	100	241	Fm	x	69220.0	300.0	7459.0	1.0	B-			241074311.0	322.0	True	
3223	0.0	58	150	92	242	U	+a	58620.0	201.0	7532.0	1.0	B-	1203.0	283.0	242062931.0	215.0	True	
3224		56	149	93	242	Np	+	57416.876	200.004	7533.4042	0.8265	B-	2700.0	200.0	242061639.548	214.712	False	2.6344327502344673
3225		54	148	94	242	Pu		54716.876	1.245	7541.3284	0.0052	B-	-751.1373	0.708	242058740.979	1.336	False	2.9452287151833825
3226		52	147	95	242	Am	-n	55468.014	1.118	7534.9917	0.0046	B-	664.3145	0.4143	242059547.358	1.199	False	2.95090259446626
3227		50	146	96	242	Cm		54803.699	1.141	7534.504	0.0047	B-	-2948.0	135.0	242058834.187	1.224	False	2.949822733714816
3228		48	145	97	242	Bk	IT	57752.0	135.0	7519.0	1.0	B-	-1635.0	135.0	242061999.0	144.0	True	
3229		46	144	98	242	Cf	-a	59386.982	12.892	7509.0991	0.0533	B-	-5414.0	257.0	242063754.544	13.84	False	2.8140394439355103
3230		44	143	99	242	Es	-a	64801.0	257.0	7483.0	1.0	B-	-3598.0	476.0	242069567.0	276.0	True	
3231		42	142	100	242	Fm	x	68400.0	401.0	7465.0	2.0	B-			242073430.0	430.0	True	
3232	0.0	59	151	92	243	U	x	62480.0	300.0	7518.0	1.0	B-	2674.0	302.0	243067075.0	322.0	True	
3233		57	150	93	243	Np	IT	59806.0	32.0	7526.0	0.0	B-	2051.0	32.0	243064204.0	34.0	True	
3234		55	149	94	243	Pu		57754.561	2.542	7531.0087	0.0105	B-	579.5559	2.6216	243062002.068	2.728	False	2.907188361813794
3235		53	148	95	243	Am		57175.005	1.388	7530.1742	0.0057	B-	-6.9302	1.5692	243061379.889	1.49	False	2.939693444358636
3236		51	147	96	243	Cm	-a	57181.936	1.496	7526.9261	0.0062	B-	-1507.6936	4.5065	243061387.329	1.605	False	2.935754049667165
3237		49	146	97	243	Bk	-a	58689.629	4.524	7517.5021	0.0186	B-	-2300.0	181.0	243063005.905	4.856	False	2.875180068393751
3238		47	145	98	243	Cf	-a	60990.0	181.0	7505.0	1.0	B-	-3757.0	275.0	243065475.0	194.0	True	
3239		45	144	99	243	Es	-a	64747.0	207.0	7486.0	1.0	B-	-4569.0	245.0	243069508.0	222.0	True	
3240		43	143	100	243	Fm	-a	69316.0	130.0	7464.0	1.0	B-			243074414.0	140.0	True	
3241	0.0	58	151	93	244	Np	x	63240.0	100.0	7514.0	0.0	B-	3434.0	100.0	244067891.0	107.0	True	
3242		56	150	94	244	Pu		59806.021	2.346	7524.8154	0.0096	B-	-73.1143	2.6856	244064204.401	2.518	False	2.9117785958959668
3243		54	149	95	244	Am	+	59879.135	1.491	7521.3095	0.0061	B-	1427.3	1.0	244064282.892	1.6	False	2.936138232239541
3244		52	148	96	244	Cm	-a	58451.835	1.106	7523.9527	0.0045	B-	-2261.9902	14.3567	244062750.622	1.187	False	2.9518591085920685
3245		50	147	97	244	Bk	-a	60713.825	14.399	7511.4759	0.059	B-	-764.2709	14.5724	244065178.969	15.457	False	2.80788853148253
3246		48	146	98	244	Cf		61478.096	2.617	7505.1373	0.0107	B-	-4547.0	181.0	244065999.447	2.809	False	2.9058141681976752
3247		46	145	99	244	Es	-a	66026.0	181.0	7483.0	1.0	B-	-2938.0	271.0	244070881.0	195.0	True	
3248		44	144	100	244	Fm	-a	68964.0	201.0	7468.0	1.0	B-	-6634.0	425.0	244074036.0	216.0	True	
3249		42	143	101	244	Md	-a	75597.0	374.0	7438.0	2.0	B-			244081157.0	402.0	True	
3250	0.0	59	152	93	245	Np	x	65850.0	200.0	7506.0	1.0	B-	2672.0	201.0	245070693.0	215.0	True	
3251		57	151	94	245	Pu	-n	63178.173	13.62	7513.2822	0.0556	B-	1277.7559	13.7334	245067824.554	14.621	False	2.8114840647780603
3252		55	150	95	245	Am	+a	61900.417	1.886	7515.3043	0.0077	B-	895.8929	1.5491	245066452.827	2.024	False	2.923804611367966
3253		53	149	96	245	Cm		61004.524	1.149	7515.7677	0.0047	B-	-809.2519	1.4964	245065491.047	1.233	False	2.9500854195026336
3254		51	148	97	245	Bk	-a	61813.776	1.792	7509.2714	0.0073	B-	-1571.3755	2.5861	245066359.814	1.923	False	2.9265511587223942
3255		49	147	98	245	Cf		63385.151	2.428	7499.6644	0.0099	B-	-2930.0	165.0	245068046.755	2.606	False	2.9101324449392454
3256		47	146	99	245	Es	IT	66315.0	165.0	7485.0	1.0	B-	-3877.0	256.0	245071192.0	178.0	True	
3257		45	145	100	245	Fm	-a	70192.0	195.0	7465.0	1.0	B-	-5133.0	325.0	245075354.0	210.0	True	
3258		43	144	101	245	Md	-a	75325.0	260.0	7441.0	1.0	B-			245080864.0	279.0	True	
3259	0.0	58	152	94	246	Pu		65394.772	14.985	7506.5401	0.0609	B-	401.0	14.0	246070204.172	16.087	False	2.8059700602195257
3260		56	151	95	246	Am	IT	64994.0	18.0	7505.0	0.0	B-	2377.0	18.0	246069774.0	19.0	True	
3261		54	150	96	246	Cm		62616.912	1.525	7511.4716	0.0062	B-	-1350.0	60.0	246067222.016	1.637	False	2.935358402524795
3262		52	149	97	246	Bk	-	63966.912	60.019	7502.8035	0.244	B-	-123.3159	60.0198	246068671.3	64.433	False	2.7183631910935357
3263		50	148	98	246	Cf		64090.228	1.514	7499.122	0.0062	B-	-3728.5741	89.9373	246068803.685	1.625	False	2.935749435716882
3264		48	147	99	246	Es		67818.802	89.925	7480.7849	0.3655	B-	-2372.3848	90.9577	246072806.474	96.538	False	2.691324523413094
3265		46	146	100	246	Fm	-a	70191.187	13.67	7467.9608	0.0556	B-	-5924.0	260.0	246075353.334	14.675	False	2.811509089551197
3266		44	145	101	246	Md	-a	76115.0	260.0	7441.0	1.0	B-			246081713.0	279.0	True	
3267	0.0	59	153	94	247	Pu	x	69210.0	200.0	7493.0	1.0	B-	2057.0	224.0	247074300.0	215.0	True	
3268		57	152	95	247	Am	+	67153.0	100.0	7499.0	0.0	B-	1620.0	100.0	247072092.0	107.0	True	
3269		55	151	96	247	Cm		65533.105	3.797	7501.9318	0.0154	B-	43.5841	6.3245	247070352.678	4.076	False	2.8859211780380947
3270		53	150	97	247	Bk	-a	65489.521	5.189	7498.9408	0.021	B-	-619.8711	15.2376	247070305.889	5.57	False	2.868341329123454
3271		51	149	98	247	Cf	+a	66109.392	14.327	7493.2638	0.058	B-	-2469.0006	24.1495	247070971.348	15.38	False	2.8089277767411462
3272		49	148	99	247	Es	+a	68578.393	19.441	7480.1005	0.0787	B-	-3094.0	182.0	247073621.929	20.87	False	2.790360133207001
3273		47	147	100	247	Fm	+a	71672.0	181.0	7464.0	1.0	B-	-4263.0	275.0	247076944.0	194.0	True	
3274		45	146	101	247	Md	-a	75936.0	207.0	7444.0	1.0	B-			247081520.0	223.0	True	
3275	0.0	58	153	95	248	Am	+	70563.0	200.0	7487.0	1.0	B-	3170.0	200.0	248075752.0	215.0	True	
3276		56	152	96	248	Cm		67392.748	2.358	7496.7291	0.0095	B-	-738.3049	50.0026	248072349.086	2.531	False	2.9123841700431257
3277		54	151	97	248	Bk	+a	68131.053	50.058	7490.5975	0.2018	B-	893.1015	50.3143	248073141.689	53.739	False	2.7307958915005734
3278		52	150	98	248	Cf	-a	67237.951	5.121	7491.044	0.0207	B-	-3061.0	53.0	248072182.905	5.497	False	2.8693199278744905
3279		50	149	99	248	Es	-a	70299.0	52.0	7476.0	0.0	B-	-1599.0	53.0	248075469.0	56.0	True	
3280		48	148	100	248	Fm		71897.793	8.497	7465.9451	0.0343	B-	-5050.0	184.0	248077185.451	9.122	False	2.8401633373391104
3281		46	147	101	248	Md	-a	76948.0	184.0	7442.0	1.0	B-	-3741.0	290.0	248082607.0	198.0	True	
3282		44	146	102	248	No	-a	80689.0	224.0	7424.0	1.0	B-			248086623.0	241.0	True	
3283	0.0	59	154	95	249	Am	x	73104.0	298.0	7479.0	1.0	B-	2353.0	298.0	249078480.0	320.0	True	
3284		57	153	96	249	Cm	-n	70750.696	2.371	7485.551	0.0095	B-	904.363	2.5934	249075953.992	2.545	False	2.912303804496635
3285		55	152	97	249	Bk	+	69846.333	1.248	7486.041	0.005	B-	123.6	0.4	249074983.118	1.339	False	2.94661248273255
3286		53	151	98	249	Cf		69722.733	1.182	7483.3954	0.0048	B-	-1452.0	30.0	249074850.428	1.269	False	2.949428344433495
3287		51	150	99	249	Es	-a	71175.0	30.0	7474.0	0.0	B-	-2344.0	31.0	249076409.0	32.0	True	
3288		49	149	100	249	Fm		73519.143	6.212	7461.8649	0.0249	B-	-3661.8091	164.5418	249078926.042	6.668	False	2.8585347638626506
3289		47	148	101	249	Md		77180.952	164.425	7444.0169	0.6603	B-	-4606.0	324.0	249082857.155	176.516	False	2.650412940980448
3290		45	147	102	249	No	-a	81787.0	279.0	7422.0	1.0	B-			249087802.0	300.0	True	
3291	0.0	58	154	96	250	Cm	-nn	72989.588	10.274	7478.9385	0.0411	B-	37.582	10.6414	250078357.541	11.029	False	2.8294862121895457
3292		56	153	97	250	Bk	+a	72952.006	2.898	7475.9594	0.0116	B-	1781.6696	2.4561	250078317.195	3.11	False	2.901567845440079
3293		54	152	98	250	Cf	-a	71170.336	1.538	7479.9567	0.0062	B-	-2055.0	100.0	250076404.494	1.65	False	2.935796570336048
3294		52	151	99	250	Es	-	73225.0	100.0	7469.0	0.0	B-	-847.0	100.0	250078611.0	107.0	True	
3295		50	150	100	250	Fm		74072.193	7.888	7462.0905	0.0316	B-	-4326.9476	91.2615	250079519.765	8.468	False	2.8449672397641783
3296		48	149	101	250	Md		78399.14	90.92	7441.6533	0.3637	B-	-3167.0	220.0	250084164.934	97.606	False	2.691674793786308
3297		46	148	102	250	No	-a	81566.0	200.0	7426.0	1.0	B-			250087565.0	215.0	True	
3298	0.0	59	155	96	251	Cm	+	76647.981	22.698	7466.7233	0.0904	B-	1420.0	20.0	251082284.988	24.367	False	2.7818000123793283
3299		57	154	97	251	Bk	+	75227.981	10.734	7469.2637	0.0428	B-	1093.0	10.0	251080760.555	11.523	False	2.827132550063802
3300		55	153	98	251	Cf	-a	74134.981	3.901	7470.5014	0.0155	B-	-376.566	6.4677	251079587.171	4.187	False	2.8853199098932327
3301		53	152	99	251	Es	-a	74511.547	5.288	7465.8842	0.0211	B-	-1447.261	15.2387	251079991.431	5.676	False	2.8681849621470157
3302		51	151	100	251	Fm		75958.808	14.292	7457.0013	0.0569	B-	-3007.9406	23.7108	251081545.13	15.342	False	2.810046714431219
3303		49	150	101	251	Md	+a	78966.749	18.919	7441.9005	0.0754	B-	-3882.0	182.0	251084774.287	20.31	False	2.793015407874212
3304		47	149	102	251	No	IT	82849.0	181.0	7423.0	1.0	B-	-4981.0	270.0	251088942.0	194.0	True	
3305		45	148	103	251	Lr	x	87830.0	200.0	7400.0	1.0	B-			251094289.0	215.0	True	
3306	0.0	60	156	96	252	Cm	x	79056.0	298.0	7460.0	1.0	B-	521.0	359.0	252084870.0	320.0	True	
3307		58	155	97	252	Bk	+	78535.0	200.0	7459.0	1.0	B-	2500.0	200.0	252084310.0	215.0	True	
3308		56	154	98	252	Cf	-a	76034.61	2.358	7465.3474	0.0094	B-	-1260.0	50.0	252081626.507	2.531	False	2.9132550938744877
3309		54	153	99	252	Es	-	77294.61	50.056	7457.2428	0.1986	B-	477.9998	50.322	252082979.173	53.736	False	2.731843919124445
3310		52	152	100	252	Fm	-a	76816.611	5.221	7456.0351	0.0207	B-	-3650.5075	91.4356	252082466.019	5.604	False	2.8691359893527144
3311		50	151	101	252	Md	x	80467.118	91.286	7438.4444	0.3622	B-	-2404.2523	91.7581	252086385.0	98.0	False	2.6919421540180766
3312		48	150	102	252	No		82871.37	9.292	7425.7992	0.0369	B-	-5666.0	185.0	252088966.07	9.975	False	2.835869264583963
3313		46	149	103	252	Lr	-a	88537.0	185.0	7400.0	1.0	B-			252095048.0	198.0	True	
3314	0.0	59	156	97	253	Bk	-a	80929.0	359.0	7451.0	1.0	B-	1627.0	359.0	253086880.0	385.0	True	
3315		57	155	98	253	Cf	-a	79301.562	4.257	7454.8297	0.0168	B-	291.0753	4.385	253085133.723	4.57	False	2.880866911962812
3316		55	154	99	253	Es	-a	79010.486	1.249	7452.8879	0.0049	B-	-335.0623	1.0782	253084821.241	1.341	False	2.9473725482538575
3317		53	153	100	253	Fm	-a	79345.549	1.549	7448.4712	0.0061	B-	-1827.0	31.0	253085180.945	1.662	False	2.936046756302974
3318		51	152	101	253	Md	-a	81173.0	31.0	7438.0	0.0	B-	-3186.0	32.0	253087143.0	34.0	True	
3319		49	151	102	253	No		84358.696	6.912	7422.4719	0.0273	B-	-4164.7752	164.6791	253090562.78	7.42	False	2.853308828183862
3320		47	150	103	253	Lr		88523.471	164.534	7402.918	0.6503	B-	-5118.0	442.0	253095033.85	176.634	False	2.6514936631978716
3321		45	149	104	253	Rf	-a	93642.0	410.0	7380.0	2.0	B-			253100528.0	440.0	True	
3322	0.0	60	157	97	254	Bk	x	84393.0	298.0	7440.0	1.0	B-	3052.0	298.0	254090600.0	320.0	True	
3323		58	156	98	254	Cf	-a	81341.395	11.462	7449.2259	0.0451	B-	-652.7561	11.8014	254087323.575	12.304	False	2.823950822972714
3324		56	155	99	254	Es	-a	81994.151	2.936	7443.5759	0.0116	B-	1091.63	2.2858	254088024.337	3.152	False	2.9017047487961425
3325		54	154	100	254	Fm	-a	80902.521	1.843	7444.7936	0.0073	B-	-2550.0	100.0	254086852.424	1.978	False	2.9269768991487184
3326		52	153	101	254	Md	-	83453.0	100.0	7432.0	0.0	B-	-1271.0	100.0	254089590.0	107.0	True	
3327		50	152	102	254	No		84723.312	9.658	7423.5909	0.038	B-	-4922.5753	91.8208	254090954.211	10.367	False	2.834070339318423
3328		48	151	103	254	Lr	-a	89645.887	91.312	7401.1306	0.3595	B-	-3555.0	298.0	254096238.813	98.026	False	2.6924620613315406
3329		46	150	104	254	Rf	-a	93201.0	283.0	7384.0	1.0	B-			254100055.0	304.0	True	
3330	0.0	59	157	98	255	Cf	+	84809.0	200.0	7438.0	1.0	B-	720.0	200.0	255091046.0	215.0	True	
3331		57	156	99	255	Es	-a	84089.237	10.817	7437.8216	0.0424	B-	288.7717	10.1024	255090273.504	11.612	False	2.827614701336962
3332		55	155	100	255	Fm	-a	83800.465	3.934	7435.886	0.0154	B-	-1041.6037	6.7172	255089963.495	4.223	False	2.885726600447611
3333		53	154	101	255	Md	-a	84842.069	5.567	7428.7333	0.0218	B-	-1969.8648	15.1096	255091081.702	5.976	False	2.8661576013290717
3334		51	153	102	255	No		86811.934	14.047	7417.9403	0.0551	B-	-3135.3716	22.5952	255093196.439	15.079	False	2.8120399656218265
3335		49	152	103	255	Lr	x	89947.305	17.698	7402.5767	0.0694	B-	-4382.0	182.0	255096562.399	19.0	False	2.7980562618351277
3336		47	151	104	255	Rf	-a	94329.0	181.0	7382.0	1.0	B-	-5265.0	336.0	255101267.0	194.0	True	
3337		45	150	105	255	Db	-a	99595.0	283.0	7359.0	1.0	B-			255106919.0	304.0	True	
3338	0.0	60	158	98	256	Cf	-a	87041.0	314.0	7432.0	1.0	B-	-144.0	330.0	256093442.0	338.0	True	
3339		58	157	99	256	Es	+	87185.0	100.0	7428.0	0.0	B-	1700.0	100.0	256093597.0	107.0	True	
3340		56	156	100	256	Fm	-a	85484.796	3.02	7431.7888	0.0118	B-	-1971.0	124.0	256091771.699	3.241	False	2.900606124163445
3341		54	155	101	256	Md	IT	87456.0	124.0	7421.0	0.0	B-	-367.0	124.0	256093888.0	133.0	True	
3342		52	154	102	256	No	-a	87823.046	7.548	7416.5429	0.0295	B-	-3923.5573	83.2459	256094281.912	8.103	False	2.8489026709480965
3343		50	153	103	256	Lr	x	91746.603	82.903	7398.1605	0.3238	B-	-2475.3893	84.8025	256098494.024	89.0	False	2.699509587065111
3344		48	152	104	256	Rf	-a	94221.992	17.848	7385.4349	0.0697	B-	-6076.0	188.0	256101151.464	19.16	False	2.7977847614291584
3345		46	151	105	256	Db	-a	100298.0	187.0	7359.0	1.0	B-			256107674.0	201.0	True	
3346	0.0	59	158	99	257	Es	-a	89403.0	411.0	7422.0	2.0	B-	813.0	411.0	257095979.0	441.0	True	
3347		57	157	100	257	Fm	-a	88590.137	4.35	7422.1942	0.0169	B-	-402.3347	4.5748	257095105.419	4.669	False	2.8805465211959302
3348		55	156	101	257	Md	-a	88992.472	1.569	7417.5845	0.0061	B-	-1254.5923	6.1695	257095537.343	1.683	False	2.9362147473888016
3349		53	155	102	257	No	-a	90247.064	6.197	7409.6587	0.0241	B-	-2418.0	45.0	257096884.203	6.652	False	2.860487756759777
3350		51	154	103	257	Lr	-a	92665.0	44.0	7397.0	0.0	B-	-3201.0	45.0	257099480.0	47.0	True	
3351		49	153	104	257	Rf	-a	95866.389	10.817	7381.7053	0.0421	B-	-4287.8969	164.9888	257102916.796	11.612	False	2.828079480714233
3352		47	152	105	257	Db		100154.285	164.634	7361.9767	0.6406	B-			257107520.042	176.741	False	2.652560009395402
3353	0.0	60	159	99	258	Es	x	92702.0	401.0	7412.0	2.0	B-	2276.0	448.0	258099520.0	430.0	True	
3354		58	158	100	258	Fm	-a	90426.0	200.0	7418.0	1.0	B-	-1264.0	200.0	258097077.0	215.0	True	
3355		56	157	101	258	Md	-a	91690.35	3.474	7409.6615	0.0135	B-	213.0	100.0	258098433.634	3.729	False	2.8932958948064917
3356		54	156	102	258	No	-a	91477.0	100.0	7407.0	0.0	B-	-3304.0	143.0	258098205.0	107.0	True	
3357		52	155	103	258	Lr	-a	94782.0	102.0	7392.0	0.0	B-	-1562.0	103.0	258101753.0	109.0	True	
3358		50	154	104	258	Rf	-a	96344.338	16.104	7382.5257	0.0624	B-	-5163.3651	93.2584	258103429.895	17.288	False	2.804502657618308
3359		48	153	105	258	Db	-a	101507.703	91.857	7359.4803	0.356	B-	-3788.0	423.0	258108972.995	98.613	False	2.693118565740584
3360		46	152	106	258	Sg	-a	105296.0	413.0	7342.0	2.0	B-			258113040.0	443.0	True	
3361	0.0	59	159	100	259	Fm	-a	93704.0	283.0	7407.0	1.0	B-	140.0	300.0	259100596.0	304.0	True	
3362		57	158	101	259	Md	-a	93564.0	101.0	7405.0	0.0	B-	-515.0	101.0	259100445.0	108.0	True	
3363		55	157	102	259	No	-a	94079.381	6.362	7399.9714	0.0246	B-	-1771.0	71.0	259100998.364	6.829	False	2.8594284841721
3364		53	156	103	259	Lr	-a	95851.0	71.0	7390.0	0.0	B-	-2516.0	101.0	259102900.0	76.0	True	
3365		51	155	104	259	Rf	-a	98367.0	72.0	7377.0	0.0	B-	-3624.0	92.0	259105601.0	78.0	True	
3366		49	154	105	259	Db	-a	101991.021	56.685	7360.3626	0.2189	B-	-4528.0	190.0	259109491.859	60.854	False	2.72551570246119
3367		47	153	106	259	Sg	-a	106519.0	181.0	7340.0	1.0	B-			259114353.0	194.0	True	
3368	0.0	60	160	100	260	Fm	-a	95766.0	435.0	7402.0	2.0	B-	-784.0	537.0	260102809.0	467.0	True	
3369		58	159	101	260	Md	-a	96550.0	316.0	7396.0	1.0	B-	940.0	374.0	260103650.0	339.0	True	
3370		56	158	102	260	No	-a	95610.0	200.0	7397.0	1.0	B-	-2667.0	236.0	260102641.0	215.0	True	
3371		54	157	103	260	Lr	-a	98277.0	125.0	7383.0	0.0	B-	-871.0	236.0	260105504.0	134.0	True	
3372		52	156	104	260	Rf	-a	99148.0	200.0	7377.0	1.0	B-	-4525.0	221.0	260106440.0	215.0	True	
3373		50	155	105	260	Db	-a	103673.0	93.0	7357.0	0.0	B-	-2875.0	95.0	260111297.0	100.0	True	
3374		48	154	106	260	Sg	-a	106547.495	20.536	7342.5632	0.079	B-	-6576.0	197.0	260114383.435	22.045	False	2.790155163003279
3375		46	153	107	260	Bh	-a	113123.0	196.0	7314.0	1.0	B-			260121443.0	211.0	True	
3376	0.0	59	160	101	261	Md	-a	98578.0	509.0	7391.0	2.0	B-	123.0	547.0	261105828.0	546.0	True	
3377		57	159	102	261	No	-a	98455.0	200.0	7388.0	1.0	B-	-1102.0	283.0	261105696.0	215.0	True	
3378		55	158	103	261	Lr	-a	99557.0	200.0	7381.0	1.0	B-	-1761.0	211.0	261106879.0	215.0	True	
3379		53	157	104	261	Rf	-a	101318.233	65.663	7371.3858	0.2516	B-	-2990.0	128.0	261108769.591	70.492	False	2.716345591811917
3380		51	156	105	261	Db	-a	104308.0	110.0	7357.0	0.0	B-	-3697.0	112.0	261111979.0	118.0	True	
3381		49	155	106	261	Sg	-a	108005.004	18.494	7339.771	0.0709	B-	-5074.4052	180.7519	261115948.135	19.853	False	2.7968007305262135
3382		47	154	107	261	Bh	-a	113079.41	179.803	7317.3313	0.6889	B-			261121395.733	193.026	False	2.6474272807876322
3383	0.0	60	161	101	262	Md	-a	101667.0	448.0	7382.0	2.0	B-	1566.0	575.0	262109144.0	481.0	True	
3384		58	160	102	262	No	-a	100101.0	361.0	7385.0	1.0	B-	-2004.0	412.0	262107463.0	387.0	True	
3385		56	159	103	262	Lr	-a	102105.0	200.0	7374.0	1.0	B-	-287.0	300.0	262109615.0	215.0	True	
3386		54	158	104	262	Rf	-a	102392.0	224.0	7370.0	1.0	B-	-3861.0	265.0	262109923.0	240.0	True	
3387		52	157	105	262	Db	-a	106253.0	143.0	7352.0	1.0	B-	-2116.0	145.0	262114067.0	154.0	True	
3388		50	156	106	262	Sg	-a	108369.072	22.167	7341.1736	0.0846	B-	-5883.0463	95.6774	262116338.978	23.797	False	2.785920673195214
3389		48	155	107	262	Bh	-a	114252.119	93.074	7315.7331	0.3552	B-			262122654.688	99.919	False	2.6932724285130205
3390	0.0	59	161	102	263	No	-a	103129.0	490.0	7376.0	2.0	B-	-540.0	539.0	263110714.0	526.0	True	
3391		57	160	103	263	Lr	-a	103669.0	224.0	7371.0	1.0	B-	-1087.0	271.0	263111293.0	240.0	True	
3392		55	159	104	263	Rf	-a	104757.0	153.0	7364.0	1.0	B-	-2353.0	227.0	263112461.0	164.0	True	
3393		53	158	105	263	Db	-a	107110.0	168.0	7352.0	1.0	B-	-3085.0	193.0	263114987.0	180.0	True	
3394		51	157	106	263	Sg	-a	110195.0	95.0	7337.0	0.0	B-	-4301.0	320.0	263118299.0	101.0	True	
3395		49	156	107	263	Bh	-a	114496.0	305.0	7318.0	1.0	B-	-5182.0	363.0	263122916.0	328.0	True	
3396		47	155	108	263	Hs	-a	119678.0	197.0	7295.0	1.0	B-			263128479.0	212.0	True	
3397	0.0	60	162	102	264	No	-a	105011.0	591.0	7371.0	2.0	B-	-1364.0	734.0	264112734.0	634.0	True	
3398		58	161	103	264	Lr	-a	106375.0	436.0	7363.0	2.0	B-	300.0	566.0	264114198.0	468.0	True	
3399		56	160	104	264	Rf	-a	106075.0	361.0	7361.0	1.0	B-	-3187.0	431.0	264113876.0	387.0	True	
3400		54	159	105	264	Db	-a	109262.0	236.0	7346.0	1.0	B-	-1521.0	368.0	264117297.0	253.0	True	
3401		52	158	106	264	Sg	-a	110783.0	283.0	7338.0	1.0	B-	-5175.0	334.0	264118930.0	304.0	True	
3402		50	157	107	264	Bh	-a	115958.0	177.0	7315.0	1.0	B-	-3605.0	180.0	264124486.0	190.0	True	
3403		48	156	108	264	Hs	-a	119563.165	28.881	7298.3762	0.1094	B-			264128356.33	31.005	False	2.769947566166482
3404	0.0	59	162	103	265	Lr	-a	108233.0	547.0	7359.0	2.0	B-	-457.0	655.0	265116193.0	587.0	True	
3405		57	161	104	265	Rf	-a	108690.0	361.0	7354.0	1.0	B-	-1692.0	424.0	265116683.0	387.0	True	
3406		55	160	105	265	Db	-a	110382.0	224.0	7345.0	1.0	B-	-2412.0	263.0	265118500.0	240.0	True	
3407		53	159	106	265	Sg	-a	112794.0	139.0	7333.0	1.0	B-	-3601.0	277.0	265121089.0	149.0	True	
3408		51	158	107	265	Bh	-a	116395.0	239.0	7316.0	1.0	B-	-4505.0	240.0	265124955.0	257.0	True	
3409		49	157	108	265	Hs	-a	120900.245	23.958	7296.2474	0.0904	B-	-5724.0	439.0	265129791.744	25.719	False	2.7818271676988386
3410		47	156	109	265	Mt	-a	126624.0	439.0	7272.0	2.0	B-			265135937.0	471.0	True	
3411	0.0	60	163	103	266	Lr	-a	111662.0	539.0	7349.0	2.0	B-	1526.0	679.0	266119874.0	579.0	True	
3412		58	162	104	266	Rf	-a	110136.0	412.0	7351.0	2.0	B-	-2604.0	500.0	266118236.0	443.0	True	
3413		56	161	105	266	Db	-a	112740.0	283.0	7339.0	1.0	B-	-877.0	374.0	266121032.0	304.0	True	
3414		54	160	106	266	Sg	-a	113617.0	245.0	7332.0	1.0	B-	-4487.0	294.0	266121973.0	263.0	True	
3415		52	159	107	266	Bh	-a	118104.0	163.0	7313.0	1.0	B-	-3036.0	165.0	266126790.0	175.0	True	
3416		50	158	108	266	Hs	-a	121139.675	27.106	7298.2611	0.1019	B-	-6533.0066	100.2087	266130048.783	29.099	False	2.7743865952935414
3417		48	157	109	266	Mt	-a	127672.681	96.473	7270.7598	0.3627	B-			266137062.253	103.568	False	2.691872959210241
3418	0.0	59	163	104	267	Rf	-a	113444.0	575.0	7342.0	2.0	B-	-570.0	686.0	267121787.0	617.0	True	
3419		57	162	105	267	Db	-a	114014.0	374.0	7337.0	1.0	B-	-1792.0	457.0	267122399.0	402.0	True	
3420		55	161	106	267	Sg	-a	115806.0	261.0	7327.0	1.0	B-	-2958.0	371.0	267124323.0	281.0	True	
3421		53	160	107	267	Bh	-a	118765.0	263.0	7313.0	1.0	B-	-3893.0	279.0	267127499.0	282.0	True	
3422		51	159	108	267	Hs	-a	122658.0	95.0	7295.0	0.0	B-	-5133.0	512.0	267131678.0	102.0	True	
3423		49	158	109	267	Mt	-a	127791.0	503.0	7273.0	2.0	B-	-6089.0	543.0	267137189.0	540.0	True	
3424		47	157	110	267	Ds	-a	133880.0	204.0	7248.0	1.0	B-			267143726.0	219.0	True	
3425	0.0	60	164	104	268	Rf	-a	115476.0	662.0	7337.0	2.0	B-	-1584.0	848.0	268123968.0	711.0	True	
3426		58	163	105	268	Db	-a	117060.0	529.0	7328.0	2.0	B-	260.0	707.0	268125669.0	568.0	True	
3427		56	162	106	268	Sg	-a	116800.0	469.0	7326.0	2.0	B-	-3907.0	605.0	268125389.0	504.0	True	
3428		54	161	107	268	Bh	-a	120707.0	382.0	7309.0	1.0	B-	-2261.0	486.0	268129584.0	410.0	True	
3429		52	160	108	268	Hs	-a	122968.0	300.0	7297.0	1.0	B-	-6183.0	380.0	268132011.0	322.0	True	
3430		50	159	109	268	Mt	-a	129151.0	233.0	7271.0	1.0	B-	-4497.0	381.0	268138649.0	250.0	True	
3431		48	158	110	268	Ds	-a	133648.0	301.0	7252.0	1.0	B-			268143477.0	324.0	True	
3432	0.0	59	164	105	269	Db	-a	119148.0	624.0	7323.0	2.0	B-	-544.0	724.0	269127911.0	669.0	True	
3433		57	163	106	269	Sg	-a	119692.0	368.0	7318.0	1.0	B-	-1785.0	525.0	269128495.0	395.0	True	
3434		55	162	107	269	Bh	-a	121477.0	374.0	7309.0	1.0	B-	-3016.0	396.0	269130411.0	402.0	True	
3435		53	161	108	269	Hs	-a	124493.0	131.0	7294.0	0.0	B-	-4807.0	338.0	269133649.0	141.0	True	
3436		51	160	109	269	Mt	-a	129300.0	312.0	7274.0	1.0	B-	-5535.0	313.0	269138809.0	335.0	True	
3437		49	159	110	269	Ds	-a	134834.671	31.403	7250.1551	0.1167	B-			269144750.965	33.712	False	2.7658728488777173
3438	0.0	60	165	105	270	Db	-a	122397.0	575.0	7314.0	2.0	B-	966.0	735.0	270131399.0	617.0	True	
3439		58	164	106	270	Sg	-a	121431.0	458.0	7314.0	2.0	B-	-2799.0	547.0	270130362.0	492.0	True	
3440		56	163	107	270	Bh	-a	124230.0	299.0	7301.0	1.0	B-	-882.0	388.0	270133366.0	320.0	True	
3441		54	162	108	270	Hs	-a	125112.0	248.0	7295.0	1.0	B-	-5597.0	313.0	270134313.0	266.0	True	
3442		52	161	109	270	Mt	-a	130709.0	191.0	7271.0	1.0	B-	-3973.0	195.0	270140322.0	205.0	True	
3443		50	160	110	270	Ds	-a	134681.584	39.275	7253.7634	0.1455	B-			270144586.62	42.163	False	2.7519346899038193
3444	0.0	59	165	106	271	Sg	-a	124617.0	591.0	7305.0	2.0	B-	-1242.0	705.0	271133782.0	634.0	True	
3445		57	164	107	271	Bh	-a	125859.0	384.0	7298.0	1.0	B-	-1832.0	473.0	271135115.0	412.0	True	
3446		55	163	108	271	Hs	-a	127691.0	276.0	7288.0	1.0	B-	-3409.0	430.0	271137082.0	296.0	True	
3447		53	162	109	271	Mt	-a	131100.0	330.0	7273.0	1.0	B-	-4853.0	344.0	271140741.0	354.0	True	
3448		51	161	110	271	Ds	-a	135952.0	97.0	7252.0	0.0	B-			271145951.0	104.0	True	
3449	0.0	60	166	106	272	Sg	-a	126520.0	692.0	7301.0	3.0	B-	-2267.0	873.0	272135825.0	743.0	True	
3450		58	165	107	272	Bh	-a	128787.0	532.0	7290.0	2.0	B-	-217.0	737.0	272138259.0	571.0	True	
3451		56	164	108	272	Hs	-a	129004.0	510.0	7286.0	2.0	B-	-4477.0	704.0	272138492.0	547.0	True	
3452		54	163	109	272	Mt	-a	133481.0	485.0	7267.0	2.0	B-	-2601.0	645.0	272143298.0	521.0	True	
3453		52	162	110	272	Ds	-a	136083.0	424.0	7255.0	2.0	B-	-6690.0	484.0	272146091.0	456.0	True	
3454		50	161	111	272	Rg	-a	142773.0	233.0	7227.0	1.0	B-			272153273.0	251.0	True	
3455	0.0	61	167	106	273	Sg	x	129920.0	400.0	7292.0	1.0	B-	-763.0	767.0	273139475.0	429.0	True	
3456		59	166	107	273	Bh	-a	130683.0	655.0	7286.0	2.0	B-	-1084.0	754.0	273140294.0	703.0	True	
3457		57	165	108	273	Hs	-a	131767.0	374.0	7279.0	1.0	B-	-3015.0	565.0	273141458.0	401.0	True	
3458		55	164	109	273	Mt	-a	134782.0	424.0	7265.0	2.0	B-	-3503.0	447.0	273144695.0	455.0	True	
3459		53	163	110	273	Ds	-a	138285.0	142.0	7250.0	1.0	B-	-4600.0	424.0	273148455.0	152.0	True	
3460		51	162	111	273	Rg	-a	142885.0	400.0	7230.0	1.0	B-			273153393.0	429.0	True	
3461	0.0	60	167	107	274	Bh	-a	133762.0	578.0	7278.0	2.0	B-	356.0	744.0	274143599.0	620.0	True	
3462		58	166	108	274	Hs	-a	133406.0	469.0	7276.0	2.0	B-	-3843.0	602.0	274143217.0	504.0	True	
3463		56	165	109	274	Mt	-a	137249.0	377.0	7259.0	1.0	B-	-1948.0	542.0	274147343.0	404.0	True	
3464		54	164	110	274	Ds	-a	139197.0	389.0	7249.0	1.0	B-	-5415.0	442.0	274149434.0	418.0	True	
3465		52	163	111	274	Rg	-a	144612.0	209.0	7227.0	1.0	B-			274155247.0	225.0	True	
3466	0.0	61	168	107	275	Bh	x	135780.0	600.0	7273.0	2.0	B-	-712.0	844.0	275145766.0	644.0	True	
3467		59	167	108	275	Hs	-a	136492.0	593.0	7268.0	2.0	B-	-2275.0	709.0	275146530.0	637.0	True	
3468		57	166	109	275	Mt	-a	138767.0	387.0	7257.0	1.0	B-	-2899.0	516.0	275148972.0	416.0	True	
3469		55	165	110	275	Ds	-a	141666.0	340.0	7243.0	1.0	B-	-3729.0	561.0	275152085.0	366.0	True	
3470		53	164	111	275	Rg	-a	145395.0	446.0	7227.0	2.0	B-			275156088.0	479.0	True	
3471	0.0	62	169	107	276	Bh	x	138950.0	600.0	7265.0	2.0	B-	765.0	937.0	276149169.0	644.0	True	
3472		60	168	108	276	Hs	-a	138185.0	720.0	7265.0	3.0	B-	-3127.0	895.0	276148348.0	773.0	True	
3473		58	167	109	276	Mt	-a	141312.0	532.0	7250.0	2.0	B-	-1227.0	764.0	276151705.0	571.0	True	
3474		56	166	110	276	Ds	-a	142539.0	548.0	7243.0	2.0	B-	-4847.0	834.0	276153022.0	588.0	True	
3475		54	165	111	276	Rg	-a	147386.0	629.0	7223.0	2.0	B-	-2974.0	804.0	276158226.0	675.0	True	
3476		52	164	112	276	Cn	x	150360.0	500.0	7209.0	2.0	B-			276161418.0	537.0	True	
3477	0.0	63	170	107	277	Bh	x	141100.0	600.0	7260.0	2.0	B-	-275.0	748.0	277151477.0	644.0	True	
3478		61	169	108	277	Hs	-a	141375.0	447.0	7256.0	2.0	B-	-1633.0	799.0	277151772.0	480.0	True	
3479		59	168	109	277	Mt	-a	143008.0	662.0	7247.0	2.0	B-	-2084.0	770.0	277153525.0	711.0	True	
3480		57	167	110	277	Ds	-a	145092.0	392.0	7237.0	1.0	B-	-3315.0	611.0	277155763.0	421.0	True	
3481		55	166	111	277	Rg	-a	148407.0	469.0	7222.0	2.0	B-	-3925.0	493.0	277159322.0	504.0	True	
3482		53	165	112	277	Cn	-a	152332.0	153.0	7205.0	1.0	B-			277163535.0	165.0	True	
3483	0.0	64	171	107	278	Bh	x	144370.0	400.0	7251.0	1.0	B-	1150.0	500.0	278154988.0	429.0	True	
3484		62	170	108	278	Hs	x	143220.0	300.0	7252.0	1.0	B-	-2547.0	652.0	278153753.0	322.0	True	
3485		60	169	109	278	Mt	-a	145767.0	579.0	7240.0	2.0	B-	-484.0	771.0	278156487.0	621.0	True	
3486		58	168	110	278	Ds	-a	146251.0	510.0	7236.0	2.0	B-	-4270.0	641.0	278157007.0	548.0	True	
3487		56	167	111	278	Rg	-a	150521.0	389.0	7218.0	1.0	B-	-2321.0	585.0	278161590.0	417.0	True	
3488		54	166	112	278	Cn	-a	152842.0	438.0	7206.0	2.0	B-	-6188.0	491.0	278164083.0	470.0	True	
3489		52	165	113	278	Nh	-a	159030.0	224.0	7181.0	1.0	B-			278170725.0	240.0	True	
3490	0.0	63	171	108	279	Hs	x	146500.0	600.0	7243.0	2.0	B-	-1085.0	900.0	279157274.0	644.0	True	
3491		61	170	109	279	Mt	-a	147585.0	671.0	7237.0	2.0	B-	-1439.0	903.0	279158439.0	720.0	True	
3492		59	169	110	279	Ds	-a	149024.0	605.0	7229.0	2.0	B-	-2697.0	737.0	279159984.0	649.0	True	
3493		57	168	111	279	Rg	-a	151721.0	422.0	7216.0	2.0	B-	-3299.0	578.0	279162880.0	453.0	True	
3494		55	167	112	279	Cn	-a	155021.0	395.0	7202.0	1.0	B-	-4439.0	718.0	279166422.0	424.0	True	
3495		53	166	113	279	Nh	x	159460.0	600.0	7183.0	2.0	B-			279171187.0	644.0	True	
3496	0.0	64	172	108	280	Hs	x	148420.0	600.0	7239.0	2.0	B-	-2090.0	848.0	280159335.0	644.0	True	
3497		62	171	109	280	Mt	x	150510.0	600.0	7229.0	2.0	B-	190.0	958.0	280161579.0	644.0	True	
3498		60	170	110	280	Ds	-a	150320.0	748.0	7227.0	3.0	B-	-3566.0	918.0	280161375.0	803.0	True	
3499		58	169	111	280	Rg	-a	153886.0	532.0	7212.0	2.0	B-	-1768.0	789.0	280165204.0	571.0	True	
3500		56	168	112	280	Cn	-a	155654.0	583.0	7202.0	2.0	B-	-5585.0	707.0	280167102.0	626.0	True	
3501		54	167	113	280	Nh	x	161240.0	400.0	7180.0	1.0	B-			280173098.0	429.0	True	
3502	0.0	63	172	109	281	Mt	x	152400.0	600.0	7225.0	2.0	B-	-873.0	776.0	281163608.0	644.0	True	
3503		61	171	110	281	Ds	-a	153273.0	493.0	7220.0	2.0	B-	-2060.0	918.0	281164545.0	529.0	True	
3504		59	170	111	281	Rg	-a	155333.0	774.0	7209.0	3.0	B-	-2614.0	870.0	281166757.0	831.0	True	
3505		57	169	112	281	Cn	-a	157947.0	397.0	7197.0	1.0	B-	-3863.0	498.0	281169563.0	427.0	True	
3506		55	168	113	281	Nh	x	161810.0	300.0	7181.0	1.0	B-			281173710.0	322.0	True	
3507	0.0	64	173	109	282	Mt	-a	155455.0	447.0	7218.0	2.0	B-	665.0	538.0	282166888.0	480.0	True	
3508		62	172	110	282	Ds	x	154790.0	300.0	7217.0	1.0	B-	-2952.0	660.0	282166174.0	322.0	True	
3509		60	171	111	282	Rg	-a	157742.0	588.0	7204.0	2.0	B-	-1084.0	804.0	282169343.0	631.0	True	
3510		58	170	112	282	Cn	-a	158826.0	548.0	7197.0	2.0	B-	-4903.0	678.0	282170507.0	588.0	True	
3511		56	169	113	282	Nh	-a	163729.0	400.0	7177.0	1.0	B-			282175770.0	430.0	True	
3512	0.0	63	173	110	283	Ds	x	157830.0	500.0	7210.0	2.0	B-	-1550.0	843.0	283169437.0	537.0	True	
3513		61	172	111	283	Rg	-a	159380.0	678.0	7201.0	2.0	B-	-1957.0	916.0	283171101.0	728.0	True	
3514		59	171	112	283	Cn	-a	161337.0	615.0	7192.0	2.0	B-	-3226.0	754.0	283173202.0	660.0	True	
3515		57	170	113	283	Nh	-a	164563.0	437.0	7177.0	2.0	B-			283176666.0	469.0	True	
3516	0.0	64	174	110	284	Ds	x	159460.0	500.0	7207.0	2.0	B-	-2510.0	707.0	284171187.0	537.0	True	
3517		62	173	111	284	Rg	x	161970.0	500.0	7195.0	2.0	B-	-445.0	912.0	284173882.0	537.0	True	
3518		60	172	112	284	Cn	-a	162415.0	762.0	7191.0	3.0	B-	-4176.0	931.0	284174360.0	819.0	True	
3519		58	171	113	284	Nh	-a	166591.0	533.0	7173.0	2.0	B-	-2188.0	845.0	284178843.0	573.0	True	
3520		56	170	114	284	Fl	-a	168779.0	656.0	7163.0	2.0	B-			284181192.0	704.0	True	
3521	0.0	63	174	111	285	Rg	x	163730.0	600.0	7192.0	2.0	B-	-1357.0	785.0	285175771.0	644.0	True	
3522		61	173	112	285	Cn	-a	165086.0	507.0	7185.0	2.0	B-	-2682.0	926.0	285177227.0	544.0	True	
3523		59	172	113	285	Nh	-a	167768.0	775.0	7172.0	3.0	B-	-3164.0	874.0	285180106.0	832.0	True	
3524		57	171	114	285	Fl	-a	170932.0	404.0	7159.0	1.0	B-			285183503.0	433.0	True	
3525	0.0	64	175	111	286	Rg	-a	166510.0	458.0	7185.0	2.0	B-	61.0	836.0	286178756.0	492.0	True	
3526		62	174	112	286	Cn	x	166450.0	700.0	7183.0	2.0	B-	-3507.0	915.0	286178691.0	751.0	True	
3527		60	173	113	286	Nh	-a	169957.0	590.0	7168.0	2.0	B-	-1649.0	806.0	286182456.0	634.0	True	
3528		58	172	114	286	Fl	-a	171606.0	549.0	7159.0	2.0	B-			286184226.0	590.0	True	
3529	0.0	63	175	112	287	Cn	x	169370.0	700.0	7176.0	2.0	B-	-2085.0	995.0	287181826.0	751.0	True	
3530		61	174	113	287	Nh	-a	171455.0	707.0	7166.0	2.0	B-	-2474.0	939.0	287184064.0	759.0	True	
3531		59	173	114	287	Fl	-a	173929.0	617.0	7155.0	2.0	B-	-3819.0	759.0	287186720.0	663.0	True	
3532		57	172	115	287	Mc	-a	177748.0	443.0	7139.0	2.0	B-			287190820.0	475.0	True	
3533	0.0	64	176	112	288	Cn	x	170930.0	700.0	7174.0	2.0	B-	-3039.0	989.0	288183501.0	751.0	True	
3534		62	175	113	288	Nh	x	173970.0	700.0	7160.0	2.0	B-	-947.0	1035.0	288186764.0	751.0	True	
3535		60	174	114	288	Fl	-a	174917.0	763.0	7154.0	3.0	B-	-4749.0	932.0	288187781.0	819.0	True	
3536		58	173	115	288	Mc	-a	179666.0	536.0	7135.0	2.0	B-			288192879.0	575.0	True	
3537	0.0	63	176	113	289	Nh	x	175550.0	500.0	7158.0	2.0	B-	-1915.0	715.0	289188461.0	537.0	True	
3538		61	175	114	289	Fl	-a	177465.0	511.0	7149.0	2.0	B-	-3217.0	929.0	289190517.0	548.0	True	
3539		59	174	115	289	Mc	-a	180683.0	776.0	7135.0	3.0	B-	-3774.0	925.0	289193971.0	834.0	True	
3540		57	173	116	289	Lv	-a	184457.0	503.0	7119.0	2.0	B-			289198023.0	540.0	True	
3541	0.0	64	177	113	290	Nh	-a	178315.0	469.0	7152.0	2.0	B-	-416.0	843.0	290191429.0	503.0	True	
3542		62	176	114	290	Fl	-a	178731.0	700.0	7147.0	2.0	B-	-4061.0	917.0	290191875.0	752.0	True	
3543		60	175	115	290	Mc	-a	182792.0	592.0	7131.0	2.0	B-	-2236.0	809.0	290196235.0	635.0	True	
3544		58	174	116	290	Lv	-a	185028.0	552.0	7120.0	2.0	B-			290198635.0	593.0	True	
3545	0.0	63	177	114	291	Fl	x	181500.0	700.0	7141.0	2.0	B-	-2680.0	1015.0	291194848.0	751.0	True	
3546		61	176	115	291	Mc	-a	184180.0	735.0	7129.0	3.0	B-	-3064.0	964.0	291197725.0	789.0	True	
3547		59	175	116	291	Lv	-a	187244.0	623.0	7116.0	2.0	B-	-4409.0	863.0	291201014.0	669.0	True	
3548		57	174	117	291	Ts	-a	191653.0	597.0	7098.0	2.0	B-			291205748.0	640.0	True	
3549	0.0	62	177	115	292	Mc	x	186600.0	700.0	7124.0	2.0	B-	-1533.0	1035.0	292200323.0	751.0	True	
3550		60	176	116	292	Lv	-a	188133.0	763.0	7116.0	3.0	B-	-5488.0	1014.0	292201969.0	819.0	True	
3551		58	175	117	292	Ts	-a	193621.0	669.0	7095.0	2.0	B-			292207861.0	718.0	True	
3552	0.0	61	177	116	293	Lv	-a	190568.0	515.0	7111.0	2.0	B-	-3860.0	933.0	293204583.0	553.0	True	
3553		59	176	117	293	Ts	-a	194428.0	778.0	7095.0	3.0	B-	-4374.0	1053.0	293208727.0	835.0	True	
3554		57	175	118	293	Og	-a	198802.0	709.0	7078.0	2.0	B-			293213423.0	761.0	True	
3555	0.0	60	177	117	294	Ts	-a	196397.0	593.0	7092.0	2.0	B-	-2923.0	811.0	294210840.0	637.0	True	
3556		58	176	118	294	Og	-a	199320.0	553.0	7079.0	2.0	B-			294213979.0	594.0	True	
3557	0.0	59	177	118	295	Og	-a	201369.0	655.0	7076.0	2.0	B-			295216178.0	703.0	True	
