N,Z,A,pps_1,pps_2,pps_full
0,1,1,58600000,293000000,2350000000
1,1,2,178000000,889000000,7110000000
2,1,3,299000000,1490000000,12000000000
1,2,3,286000000,1430000000,11400000000
2,2,4,1390000000,6940000000,55500000000
4,2,6,436000000,2180000000,17400000000
6,2,8,13900000,69300000,554000000
3,3,6,4360000000,21800000000,174000000000
4,3,7,3170000000,15900000000,127000000000
5,3,8,1100000000,5500000000,44000000000
6,3,9,266000000,1330000000,10700000000
8,3,11,5170000,25900000,207000000
3,4,7,3030000000,15100000000,121000000000
5,4,9,6850000000,34200000000,274000000000
6,4,10,2650000000,13200000000,106000000000
7,4,11,734000000,3670000000,29300000000
8,4,12,135000000,673000000,5380000000
10,4,14,2220000,11100000,88700000
3,5,8,778000000,3890000000,31100000000
5,5,10,15900000000,79500000000,636000000000
6,5,11,12100000000,60600000000,485000000000
7,5,12,5960000000,29800000000,238000000000
8,5,13,1890000000,9440000000,75600000000
9,5,14,430000000,2150000000,17200000000
10,5,15,78700000,394000000,3150000000
12,5,17,5650,417000,3330000
14,5,19,31.9,160,1280
3,6,9,81700000,408000000,3270000000
4,6,10,1290000000,6430000000,51500000000
5,6,11,8780000000,43900000000,351000000000
6,6,12,25000000000,125000000000,999000000000
7,6,13,21300000000,107000000000,853000000000
8,6,14,12600000000,63000000000,504000000000
9,6,15,4970000000,24900000000,199000000000
10,6,16,1430000000,7130000000,57100000000
11,6,17,13500000,163000000,1300000000
12,6,18,157000,18300000,146000000
13,6,19,16900,176000,1410000
14,6,20,1630,8130,65000
16,6,22,7.26,36.3,290
5,7,12,1880000000,9420000000,75300000000
6,7,13,13000000000,64800000000,519000000000
7,7,14,33700000000,168000000000,1350000000000
8,7,15,31000000000,155000000000,1240000000000
9,7,16,24900000000,125000000000,997000000000
10,7,17,17600000000,88200000000,706000000000
11,7,18,203000000,2710000000,21700000000
12,7,19,2860000,481000000,3850000000
13,7,20,431000,4600000,36800000
14,7,21,53700,269000,2230000
15,7,22,5360,26800,214000
16,7,23,412,2060,16500
5,8,13,171000000,856000000,6850000000
6,8,14,2730000000,13700000000,109000000000
7,8,15,23800000000,119000000000,951000000000
8,8,16,6980000000000,34900000000000,279000000000000
9,8,17,45500000000,228000000000,1820000000000
10,8,18,6840000000000,34200000000000,274000000000000
11,8,19,417000000,24900000000,199000000000
12,8,20,33000000,6840000000,54700000000
13,8,21,6840000,67200000,538000000
14,8,22,1170000,5840000,67800000
15,8,23,155000,777000,6830000
16,8,24,17400,87200,697000
8,9,17,741000000,16700000000,399000000000
9,9,18,2300000000,63000000000,1090000000000
10,9,19,2660000000,122000000000,1230000000000
11,9,20,1240000000,108000000000,863000000000
12,9,21,319000000,80500000000,644000000000
13,9,22,67800000,846000000,7190000000
14,9,23,15700000,78400000,1300000000
15,9,24,2970000,14800000,179000000
16,9,25,446000,2230000,20700000
17,9,26,54200,271000,2170000
18,9,27,5950,29800,238000
20,9,29,54.1,271,2160
22,9,31,0.422,2.11,16.9
7,10,17,7660000,109000000,4940000000
8,10,18,124000000,1500000000,80400000000
9,10,19,860000000,12300000000,829000000000
10,10,20,2900000000,52400000000,235000000000000
11,10,21,3780000000,201000000000,1610000000000
12,10,22,1860000000,28900000000000,231000000000000
13,10,23,506000000,2530000000,60400000000
14,10,24,136000000,678000000,14700000000
15,10,25,36300000,181000000,2910000000
16,10,26,7450000,37200000,471000000
17,10,27,1260000,6310000,60900000
18,10,28,176000,881000,7040000
19,10,29,22100,110000,883000
20,10,30,2480,12400,99000
21,10,31,261,1300,10400
22,10,32,26.1,131,1040
24,10,34,0.275,1.38,11
9,11,20,135000000,674000000,17400000000
10,11,21,1010000000,5050000000,131000000000
11,11,22,3480000000,17400000000,425000000000
12,11,23,4940000000,24700000000,496000000000
13,11,24,2580000000,12900000000,278000000000
14,11,25,749000000,3740000000,94600000000
15,11,26,264000000,1320000000,28000000000
16,11,27,78500000,393000000,6520000000
17,11,28,18400000,91800000,1190000000
18,11,29,3600000,18000000,177000000
19,11,30,563000,2810000,22700000
20,11,31,80900,405000,3240000
21,11,32,10600,52800,422000
22,11,33,1250,6270,50100
23,11,34,143,714,5710
24,11,35,15.7,78.3,626
26,11,37,0.263,1.32,10.5
8,12,20,475000,2380000,63100000
9,12,21,8390000,42000000,1200000000
10,12,22,141000000,707000000,20900000000
11,12,23,1110000000,5530000000,158000000000
12,12,24,4050000000,20300000000,509000000000
13,12,25,6150000000,30700000000,565000000000
14,12,26,3370000000,16800000000,388000000000
15,12,27,1140000000,5690000000,154000000000
16,12,28,507000000,2530000000,52400000000
17,12,29,167000000,834000000,14100000000
18,12,30,44100000,220000000,3030000000
19,12,31,9770000,48900000,550000000
20,12,32,1790000,8930000,80200000
21,12,33,297000,1490000,11900000
22,12,34,44100,220000,1760000
23,12,35,6050,30300,242000
24,12,36,788,3940,31500
25,12,37,98.5,492,3940
26,12,38,13.1,65.5,524
28,12,40,0.232,1.16,9.29
9,13,22,455000,2270000,71900000
10,13,23,8460000,42300000,1520000000
11,13,24,145000000,727000000,27100000000
12,13,25,1190000000,5940000000,203000000000
13,13,26,4500000000,22500000000,746000000000
14,13,27,7350000000,36700000000,1050000000000
15,13,28,4160000000,20800000000,690000000000
16,13,29,1830000000,9130000000,458000000000
17,13,30,901000000,4510000000,95800000000
18,13,31,342000000,1710000000,31300000000
19,13,32,104000000,519000000,8090000000
20,13,33,26200000,131000000,1580000000
21,13,34,5580000,27900000,223000000
22,13,35,1060000,5310000,42500000
23,13,36,183000,915000,7320000
24,13,37,28900,144000,1150000
25,13,38,4270,21300,171000
26,13,39,624,3120,25000
27,13,40,91.8,459,3670
28,13,41,12.6,63.1,505
29,13,42,0.163,0.814,6.51
30,13,43,0.000739,0.0037,0.0296
8,14,22,1340,6680,208000
9,14,23,23300,116000,4200000
10,14,24,433000,2170000,92600000
11,14,25,8340000,41700000,2090000000
12,14,26,151000000,756000000,41100000000
13,14,27,1290000000,6470000000,517000000000
14,14,28,5100000000,25500000000,179000000000000
15,14,29,8420000000,42100000000,1160000000000
16,14,30,4740000000,23700000000,177000000000000
17,14,31,2680000000,13400000000,336000000000
18,14,32,1560000000,7780000000,179000000000
19,14,33,676000000,3380000000,73600000000
20,14,34,235000000,1180000000,24700000000
21,14,35,68400000,342000000,2740000000
22,14,36,17000000,85100000,681000000
23,14,37,3750000,18800000,150000000
24,14,38,746000,3730000,29800000
25,14,39,138000,691000,5530000
26,14,40,24700,123000,987000
27,14,41,4320,21600,173000
28,14,42,677,3380,27100
29,14,43,7.59,38,304
30,14,44,0.024,0.12,0.962
32,14,46,7.76E-06,3.88E-05,0.00031
11,15,26,424000,2120000,40000000
12,15,27,8710000,43500000,932000000
13,15,28,167000000,835000000,17600000000
14,15,29,1500000000,7500000000,143000000000
15,15,30,5910000000,29500000000,628000000000
16,15,31,9420000000,47100000000,951000000000
17,15,32,5000000000,25000000000,387000000000
18,15,33,3550000000,17800000000,507000000000
19,15,34,2490000000,12500000000,474000000000
20,15,35,1260000000,6300000000,305000000000
21,15,36,513000000,2570000000,20500000000
22,15,37,173000000,863000000,6900000000
23,15,38,50000000,250000000,2000000000
24,15,39,13000000,64800000,518000000
25,15,40,3120000,15600000,125000000
26,15,41,713000,3570000,28500000
27,15,42,151000,753000,6030000
28,15,43,26200,131000,1050000
29,15,44,278,1390,11100
30,15,45,0.718,3.59,28.7
31,15,46,0.00295,0.0148,0.118
32,15,47,0.000295,0.00148,0.0118
34,15,49,4.74E-06,2.37E-05,0.000189
11,16,27,20900,104000,2230000
12,16,28,447000,2230000,53300000
13,16,29,10300000,51500000,1270000000
14,16,30,209000000,1040000000,28600000000
15,16,31,1860000000,9280000000,393000000000
16,16,32,7100000000,35500000000,160000000000000
17,16,33,11000000000,55000000000,440000000000
18,16,34,5930000000,29700000000,397000000000
19,16,35,4090000000,20400000000,1100000000000
20,16,36,3670000000,18400000000,157000000000000
21,16,37,2240000000,11200000000,89500000000
22,16,38,1060000000,5310000000,42500000000
23,16,39,422000000,2110000000,16900000000
24,16,40,147000000,736000000,5890000000
25,16,41,47000000,235000000,1880000000
26,16,42,13700000,68700000,549000000
27,16,43,3480000,17400000,139000000
28,16,44,697000,3480000,27900000
29,16,45,7210,36000,288000
30,16,46,17,85,680
31,16,47,0.136,0.682,5.46
32,16,48,0.013,0.0649,0.519
34,16,50,0.000153,0.000764,0.00611
36,16,52,3.17E-06,1.58E-05,0.000127
14,17,31,14100000,70500000,564000000
15,17,32,281000000,1400000000,11200000000
16,17,33,2580000000,12900000000,103000000000
17,17,34,13200000000,65900000000,527000000000
18,17,35,21700000000,108000000000,866000000000
19,17,36,2110000000,10500000000,309000000000
20,17,37,3980000000,19900000000,452000000000
21,17,38,4840000000,24200000000,429000000000
22,17,39,3640000000,18200000000,254000000000
23,17,40,2100000000,10500000000,83900000000
24,17,41,1030000000,5130000000,41000000000
25,17,42,442000000,2210000000,17700000000
26,17,43,167000000,837000000,6690000000
27,17,44,54900000,275000000,2200000000
28,17,45,14700000,73300000,586000000
29,17,46,150000,748000,5990000
30,17,47,333,1670,13300
31,17,48,5.51,27.5,220
32,17,49,0.564,2.82,22.6
33,17,50,0.0562,0.281,2.25
34,17,51,0.00584,0.0292,0.233
35,17,52,0.00068,0.0034,0.0272
36,17,53,9.2E-05,0.00046,0.00368
38,17,55,2.6E-06,1.3E-05,0.000104
13,18,31,29600,148000,1180000
14,18,32,749000,3750000,30000000
15,18,33,19200000,96200000,770000000
16,18,34,485000000,2430000000,19400000000
17,18,35,7400000000,37000000000,296000000000
18,18,36,3620000000000,18100000000000,145000000000000
19,18,37,415000000,6720000000,399000000000
20,18,38,1440000000,9300000000,337000000000
21,18,39,3310000000,16600000000,943000000000
22,18,40,5130000000,25600000000,142000000000000
23,18,41,5360000000,26800000000,214000000000
24,18,42,3950000000,19800000000,158000000000
25,18,43,2420000000,12100000000,96900000000
26,18,44,1330000000,6640000000,53100000000
27,18,45,673000000,3370000000,26900000000
28,18,46,262000000,1310000000,10500000000
29,18,47,2650000,13200000,106000000
30,18,48,5640,28200,226000
31,18,49,175,875,7000
32,18,50,20.7,103,827
33,18,51,2.28,11.4,91.1
34,18,52,0.243,1.21,9.71
35,18,53,0.0264,0.132,1.06
36,18,54,0.00307,0.0153,0.123
38,18,56,6.3E-05,0.000315,0.00252
40,18,58,2.49E-06,1.24E-05,9.96E-05
42,18,60,1.52E-07,7.62E-07,6.09E-06
16,19,35,4870000,24300000,330000000
17,19,36,74300000,371000000,6960000000
18,19,37,216000000,1080000000,74900000000
19,19,38,85700000,2190000000,435000000000
20,19,39,286000000,6870000000,787000000000
21,19,40,789000000,10600000000,84700000000
22,19,41,2170000000,10800000000,86600000000
23,19,42,4200000000,21000000000,168000000000
24,19,43,6040000000,30200000000,242000000000
25,19,44,6930000000,34700000000,277000000000
26,19,45,6880000000,34400000000,275000000000
27,19,46,5930000000,29600000000,237000000000
28,19,47,3950000000,19700000000,158000000000
29,19,48,39600000,198000000,1590000000
30,19,49,81500,407000,3260000
31,19,50,4180,20900,167000
32,19,51,587,2940,23500
33,19,52,75,375,3000
34,19,53,8.99,44.9,359
35,19,54,1.04,5.2,41.6
36,19,55,0.118,0.59,4.72
37,19,56,0.014,0.0701,0.561
38,19,57,0.00181,0.00905,0.0724
39,19,58,0.000286,0.00143,0.0114
40,19,59,5.33E-05,0.000267,0.00213
42,19,61,2.85E-06,1.43E-05,0.000114
44,19,63,2.12E-07,1.06E-06,8.48E-06
46,19,65,1.65E-08,8.27E-08,6.62E-07
15,20,35,375,2480,612000
16,20,36,9600,48000,16200000
17,20,37,147000,1050000,456000000
18,20,38,763000,22400000,12700000000
19,20,39,10800000,302000000,220000000000
20,20,40,77000000,2050000000,141000000000000
21,20,41,283000000,6940000000,55500000000
22,20,42,533000000,11600000000,93200000000
23,20,43,935000000,8570000000,68600000000
24,20,44,2340000000,11700000000,93600000000
25,20,45,5370000000,26800000000,215000000000
26,20,46,11200000000,56200000000,449000000000
27,20,47,20800000000,104000000000,830000000000
28,20,48,3420000000000,17100000000000,137000000000000
29,20,49,207000000,1040000000,8290000000
30,20,50,420000,2100000,16800000
31,20,51,73400,367000,2940000
32,20,52,12400,62000,496000
33,20,53,1880,9420,75400
34,20,54,264,1320,10600
35,20,55,34.6,173,1380
36,20,56,4.33,21.6,173
37,20,57,0.526,2.63,21
38,20,58,0.0652,0.326,2.61
39,20,59,0.00852,0.0426,0.341
40,20,60,0.00132,0.00661,0.0529
42,20,62,5.49E-05,0.000274,0.00219
44,20,64,3.67E-06,1.84E-05,0.000147
46,20,66,2.42E-07,1.21E-06,9.68E-06
48,20,68,8E-09,4E-08,3.2E-07
50,20,70,2.64E-11,1.32E-10,1.06E-09
18,21,39,27900,823000,128000000
19,21,40,568000,18100000,2200000000
20,21,41,8690000,263000000,7850000000
21,21,42,67800000,1920000000,15300000000
22,21,43,272000000,7000000000,56000000000
23,21,44,570000000,12600000000,101000000000
24,21,45,578000000,10100000000,81000000000
25,21,46,472000000,7280000000,58200000000
26,21,47,285000000,3630000000,29000000000
27,21,48,208000000,1350000000,10800000000
28,21,49,49700000,397000000,3170000000
29,21,50,24600000,123000000,985000000
30,21,51,4110000,20500000,188000000
31,21,52,946000,4730000,40000000
32,21,53,190000,950000,7680000
33,21,54,34900,175000,1400000
34,21,55,5870,29400,235000
35,21,56,904,4520,36200
36,21,57,130,651,5210
37,21,58,17.7,88.3,707
38,21,59,2.32,11.6,92.9
39,21,60,0.298,1.49,11.9
40,21,61,0.0411,0.206,1.64
41,21,62,0.00635,0.0317,0.254
42,21,63,0.00117,0.00586,0.0469
43,21,64,0.000257,0.00128,0.0103
44,21,65,6.23E-05,0.000311,0.00249
45,21,66,1.53E-05,7.63E-05,0.00061
46,21,67,3.56E-06,1.78E-05,0.000142
47,21,68,7.08E-07,3.54E-06,2.83E-05
48,21,69,9.95E-08,4.97E-07,3.98E-06
50,21,71,3.08E-10,1.54E-09,1.23E-08
52,21,73,0,0,4.16E-10
17,22,39,45.8,1350,10800
18,22,40,941,29100,252000
19,22,41,19800,651000,5210000
20,22,42,421000,15000000,120000000
21,22,43,6780000,235000000,1880000000
22,22,44,57700000,1830000000,14600000000
23,22,45,254000000,7130000000,57100000000
24,22,46,590000000,13600000000,109000000000
25,22,47,695000000,11600000000,92500000000
26,22,48,588000000,9290000000,74300000000
27,22,49,405000000,5250000000,42000000000
28,22,50,209000000,2180000000,17400000000
29,22,51,85300000,711000000,5690000000
30,22,52,29100000,191000000,1520000000
31,22,53,8490000,44200000,399000000
32,22,54,2150000,10800000,95000000
33,22,55,480000,2400000,20000000
34,22,56,96800,484000,3870000
35,22,57,17800,89000,712000
36,22,58,3020,15100,121000
37,22,59,474,2370,19000
38,22,60,70.4,352,2820
39,22,61,10,50.2,401
40,22,62,1.4,6.98,55.8
41,22,63,0.2,1,8
42,22,64,0.0313,0.157,1.25
43,22,65,0.00562,0.0281,0.225
44,22,66,0.00115,0.00577,0.0461
45,22,67,0.000254,0.00127,0.0102
46,22,68,5.41E-05,0.00027,0.00216
47,22,69,9.99E-06,4.99E-05,0.0004
48,22,70,1.31E-06,6.56E-06,5.25E-05
49,22,71,3.14E-08,1.57E-07,1.26E-06
50,22,72,3.11E-08,1.55E-07,1.24E-06
52,22,74,1.96E-09,9.79E-09,7.83E-08
19,23,42,640,22900,183000
20,23,43,13700,536000,4290000
21,23,44,296000,13100000,105000000
22,23,45,5140000,219000000,1750000000
23,23,46,47600000,1820000000,14600000000
24,23,47,232000000,7450000000,59600000000
25,23,48,596000000,14700000000,118000000000
26,23,49,810000000,13100000000,105000000000
27,23,50,694000000,11300000000,90300000000
28,23,51,545000000,7320000000,58500000000
29,23,52,311000000,3430000000,27500000000
30,23,53,141000000,1280000000,10200000000
31,23,54,53200000,402000000,3220000000
32,23,55,17000000,110000000,879000000
33,23,56,4740000,26100000,217000000
34,23,57,1170000,5870000,50300000
35,23,58,259000,1290000,10500000
36,23,59,52400,262000,2100000
37,23,60,9720,48600,389000
38,23,61,1680,8400,67200
39,23,62,274,1370,10900
40,23,63,42.5,212,1700
41,23,64,6.41,32,256
42,23,65,0.977,4.88,39.1
43,23,66,0.155,0.777,6.22
44,23,67,0.0273,0.136,1.09
45,23,68,0.00517,0.0258,0.207
46,23,69,0.000978,0.00489,0.0391
47,23,70,0.000166,0.000831,0.00664
48,23,71,2.1E-05,0.000105,0.000838
49,23,72,1.29E-06,6.47E-06,5.18E-05
50,23,73,4.45E-07,2.22E-06,1.78E-05
52,23,75,3.29E-08,1.64E-07,1.31E-06
18,24,42,0.973,34.8,278
19,24,43,20.1,793,6350
20,24,44,428,19000,152000
21,24,45,9280,474000,3790000
22,24,46,205000,12400000,99300000
23,24,47,3800000,220000000,1760000000
24,24,48,38500000,1890000000,15100000000
25,24,49,207000000,7800000000,62400000000
26,24,50,586000000,15800000000,126000000000
27,24,51,893000000,14800000000,118000000000
28,24,52,734000000,12800000000,103000000000
29,24,53,701000000,9960000000,79700000000
30,24,54,449000000,5470000000,43700000000
31,24,55,226000000,2400000000,19200000000
32,24,56,93600000,884000000,7070000000
33,24,57,33100000,273000000,2190000000
34,24,58,10200000,68600000,549000000
35,24,59,2750000,13800000,123000000
36,24,60,671000,3360000,28300000
37,24,61,149000,744000,5950000
38,24,62,30400,152000,1220000
39,24,63,5780,28900,231000
40,24,64,1030,5160,41300
41,24,65,176,879,7330
42,24,66,28.9,145,1230
43,24,67,4.83,24.1,193
44,24,68,0.836,4.18,33.4
45,24,69,0.149,0.746,5.96
46,24,70,0.0262,0.131,1.05
47,24,71,0.00419,0.0209,0.167
48,24,72,0.000527,0.00263,0.0211
49,24,73,1.15E-05,5.74E-05,0.000459
50,24,74,4.11E-06,2.06E-05,0.000165
52,24,76,4.37E-07,2.18E-06,1.75E-05
54,24,78,2.08E-08,1.04E-07,8.33E-07
21,25,46,280,17100,137000
22,25,47,6170,462000,3700000
23,25,48,139000,12700000,101000000
24,25,49,2790000,224000000,1790000000
25,25,50,30500000,1920000000,15400000000
26,25,51,180000000,8110000000,64900000000
27,25,52,562000000,17200000000,138000000000
28,25,53,952000000,17500000000,140000000000
29,25,54,823000000,13300000000,106000000000
30,25,55,844000000,13200000000,106000000000
31,25,56,620000000,8750000000,70000000000
32,25,57,348000000,4560000000,36500000000
33,25,58,159000000,1940000000,15500000000
34,25,59,62100000,694000000,5550000000
35,25,60,21000000,190000000,1520000000
36,25,61,6260000,32900000,292000000
37,25,62,1680000,8420000,75500000
38,25,63,410000,2050000,18400000
39,25,64,92200,461000,4260000
40,25,65,19300,96300,944000
41,25,66,3790,19000,196000
42,25,67,728,3640,36400
43,25,68,139,695,5560
44,25,69,26.7,133,1070
45,25,70,5.06,25.3,203
46,25,71,0.914,4.57,36.6
47,25,72,0.145,0.726,5.8
48,25,73,0.018,0.09,0.72
49,25,74,0.000218,0.00109,0.00873
50,25,75,4.49E-05,0.000225,0.0018
51,25,76,1.46E-05,7.32E-05,0.000586
52,25,77,4.52E-06,2.26E-05,0.000181
53,25,78,1.23E-06,6.16E-06,4.93E-05
54,25,79,3.02E-07,1.51E-06,1.21E-05
56,25,81,1.4E-08,6.98E-08,5.59E-07
19,26,45,0.0183,0.94,7.52
20,26,46,0.385,23.5,188
21,26,47,8.24,620,4960
22,26,48,181,16700,133000
23,26,49,4050,456000,3650000
24,26,50,93100,12400000,99200000
25,26,51,1970000,215000000,1720000000
26,26,52,23700000,1870000000,15000000000
27,26,53,153000000,8740000000,70000000000
28,26,54,531000000,23300000000,186000000000
29,26,55,992000000,28300000000,227000000000
30,26,56,975000000,12100000000,97200000000
31,26,57,929000000,15900000000,127000000000
32,26,58,813000000,13800000000,111000000000
33,26,59,513000000,9520000000,76100000000
34,26,60,261000000,5370000000,42900000000
35,26,61,112000000,562000000,5920000000
36,26,62,41800000,209000000,2150000000
37,26,63,13800000,68900000,704000000
38,26,64,4070000,20300000,214000000
39,26,65,1090000,5470000,60900000
40,26,66,271000,1350000,16200000
41,26,67,63900,319000,3890000
42,26,68,14600,73200,796000
43,26,69,3300,16500,132000
44,26,70,728,3640,29100
45,26,71,154,768,6140
46,26,72,29.4,147,1180
47,26,73,4.71,23.6,189
48,26,74,0.558,2.79,22.3
49,26,75,0.00611,0.0306,0.244
50,26,76,0.000503,0.00251,0.0201
51,26,77,0.000138,0.00069,0.00552
52,26,78,3.99E-05,0.000199,0.0016
53,26,79,1.09E-05,5.43E-05,0.000435
54,26,80,2.63E-06,1.31E-05,0.000105
56,26,82,1.89E-07,9.44E-07,7.55E-06
58,26,84,1.34E-08,6.7E-08,5.36E-07
23,27,50,116,15600,125000
24,27,51,2640,409000,3270000
25,27,52,61800,10000000,80000000
26,27,53,1380000,177000000,1420000000
27,27,54,18300000,1920000000,15400000000
28,27,55,129000000,12700000000,102000000000
29,27,56,490000000,44600000000,357000000000
30,27,57,1010000000,49300000000,394000000000
31,27,58,1120000000,9070000000,107000000000
32,27,59,940000000,16900000000,136000000000
33,27,60,1000000000,25200000000,202000000000
34,27,61,721000000,26600000000,213000000000
35,27,62,411000000,20000000000,160000000000
36,27,63,196000000,10000000000,80100000000
37,27,64,80400000,402000000,4640000000
38,27,65,29200000,146000000,1780000000
39,27,66,9530000,47600000,626000000
40,27,67,2880000,14400000,200000000
41,27,68,825000,4120000,56100000
42,27,69,228000,1140000,13100000
43,27,70,60800,304000,2430000
44,27,71,15500,77400,619000
45,27,72,3630,18200,145000
46,27,73,741,3710,29600
47,27,74,120,600,4800
48,27,75,14,70.1,561
49,27,76,0.148,0.738,5.91
50,27,77,0.0134,0.0669,0.535
51,27,78,0.00158,0.00792,0.0633
52,27,79,0.000427,0.00214,0.0171
53,27,80,0.000108,0.000541,0.00433
54,27,81,2.57E-05,0.000129,0.00103
55,27,82,6.4E-06,3.2E-05,0.000256
56,27,83,1.92E-06,9.58E-06,7.67E-05
57,27,84,6.07E-07,3.04E-06,2.43E-05
58,27,85,1.84E-07,9.2E-07,7.36E-06
20,28,48,0.000309,0.0287,0.229
21,28,49,0.00658,0.747,5.98
22,28,50,0.144,19.5,156
23,28,51,3.22,499,3990
24,28,52,73.7,12000,95700
25,28,53,1710,269000,2150000
26,28,54,41000,5940000,47600000
27,28,55,960000,127000000,1010000000
28,28,56,13900000,2090000000,16700000000
29,28,57,108000000,22100000000,177000000000
30,28,58,448000000,12800000000000,102000000000000
31,28,59,1020000000,5090000000,132000000000
32,28,60,1270000000,6330000000,173000000000
33,28,61,882000000,14700000000,118000000000
34,28,62,1130000000,34500000000,276000000000
35,28,63,959000000,64300000000,515000000000
36,28,64,616000000,12600000000000,101000000000000
37,28,65,327000000,1640000000,20700000000
38,28,66,149000000,745000000,10200000000
39,28,67,60700000,303000000,4500000000
40,28,68,22700000,114000000,1770000000
41,28,69,7980000,39900000,603000000
42,28,70,2660000,13300000,176000000
43,28,71,839000,4190000,39500000
44,28,72,246000,1230000,9850000
45,28,73,64500,323000,2580000
46,28,74,14200,70800,566000
47,28,75,2450,12200,97900
48,28,76,297,1480,11900
49,28,77,3.89,19.4,156
50,28,78,0.393,1.97,15.7
51,28,79,0.0175,0.0877,0.702
52,28,80,0.0048,0.024,0.192
53,28,81,0.00105,0.00523,0.0419
54,28,82,0.000235,0.00117,0.00939
55,28,83,5.59E-05,0.000279,0.00224
56,28,84,1.63E-05,8.14E-05,0.000651
57,28,85,5.15E-06,2.58E-05,0.000206
58,28,86,1.55E-06,7.77E-06,6.22E-05
26,29,55,1120,40200,322000
27,29,56,27400,1270000,10200000
28,29,57,670000,21000000,168000000
29,29,58,10600000,221000000,1770000000
30,29,59,89900000,492000000,11700000000
31,29,60,409000000,2050000000,59100000000
32,29,61,1010000000,5070000000,192000000000
33,29,62,1390000000,6940000000,346000000000
34,29,63,988000000,4940000000,223000000000
35,29,64,1150000000,5740000000,65500000000
36,29,65,1200000000,5980000000,72200000000
37,29,66,876000000,4380000000,57400000000
38,29,67,526000000,2630000000,38000000000
39,29,68,275000000,1370000000,21900000000
40,29,69,129000000,646000000,11100000000
41,29,70,56000000,280000000,5120000000
42,29,71,22600000,113000000,1990000000
43,29,72,8500000,42500000,594000000
44,29,73,2900000,14500000,119000000
45,29,74,865000,4320000,34600000
46,29,75,218000,1090000,8720000
47,29,76,42800,214000,1710000
48,29,77,5720,28600,229000
49,29,78,93.6,468,3750
50,29,79,11.8,59,472
51,29,80,0.456,2.28,18.2
52,29,81,0.0562,0.281,2.25
53,29,82,0.0128,0.0641,0.513
54,29,83,0.00275,0.0137,0.11
55,29,84,0.000605,0.00303,0.0242
56,29,85,0.000178,0.00089,0.00712
57,29,86,5.22E-05,0.000261,0.00209
58,29,87,1.55E-05,7.74E-05,0.000619
60,29,89,9.99E-07,4.99E-06,4E-05
62,29,91,7.73E-08,3.86E-07,3.09E-06
64,29,93,9.58E-09,4.79E-08,3.83E-07
66,29,95,0,0,2.59E-08
68,29,97,0,0,9E-09
25,30,55,1.24,6.18,314
26,30,56,29.7,148,7000
27,30,57,730,3650,143000
28,30,58,18400,92200,2580000
29,30,59,474000,2370000,42900000
30,30,60,8190000,41000000,624000000
31,30,61,75800000,379000000,6640000000
32,30,62,376000000,1880000000,51700000000
33,30,63,1010000000,5030000000,267000000000
34,30,64,1480000000,7410000000,99100000000000
35,30,65,1170000000,5870000000,47000000000
36,30,66,1070000000,5330000000,55100000000
37,30,67,1340000000,6700000000,76300000000
38,30,68,1190000000,5940000000,81100000000
39,30,69,831000000,4150000000,67200000000
40,30,70,503000000,2520000000,49900000000
41,30,71,274000000,1370000000,33100000000
42,30,72,137000000,684000000,18600000000
43,30,73,62200000,311000000,8160000000
44,30,74,25400000,127000000,2550000000
45,30,75,9260000,46300000,370000000
46,30,76,2860000,14300000,115000000
47,30,77,680000,3400000,27200000
48,30,78,110000,548000,4390000
49,30,79,1850,9270,74100
50,30,80,621,3110,24800
51,30,81,34.4,172,1380
52,30,82,5.43,27.1,217
53,30,83,0.208,1.04,8.32
54,30,84,0.0316,0.158,1.26
55,30,85,0.00665,0.0333,0.266
56,30,86,0.0017,0.00849,0.0679
57,30,87,0.000488,0.00244,0.0195
58,30,88,0.000133,0.000665,0.00532
59,30,89,3.33E-05,0.000166,0.00133
60,30,90,8.29E-06,4.15E-05,0.000332
61,30,91,2.13E-06,1.06E-05,8.52E-05
62,30,92,7.16E-07,3.58E-06,2.87E-05
64,30,94,9.63E-08,4.81E-07,3.85E-06
66,30,96,1.12E-08,5.62E-08,4.5E-07
68,30,98,1.78E-09,8.88E-09,7.1E-08
70,30,100,4.92E-10,2.46E-09,1.97E-08
29,31,60,12700,63700,509000
30,31,61,346000,1730000,13800000
31,31,62,6510000,32500000,260000000
32,31,63,64900000,325000000,2600000000
33,31,64,341000000,1700000000,13600000000
34,31,65,968000000,4840000000,38700000000
35,31,66,1550000000,7750000000,62000000000
36,31,67,1400000000,7000000000,56000000000
37,31,68,990000000,4950000000,39600000000
38,31,69,1310000000,6550000000,62300000000
39,31,70,1480000000,7380000000,94600000000
40,31,71,1250000000,6230000000,125000000000
41,31,72,890000000,4450000000,135000000000
42,31,73,566000000,2830000000,121000000000
43,31,74,324000000,1620000000,88000000000
44,31,75,171000000,855000000,49600000000
45,31,76,81600000,408000000,3260000000
46,31,77,33000000,165000000,1320000000
47,31,78,10300000,51600000,413000000
48,31,79,2270000,11300000,90600000
49,31,80,32200,161000,1290000
50,31,81,18300,91600,733000
51,31,82,2510,12500,100000
52,31,83,479,2400,19200
53,31,84,29.5,148,1180
54,31,85,1.95,9.76,78.1
55,31,86,0.0852,0.426,4.97
56,31,87,0.0201,0.1,0.803
57,31,88,0.00487,0.0244,0.195
58,31,89,0.00137,0.00683,0.0547
59,31,90,0.000313,0.00157,0.0125
60,31,91,7.93E-05,0.000396,0.00317
61,31,92,2.05E-05,0.000102,0.000819
62,31,93,7.09E-06,3.55E-05,0.000284
63,31,94,2.69E-06,1.35E-05,0.000108
64,31,95,9.76E-07,4.88E-06,3.9E-05
65,31,96,0,0,1.06E-08
66,31,97,1.1E-07,5.5E-07,4.4E-06
67,31,98,0,0,2.48E-10
68,31,99,1.17E-08,5.87E-08,4.69E-07
70,31,101,1.91E-09,9.54E-09,1.05E-07
72,31,103,5.77E-10,2.89E-09,4.22E-08
27,32,59,0.493,2.47,19.7
28,32,60,12.6,63.2,506
29,32,61,335,1680,13400
30,32,62,9140,45700,366000
31,32,63,260000,1300000,10400000
32,32,64,5120000,25600000,205000000
33,32,65,52600000,263000000,2100000000
34,32,66,290000000,1450000000,11600000000
35,32,67,888000000,4440000000,35500000000
36,32,68,1580000000,7890000000,63200000000
37,32,69,1660000000,8320000000,66500000000
38,32,70,1060000000,5320000000,42600000000
39,32,71,1180000000,5910000000,47200000000
40,32,72,1480000000,7420000000,76900000000
41,32,73,1660000000,8280000000,149000000000
42,32,74,1470000000,7330000000,256000000000
43,32,75,1160000000,5820000000,381000000000
44,32,76,857000000,4290000000,90100000000000
45,32,77,569000000,2840000000,22700000000
46,32,78,323000000,1620000000,12900000000
47,32,79,148000000,739000000,5910000000
48,32,80,50400000,252000000,2020000000
49,32,81,520000,2600000,20800000
50,32,82,180000,902000,7220000
51,32,83,49200,246000,1970000
52,32,84,18000,90200,722000
53,32,85,1470,7360,58900
54,32,86,182,909,7270
55,32,87,3.18,15.9,127
56,32,88,0.367,1.83,14.7
57,32,89,0.0506,0.253,2.02
58,32,90,0.0141,0.0705,0.564
59,32,91,0.00293,0.0147,0.117
60,32,92,0.000728,0.00364,0.0291
61,32,93,0.000175,0.000876,0.00701
62,32,94,5.96E-05,0.000298,0.00238
63,32,95,2.31E-05,0.000115,0.000922
64,32,96,8.09E-06,4.04E-05,0.000323
65,32,97,3.02E-06,1.51E-05,0.000121
66,32,98,1.06E-06,5.32E-06,4.26E-05
67,32,99,0,0,1.34E-08
68,32,100,1.13E-07,5.65E-07,4.52E-06
70,32,102,1.2E-08,6.02E-08,4.82E-07
31,33,64,6520,32600,261000
32,33,65,180000,901000,7210000
33,33,66,3600000,18000000,144000000
34,33,67,38200000,191000000,1530000000
35,33,68,224000000,1120000000,8960000000
36,33,69,758000000,3790000000,30300000000
37,33,70,1550000000,7730000000,61800000000
38,33,71,2000000000,10000000000,80000000000
39,33,72,1580000000,7880000000,63000000000
40,33,73,1120000000,5590000000,44700000000
41,33,74,1310000000,6540000000,52300000000
42,33,75,1680000000,8390000000,67100000000
43,33,76,2240000000,11200000000,89500000000
44,33,77,2610000000,13100000000,105000000000
45,33,78,2620000000,13100000000,105000000000
46,33,79,2280000000,11400000000,91300000000
47,33,80,1680000000,8410000000,67300000000
48,33,81,1010000000,5040000000,40300000000
49,33,82,10100000,50600000,404000000
50,33,83,1640000,8190000,65500000
51,33,84,482000,2410000,19300000
52,33,85,286000,1430000,11500000
53,33,86,57800,289000,2310000
54,33,87,9680,48400,387000
55,33,88,409,2050,16400
56,33,89,38.5,192,1540
57,33,90,1.56,7.78,62.2
58,33,91,0.242,1.21,9.67
59,33,92,0.0316,0.158,1.27
60,33,93,0.00745,0.0372,0.298
61,33,94,0.00171,0.00857,0.0685
62,33,95,0.000536,0.00268,0.0214
63,33,96,0.000211,0.00106,0.00845
64,33,97,7.22E-05,0.000361,0.00289
65,33,98,2.79E-05,0.000139,0.00112
66,33,99,9.5E-06,4.75E-05,0.00038
67,33,100,3.43E-06,1.72E-05,0.000137
68,33,101,1.15E-06,5.73E-06,4.58E-05
69,33,102,3.48E-07,1.74E-06,1.39E-05
70,33,103,1.09E-07,5.43E-07,4.34E-06
71,33,104,3.31E-08,1.65E-07,1.32E-06
72,33,105,1.24E-08,6.2E-08,4.96E-07
73,33,106,0,0,1.72E-11
29,34,63,0.222,1.11,8.9
30,34,64,5.95,29.7,238
31,34,65,157,784,6270
32,34,66,4050,20200,162000
33,34,67,104000,520000,4160000
34,34,68,2080000,10400000,83200000
35,34,69,22900000,115000000,916000000
36,34,70,146000000,731000000,5850000000
37,34,71,582000000,2910000000,23300000000
38,34,72,1560000000,7790000000,62300000000
39,34,73,2780000000,13900000000,111000000000
40,34,74,2890000000,14500000000,116000000000
41,34,75,1630000000,8160000000,65300000000
42,34,76,1270000000,6340000000,50700000000
43,34,77,1460000000,7300000000,58400000000
44,34,78,2170000000,10900000000,87000000000
45,34,79,3710000000,18600000000,149000000000
46,34,80,5750000000,28700000000,230000000000
47,34,81,8020000000,40100000000,321000000000
48,34,82,2060000000000,10300000000000,82300000000000
49,34,83,123000000,615000000,4920000000
50,34,84,39000000,195000000,1560000000
51,34,85,1500000,7500000,60000000
52,34,86,1720000,8610000,68900000
53,34,87,536000,2680000,21500000
54,34,88,192000,961000,7690000
55,34,89,9950,49800,398000
56,34,90,2230,11200,89200
57,34,91,98.2,491,3930
58,34,92,19.5,97.4,779
59,34,93,0.591,2.96,23.7
60,34,94,0.109,0.544,4.35
61,34,95,0.016,0.0799,0.639
62,34,96,0.00487,0.0244,0.195
63,34,97,0.00169,0.00846,0.0677
64,34,98,0.000598,0.00299,0.0239
65,34,99,0.00022,0.0011,0.00878
66,34,100,7.68E-05,0.000384,0.00307
67,34,101,2.72E-05,0.000136,0.00109
68,34,102,9.23E-06,4.62E-05,0.000369
69,34,103,3.26E-06,1.63E-05,0.00013
70,34,104,1.04E-06,5.21E-06,4.17E-05
71,34,105,3.07E-07,1.53E-06,1.23E-05
72,34,106,9.79E-08,4.89E-07,3.91E-06
73,34,107,3.18E-08,1.59E-07,1.27E-06
74,34,108,1.28E-08,6.38E-08,5.1E-07
33,35,68,2000,10000,80000
34,35,69,42200,211000,1690000
35,35,70,811000,4060000,32500000
36,35,71,9530000,47600000,381000000
37,35,72,75000000,375000000,3000000000
38,35,73,413000000,2070000000,16500000000
39,35,74,1590000000,7960000000,63700000000
40,35,75,4060000000,20300000000,162000000000
41,35,76,5860000000,29300000000,234000000000
42,35,77,3460000000,17300000000,138000000000
43,35,78,933000000,4660000000,37300000000
44,35,79,1460000000,7290000000,58300000000
45,35,80,2010000000,10000000000,80400000000
46,35,81,2410000000,12000000000,96300000000
47,35,82,2410000000,12000000000,96300000000
48,35,83,2050000000,10300000000,82100000000
49,35,84,1460000000,7280000000,58300000000
50,35,85,826000000,4130000000,33000000000
51,35,86,8290000,41400000,331000000
52,35,87,4190000,21000000,168000000
53,35,88,2930000,14600000,117000000
54,35,89,1620000,8080000,64600000
55,35,90,256000,1280000,10200000
56,35,91,71800,359000,2870000
57,35,92,6920,34600,277000
58,35,93,1750,8760,70100
59,35,94,66.9,335,2680
60,35,95,6.81,34,272
61,35,96,0.194,0.969,9.41
62,35,97,0.0465,0.233,2.06
63,35,98,0.0158,0.0789,0.631
64,35,99,0.00528,0.0264,0.211
65,35,100,0.00194,0.00971,0.0777
66,35,101,0.000656,0.00328,0.0262
67,35,102,0.000237,0.00118,0.00948
68,35,103,7.82E-05,0.000391,0.00313
69,35,104,2.68E-05,0.000134,0.00107
70,35,105,8.94E-06,4.47E-05,0.000358
71,35,106,2.91E-06,1.45E-05,0.000116
72,35,107,9.08E-07,4.54E-06,3.63E-05
73,35,108,2.8E-07,1.4E-06,1.12E-05
74,35,109,9.71E-08,4.86E-07,3.88E-06
75,35,110,3.44E-08,1.72E-07,1.37E-06
76,35,111,1.44E-08,7.19E-08,5.75E-07
77,35,112,5.85E-09,2.93E-08,2.34E-07
78,35,113,2.47E-09,1.24E-08,9.9E-08
31,36,67,0.0742,0.371,2.97
32,36,68,1.68,8.39,67.1
33,36,69,34.8,174,1390
34,36,70,644,3220,25700
35,36,71,10500,52600,421000
36,36,72,156000,1170000,9320000
37,36,73,2190000,19800000,158000000
38,36,74,23200000,184000000,1470000000
39,36,75,190000000,948000000,7580000000
40,36,76,1170000000,5860000000,46900000000
41,36,77,4890000000,24400000000,196000000000
42,36,78,1940000000000,9700000000000,77600000000000
43,36,79,179000000,2950000000,24700000000
44,36,80,439000000,2190000000,33100000000
45,36,81,951000000,4750000000,38000000000
46,36,82,1850000000,9240000000,73900000000
47,36,83,3230000000,16100000000,129000000000
48,36,84,5050000000,25200000000,202000000000
49,36,85,7010000000,35100000000,280000000000
50,36,86,1940000000000,9690000000000,77500000000000
51,36,87,69700000,349000000,2790000000
52,36,88,5730000,28600000,528000000
53,36,89,4820000,24100000,193000000
54,36,90,5250000,26200000,210000000
55,36,91,1420000,7080000,56700000
56,36,92,707000,3530000,28300000
57,36,93,133000,664000,5310000
58,36,94,57300,286000,2290000
59,36,95,3510,17600,141000
60,36,96,643,3210,25700
61,36,97,8.46,42.3,338
62,36,98,1.25,6.25,50
63,36,99,0.145,0.725,8.28
64,36,100,0.046,0.23,1.9
65,36,101,0.0149,0.0744,0.595
66,36,102,0.00497,0.0249,0.199
67,36,103,0.00176,0.00881,0.0705
68,36,104,0.00056,0.0028,0.0224
69,36,105,0.000202,0.00101,0.00808
70,36,106,6.54E-05,0.000327,0.00262
71,36,107,2.21E-05,0.000111,0.000885
72,36,108,7.47E-06,3.74E-05,0.000299
73,36,109,2.55E-06,1.27E-05,0.000102
74,36,110,8.68E-07,4.34E-06,3.47E-05
75,36,111,3.02E-07,1.51E-06,1.21E-05
76,36,112,1.16E-07,5.81E-07,4.65E-06
77,36,113,4.37E-08,2.19E-07,1.75E-06
78,36,114,1.65E-08,8.26E-08,6.61E-07
79,36,115,5.63E-09,2.81E-08,2.25E-07
80,36,116,1.6E-09,7.98E-09,6.39E-08
81,36,117,0,0,1.77E-11
35,37,72,27.3,877,7020
36,37,73,512,25800,206000
37,37,74,12800,836000,6690000
38,37,75,226000,14900000,119000000
39,37,76,2220000,143000000,1140000000
40,37,77,15100000,757000000,6060000000
41,37,78,60000000,2310000000,18500000000
42,37,79,144000000,4270000000,34100000000
43,37,80,216000000,5010000000,40100000000
44,37,81,202000000,3710000000,29700000000
45,37,82,128000000,2060000000,29700000000
46,37,83,63200000,893000000,36300000000
47,37,84,31500000,306000000,34800000000
48,37,85,49100000,246000000,27400000000
49,37,86,68500000,343000000,19200000000
50,37,87,18100000,90600000,12100000000
51,37,88,10500000,52500000,7100000000
52,37,89,9040000,45200000,3770000000
53,37,90,5970000,29800000,1730000000
54,37,91,7400000,37000000,645000000
55,37,92,4450000,22300000,184000000
56,37,93,3180000,15900000,127000000
57,37,94,1340000,6680000,53400000
58,37,95,861000,4300000,34400000
59,37,96,135000,676000,5410000
60,37,97,28400,142000,1140000
61,37,98,1280,6420,51400
62,37,99,97.1,486,3880
63,37,100,6.63,33.1,265
64,37,101,0.905,4.52,36.2
65,37,102,0.14,0.701,8.34
66,37,103,0.0426,0.213,2.17
67,37,104,0.014,0.0699,0.577
68,37,105,0.00464,0.0232,0.185
69,37,106,0.00152,0.00761,0.0609
70,37,107,0.000501,0.00251,0.0201
71,37,108,0.00017,0.000849,0.00679
72,37,109,5.63E-05,0.000281,0.00225
73,37,110,2.07E-05,0.000103,0.000827
74,37,111,7.55E-06,3.78E-05,0.000302
75,37,112,2.76E-06,1.38E-05,0.00011
76,37,113,1.04E-06,5.21E-06,4.16E-05
77,37,114,3.81E-07,1.9E-06,1.52E-05
78,37,115,1.34E-07,6.68E-07,5.34E-06
79,37,116,4.08E-08,2.04E-07,1.63E-06
80,37,117,1.04E-08,5.21E-08,4.17E-07
81,37,118,1.57E-09,7.84E-09,6.27E-08
82,37,119,2.81E-10,1.41E-09,1.13E-08
33,38,71,0.000394,0.0242,0.193
34,38,72,0.00979,0.68,5.44
35,38,73,0.246,19.6,157
36,38,74,6.24,581,4650
37,38,75,161,17000,136000
38,38,76,4670,551000,4410000
39,38,77,106000,10000000,80100000
40,38,78,1390000,99500000,796000000
41,38,79,10400000,563000000,4500000000
42,38,80,46600000,1890000000,15100000000
43,38,81,126000000,3940000000,31500000000
44,38,82,210000000,5350000000,42800000000
45,38,83,225000000,4680000000,37500000000
46,38,84,157000000,2940000000,23500000000
47,38,85,84100000,1420000000,32600000000
48,38,86,36800000,496000000,39800000000
49,38,87,13700000,113000000,40400000000
50,38,88,17500000,87300000,35600000000
51,38,89,13300000,66700000,28600000000
52,38,90,15200000,76100000,20700000000
53,38,91,11000000,55000000,13200000000
54,38,92,9050000,45300000,7030000000
55,38,93,5430000,27100000,2990000000
56,38,94,6720000,33600000,965000000
57,38,95,4570000,22900000,183000000
58,38,96,5200000,26000000,208000000
59,38,97,1280000,6390000,51100000
60,38,98,421000,2100000,16800000
61,38,99,27000,135000,1080000
62,38,100,4340,21700,174000
63,38,101,453,2260,18100
64,38,102,71.7,359,2870
65,38,103,4.02,20.1,161
66,38,104,0.634,3.17,43.8
67,38,105,0.11,0.548,12.4
68,38,106,0.0339,0.169,3.51
69,38,107,0.0111,0.0555,0.962
70,38,108,0.00355,0.0178,0.248
71,38,109,0.00118,0.00589,0.0573
72,38,110,0.000399,0.00199,0.0159
73,38,111,0.000146,0.000729,0.00583
74,38,112,5.33E-05,0.000267,0.00213
75,38,113,2.22E-05,0.000111,0.000888
76,38,114,8.7E-06,4.35E-05,0.000348
77,38,115,3.22E-06,1.61E-05,0.000129
78,38,116,1.08E-06,5.39E-06,4.31E-05
79,38,117,3.17E-07,1.58E-06,1.27E-05
80,38,118,7.68E-08,3.84E-07,3.07E-06
81,38,119,1.07E-08,5.33E-08,4.26E-07
82,38,120,1.61E-09,8.06E-09,6.45E-08
37,39,76,3.01,353,2830
38,39,77,77.8,9730,77900
39,39,78,2280,307000,2460000
40,39,79,57400,5690000,45500000
41,39,80,833000,59200000,474000000
42,39,81,7030000,363000000,2900000000
43,39,82,34900000,1370000000,11000000000
44,39,83,106000000,3350000000,26800000000
45,39,84,198000000,5630000000,45000000000
46,39,85,242000000,6550000000,52400000000
47,39,86,187000000,4950000000,39600000000
48,39,87,109000000,2570000000,21600000000
49,39,88,51200000,841000000,34900000000
50,39,89,20300000,150000000,50000000000
51,39,90,14300000,71600000,64300000000
52,39,91,19000000,94800000,70800000000
53,39,92,16800000,84100000,67300000000
54,39,93,15600000,78200000,55400000000
55,39,94,9260000,46300000,38500000000
56,39,95,8490000,42500000,22000000000
57,39,96,7430000,37100000,297000000
58,39,97,12300000,61400000,491000000
59,39,98,5740000,28700000,230000000
60,39,99,3130000,15600000,125000000
61,39,100,342000,1710000,13700000
62,39,101,88900,444000,3560000
63,39,102,17200,85800,686000
64,39,103,4270,21400,171000
65,39,104,387,1940,15500
66,39,105,54.5,272,2180
67,39,106,2.67,13.3,236
68,39,107,0.459,2.3,70.3
69,39,108,0.0917,0.459,19.9
70,39,109,0.0296,0.148,5.16
71,39,110,0.00892,0.0446,1.17
72,39,111,0.00303,0.0152,0.245
73,39,112,0.00108,0.0054,0.07
74,39,113,0.000404,0.00202,0.0189
75,39,114,0.000163,0.000816,0.00652
76,39,115,6.56E-05,0.000328,0.00262
77,39,116,2.53E-05,0.000127,0.00101
78,39,117,8.44E-06,4.22E-05,0.000338
79,39,118,2.4E-06,1.2E-05,9.62E-05
80,39,119,5.62E-07,2.81E-06,2.25E-05
81,39,120,7.86E-08,3.93E-07,3.15E-06
82,39,121,1.13E-08,5.67E-08,4.54E-07
84,39,123,4.95E-10,2.48E-09,2.63E-08
35,40,75,8.65E-05,0.00922,0.0737
36,40,76,0.00217,0.255,2.04
37,40,77,0.0549,6.91,55.3
38,40,78,1.41,181,1450
39,40,79,36.8,4550,36400
40,40,80,1080,131000,1050000
41,40,81,30000,2450000,19600000
42,40,82,483000,26800000,215000000
43,40,83,4550000,183000000,1460000000
44,40,84,25500000,841000000,6730000000
45,40,85,86100000,2730000000,21900000000
46,40,86,181000000,6290000000,50300000000
47,40,87,247000000,9990000000,79900000000
48,40,88,217000000,9450000000,75600000000
49,40,89,137000000,5140000000,41100000000
50,40,90,69600000,1490000000,18800000000
51,40,91,29500000,148000000,36900000000
52,40,92,16000000,80100000,65500000000
53,40,93,16900000,84400000,106000000000
54,40,94,20800000,104000000,154000000000
55,40,95,15700000,78300000,202000000000
56,40,96,14300000,71700000,63400000000000
57,40,97,8890000,44400000,2010000000
58,40,98,14200000,71100000,569000000
59,40,99,9170000,45900000,367000000
60,40,100,7810000,39000000,312000000
61,40,101,1410000,7070000,56500000
62,40,102,751000,3750000,30000000
63,40,103,207000,1030000,8270000
64,40,104,100000,502000,4020000
65,40,105,13600,68000,544000
66,40,106,3380,16900,135000
67,40,107,212,1060,8480
68,40,108,33.1,165,1320
69,40,109,1.22,6.1,344
70,40,110,0.296,1.48,89.8
71,40,111,0.0694,0.347,19.9
72,40,112,0.0222,0.111,5.63
73,40,113,0.00752,0.0376,1.67
74,40,114,0.00282,0.0141,0.456
75,40,115,0.0011,0.00549,0.11
76,40,116,0.000426,0.00213,0.0236
77,40,117,0.000168,0.000838,0.00714
78,40,118,5.78E-05,0.000289,0.00231
79,40,119,1.74E-05,8.69E-05,0.000695
80,40,120,4.02E-06,2.01E-05,0.000161
81,40,121,5.74E-07,2.87E-06,2.33E-05
82,40,122,8.46E-08,4.23E-07,3.39E-06
84,40,124,3.62E-09,1.81E-08,1.45E-07
40,41,81,17,1550,12400
41,41,82,489,33800,270000
42,41,83,15100,628000,5020000
43,41,84,271000,7580000,72600000
44,41,85,2860000,64400000,662000000
45,41,86,17900000,401000000,3420000000
46,41,87,68200000,1860000000,14900000000
47,41,88,160000000,6240000000,49900000000
48,41,89,244000000,14200000000,113000000000
49,41,90,245000000,18900000000,151000000000
50,41,91,168000000,11300000000,90100000000
51,41,92,91800000,459000000,10800000000
52,41,93,41600000,208000000,9330000000
53,41,94,16200000,80900000,6710000000
54,41,95,17300000,86600000,4230000000
55,41,96,17000000,85200000,2400000000
56,41,97,19800000,99100000,1240000000
57,41,98,14500000,72600000,594000000
58,41,99,15000000,74900000,600000000
59,41,100,11400000,56800000,454000000
60,41,101,10900000,54300000,434000000
61,41,102,3340000,16700000,133000000
62,41,103,2650000,13200000,106000000
63,41,104,1410000,7030000,56300000
64,41,105,987000,4940000,39500000
65,41,106,250000,1250000,9980000
66,41,107,88600,443000,3540000
67,41,108,11000,55200,441000
68,41,109,2110,10600,84600
69,41,110,131,657,5260
70,41,111,16.3,81.6,1280
71,41,112,0.951,4.75,300
72,41,113,0.211,1.05,96.9
73,41,114,0.0565,0.282,29.2
74,41,115,0.0211,0.105,7.93
75,41,116,0.00779,0.0389,1.84
76,41,117,0.00297,0.0149,0.516
77,41,118,0.00115,0.00574,0.16
78,41,119,0.000385,0.00192,0.0458
79,41,120,0.000119,0.000596,0.0116
80,41,121,2.86E-05,0.000143,0.00249
81,41,122,4.23E-06,2.12E-05,0.000424
82,41,123,6.46E-07,3.23E-06,5.37E-05
83,41,124,1.14E-07,5.7E-07,4.56E-06
84,41,125,2.31E-08,1.16E-07,9.25E-07
85,41,126,0,0,2.85E-10
86,41,127,1.5E-09,7.52E-09,6.01E-08
88,41,129,4.92E-11,2.46E-10,5.86E-09
37,42,79,1.72E-05,0.00215,0.0172
38,42,80,0.000437,0.049,0.392
39,42,81,0.0113,1.03,8.23
40,42,82,0.293,19.4,156
41,42,83,7.71,325,2600
42,42,84,216,4880,95200
43,42,85,7370,68700,3010000
44,42,86,147000,980000,51700000
45,42,87,1740000,10900000,492000000
46,42,88,12200000,98200000,2680000000
47,42,89,52000000,717000000,8690000000
48,42,90,138000000,4020000000,32100000000
49,42,91,234000000,15300000000,122000000000
50,42,92,267000000,7580000000000,60700000000000
51,42,93,201000000,1010000000,13500000000
52,42,94,118000000,590000000,10800000000
53,42,95,57200000,286000000,10800000000
54,42,96,23700000,118000000,8550000000
55,42,97,13500000,67400000,5850000000
56,42,98,19500000,97400000,3570000000
57,42,99,15400000,77200000,1990000000
58,42,100,21600000,108000000,1020000000
59,42,101,14000000,69800000,558000000
60,42,102,15700000,78300000,626000000
61,42,103,5670000,28400000,227000000
62,42,104,5270000,26400000,211000000
63,42,105,3270000,16300000,131000000
64,42,106,3890000,19500000,156000000
65,42,107,1630000,8170000,65400000
66,42,108,1020000,5120000,40900000
67,42,109,189000,946000,7570000
68,42,110,69600,348000,2780000
69,42,111,5700,28500,228000
70,42,112,1300,6490,51900
71,42,113,53.5,268,4150
72,42,114,7.39,36.9,1390
73,42,115,0.536,2.68,426
74,42,116,0.158,0.791,115
75,42,117,0.0504,0.252,29.2
76,42,118,0.019,0.0952,9.79
77,42,119,0.007,0.035,3.07
78,42,120,0.0024,0.012,0.874
79,42,121,0.000771,0.00385,0.214
80,42,122,0.000189,0.000947,0.0434
81,42,123,2.98E-05,0.000149,0.00682
82,42,124,4.82E-06,2.41E-05,0.000786
83,42,125,8.92E-07,4.46E-06,3.57E-05
84,42,126,2.23E-07,1.11E-06,8.91E-06
85,42,127,5.07E-08,2.54E-07,2.03E-06
86,42,128,9.01E-09,4.5E-08,3.6E-07
88,42,130,3.37E-10,1.69E-09,1.35E-08
90,42,132,6.56E-12,3.28E-11,2.62E-10
43,43,86,93.6,468,58200
44,43,87,3500,17500,1870000
45,43,88,77600,388000,33000000
46,43,89,1020000,5110000,329000000
47,43,90,8030000,40100000,1920000000
48,43,91,38500000,193000000,6810000000
49,43,92,115000000,574000000,15400000000
50,43,93,218000000,1090000000,23100000000
51,43,94,276000000,1380000000,24100000000
52,43,95,234000000,1170000000,17600000000
53,43,96,148000000,738000000,10100000000
54,43,97,76500000,382000000,11600000000
55,43,98,33600000,168000000,10400000000
56,43,99,12900000,64500000,7740000000
57,43,100,13500000,67300000,5130000000
58,43,101,20300000,102000000,3110000000
59,43,102,18700000,93400000,1760000000
60,43,103,23000000,115000000,944000000
61,43,104,14700000,73600000,589000000
62,43,105,11500000,57700000,461000000
63,43,106,5380000,26900000,215000000
64,43,107,6890000,34500000,276000000
65,43,108,4920000,24600000,197000000
66,43,109,5100000,25500000,204000000
67,43,110,2010000,10000000,80200000
68,43,111,1000000,5020000,40100000
69,43,112,185000,923000,7390000
70,43,113,49800,249000,1990000
71,43,114,4570,22800,183000
72,43,115,680,3400,27200
73,43,116,31.4,157,5160
74,43,117,3.51,17.6,1400
75,43,118,0.402,2.01,417
76,43,119,0.135,0.675,143
77,43,120,0.0475,0.237,45.1
78,43,121,0.0164,0.0822,12.6
79,43,122,0.00535,0.0267,2.97
80,43,123,0.00139,0.00694,0.564
81,43,124,0.000214,0.00107,0.0827
82,43,125,3.49E-05,0.000175,0.00873
83,43,126,6.78E-06,3.39E-05,0.000271
84,43,127,1.68E-06,8.41E-06,6.73E-05
85,43,128,3.76E-07,1.88E-06,1.5E-05
86,43,129,5.92E-08,2.96E-07,2.37E-06
87,43,130,1.42E-08,7.11E-08,5.69E-07
88,43,131,2.27E-09,1.14E-08,9.08E-08
89,43,132,3.04E-10,1.52E-09,1.22E-08
90,43,133,4.25E-11,2.13E-10,1.7E-09
40,44,84,8.08E-05,0.000404,0.0303
41,44,85,0.0021,0.0105,0.92
42,44,86,0.0554,0.277,27.8
43,44,87,1.48,7.39,822
44,44,88,41,205,30700
45,44,89,1600,8020,1000000
46,44,90,39700,199000,18300000
47,44,91,584000,2920000,193000000
48,44,92,5150000,25800000,1220000000
49,44,93,27700000,138000000,4800000000
50,44,94,92500000,462000000,12400000000
51,44,95,197000000,986000000,21800000000
52,44,96,277000000,1390000000,27200000000
53,44,97,264000000,1320000000,23900000000
54,44,98,180000000,900000000,15800000000
55,44,99,99500000,497000000,11500000000
56,44,100,46600000,233000000,11900000000
57,44,101,19200000,96000000,9850000000
58,44,102,15500000,77700000,7210000000
59,44,103,14600000,72900000,4820000000
60,44,104,24900000,124000000,3010000000
61,44,105,20000000,100000000,1780000000
62,44,106,23700000,118000000,1010000000
63,44,107,10900000,54400000,554000000
64,44,108,10200000,51000000,408000000
65,44,109,5880000,29400000,235000000
66,44,110,9970000,49900000,399000000
67,44,111,5340000,26700000,214000000
68,44,112,5780000,28900000,231000000
69,44,113,1510000,7530000,60200000
70,44,114,817000,4080000,32700000
71,44,115,109000,543000,4340000
72,44,116,28800,144000,1150000
73,44,117,1690,8470,67800
74,44,118,362,1810,14800
75,44,119,9.98,49.9,5010
76,44,120,1.63,8.16,1750
77,44,121,0.326,1.63,556
78,44,122,0.115,0.574,153
79,44,123,0.0379,0.189,35.3
80,44,124,0.0105,0.0526,6.52
81,44,125,0.00154,0.00768,0.916
82,44,126,0.000242,0.00121,0.0913
83,44,127,4.72E-05,0.000236,0.00189
84,44,128,6.55E-06,3.27E-05,0.000262
85,44,129,2.7E-06,1.35E-05,0.000108
86,44,130,5.62E-07,2.81E-06,2.25E-05
87,44,131,9.85E-08,4.92E-07,3.94E-06
88,44,132,1.58E-08,7.9E-08,6.32E-07
89,44,133,2.11E-09,1.06E-08,8.46E-08
90,44,134,2.77E-10,1.39E-09,1.11E-08
91,44,135,2.92E-11,1.46E-10,1.17E-09
92,44,136,3.67E-12,1.84E-11,1.47E-10
44,45,89,0.629,3.15,390
45,45,90,17.6,87.8,13200
46,45,91,717,3580,437000
47,45,92,19800,99000,8210000
48,45,93,326000,1630000,91500000
49,45,94,3210000,16100000,635000000
50,45,95,19400000,96800000,2870000000
51,45,96,72500000,362000000,8820000000
52,45,97,173000000,863000000,19500000000
53,45,98,270000000,1350000000,31600000000
54,45,99,289000000,1450000000,36400000000
55,45,100,214000000,1070000000,27900000000
56,45,101,128000000,640000000,14700000000
57,45,102,65400000,327000000,12400000000
58,45,103,29500000,147000000,12000000000
59,45,104,12700000,63600000,9790000000
60,45,105,17900000,89600000,7270000000
61,45,106,17700000,88700000,5030000000
62,45,107,27100000,135000000,3290000000
63,45,108,21100000,106000000,2060000000
64,45,109,21300000,107000000,1230000000
65,45,110,9910000,49600000,697000000
66,45,111,10500000,52600000,421000000
67,45,112,7300000,36500000,292000000
68,45,113,11700000,58300000,467000000
69,45,114,5660000,28300000,226000000
70,45,115,4930000,24600000,197000000
71,45,116,1260000,6310000,50500000
72,45,117,572000,2860000,22900000
73,45,118,64900,325000,2600000
74,45,119,18800,93800,751000
75,45,120,1040,5210,50200
76,45,121,150,750,18100
77,45,122,5.63,28.2,5820
78,45,123,1.34,6.71,1610
79,45,124,0.354,1.77,373
80,45,125,0.0985,0.492,69
81,45,126,0.0132,0.0658,9.59
82,45,127,0.00185,0.00925,0.942
83,45,128,0.000336,0.00168,0.0134
84,45,129,8.75E-05,0.000437,0.0035
85,45,130,1.08E-05,5.4E-05,0.000432
86,45,131,2.38E-06,1.19E-05,0.00011
87,45,132,6.84E-07,3.42E-06,2.74E-05
88,45,133,1.08E-07,5.38E-07,4.8E-06
89,45,134,1.42E-08,7.1E-08,7.3E-07
90,45,135,1.84E-09,9.19E-09,8.26E-08
91,45,136,1.87E-10,9.35E-10,7.48E-09
92,45,137,2.31E-11,1.15E-10,9.24E-10
93,45,138,0,0,7.88E-11
94,45,139,1.82E-13,9.08E-13,1.79E-11
41,46,87,5.28E-07,2.64E-06,0.000299
42,46,88,1.38E-05,6.91E-05,0.00835
43,46,89,0.000366,0.00183,0.228
44,46,90,0.00974,0.0487,6
45,46,91,0.263,1.32,151
46,46,92,7.37,36.8,4130
47,46,93,310,1550,134000
48,46,94,9600,48000,2570000
49,46,95,177000,884000,30500000
50,46,96,1960000,9790000,252000000
51,46,97,13200000,66100000,1340000000
52,46,98,55400000,277000000,5430000000
53,46,99,147000000,736000000,16400000000
54,46,100,256000000,1280000000,36100000000
55,46,101,306000000,1530000000,55900000000
56,46,102,253000000,1260000000,53200000000
57,46,103,166000000,828000000,29700000000
58,46,104,92800000,464000000,11500000000
59,46,105,45900000,230000000,13000000000
60,46,106,20500000,103000000,12400000000
61,46,107,12800000,63800000,10400000000
62,46,108,21700000,108000000,8030000000
63,46,109,19100000,95400000,5830000000
64,46,110,28800000,144000000,4000000000
65,46,111,17200000,86000000,2610000000
66,46,112,18300000,91700000,1600000000
67,46,113,7500000,37500000,934000000
68,46,114,11800000,59200000,511000000
69,46,115,7000000,35000000,280000000
70,46,116,13500000,67300000,539000000
71,46,117,4120000,20600000,165000000
72,46,118,4100000,20500000,164000000
73,46,119,598000,2990000,23900000
74,46,120,384000,1920000,15400000
75,46,121,25900,130000,1040000
76,46,122,8550,42800,342000
77,46,123,303,1520,52700
78,46,124,73.4,367,15200
79,46,125,6.66,33.3,3650
80,46,126,1.75,8.75,696
81,46,127,0.123,0.615,99.7
82,46,128,0.0154,0.0768,10.1
83,46,129,0.00226,0.0113,0.112
84,46,130,0.000587,0.00293,0.0335
85,46,131,0.000137,0.000686,0.00933
86,46,132,2.9E-05,0.000145,0.00233
87,46,133,4.8E-06,2.4E-05,0.000502
88,46,134,7.34E-07,3.67E-06,8.85E-05
89,46,135,9.42E-08,4.71E-07,1.2E-05
90,46,136,1.18E-08,5.92E-08,1.19E-06
91,46,137,1.21E-09,6.06E-09,4.85E-08
92,46,138,1.4E-10,6.99E-10,1.18E-08
93,46,139,9.76E-12,4.88E-11,2.86E-09
94,46,140,1.06E-12,5.31E-12,6.11E-10
95,46,141,0,0,1.1E-10
96,46,142,1.41E-14,7.06E-14,1.56E-11
47,47,94,3.04,15.2,873
48,47,95,131,657,32000
49,47,96,4560,22800,809000
50,47,97,94300,471000,12100000
51,47,98,1170000,5850000,112000000
52,47,99,8850000,44200000,663000000
53,47,100,41200000,206000000,2650000000
54,47,101,120000000,602000000,10300000000
55,47,102,231000000,1160000000,33600000000
56,47,103,307000000,1540000000,74800000000
57,47,104,293000000,1460000000,102000000000
58,47,105,213000000,1070000000,64600000000
59,47,106,132000000,658000000,15700000000
60,47,107,71700000,358000000,12100000000
61,47,108,35000000,175000000,13700000000
62,47,109,16000000,79900000,13600000000
63,47,110,14800000,74200000,11900000000
64,47,111,23700000,118000000,9720000000
65,47,112,21000000,105000000,7450000000
66,47,113,27300000,136000000,5490000000
67,47,114,15400000,77100000,3860000000
68,47,115,14800000,74100000,2560000000
69,47,116,7080000,35400000,1560000000
70,47,117,11700000,58300000,860000000
71,47,118,7880000,39400000,413000000
72,47,119,10500000,52700000,422000000
73,47,120,3930000,19700000,157000000
74,47,121,2680000,13400000,107000000
75,47,122,500000,2500000,20000000
76,47,123,179000,897000,7180000
77,47,124,15000,75200,602000
78,47,125,3800,19000,152000
79,47,126,1050,5240,41900
80,47,127,193,965,7720
81,47,128,4.08,20.4,1080
82,47,129,0.197,0.983,122
83,47,130,0.0181,0.0905,2.04
84,47,131,0.00454,0.0227,0.62
85,47,132,0.00104,0.00518,0.172
86,47,133,0.000218,0.00109,0.0418
87,47,134,3.62E-05,0.000181,0.00854
88,47,135,5.33E-06,2.66E-05,0.0014
89,47,136,6.53E-07,3.26E-06,0.000174
90,47,137,7.93E-08,3.97E-07,1.55E-05
91,47,138,7.78E-09,3.89E-08,1.41E-06
92,47,139,8.77E-10,4.39E-09,3.62E-07
93,47,140,5.94E-11,2.97E-10,8.35E-08
94,47,141,6.35E-12,3.18E-11,1.65E-08
95,47,142,4.75E-13,2.38E-12,2.66E-09
96,47,143,9.72E-14,4.86E-13,3.27E-10
43,48,91,8.27E-08,4.14E-07,4.86E-05
44,48,92,2.2E-06,1.1E-05,0.00112
45,48,93,5.92E-05,0.000296,0.024
46,48,94,0.00161,0.00804,0.471
47,48,95,0.0442,0.221,9.54
48,48,96,1.24,6.22,228
49,48,97,54.8,274,8700
50,48,98,2140,10700,223000
51,48,99,49600,248000,3470000
52,48,100,682000,3410000,34600000
53,48,101,5580000,27900000,233000000
54,48,102,28100000,141000000,1130000000
55,48,103,90700000,453000000,4110000000
56,48,104,195000000,975000000,19100000000
57,48,105,293000000,1460000000,72800000000
58,48,106,326000000,1630000000,46600000000000
59,48,107,269000000,1340000000,45400000000
60,48,108,185000000,924000000,33900000000
61,48,109,111000000,553000000,16500000000
62,48,110,58700000,293000000,12200000000
63,48,111,27500000,137000000,14400000000
64,48,112,18900000,94300000,15500000000
65,48,113,15900000,79500000,15200000000
66,48,114,24100000,121000000,14000000000
67,48,115,18600000,92800000,12200000000
68,48,116,24100000,121000000,10200000000
69,48,117,12400000,61900000,7860000000
70,48,118,12900000,64300000,5590000000
71,48,119,6140000,30700000,3590000000
72,48,120,11700000,58400000,2030000000
73,48,121,5850000,29300000,998000000
74,48,122,8040000,40200000,418000000
75,48,123,2170000,10900000,86800000
76,48,124,1580000,7880000,63000000
77,48,125,210000,1050000,8390000
78,48,126,105000,523000,4190000
79,48,127,26700,134000,1070000
80,48,128,14300,71500,572000
81,48,129,357,1780,14300
82,48,130,13,65.1,1700
83,48,131,0.167,0.837,29.7
84,48,132,0.0386,0.193,9.09
85,48,133,0.00805,0.0403,2.49
86,48,134,0.00172,0.00859,0.586
87,48,135,0.000286,0.00143,0.114
88,48,136,4.21E-05,0.00021,0.0174
89,48,137,4.93E-06,2.47E-05,0.00201
90,48,138,5.62E-07,2.81E-06,0.000162
91,48,139,5.19E-08,2.6E-07,3.61E-05
92,48,140,5.67E-09,2.83E-08,9E-06
93,48,141,3.71E-10,1.86E-09,1.96E-06
94,48,142,3.95E-11,1.98E-10,3.56E-07
95,48,143,3.1E-12,1.55E-11,5.1E-08
96,48,144,6.36E-13,3.18E-12,5.42E-09
97,48,145,1.29E-13,6.46E-13,1.17E-10
98,48,146,2.57E-14,1.29E-13,3.06E-11
99,48,147,0,0,7.53E-12
49,49,98,0.507,2.54,54
50,49,99,22.7,113,1350
51,49,100,979,4900,39200
52,49,101,24200,121000,967000
53,49,102,350000,1750000,14000000
54,49,103,3080000,15400000,123000000
55,49,104,17000000,85000000,680000000
56,49,105,61200000,306000000,2450000000
57,49,106,149000000,747000000,5980000000
58,49,107,258000000,1290000000,18600000000
59,49,108,332000000,1660000000,43700000000
60,49,109,327000000,1630000000,72900000000
61,49,110,254000000,1270000000,75900000000
62,49,111,168000000,842000000,43300000000
63,49,112,97100000,486000000,9380000000
64,49,113,49300000,247000000,11400000000
65,49,114,21700000,108000000,15500000000
66,49,115,18300000,91600000,19700000000
67,49,116,15900000,79700000,23600000000
68,49,117,23300000,116000000,26200000000
69,49,118,18300000,91700000,26800000000
70,49,119,22400000,112000000,25600000000
71,49,120,11700000,58700000,22600000000
72,49,121,11300000,56700000,18400000000
73,49,122,5440000,27200000,13600000000
74,49,123,8800000,44000000,9120000000
75,49,124,4860000,24300000,320000000
76,49,125,4760000,23800000,190000000
77,49,126,1490000,7450000,59600000
78,49,127,936000,4680000,37400000
79,49,128,519000,2590000,20700000
80,49,129,403000,2020000,16100000
81,49,130,26000,130000,1040000
82,49,131,1150,5740,45900
83,49,132,6.48,32.4,364
84,49,133,0.729,3.64,112
85,49,134,0.042,0.21,30.5
86,49,135,0.0167,0.0833,7.03
87,49,136,0.00262,0.0131,1.32
88,49,137,0.000374,0.00187,0.195
89,49,138,4.07E-05,0.000203,0.0213
90,49,139,4.59E-06,2.29E-05,0.00284
91,49,140,3.81E-07,1.9E-06,0.000762
92,49,141,4.03E-08,2.02E-07,0.000183
93,49,142,2.45E-09,1.23E-08,3.74E-05
94,49,143,2.55E-10,1.27E-09,6.19E-06
95,49,144,2.04E-11,1.02E-10,7.87E-07
96,49,145,4.07E-12,2.04E-11,7.28E-08
97,49,146,8.19E-13,4.1E-12,4.2E-09
98,49,147,1.56E-13,7.82E-13,1.09E-09
99,49,148,2.48E-14,1.24E-13,2.56E-10
100,49,149,3.46E-15,1.73E-14,6.13E-11
101,49,150,3.83E-16,1.92E-15,1.78E-11
102,49,151,4.91E-17,2.45E-16,5.03E-12
45,50,95,1.23E-08,6.16E-08,2.7E-06
46,50,96,3.34E-07,1.67E-06,6.25E-05
47,50,97,9.18E-06,4.59E-05,0.00136
48,50,98,0.000256,0.00128,0.0275
49,50,99,0.00723,0.0361,0.506
50,50,100,0.205,1.03,8.39
51,50,101,8.6,43,344
52,50,102,380,1900,15200
53,50,103,9780,48900,391000
54,50,104,151000,753000,6020000
55,50,105,1430000,7170000,57400000
56,50,106,8750000,43800000,350000000
57,50,107,35600000,178000000,1420000000
58,50,108,100000000,500000000,4000000000
59,50,109,202000000,1010000000,8100000000
60,50,110,307000000,1540000000,27800000000
61,50,111,364000000,1820000000,77500000000
62,50,112,337000000,1690000000,42300000000000
63,50,113,259000000,1290000000,10300000000
64,50,114,172000000,858000000,7480000000
65,50,115,97500000,487000000,9240000000
66,50,116,45800000,229000000,11100000000
67,50,117,17000000,84800000,14800000000
68,50,118,19200000,96000000,22500000000
69,50,119,15800000,79200000,32300000000
70,50,120,24500000,123000000,44200000000
71,50,121,17700000,88400000,57200000000
72,50,122,20400000,102000000,70700000000
73,50,123,9530000,47600000,80400000000
74,50,124,8930000,44700000,40300000000000
75,50,125,4250000,21300000,2770000000
76,50,126,5740000,28700000,1620000000
77,50,127,2880000,14400000,832000000
78,50,128,3280000,16400000,374000000
79,50,129,2750000,13700000,110000000
80,50,130,3680000,18400000,147000000
81,50,131,619000,3090000,24800000
82,50,132,54000,270000,2160000
83,50,133,887,4440,35500
84,50,134,62.3,312,2490
85,50,135,2.37,11.9,322
86,50,136,0.251,1.25,74
87,50,137,0.0265,0.132,13.9
88,50,138,0.00371,0.0185,2.02
89,50,139,0.000389,0.00194,0.215
90,50,140,4.16E-05,0.000208,0.0522
91,50,141,3.2E-06,1.6E-05,0.0138
92,50,142,3.29E-07,1.65E-06,0.00317
93,50,143,1.77E-08,8.85E-08,0.00061
94,50,144,1.76E-09,8.79E-09,9.28E-05
95,50,145,1.3E-10,6.52E-10,1.07E-05
96,50,146,2.57E-11,1.28E-10,8.88E-07
97,50,147,5.06E-12,2.53E-11,1.26E-07
98,50,148,9.63E-13,4.82E-12,3.15E-08
99,50,149,1.5E-13,7.49E-13,7.09E-09
100,50,150,2.15E-14,1.08E-13,2.13E-09
101,50,151,2.24E-15,1.12E-14,6.21E-10
102,50,152,2.73E-16,1.37E-15,1.72E-10
103,50,153,1.35E-17,6.77E-17,4.36E-11
104,50,154,1.37E-18,6.86E-18,9.77E-12
53,51,104,117,583,4660
54,51,105,3130,15700,125000
55,51,106,51300,256000,2050000
56,51,107,530000,2650000,21200000
57,51,108,3590000,17900000,144000000
58,51,109,16600000,82900000,663000000
59,51,110,54500000,272000000,2180000000
60,51,111,132000000,660000000,5280000000
61,51,112,244000000,1220000000,9770000000
62,51,113,362000000,1810000000,14500000000
63,51,114,441000000,2200000000,17600000000
64,51,115,424000000,2120000000,17000000000
65,51,116,333000000,1670000000,13300000000
66,51,117,214000000,1070000000,8580000000
67,51,118,109000000,547000000,8970000000
68,51,119,42000000,210000000,11200000000
69,51,120,12800000,64200000,14300000000
70,51,121,18800000,94200000,17300000000
71,51,122,17500000,87700000,19800000000
72,51,123,25900000,129000000,21100000000
73,51,124,18500000,92300000,21200000000
74,51,125,18100000,90700000,20000000000
75,51,126,7690000,38400000,17600000000
76,51,127,6050000,30300000,14500000000
77,51,128,3120000,15600000,11000000000
78,51,129,4560000,22800000,7710000000
79,51,130,6790000,34000000,272000000
80,51,131,15400000,77100000,617000000
81,51,132,4760000,23800000,190000000
82,51,133,771000,3860000,30900000
83,51,134,24300,121000,971000
84,51,135,4880,24400,195000
85,51,136,318,1590,12700
86,51,137,23.7,119,948
87,51,138,0.787,3.93,136
88,51,139,0.0561,0.28,20.1
89,51,140,0.00438,0.0219,2.6
90,51,141,0.000454,0.00227,0.759
91,51,142,3.14E-05,0.000157,0.196
92,51,143,3.09E-06,1.54E-05,0.0433
93,51,144,1.51E-07,7.55E-07,0.0078
94,51,145,1.41E-08,7.04E-08,0.0011
95,51,146,8.61E-10,4.3E-09,0.000117
96,51,147,1.62E-10,8.11E-10,1.16E-05
97,51,148,3.16E-11,1.58E-10,3.11E-06
98,51,149,6.01E-12,3E-11,7.46E-07
99,51,150,9.17E-13,4.59E-12,2.06E-07
100,51,151,1.26E-13,6.31E-13,6.24E-08
101,51,152,1.37E-14,6.85E-14,1.8E-08
102,51,153,1.62E-15,8.1E-15,4.83E-09
103,51,154,8.27E-17,4.14E-16,1.16E-09
104,51,155,8.08E-18,4.04E-17,2.38E-10
105,51,156,3.64E-19,1.82E-18,4.01E-11
106,51,157,3.64E-20,1.82E-19,5.23E-12
51,52,103,0.000855,0.00428,0.0342
52,52,104,0.0205,0.103,0.821
53,52,105,0.564,2.82,22.6
54,52,106,26,130,1040
55,52,107,720,3600,28800
56,52,108,12400,61800,494000
57,52,109,137000,686000,5820000
58,52,110,1030000,5150000,52900000
59,52,111,5460000,27300000,307000000
60,52,112,21300000,107000000,1170000000
61,52,113,64700000,323000000,2960000000
62,52,114,157000000,787000000,6300000000
63,52,115,312000000,1560000000,12500000000
64,52,116,504000000,2520000000,20100000000
65,52,117,665000000,3330000000,26600000000
66,52,118,672000000,3360000000,26900000000
67,52,119,518000000,2590000000,20700000000
68,52,120,303000000,1510000000,12100000000
69,52,121,128000000,640000000,9040000000
70,52,122,36500000,183000000,10100000000
71,52,123,13300000,66500000,14800000000
72,52,124,20400000,102000000,21200000000
73,52,125,18500000,92500000,29100000000
74,52,126,25000000,125000000,38200000000
75,52,127,15200000,75900000,48000000000
76,52,128,13800000,69200000,57600000000
77,52,129,5120000,25600000,64600000000
78,52,130,4140000,20700000,37200000000000
79,52,131,5900000,29500000,2290000000
80,52,132,25900000,130000000,1380000000
81,52,133,13800000,69200000,743000000
82,52,134,4900000,24500000,356000000
83,52,135,353000,1760000,14100000
84,52,136,209000,1040000,8360000
85,52,137,14200,71200,570000
86,52,138,2010,10100,80500
87,52,139,74.7,374,2990
88,52,140,4.34,21.7,202
89,52,141,0.084,0.42,32.4
90,52,142,0.00553,0.0276,9.41
91,52,143,0.000356,0.00178,2.39
92,52,144,3.43E-05,0.000171,0.508
93,52,145,1.46E-06,7.3E-06,0.0877
94,52,146,1.28E-07,6.38E-07,0.0118
95,52,147,6.22E-09,3.11E-08,0.00117
96,52,148,1.33E-09,6.64E-09,0.000244
97,52,149,2.94E-10,1.47E-09,6.33E-05
98,52,150,6.5E-11,3.25E-10,1.62E-05
99,52,151,1.44E-11,7.19E-11,5.12E-06
100,52,152,3.19E-12,1.59E-11,1.54E-06
101,52,153,7.07E-13,3.54E-12,4.36E-07
102,52,154,1.57E-13,7.87E-13,1.12E-07
103,52,155,5.23E-16,2.62E-15,2.5E-08
104,52,156,4.68E-17,2.34E-16,4.67E-09
105,52,157,2.23E-18,1.12E-17,6.97E-10
106,52,158,2.11E-19,1.06E-18,7.8E-11
55,53,108,3.57,17.8,168
56,53,109,97.9,489,6990
57,53,110,1710,8550,181000
58,53,111,20000,100000,2940000
59,53,112,165000,824000,30200000
60,53,113,1020000,5110000,197000000
61,53,114,5000000,25000000,841000000
62,53,115,19900000,99300000,2380000000
63,53,116,65300000,327000000,4600000000
64,53,117,179000000,897000000,7180000000
65,53,118,408000000,2040000000,16300000000
66,53,119,757000000,3790000000,30300000000
67,53,120,1120000000,5590000000,44800000000
68,53,121,1230000000,6170000000,49400000000
69,53,122,933000000,4660000000,37300000000
70,53,123,489000000,2440000000,19600000000
71,53,124,13300000,66500000,8600000000
72,53,125,15800000,79200000,11000000000
73,53,126,13300000,66600000,13300000000
74,53,127,20500000,102000000,15600000000
75,53,128,19500000,97500000,17100000000
76,53,129,23600000,118000000,17800000000
77,53,130,15500000,77700000,17600000000
78,53,131,8480000,42400000,16500000000
79,53,132,3920000,19600000,14600000000
80,53,133,18200000,90900000,12100000000
81,53,134,19300000,96700000,9460000000
82,53,135,13100000,65600000,6890000000
83,53,136,2900000,14500000,116000000
84,53,137,1540000,7700000,61600000
85,53,138,335000,1680000,13400000
86,53,139,86700,434000,3470000
87,53,140,8010,40000,320000
88,53,141,448,2240,17900
89,53,142,12.9,64.6,517
90,53,143,0.34,1.7,100
91,53,144,0.00456,0.0228,25.1
92,53,145,0.000438,0.00219,5.26
93,53,146,1.69E-05,8.47E-05,0.891
94,53,147,1.36E-06,6.8E-06,0.116
95,53,148,1.34E-07,6.69E-07,0.0151
96,53,149,3.11E-08,1.56E-07,0.00426
97,53,150,7.22E-09,3.61E-08,0.00107
98,53,151,1.67E-09,8.34E-09,0.000336
99,53,152,3.85E-10,1.93E-09,0.000107
100,53,153,8.9E-11,4.45E-10,3.18E-05
101,53,154,2.06E-11,1.03E-10,8.75E-06
102,53,155,4.76E-12,2.38E-11,2.13E-06
103,53,156,1.11E-12,5.53E-12,4.41E-07
104,53,157,2.57E-13,1.29E-12,7.47E-08
105,53,158,1.33E-17,6.65E-17,9.82E-09
106,53,159,1.19E-18,5.93E-18,9.54E-10
107,53,160,1.29E-20,6.45E-20,6.57E-11
108,53,161,1.18E-22,5.92E-22,1.79E-11
53,54,107,4.12E-05,0.000206,0.00165
54,54,108,0.000756,0.00378,0.0303
55,54,109,0.0127,0.0637,0.857
56,54,110,0.219,1.1,57.9
57,54,111,5.58,27.9,2720
58,54,112,94.1,470,79900
59,54,113,1140,5680,1460000
60,54,114,13700,68600,16800000
61,54,115,112000,559000,124000000
62,54,116,614000,3070000,587000000
63,54,117,2310000,11500000,1830000000
64,54,118,10700000,53500000,3890000000
65,54,119,42300000,211000000,5900000000
66,54,120,145000000,724000000,6750000000
67,54,121,419000000,2090000000,16800000000
68,54,122,983000000,4920000000,39300000000
69,54,123,1790000000,8940000000,71500000000
70,54,124,879000000000,4400000000000,35200000000000
71,54,125,17700000,88600000,4630000000
72,54,126,16300000,81700000,4510000000
73,54,127,11600000,57800000,7030000000
74,54,128,13900000,69300000,10500000000
75,54,129,13300000,66500000,14900000000
76,54,130,23000000,115000000,20500000000
77,54,131,20100000,101000000,27000000000
78,54,132,18700000,93700000,34200000000
79,54,133,7400000,37000000,42000000000
80,54,134,7670000,38400000,49200000000
81,54,135,9770000,48900000,54600000000
82,54,136,13900000,69300000,32900000000000
83,54,137,7310000,36600000,542000000
84,54,138,7610000,38100000,304000000
85,54,139,2690000,13500000,108000000
86,54,140,1200000,6020000,48200000
87,54,141,132000,662000,5300000
88,54,142,17800,89100,713000
89,54,143,750,3750,30000
90,54,144,30.7,153,1230
91,54,145,0.556,2.78,234
92,54,146,0.0059,0.0295,49.8
93,54,147,0.000216,0.00108,8.47
94,54,148,1.67E-05,8.34E-05,1.11
95,54,149,2.65E-06,1.33E-05,0.228
96,54,150,6.3E-07,3.15E-06,0.0633
97,54,151,1.53E-07,7.65E-07,0.0177
98,54,152,3.71E-08,1.85E-07,0.00591
99,54,153,8.94E-09,4.47E-08,0.00188
100,54,154,2.16E-09,1.08E-08,0.000554
101,54,155,5.19E-10,2.6E-09,0.000146
102,54,156,1.25E-10,6.26E-10,3.36E-05
103,54,157,3.02E-11,1.51E-10,6.44E-06
104,54,158,7.3E-12,3.65E-11,9.86E-07
105,54,159,1.77E-12,8.84E-12,1.15E-07
106,54,160,4.3E-13,2.15E-12,9.81E-09
107,54,161,7.03E-20,3.52E-19,1.82E-09
108,54,162,4.68E-22,2.34E-21,4.75E-10
109,54,163,0,0,1.1E-10
110,54,164,0,0,2.15E-11
111,54,165,0,0,6.23E-12
57,55,112,0.0126,0.063,19.6
58,55,113,0.625,3.13,1050
59,55,114,20.2,101,34600
60,55,115,427,2140,713000
61,55,116,5930,29700,9150000
62,55,117,53800,269000,73000000
63,55,118,334000,1670000,376000000
64,55,119,1420000,7120000,1290000000
65,55,120,4240000,21200000,3050000000
66,55,121,9010000,45100000,5190000000
67,55,122,14100000,70400000,6640000000
68,55,123,16700000,83600000,6680000000
69,55,124,17300000,86700000,5390000000
70,55,125,11700000,58300000,4960000000
71,55,126,7710000,38600000,5620000000
72,55,127,11000000,55100000,5490000000
73,55,128,11300000,56400000,4740000000
74,55,129,15200000,76100000,3810000000
75,55,130,12000000,59900000,2900000000
76,55,131,15600000,77900000,2100000000
77,55,132,17400000,87100000,1470000000
78,55,133,23300000,116000000,983000000
79,55,134,15000000,75100000,630000000
80,55,135,10400000,51800000,471000000
81,55,136,5030000,25100000,529000000
82,55,137,6770000,33900000,271000000
83,55,138,6890000,34400000,275000000
84,55,139,12400000,62100000,497000000
85,55,140,9200000,46000000,368000000
86,55,141,6120000,30600000,245000000
87,55,142,1530000,7670000,61300000
88,55,143,400000,2000000,16000000
89,55,144,31800,159000,1270000
90,55,145,2850,14200,114000
91,55,146,62.7,314,2510
92,55,147,3.79,19,442
93,55,148,0.00286,0.0143,77.9
94,55,149,0.000214,0.00107,10.5
95,55,150,4.43E-05,0.000221,2.84
96,55,151,1.14E-05,5.68E-05,0.777
97,55,152,2.82E-06,1.41E-05,0.267
98,55,153,7.15E-07,3.57E-06,0.0884
99,55,154,1.8E-07,9.01E-07,0.028
100,55,155,4.54E-08,2.27E-07,0.00806
101,55,156,1.14E-08,5.7E-08,0.00205
102,55,157,2.86E-09,1.43E-08,0.000444
103,55,158,7.18E-10,3.59E-09,7.9E-05
104,55,159,1.8E-10,9.01E-10,1.1E-05
105,55,160,4.54E-11,2.27E-10,1.17E-06
106,55,161,1.14E-11,5.72E-11,1.53E-07
107,55,162,2.89E-12,1.45E-11,4.22E-08
108,55,163,7.35E-13,3.68E-12,1.04E-08
109,55,164,1.87E-13,9.37E-13,2.22E-09
110,55,165,0,0,5.42E-10
111,55,166,0,0,1.83E-10
112,55,167,0,0,6.29E-11
113,55,168,0,0,2.16E-11
114,55,169,0,0,7.31E-12
55,56,111,7.97E-08,3.98E-07,0.000109
56,56,112,2.03E-06,1.01E-05,0.00306
57,56,113,5.96E-05,0.000298,0.0904
58,56,114,0.00329,0.0164,6.55
59,56,115,0.179,0.897,398
60,56,116,6.44,32.2,14700
61,56,117,152,761,325000
62,56,118,2380,11900,4420000
63,56,119,24800,124000,38000000
64,56,120,175000,876000,214000000
65,56,121,833000,4170000,814000000
66,56,122,2810000,14100000,2170000000
67,56,123,6770000,33800000,4190000000
68,56,124,11900000,59500000,6110000000
69,56,125,15800000,78800000,7060000000
70,56,126,16400000,81900000,6520000000
71,56,127,13400000,67100000,5090000000
72,56,128,9460000,47300000,5130000000
73,56,129,5970000,29800000,5760000000
74,56,130,13000000,65200000,5720000000
75,56,131,11100000,55500000,5100000000
76,56,132,14800000,73900000,4250000000
77,56,133,10300000,51600000,3370000000
78,56,134,16500000,82600000,2550000000
79,56,135,14800000,74100000,1840000000
80,56,136,15700000,78500000,1280000000
81,56,137,8380000,41900000,850000000
82,56,138,5380000,26900000,537000000
83,56,139,2720000,13600000,318000000
84,56,140,7130000,35700000,285000000
85,56,141,9860000,49300000,394000000
86,56,142,12900000,64600000,517000000
87,56,143,5440000,27200000,218000000
88,56,144,2300000,11500000,91900000
89,56,145,302000,1510000,12100000
90,56,146,46000,230000,1840000
91,56,147,2020,10100,80800
92,56,148,177,884,7070
93,56,149,2.42,12.1,717
94,56,150,0.138,0.692,104
95,56,151,0.000651,0.00326,30.3
96,56,152,0.000177,0.000885,9.23
97,56,153,4.61E-05,0.00023,3.34
98,56,154,1.22E-05,6.12E-05,1.14
99,56,155,3.16E-06,1.58E-05,0.358
100,56,156,8.31E-07,4.16E-06,0.101
101,56,157,2.18E-07,1.09E-06,0.0247
102,56,158,5.7E-08,2.85E-07,0.00509
103,56,159,1.49E-08,7.45E-08,0.000849
104,56,160,3.89E-09,1.94E-08,0.000111
105,56,161,1.02E-09,5.08E-09,1.08E-05
106,56,162,2.66E-10,1.33E-09,3.06E-06
107,56,163,6.96E-11,3.48E-10,8.1E-07
108,56,164,1.83E-11,9.15E-11,1.88E-07
109,56,165,4.83E-12,2.42E-11,3.99E-08
110,56,166,1.28E-12,6.39E-12,1.38E-08
111,56,167,3.4E-13,1.7E-12,4.75E-09
112,56,168,0,0,1.66E-09
113,56,169,0,0,5.76E-10
114,56,170,0,0,1.94E-10
115,56,171,0,0,6.19E-11
116,56,172,0,0,1.82E-11
117,56,173,0,0,4.84E-12
59,57,116,0.000823,0.00412,2.17
60,57,117,0.0492,0.246,140
61,57,118,1.95,9.77,5370
62,57,119,51.5,258,125000
63,57,120,906,4530,1810000
64,57,121,10700,53300,16900000
65,57,122,85200,426000,105000000
66,57,123,467000,2330000,448000000
67,57,124,1760000,8800000,1350000000
68,57,125,4790000,24000000,3010000000
69,57,126,9510000,47600000,5080000000
70,57,127,14100000,70600000,6770000000
71,57,128,16300000,81500000,7410000000
72,57,129,14800000,74100000,6560000000
73,57,130,11200000,56100000,5030000000
74,57,131,7520000,37600000,5120000000
75,57,132,7970000,39800000,5870000000
76,57,133,14200000,71000000,6130000000
77,57,134,11600000,57800000,5760000000
78,57,135,13300000,66300000,5070000000
79,57,136,10300000,51300000,4260000000
80,57,137,14600000,73000000,3460000000
81,57,138,12100000,60300000,2700000000
82,57,139,11000000,54900000,2010000000
83,57,140,3610000,18100000,1410000000
84,57,141,3140000,15700000,924000000
85,57,142,4760000,23800000,552000000
86,57,143,9080000,45400000,363000000
87,57,144,8100000,40500000,324000000
88,57,145,6060000,30300000,243000000
89,57,146,1490000,7440000,59500000
90,57,147,389000,1950000,15600000
91,57,148,32000,160000,1280000
92,57,149,4750,23700,190000
93,57,150,106,530,6820
94,57,151,9.59,47.9,1120
95,57,152,0.00808,0.0404,281
96,57,153,0.0023,0.0115,97.7
97,57,154,0.000649,0.00325,35.9
98,57,155,0.000183,0.000914,12.3
99,57,156,4.92E-05,0.000246,3.84
100,57,157,1.35E-05,6.77E-05,1.06
101,57,158,3.63E-06,1.81E-05,0.253
102,57,159,9.91E-07,4.96E-06,0.0499
103,57,160,2.7E-07,1.35E-06,0.00795
104,57,161,7.32E-08,3.66E-07,0.000981
105,57,162,1.99E-08,9.95E-08,0.000182
106,57,163,5.41E-09,2.7E-08,5.13E-05
107,57,164,1.47E-09,7.35E-09,1.3E-05
108,57,165,4E-10,2E-09,2.83E-06
109,57,166,1.09E-10,5.45E-10,8.48E-07
110,57,167,2.99E-11,1.49E-10,3.03E-07
111,57,168,8.2E-12,4.1E-11,1.08E-07
112,57,169,2.26E-12,1.13E-11,3.82E-08
113,57,170,6.28E-13,3.14E-12,1.32E-08
114,57,171,1.75E-13,8.76E-13,4.37E-09
115,57,172,0,0,1.34E-09
116,57,173,0,0,3.76E-10
117,57,174,0,0,1.12E-10
118,57,175,0,0,3.97E-11
119,57,176,0,0,1.34E-11
120,57,177,0,0,4.21E-12
57,58,115,5.25E-09,2.63E-08,1.15E-05
58,58,116,1.33E-07,6.66E-07,0.00033
59,58,117,3.88E-06,1.94E-05,0.00921
60,58,118,0.000199,0.000996,0.603
61,58,119,0.0129,0.0647,39.9
62,58,120,0.566,2.83,1590
63,58,121,16.6,82.9,39100
64,58,122,327,1630,609000
65,58,123,4330,21600,6200000
66,58,124,39100,196000,42500000
67,58,125,243000,1210000,204000000
68,58,126,1050000,5270000,706000000
69,58,127,3210000,16000000,1830000000
70,58,128,7200000,36000000,3640000000
71,58,129,12000000,59900000,5750000000
72,58,130,15300000,76700000,7410000000
73,58,131,15600000,78100000,8090000000
74,58,132,12800000,64000000,7330000000
75,58,133,9150000,45700000,5770000000
76,58,134,9100000,45500000,4850000000
77,58,135,9230000,46100000,5870000000
78,58,136,13100000,65400000,6600000000
79,58,137,8300000,41500000,7010000000
80,58,138,9260000,46300000,6940000000
81,58,139,9180000,45900000,6540000000
82,58,140,13400000,66900000,5900000000
83,58,141,6900000,34500000,5050000000
84,58,142,4950000,24700000,4070000000
85,58,143,1960000,9780000,3060000000
86,58,144,2950000,14700000,2120000000
87,58,145,3990000,20000000,1350000000
88,58,146,5050000,25200000,768000000
89,58,147,2400000,12000000,393000000
90,58,148,1310000,6540000,178000000
91,58,149,137000,684000,5470000
92,58,150,28500,142000,1140000
93,58,151,1330,6640,68600
94,58,152,106,530,13200
95,58,153,1.57,7.84,2290
96,58,154,0.182,0.911,888
97,58,155,0.00775,0.0387,333
98,58,156,0.00228,0.0114,115
99,58,157,0.000665,0.00333,35.8
100,58,158,0.000193,0.000967,9.81
101,58,159,5.63E-05,0.000282,2.28
102,58,160,1.53E-05,7.67E-05,0.442
103,58,161,4.27E-06,2.14E-05,0.0688
104,58,162,1.21E-06,6.05E-06,0.00869
105,58,163,3.42E-07,1.71E-06,0.00265
106,58,164,9.63E-08,4.82E-07,0.000728
107,58,165,2.72E-08,1.36E-07,0.000175
108,58,166,7.67E-09,3.83E-08,4.35E-05
109,58,167,2.16E-09,1.08E-08,1.59E-05
110,58,168,6.13E-10,3.06E-09,5.86E-06
111,58,169,1.74E-10,8.69E-10,2.14E-06
112,58,170,4.95E-11,2.48E-10,7.55E-07
113,58,171,1.42E-11,7.08E-11,2.59E-07
114,58,172,4.06E-12,2.03E-11,8.33E-08
115,58,173,1.17E-12,5.87E-12,2.45E-08
116,58,174,3.4E-13,1.7E-12,6.88E-09
117,58,175,9.93E-14,4.97E-13,2.49E-09
118,58,176,0,0,8.66E-10
119,58,177,0,0,2.82E-10
120,58,178,0,0,8.36E-11
121,58,179,0,0,2.19E-11
122,58,180,0,0,4.93E-12
61,59,120,4.66E-05,0.000233,0.13
62,59,121,0.00327,0.0164,8.83
63,59,122,0.156,0.781,365
64,59,123,5.07,25.4,9400
65,59,124,112,558,156000
66,59,125,1660,8310,1720000
67,59,126,16900,84500,14500000
68,59,127,119000,596000,89400000
69,59,128,587000,2930000,373000000
70,59,129,2050000,10200000,1090000000
71,59,130,5130000,25600000,2300000000
72,59,131,9620000,48100000,4040000000
73,59,132,13800000,68800000,6590000000
74,59,133,15600000,77800000,9040000000
75,59,134,14000000,70200000,10600000000
76,59,135,10800000,53800000,9980000000
77,59,136,7330000,36700000,7890000000
78,59,137,7390000,37000000,5170000000
79,59,138,6550000,32700000,5730000000
80,59,139,7480000,37400000,7440000000
81,59,140,5910000,29600000,9160000000
82,59,141,9000000,45000000,10800000000
83,59,142,6740000,33700000,11800000000
84,59,143,7170000,35900000,12100000000
85,59,144,4420000,22100000,11800000000
86,59,145,2780000,13900000,10800000000
87,59,146,1130000,5670000,9190000000
88,59,147,1830000,9160000,7350000000
89,59,148,1650000,8260000,5470000000
90,59,149,1350000,6770000,3790000000
91,59,150,374000,1870000,37900000
92,59,151,124000,621000,4970000
93,59,152,9100,45500,733000
94,59,153,1330,6650,174000
95,59,154,29.3,147,33300
96,59,155,3.72,18.6,6980
97,59,156,0.256,1.28,2680
98,59,157,0.0249,0.125,938
99,59,158,0.00762,0.0381,294
100,59,159,0.00231,0.0116,80.6
101,59,160,0.000697,0.00349,18.9
102,59,161,0.00021,0.00105,3.66
103,59,162,6.32E-05,0.000316,0.566
104,59,163,1.78E-05,8.91E-05,0.111
105,59,164,5.14E-06,2.57E-05,0.0333
106,59,165,1.51E-06,7.53E-06,0.00888
107,59,166,4.41E-07,2.2E-06,0.00205
108,59,167,1.29E-07,6.45E-07,0.000693
109,59,168,3.78E-08,1.89E-07,0.000262
110,59,169,1.11E-08,5.54E-08,9.86E-05
111,59,170,3.25E-09,1.62E-08,3.63E-05
112,59,171,9.54E-10,4.77E-09,1.29E-05
113,59,172,2.81E-10,1.41E-09,4.32E-06
114,59,173,8.32E-11,4.16E-10,1.34E-06
115,59,174,2.47E-11,1.24E-10,3.77E-07
116,59,175,7.38E-12,3.69E-11,1.32E-07
117,59,176,2.21E-12,1.11E-11,4.75E-08
118,59,177,6.68E-13,3.34E-12,1.61E-08
119,59,178,2.03E-13,1.01E-12,4.98E-09
120,59,179,0,0,1.39E-09
121,59,180,0,0,3.35E-10
122,59,181,0,0,6.79E-11
123,59,182,0,0,1.1E-11
59,60,119,3.06E-10,1.53E-09,9.03E-07
60,60,120,7.68E-09,3.84E-08,2.21E-05
61,60,121,2.18E-07,1.09E-06,0.000522
62,60,122,1.06E-05,5.28E-05,0.0203
63,60,123,0.000799,0.00399,1.39
64,60,124,0.0415,0.208,58.3
65,60,125,1.48,7.4,1690
66,60,126,36.1,181,41800
67,60,127,604,3020,654000
68,60,128,6930,34700,6610000
69,60,129,55000,275000,44500000
70,60,130,307000,1530000,205000000
71,60,131,1210000,6070000,669000000
72,60,132,3480000,17400000,1600000000
73,60,133,7380000,36900000,2880000000
74,60,134,11700000,58400000,4580000000
75,60,135,14600000,73000000,8280000000
76,60,136,14700000,73600000,12500000000
77,60,137,12100000,60700000,15900000000
78,60,138,8800000,44000000,15800000000
79,60,139,5790000,29000000,12300000000
80,60,140,6400000,32000000,7470000000
81,60,141,5000000,25000000,4460000000
82,60,142,6320000,31600000,6750000000
83,60,143,4450000,22300000,9720000000
84,60,144,5720000,28600000,13400000000
85,60,145,4160000,20800000,17600000000
86,60,146,4490000,22500000,22200000000
87,60,147,1870000,9350000,26900000000
88,60,148,1310000,6540000,30800000000
89,60,149,526000,2630000,33100000000
90,60,150,647000,3230000,24100000000000
91,60,151,264000,1320000,327000000
92,60,152,133000,666000,22600000
93,60,153,20400,102000,8190000
94,60,154,4330,21600,2510000
95,60,155,193,965,640000
96,60,156,39.1,195,133000
97,60,157,5.38,26.9,18800
98,60,158,1.77,8.84,6750
99,60,159,0.0765,0.383,2170
100,60,160,0.0243,0.122,609
101,60,161,0.00766,0.0383,146
102,60,162,0.0024,0.012,29
103,60,163,0.000746,0.00373,4.58
104,60,164,0.000232,0.00116,1.19
105,60,165,7.22E-05,0.000361,0.352
106,60,166,2.11E-05,0.000105,0.0916
107,60,167,6.3E-06,3.15E-05,0.0257
108,60,168,1.91E-06,9.55E-06,0.00969
109,60,169,5.8E-07,2.9E-06,0.00377
110,60,170,1.76E-07,8.78E-07,0.00144
111,60,171,5.34E-08,2.67E-07,0.000532
112,60,172,1.62E-08,8.1E-08,0.000188
113,60,173,4.94E-09,2.47E-08,6.15E-05
114,60,174,1.5E-09,7.52E-09,1.84E-05
115,60,175,4.6E-10,2.3E-09,6E-06
116,60,176,1.42E-10,7.08E-10,2.2E-06
117,60,177,4.36E-11,2.18E-10,7.74E-07
118,60,178,1.35E-11,6.76E-11,2.53E-07
119,60,179,4.22E-12,2.11E-11,7.45E-08
120,60,180,1.32E-12,6.61E-12,1.93E-08
121,60,181,4.18E-13,2.09E-12,4.28E-09
122,60,182,1.33E-13,6.63E-13,7.78E-10
123,60,183,0,0,1.13E-10
124,60,184,0,0,1.23E-11
63,61,124,2.33E-06,1.16E-05,0.00201
64,61,125,0.000188,0.000942,0.185
65,61,126,0.0106,0.0529,12.7
66,61,127,0.412,2.06,534
67,61,128,11.1,55.7,13900
68,61,129,207,1040,233000
69,61,130,2670,13300,2540000
70,61,131,24000,120000,18800000
71,61,132,151000,754000,96400000
72,61,133,677000,3380000,355000000
73,61,134,2200000,11000000,964000000
74,61,135,5240000,26200000,2000000000
75,61,136,9460000,47300000,3260000000
76,61,137,13000000,65000000,4680000000
77,61,138,14500000,72700000,9910000000
78,61,139,13100000,65700000,17400000000
79,61,140,10200000,50900000,24800000000
80,61,141,7090000,35400000,27500000000
81,61,142,4530000,22600000,21600000000
82,61,143,4180000,20900000,12400000000
83,61,144,2990000,14900000,3980000000
84,61,145,3740000,18700000,3500000000
85,61,146,3290000,16400000,2960000000
86,61,147,3890000,19500000,2410000000
87,61,148,2660000,13300000,1880000000
88,61,149,2420000,12100000,1390000000
89,61,150,962000,4810000,964000000
90,61,151,551000,2760000,621000000
91,61,152,159000,795000,365000000
92,61,153,88800,444000,193000000
93,61,154,20600,103000,90800000
94,61,155,6380,31900,37400000
95,61,156,575,2880,13300000
96,61,157,184,922,4020000
97,61,158,52.8,264,117000
98,61,159,16,79.9,43700
99,61,160,2.02,10.1,14700
100,61,161,0.279,1.4,4320
101,61,162,0.0739,0.37,1090
102,61,163,0.0242,0.121,226
103,61,164,0.00786,0.0393,37.7
104,61,165,0.00253,0.0127,11.1
105,61,166,0.000815,0.00407,3.25
106,61,167,0.000261,0.00131,0.828
107,61,168,8.03E-05,0.000401,0.299
108,61,169,2.53E-05,0.000127,0.121
109,61,170,7.83E-06,3.92E-05,0.0471
110,61,171,2.46E-06,1.23E-05,0.0182
111,61,172,7.74E-07,3.87E-06,0.00673
112,61,173,2.43E-07,1.22E-06,0.00234
113,61,174,7.64E-08,3.82E-07,0.000749
114,61,175,2.41E-08,1.2E-07,0.000227
115,61,176,7.59E-09,3.79E-08,8.69E-05
116,61,177,2.4E-09,1.2E-08,3.17E-05
117,61,178,7.63E-10,3.82E-09,1.08E-05
118,61,179,2.43E-10,1.22E-09,3.38E-06
119,61,180,7.78E-11,3.89E-10,9.43E-07
120,61,181,2.5E-11,1.25E-10,2.28E-07
121,61,182,8.09E-12,4.05E-11,4.61E-08
122,61,183,2.63E-12,1.32E-11,7.54E-09
123,61,184,8.6E-13,4.3E-12,9.64E-10
124,61,185,2.84E-13,1.42E-12,9.26E-11
125,61,186,9.42E-14,4.71E-13,3.77E-12
62,62,124,3.89E-10,1.95E-09,6.33E-07
63,62,125,1.07E-08,5.37E-08,1.19E-05
64,62,126,5.28E-07,2.64E-06,0.000374
65,62,127,4.29E-05,0.000214,0.0438
66,62,128,0.0026,0.013,3.1
67,62,129,0.11,0.549,136
68,62,130,3.25,16.2,3760
69,62,131,67.3,337,67100
70,62,132,971,4850,799000
71,62,133,9820,49100,7150000
72,62,134,69700,349000,43500000
73,62,135,354000,1770000,186000000
74,62,136,1300000,6510000,572000000
75,62,137,3510000,17500000,1310000000
76,62,138,7110000,35500000,2310000000
77,62,139,11100000,55300000,3460000000
78,62,140,13500000,67400000,4510000000
79,62,141,13600000,67800000,8880000000
80,62,142,11300000,56600000,20000000000
81,62,143,8350000,41700000,35300000000
82,62,144,5630000,28200000,22600000000000
83,62,145,3510000,17500000,4330000000
84,62,146,2680000,13400000,4830000000
85,62,147,2040000,10200000,5070000000
86,62,148,2350000,11800000,4980000000
87,62,149,1830000,9140000,4670000000
88,62,150,2460000,12300000,4180000000
89,62,151,1390000,6940000,3530000000
90,62,152,1220000,6120000,2810000000
91,62,153,373000,1860000,2080000000
92,62,154,169000,844000,1420000000
93,62,155,27600,138000,891000000
94,62,156,7320,36600,504000000
95,62,157,824,4120,257000000
96,62,158,345,1730,117000000
97,62,159,175,873,1150000
98,62,160,96.5,482,260000
99,62,161,19.8,99.2,93100
100,62,162,4.22,21.1,29400
101,62,163,0.626,3.13,7920
102,62,164,0.214,1.07,1780
103,62,165,0.0727,0.364,324
104,62,166,0.0245,0.123,90.9
105,62,167,0.00819,0.041,26.5
106,62,168,0.00272,0.0136,7.36
107,62,169,0.000903,0.00451,3.09
108,62,170,0.000299,0.0015,1.28
109,62,171,9.49E-05,0.000475,0.517
110,62,172,3.09E-05,0.000155,0.201
111,62,173,9.9E-06,4.95E-05,0.0734
112,62,174,3.22E-06,1.61E-05,0.0251
113,62,175,1.05E-06,5.23E-06,0.00784
114,62,176,3.4E-07,1.7E-06,0.00285
115,62,177,1.11E-07,5.54E-07,0.00109
116,62,178,3.61E-08,1.81E-07,0.000391
117,62,179,1.18E-08,5.9E-08,0.000129
118,62,180,3.87E-09,1.94E-08,3.87E-05
119,62,181,1.27E-09,6.36E-09,1.02E-05
120,62,182,4.21E-10,2.1E-09,2.28E-06
121,62,183,1.39E-10,6.97E-10,4.23E-07
122,62,184,4.64E-11,2.32E-10,6.27E-08
123,62,185,1.56E-11,7.79E-11,7.19E-09
124,62,186,5.25E-12,2.63E-11,6.13E-10
125,62,187,1.78E-12,8.9E-12,7.12E-11
126,62,188,6.09E-13,3.05E-12,2.44E-11
67,63,130,0.000614,0.00307,0.589
68,63,131,0.0281,0.14,26.9
69,63,132,0.908,4.54,853
70,63,133,20.7,104,19000
71,63,134,334,1670,275000
72,63,135,3780,18900,2680000
73,63,136,30300,152000,18000000
74,63,137,174000,870000,85600000
75,63,138,721000,3600000,300000000
76,63,139,2200000,11000000,786000000
77,63,140,5010000,25100000,1570000000
78,63,141,8750000,43800000,2540000000
79,63,142,12000000,59800000,3540000000
80,63,143,13300000,66500000,4920000000
81,63,144,12000000,60100000,5980000000
82,63,145,9470000,47400000,6360000000
83,63,146,6740000,33700000,5780000000
84,63,147,4430000,22100000,4620000000
85,63,148,2710000,13500000,4370000000
86,63,149,1710000,8560000,5580000000
87,63,150,1350000,6760000,6790000000
88,63,151,1480000,7380000,7870000000
89,63,152,1290000,6430000,8470000000
90,63,153,1450000,7250000,8560000000
91,63,154,750000,3750000,8190000000
92,63,155,481000,2410000,7360000000
93,63,156,127000,637000,6200000000
94,63,157,35600,178000,4900000000
95,63,158,4520,22600,3610000000
96,63,159,742,3710,2480000000
97,63,160,238,1190,24900000
98,63,161,197,983,1440000
99,63,162,80.7,403,562000
100,63,163,28.2,141,194000
101,63,164,4.63,23.1,57700
102,63,165,1.66,8.31,14500
103,63,166,0.592,2.96,2980
104,63,167,0.208,1.04,658
105,63,168,0.0727,0.364,194
106,63,169,0.0252,0.126,64.3
107,63,170,0.00867,0.0433,27.9
108,63,171,0.00297,0.0148,11.8
109,63,172,0.00102,0.00508,4.84
110,63,173,0.000347,0.00174,1.9
111,63,174,0.000119,0.000597,0.697
112,63,175,3.83E-05,0.000192,0.236
113,63,176,1.27E-05,6.33E-05,0.0778
114,63,177,4.26E-06,2.13E-05,0.031
115,63,178,1.43E-06,7.15E-06,0.0118
116,63,179,4.8E-07,2.4E-06,0.00414
117,63,180,1.62E-07,8.09E-07,0.00133
118,63,181,5.46E-08,2.73E-07,0.00038
119,63,182,1.84E-08,9.22E-08,9.47E-05
120,63,183,6.26E-09,3.13E-08,1.98E-05
121,63,184,2.13E-09,1.07E-08,3.39E-06
122,63,185,7.29E-10,3.65E-09,4.6E-07
123,63,186,2.5E-10,1.25E-09,4.8E-08
124,63,187,8.66E-11,4.33E-10,3.69E-09
125,63,188,3E-11,1.5E-10,1.2E-09
126,63,189,1.05E-11,5.24E-11,4.19E-10
127,63,190,3.69E-12,1.84E-11,1.47E-10
128,63,191,1.31E-12,6.53E-12,5.23E-11
130,63,193,1.73E-13,8.67E-13,6.93E-12
64,64,128,1.7E-11,8.48E-11,2.33E-08
65,64,129,4.55E-10,2.28E-09,5.6E-07
66,64,130,2.37E-08,1.18E-07,1.3E-05
67,64,131,2.04E-06,1.02E-05,0.00109
68,64,132,0.000141,0.000707,0.0977
69,64,133,0.00694,0.0347,5.69
70,64,134,0.243,1.21,208
71,64,135,6.07,30.4,4920
72,64,136,108,541,76700
73,64,137,1370,6840,881000
74,64,138,12300,61700,7090000
75,64,139,79900,399000,39600000
76,64,140,374000,1870000,158000000
77,64,141,1290000,6440000,465000000
78,64,142,3310000,16500000,1030000000
79,64,143,6490000,32500000,1790000000
80,64,144,9890000,49400000,2610000000
81,64,145,12100000,60500000,3730000000
82,64,146,12200000,61200000,5800000000
83,64,147,10300000,51400000,7890000000
84,64,148,7740000,38700000,9370000000
85,64,149,5360000,26800000,9170000000
86,64,150,3450000,17300000,7570000000
87,64,151,2080000,10400000,5240000000
88,64,152,1190000,5930000,5010000000
89,64,153,702000,3510000,7110000000
90,64,154,916000,4580000,9640000000
91,64,155,673000,3370000,12400000000
92,64,156,703000,3520000,15400000000
93,64,157,307000,1530000,18400000000
94,64,158,155000,776000,20700000000
95,64,159,37400,187000,21900000000
96,64,160,8920,44600,17800000000000
97,64,161,1250,6250,214000000
98,64,162,502,2510,13000000
99,64,163,199,996,4640000
100,64,164,77.8,389,1410000
101,64,165,29.8,149,424000
102,64,166,11.3,56.3,122000
103,64,167,4.21,21.1,29600
104,64,168,1.55,7.77,5830
105,64,169,0.567,2.83,1310
106,64,170,0.205,1.03,491
107,64,171,0.0735,0.367,220
108,64,172,0.0262,0.131,95.4
109,64,173,0.0093,0.0465,39.7
110,64,174,0.00328,0.0164,15.6
111,64,175,0.00115,0.00577,5.72
112,64,176,0.000408,0.00204,1.91
113,64,177,0.000145,0.000725,0.742
114,64,178,4.79E-05,0.000239,0.296
115,64,179,1.64E-05,8.18E-05,0.11
116,64,180,5.67E-06,2.84E-05,0.038
117,64,181,1.97E-06,9.85E-06,0.0119
118,64,182,6.85E-07,3.42E-06,0.00326
119,64,183,2.38E-07,1.19E-06,0.000769
120,64,184,8.31E-08,4.15E-07,0.000151
121,64,185,2.9E-08,1.45E-07,2.42E-05
122,64,186,1.02E-08,5.09E-08,3.06E-06
123,64,187,3.59E-09,1.79E-08,2.94E-07
124,64,188,1.27E-09,6.34E-09,5.07E-08
125,64,189,4.5E-10,2.25E-09,1.8E-08
126,64,190,1.61E-10,8.05E-10,6.44E-09
127,64,191,5.81E-11,2.91E-10,2.32E-09
128,64,192,2.13E-11,1.07E-10,8.54E-10
130,64,194,3.09E-12,1.55E-11,1.24E-10
131,64,195,1.22E-12,6.1E-12,4.88E-11
132,64,196,4.86E-13,2.43E-12,1.94E-11
133,64,197,2.01E-13,1.01E-12,8.05E-12
134,64,198,8.55E-14,4.28E-13,3.42E-12
69,65,134,3.13E-05,0.000157,0.0169
70,65,135,0.00164,0.0082,1.03
71,65,136,0.0622,0.311,40.4
72,65,137,1.69,8.46,1190
73,65,138,33.2,166,22900
74,65,139,468,2340,293000
75,65,140,4720,23600,2580000
76,65,141,34400,172000,15900000
77,65,142,181000,906000,70900000
78,65,143,706000,3530000,240000000
79,65,144,2040000,10200000,605000000
80,65,145,4510000,22500000,1160000000
81,65,146,7670000,38400000,1900000000
82,65,147,10400000,52100000,2540000000
83,65,148,11600000,57900000,3540000000
84,65,149,10700000,53700000,6350000000
85,65,150,8610000,43000000,10100000000
86,65,151,6250000,31300000,13700000000
87,65,152,4210000,21100000,15800000000
88,65,153,2670000,13300000,14300000000
89,65,154,1590000,7950000,10400000000
90,65,155,898000,4490000,5960000000
91,65,156,486000,2430000,1880000000
92,65,157,525000,2630000,1530000000
93,65,158,358000,1790000,1190000000
94,65,159,296000,1480000,872000000
95,65,160,108000,542000,597000000
96,65,161,41000,205000,379000000
97,65,162,7540,37700,219000000
98,65,163,2420,12100,114000000
99,65,164,1020,5090,53000000
100,65,165,420,2100,21700000
101,65,166,168,842,7700000
102,65,167,67,335,2350000
103,65,168,26.2,131,317000
104,65,169,10.1,50.7,77900
105,65,170,3.89,19.4,15800
106,65,171,1.47,7.35,3280
107,65,172,0.551,2.76,1510
108,65,173,0.204,1.02,670
109,65,174,0.0754,0.377,284
110,65,175,0.0276,0.138,113
111,65,176,0.0101,0.0504,41.3
112,65,177,0.00366,0.0183,14.5
113,65,178,0.00133,0.00664,6.09
114,65,179,0.000484,0.00242,2.44
115,65,180,0.000177,0.000884,0.907
116,65,181,6.54E-05,0.000327,0.308
117,65,182,2.13E-05,0.000106,0.0929
118,65,183,7.6E-06,3.8E-05,0.0246
119,65,184,2.73E-06,1.36E-05,0.00554
120,65,185,9.78E-07,4.89E-06,0.00104
121,65,186,3.51E-07,1.76E-06,0.000159
122,65,187,1.27E-07,6.33E-07,1.89E-05
123,65,188,4.58E-08,2.29E-07,1.83E-06
124,65,189,1.66E-08,8.29E-08,6.64E-07
125,65,190,6.05E-09,3.02E-08,2.42E-07
126,65,191,2.21E-09,1.11E-08,8.86E-08
127,65,192,8.26E-10,4.13E-09,3.31E-08
128,65,193,3.15E-10,1.57E-09,1.26E-08
129,65,194,1.23E-10,6.16E-10,4.93E-09
130,65,195,4.91E-11,2.46E-10,1.96E-09
131,65,196,2.01E-11,1E-10,8.03E-10
132,65,197,8.39E-12,4.2E-11,3.36E-10
133,65,198,3.53E-12,1.77E-11,1.41E-10
134,65,199,1.54E-12,7.7E-12,6.16E-11
135,65,200,6.8E-13,3.4E-12,2.72E-11
136,65,201,3.04E-13,1.52E-12,1.22E-11
137,65,202,1.35E-13,6.75E-13,5.4E-12
138,65,203,5.93E-14,2.96E-13,2.37E-12
66,66,132,6.36E-13,3.18E-12,6.28E-10
67,66,133,1.67E-11,8.34E-11,1.53E-08
68,66,134,8.78E-10,4.39E-09,3.59E-07
69,66,135,8.34E-08,4.17E-07,2.2E-05
70,66,136,6.68E-06,3.34E-05,0.00242
71,66,137,0.000375,0.00188,0.185
72,66,138,0.0153,0.0765,8.95
73,66,139,0.452,2.26,279
74,66,140,9.69,48.5,5720
75,66,141,151,753,80500
76,66,142,1690,8470,857000
77,66,143,13800,68900,6280000
78,66,144,82200,411000,32600000
79,66,145,359000,1800000,123000000
80,66,146,1180000,5880000,348000000
81,66,147,2910000,14500000,755000000
82,66,148,5570000,27900000,1300000000
83,66,149,8420000,42100000,1880000000
84,66,150,10300000,51400000,2500000000
85,66,151,10600000,52800000,3850000000
86,66,152,9070000,45400000,5340000000
87,66,153,7010000,35100000,9520000000
88,66,154,4960000,24800000,16400000000
89,66,155,3280000,16400000,23700000000
90,66,156,2050000,10200000,16100000000000
91,66,157,1210000,6040000,3280000000
92,66,158,681000,3410000,3200000000
93,66,159,368000,1840000,2980000000
94,66,160,259000,1300000,2640000000
95,66,161,153000,766000,2200000000
96,66,162,110000,550000,1730000000
97,66,163,31800,159000,1270000000
98,66,164,9980,49900,855000000
99,66,165,4460,22300,530000000
100,66,166,1950,9740,297000000
101,66,167,835,4170,151000000
102,66,168,350,1750,69100000
103,66,169,143,717,3550000
104,66,170,58.2,291,1130000
105,66,171,23.4,117,308000
106,66,172,9.26,46.3,70200
107,66,173,3.62,18.1,9050
108,66,174,1.4,7.02,4110
109,66,175,0.54,2.7,1780
110,66,176,0.205,1.03,717
111,66,177,0.0777,0.388,265
112,66,178,0.0293,0.147,103
113,66,179,0.011,0.0549,44
114,66,180,0.0041,0.0205,17.5
115,66,181,0.00154,0.00769,6.49
116,66,182,0.000575,0.00288,2.18
117,66,183,0.000216,0.00108,0.647
118,66,184,8.24E-05,0.000412,0.167
119,66,185,2.78E-05,0.000139,0.0366
120,66,186,1.02E-05,5.12E-05,0.00669
121,66,187,3.78E-06,1.89E-05,0.000983
122,66,188,1.4E-06,7.01E-06,0.000113
123,66,189,5.19E-07,2.6E-06,2.08E-05
124,66,190,1.93E-07,9.67E-07,7.73E-06
125,66,191,7.22E-08,3.61E-07,2.89E-06
126,66,192,2.75E-08,1.38E-07,1.1E-06
127,66,193,1.07E-08,5.34E-08,4.27E-07
128,66,194,4.22E-09,2.11E-08,1.69E-07
129,66,195,1.7E-09,8.52E-09,6.82E-08
130,66,196,7.06E-10,3.53E-09,2.83E-08
131,66,197,2.98E-10,1.49E-09,1.19E-08
132,66,198,1.28E-10,6.42E-10,5.14E-09
133,66,199,5.65E-11,2.83E-10,2.26E-09
134,66,200,2.48E-11,1.24E-10,9.92E-10
135,66,201,1.11E-11,5.57E-11,4.45E-10
136,66,202,4.98E-12,2.49E-11,1.99E-10
137,66,203,2.22E-12,1.11E-11,8.86E-11
138,66,204,9.62E-13,4.81E-12,3.85E-11
139,66,205,3.99E-13,2E-12,1.6E-11
140,66,206,1.57E-13,7.86E-13,6.29E-12
141,66,207,5.76E-14,2.88E-13,2.3E-12
73,67,140,0.00361,0.018,1.54
74,67,141,0.114,0.571,56
75,67,142,2.67,13.4,1420
76,67,143,45.7,228,23900
77,67,144,570,2850,275000
78,67,145,5190,25900,2250000
79,67,146,34700,174000,14000000
80,67,147,171000,854000,62300000
81,67,148,631000,3150000,202000000
82,67,149,1750000,8760000,483000000
83,67,150,3770000,18800000,877000000
84,67,151,6340000,31700000,1320000000
85,67,152,8590000,43000000,1780000000
86,67,153,9640000,48200000,2440000000
87,67,154,9120000,45600000,3740000000
88,67,155,7460000,37300000,6090000000
89,67,156,5600000,28000000,8710000000
90,67,157,3880000,19400000,10900000000
91,67,158,2520000,12600000,11400000000
92,67,159,1550000,7770000,9810000000
93,67,160,915000,4570000,6990000000
94,67,161,515000,2580000,5000000000
95,67,162,278000,1390000,5310000000
96,67,163,144000,721000,5300000000
97,67,164,72800,364000,4990000000
98,67,165,35500,178000,4430000000
99,67,166,16900,84700,3680000000
100,67,167,7840,39200,2880000000
101,67,168,3560,17800,2100000000
102,67,169,1580,7910,1440000000
103,67,170,690,3450,39000000
104,67,171,294,1470,16600000
105,67,172,123,614,6230000
106,67,173,51,255,2050000
107,67,174,20.9,105,47400
108,67,175,8.47,42.3,22200
109,67,176,3.4,17,9820
110,67,177,1.35,6.74,4040
111,67,178,0.531,2.66,1520
112,67,179,0.208,1.04,644
113,67,180,0.0808,0.404,278
114,67,181,0.0312,0.156,112
115,67,182,0.012,0.0601,41.3
116,67,183,0.00462,0.0231,13.7
117,67,184,0.00178,0.00892,4.03
118,67,185,0.000686,0.00343,1.03
119,67,186,0.000265,0.00132,0.224
120,67,187,0.000103,0.000516,0.0403
121,67,188,4.05E-05,0.000202,0.00581
122,67,189,1.38E-05,6.88E-05,0.000657
123,67,190,5.25E-06,2.63E-05,0.00021
124,67,191,2.01E-06,1E-05,8.03E-05
125,67,192,7.79E-07,3.9E-06,3.12E-05
126,67,193,3.09E-07,1.54E-06,1.24E-05
127,67,194,1.24E-07,6.21E-07,4.97E-06
128,67,195,5.1E-08,2.55E-07,2.04E-06
129,67,196,2.14E-08,1.07E-07,8.56E-07
130,67,197,9.15E-09,4.57E-08,3.66E-07
131,67,198,3.99E-09,1.99E-08,1.59E-07
132,67,199,1.77E-09,8.83E-09,7.06E-08
133,67,200,7.95E-10,3.98E-09,3.18E-08
134,67,201,3.61E-10,1.8E-09,1.44E-08
135,67,202,1.61E-10,8.06E-10,6.45E-09
136,67,203,7.23E-11,3.61E-10,2.89E-09
137,67,204,3.19E-11,1.59E-10,1.28E-09
138,67,205,1.35E-11,6.74E-11,5.4E-10
139,67,206,5.45E-12,2.72E-11,2.18E-10
140,67,207,2.05E-12,1.02E-11,8.19E-11
141,67,208,7.06E-13,3.53E-12,2.82E-11
142,67,209,2.18E-13,1.09E-12,8.7E-12
143,67,210,5.87E-14,2.93E-13,2.35E-12
68,68,136,1.97E-18,9.85E-18,1.44E-11
69,68,137,6.57E-13,3.29E-12,3.56E-10
70,68,138,3.35E-11,1.68E-10,8.47E-09
71,68,139,3.6E-09,1.8E-08,6.62E-07
72,68,140,3.32E-07,1.66E-06,5.76E-05
73,68,141,2.14E-05,0.000107,0.00456
74,68,142,0.000989,0.00495,0.289
75,68,143,0.0334,0.167,11.8
76,68,144,0.839,4.19,329
77,68,145,15.6,78.2,6760
78,68,146,215,1080,95900
79,68,147,2170,10900,953000
80,68,148,16100,80600,6620000
81,68,149,89100,445000,32400000
82,68,150,366000,1830000,115000000
83,68,151,1150000,5730000,304000000
84,68,152,2750000,13700000,615000000
85,68,153,5140000,25700000,978000000
86,68,154,7700000,38500000,1280000000
87,68,155,9410000,47100000,1680000000
88,68,156,9770000,48800000,2430000000
89,68,157,8540000,42700000,3430000000
90,68,158,6750000,33700000,4740000000
91,68,159,4900000,24500000,8550000000
92,68,160,3330000,16700000,13400000000
93,68,161,2140000,10700000,18100000000
94,68,162,1300000,6510000,12800000000000
95,68,163,761000,3800000,4430000000
96,68,164,426000,2130000,5920000000
97,68,165,230000,1150000,7560000000
98,68,166,120000,599000,9220000000
99,68,167,60700,303000,10900000000
100,68,168,29800,149000,12000000000
101,68,169,14300,71400,12500000000
102,68,170,6690,33500,11700000000000
103,68,171,3070,15300,374000000
104,68,172,1380,6900,216000000
105,68,173,609,3040,114000000
106,68,174,265,1320,55100000
107,68,175,113,565,534000
108,68,176,47.6,238,106000
109,68,177,19.9,99.4,48300
110,68,178,8.2,41,20500
111,68,179,3.36,16.8,7920
112,68,180,1.36,6.81,3540
113,68,181,0.549,2.75,1550
114,68,182,0.219,1.09,631
115,68,183,0.0872,0.436,234
116,68,184,0.0346,0.173,78.2
117,68,185,0.0136,0.0682,23.2
118,68,186,0.00537,0.0268,5.95
119,68,187,0.00212,0.0106,1.3
120,68,188,0.000836,0.00418,0.234
121,68,189,0.00033,0.00165,0.0341
122,68,190,0.000132,0.000658,0.00527
123,68,191,4.82E-05,0.000241,0.00193
124,68,192,1.91E-05,9.53E-05,0.000763
125,68,193,7.69E-06,3.85E-05,0.000308
126,68,194,3.16E-06,1.58E-05,0.000126
127,68,195,1.32E-06,6.58E-06,5.26E-05
128,68,196,5.59E-07,2.8E-06,2.24E-05
129,68,197,2.42E-07,1.21E-06,9.68E-06
130,68,198,1.07E-07,5.34E-07,4.27E-06
131,68,199,4.79E-08,2.39E-07,1.92E-06
132,68,200,2.18E-08,1.09E-07,8.72E-07
133,68,201,9.97E-09,4.99E-08,3.99E-07
134,68,202,4.59E-09,2.29E-08,1.84E-07
135,68,203,2.08E-09,1.04E-08,8.32E-08
136,68,204,9.19E-10,4.59E-09,3.68E-08
137,68,205,3.97E-10,1.99E-09,1.59E-08
138,68,206,1.65E-10,8.23E-10,6.58E-09
139,68,207,6.38E-11,3.19E-10,2.55E-09
140,68,208,2.28E-11,1.14E-10,9.14E-10
141,68,209,7.38E-12,3.69E-11,2.95E-10
142,68,210,2.1E-12,1.05E-11,8.41E-11
143,68,211,5.18E-13,2.59E-12,2.07E-11
144,68,212,1.07E-13,5.34E-13,4.27E-12
75,69,144,0.000278,0.00139,0.0589
76,69,145,0.01,0.0502,2.88
77,69,146,0.27,1.35,96.8
78,69,147,5.46,27.3,2240
79,69,148,82.2,411,35400
80,69,149,922,4610,380000
81,69,150,7640,38200,2840000
82,69,151,47100,236000,15100000
83,69,152,218000,1090000,58800000
84,69,153,764000,3820000,172000000
85,69,154,2050000,10300000,385000000
86,69,155,4310000,21600000,687000000
87,69,156,7180000,35900000,995000000
88,69,157,9710000,48500000,1220000000
89,69,158,10900000,54700000,1540000000
90,69,159,10500000,52500000,2110000000
91,69,160,8800000,44000000,3480000000
92,69,161,6750000,33800000,5120000000
93,69,162,4810000,24000000,6740000000
94,69,163,3220000,16100000,7870000000
95,69,164,2050000,10300000,7630000000
96,69,165,1250000,6230000,6350000000
97,69,166,725000,3630000,4490000000
98,69,167,406000,2030000,3850000000
99,69,168,220000,1100000,3970000000
100,69,169,115000,577000,3890000000
101,69,170,58800,294000,3620000000
102,69,171,29300,146000,3190000000
103,69,172,14200,70900,2670000000
104,69,173,6730,33600,2100000000
105,69,174,3130,15700,1560000000
106,69,175,1430,7150,1090000000
107,69,176,643,3220,10900000
108,69,177,285,1430,534000
109,69,178,124,622,251000
110,69,179,53.4,267,110000
111,69,180,22.7,114,44900
112,69,181,9.61,48,21000
113,69,182,4.01,20.1,9330
114,69,183,1.67,8.34,3850
115,69,184,0.689,3.44,1450
116,69,185,0.282,1.41,494
117,69,186,0.115,0.575,149
118,69,187,0.0468,0.234,39
119,69,188,0.019,0.0948,8.69
120,69,189,0.00769,0.0384,1.61
121,69,190,0.00311,0.0156,0.239
122,69,191,0.00126,0.0063,0.0504
123,69,192,0.000519,0.0026,0.0208
124,69,193,0.000207,0.00103,0.00827
125,69,194,8.62E-05,0.000431,0.00345
126,69,195,3.67E-05,0.000183,0.00147
127,69,196,1.59E-05,7.95E-05,0.000636
128,69,197,7E-06,3.5E-05,0.00028
129,69,198,3.13E-06,1.57E-05,0.000125
130,69,199,1.43E-06,7.13E-06,5.7E-05
131,69,200,6.56E-07,3.28E-06,2.62E-05
132,69,201,3.03E-07,1.52E-06,1.21E-05
133,69,202,1.41E-07,7.04E-07,5.63E-06
134,69,203,6.48E-08,3.24E-07,2.59E-06
135,69,204,2.93E-08,1.46E-07,1.17E-06
136,69,205,1.29E-08,6.45E-08,5.16E-07
137,69,206,5.41E-09,2.71E-08,2.16E-07
138,69,207,2.16E-09,1.08E-08,8.65E-08
139,69,208,8.03E-10,4.01E-09,3.21E-08
140,69,209,2.71E-10,1.35E-09,1.08E-08
141,69,210,8.17E-11,4.08E-10,3.27E-09
142,69,211,2.15E-11,1.07E-10,8.58E-10
143,69,212,4.8E-12,2.4E-11,1.92E-10
144,69,213,8.88E-13,4.44E-12,3.55E-11
145,69,214,1.32E-13,6.62E-13,5.29E-12
71,70,141,0,0,9.44E-12
72,70,142,1.42E-12,7.11E-12,2.48E-10
73,70,143,1.76E-10,8.81E-10,2.49E-08
74,70,144,1.91E-08,9.56E-08,2.45E-06
75,70,145,1.43E-06,7.16E-06,0.000195
76,70,146,7.6E-05,0.00038,0.0157
77,70,147,0.00293,0.0147,0.878
78,70,148,0.0844,0.422,33.2
79,70,149,1.83,9.16,830
80,70,150,30.1,151,13900
81,70,151,370,1850,160000
82,70,152,3420,17100,1290000
83,70,153,23600,118000,7540000
84,70,154,122000,611000,32500000
85,70,155,481000,2400000,106000000
86,70,156,1450000,7230000,267000000
87,70,157,3400000,17000000,536000000
88,70,158,6320000,31600000,875000000
89,70,159,9450000,47200000,1190000000
90,70,160,11700000,58500000,1410000000
91,70,161,12300000,61600000,1760000000
92,70,162,11100000,55500000,2500000000
93,70,163,8960000,44800000,3210000000
94,70,164,6710000,33500000,4800000000
95,70,165,4700000,23500000,7840000000
96,70,166,3120000,15600000,11300000000
97,70,167,1970000,9870000,14400000000
98,70,168,1190000,5950000,10700000000000
99,70,169,694000,3470000,4600000000
100,70,170,390000,1950000,5920000000
101,70,171,212000,1060000,7320000000
102,70,172,112000,561000,8740000000
103,70,173,57800,289000,10000000000
104,70,174,29000,145000,10800000000
105,70,175,14200,71200,11200000000
106,70,176,6870,34300,11400000000000
107,70,177,3240,16200,114000000
108,70,178,1510,7540,6080000
109,70,179,688,3440,2210000
110,70,180,310,1550,697000
111,70,181,138,691,263000
112,70,182,60.7,303,117000
113,70,183,26.4,132,53700
114,70,184,11.4,56.9,22800
115,70,185,4.88,24.4,8910
116,70,186,2.07,10.4,3140
117,70,187,0.875,4.37,983
118,70,188,0.368,1.84,269
119,70,189,0.154,0.769,62.4
120,70,190,0.0643,0.321,12.1
121,70,191,0.0268,0.134,1.91
122,70,192,0.0113,0.0565,0.452
123,70,193,0.00481,0.0241,0.193
124,70,194,0.00208,0.0104,0.0832
125,70,195,0.000909,0.00455,0.0364
126,70,196,0.000392,0.00196,0.0157
127,70,197,0.000175,0.000876,0.00701
128,70,198,7.98E-05,0.000399,0.00319
129,70,199,3.68E-05,0.000184,0.00147
130,70,200,1.72E-05,8.61E-05,0.000689
131,70,201,8.1E-06,4.05E-05,0.000324
132,70,202,3.81E-06,1.91E-05,0.000152
133,70,203,1.78E-06,8.92E-06,7.14E-05
134,70,204,8.23E-07,4.11E-06,3.29E-05
135,70,205,3.71E-07,1.85E-06,1.48E-05
136,70,206,1.61E-07,8.05E-07,6.44E-06
137,70,207,6.61E-08,3.31E-07,2.65E-06
138,70,208,2.55E-08,1.27E-07,1.02E-06
139,70,209,8.99E-09,4.5E-08,3.6E-07
140,70,210,2.87E-09,1.44E-08,1.15E-07
141,70,211,8.08E-10,4.04E-09,3.23E-08
142,70,212,1.96E-10,9.81E-10,7.85E-09
143,70,213,4E-11,2E-10,1.6E-09
144,70,214,6.69E-12,3.34E-11,2.68E-10
145,70,215,8.9E-13,4.45E-12,3.56E-11
146,70,216,9.27E-14,4.63E-13,3.71E-12
77,71,148,2.02E-05,0.000101,0.00406
78,71,149,0.000833,0.00416,0.246
79,71,150,0.0256,0.128,9.73
80,71,151,0.594,2.97,256
81,71,152,10.5,52.7,4560
82,71,153,142,710,56700
83,71,154,1450,7240,500000
84,71,155,11100,55500,3510000
85,71,156,64200,321000,17600000
86,71,157,283000,1420000,65600000
87,71,158,957000,4790000,186000000
88,71,159,2510000,12500000,412000000
89,71,160,5210000,26100000,733000000
90,71,161,8690000,43500000,1060000000
91,71,162,11800000,59100000,1400000000
92,71,163,13500000,67700000,1640000000
93,71,164,13400000,66800000,1980000000
94,71,165,11500000,57400000,2890000000
95,71,166,9020000,45100000,4320000000
96,71,167,6620000,33100000,5840000000
97,71,168,4590000,22900000,7150000000
98,71,169,3020000,15100000,7710000000
99,71,170,1900000,9500000,7150000000
100,71,171,1150000,5740000,5780000000
101,71,172,669000,3340000,4050000000
102,71,173,377000,1890000,2440000000
103,71,174,207000,1030000,720000000
104,71,175,110000,552000,520000000
105,71,176,57300,287000,352000000
106,71,177,29100,145000,220000000
107,71,178,14500,72300,127000000
108,71,179,7070,35300,66400000
109,71,180,3390,17000,31300000
110,71,181,1600,8000,13200000
111,71,182,744,3720,4940000
112,71,183,342,1710,1620000
113,71,184,155,777,282000
114,71,185,69.7,349,126000
115,71,186,31,155,51900
116,71,187,13.7,68.4,19200
117,71,188,5.98,29.9,6380
118,71,189,2.6,13,1850
119,71,190,1.13,5.63,459
120,71,191,0.486,2.43,95.8
121,71,192,0.211,1.06,16.5
122,71,193,0.0926,0.463,3.7
123,71,194,0.0411,0.205,1.64
124,71,195,0.0184,0.0918,0.735
125,71,196,0.00835,0.0418,0.334
126,71,197,0.00385,0.0192,0.154
127,71,198,0.00179,0.00896,0.0717
128,71,199,0.000829,0.00414,0.0331
129,71,200,0.000392,0.00196,0.0157
130,71,201,0.000188,0.00094,0.00752
131,71,202,9.02E-05,0.000451,0.00361
132,71,203,4.31E-05,0.000215,0.00172
133,71,204,2.03E-05,0.000101,0.00081
134,71,205,9.35E-06,4.67E-05,0.000374
135,71,206,4.16E-06,2.08E-05,0.000166
136,71,207,1.77E-06,8.86E-06,7.09E-05
137,71,208,7.11E-07,3.55E-06,2.84E-05
138,71,209,2.63E-07,1.31E-06,1.05E-05
139,71,210,8.88E-08,4.44E-07,3.55E-06
140,71,211,2.67E-08,1.34E-07,1.07E-06
141,71,212,7.02E-09,3.51E-08,2.81E-07
142,71,213,1.57E-09,7.86E-09,6.29E-08
143,71,214,2.94E-10,1.47E-09,1.18E-08
144,71,215,4.47E-11,2.23E-10,1.79E-09
145,71,216,5.39E-12,2.69E-11,2.15E-10
146,71,217,5.02E-13,2.51E-12,2.01E-11
74,72,146,0,0,9.22E-12
75,72,147,7.52E-12,3.76E-11,7.85E-10
76,72,148,9.58E-10,4.79E-09,8.82E-08
77,72,149,8.44E-08,4.22E-07,9.21E-06
78,72,150,5.19E-06,2.6E-05,0.000893
79,72,151,0.00023,0.00115,0.056
80,72,152,0.00752,0.0376,2.32
81,72,153,0.187,0.934,64.6
82,72,154,3.55,17.8,1330
83,72,155,51.9,259,19900
84,72,156,579,2890,209000
85,72,157,4920,24600,1570000
86,72,158,31800,159000,8610000
87,72,159,156000,782000,35500000
88,72,160,592000,2960000,116000000
89,72,161,1740000,8720000,291000000
90,72,162,4040000,20200000,572000000
91,72,163,7470000,37400000,916000000
92,72,164,11300000,56300000,1270000000
93,72,165,14100000,70700000,1600000000
94,72,166,15200000,75900000,1920000000
95,72,167,14000000,70200000,2400000000
96,72,168,11700000,58300000,3140000000
97,72,169,8970000,44900000,3830000000
98,72,170,6480000,32400000,6420000000
99,72,171,4450000,22300000,9710000000
100,72,172,2910000,14600000,13200000000
101,72,173,1830000,9160000,16100000000
102,72,174,1110000,5540000,13000000000000
103,72,175,647000,3240000,2320000000
104,72,176,367000,1830000,2010000000
105,72,177,202000,1010000,1650000000
106,72,178,109000,544000,1270000000
107,72,179,57100,286000,920000000
108,72,180,29400,147000,618000000
109,72,181,14800,74100,384000000
110,72,182,7330,36700,220000000
111,72,183,3580,17900,116000000
112,72,184,1720,8580,55400000
113,72,185,814,4070,1610000
114,72,186,381,1910,657000
115,72,187,176,881,288000
116,72,188,80.8,404,115000
117,72,189,36.7,183,40900
118,72,190,16.5,82.6,12900
119,72,191,7.41,37,3500
120,72,192,3.34,16.7,808
121,72,193,1.51,7.56,156
122,72,194,0.692,3.46,27.7
123,72,195,0.319,1.6,12.8
124,72,196,0.149,0.745,5.96
125,72,197,0.0701,0.351,2.81
126,72,198,0.0335,0.167,1.34
127,72,199,0.0161,0.0805,0.644
128,72,200,0.00784,0.0392,0.314
129,72,201,0.00383,0.0191,0.153
130,72,202,0.00185,0.00923,0.0738
131,72,203,0.000901,0.00451,0.0361
132,72,204,0.000434,0.00217,0.0174
133,72,205,0.000205,0.00103,0.0082
134,72,206,9.42E-05,0.000471,0.00377
135,72,207,4.15E-05,0.000207,0.00166
136,72,208,1.73E-05,8.64E-05,0.000691
137,72,209,6.73E-06,3.37E-05,0.000269
138,72,210,2.4E-06,1.2E-05,9.62E-05
139,72,211,7.71E-07,3.86E-06,3.09E-05
140,72,212,2.19E-07,1.1E-06,8.77E-06
141,72,213,5.4E-08,2.7E-07,2.16E-06
142,72,214,1.12E-08,5.62E-08,4.5E-07
143,72,215,1.94E-09,9.68E-09,7.74E-08
144,72,216,2.7E-10,1.35E-09,1.08E-08
145,72,217,2.97E-11,1.49E-10,1.19E-09
146,72,218,2.51E-12,1.25E-11,1E-10
79,73,152,1.29E-06,6.47E-06,0.000155
80,73,153,6.15E-05,0.000307,0.0101
81,73,154,0.00215,0.0107,0.508
82,73,155,0.0566,0.283,17.3
83,73,156,1.15,5.75,401
84,73,157,18.1,90.4,6410
85,73,158,220,1100,72600
86,73,159,2060,10300,635000
87,73,160,14700,73700,4110000
88,73,161,81100,405000,19600000
89,73,162,343000,1710000,70500000
90,73,163,1130000,5640000,196000000
91,73,164,2920000,14600000,429000000
92,73,165,6020000,30100000,762000000
93,73,166,10100000,50300000,1120000000
94,73,167,13900000,69300000,1450000000
95,73,168,16200000,81000000,1790000000
96,73,169,16400000,82100000,2350000000
97,73,170,14500000,72400000,2810000000
98,73,171,11700000,58500000,3850000000
99,73,172,8850000,44300000,5350000000
100,73,173,6320000,31600000,6790000000
101,73,174,4310000,21600000,7890000000
102,73,175,2810000,14100000,7990000000
103,73,176,1760000,8820000,7180000000
104,73,177,1070000,5340000,5730000000
105,73,178,628000,3140000,5140000000
106,73,179,357000,1790000,4970000000
107,73,180,198000,992000,4570000000
108,73,181,108000,539000,3990000000
109,73,182,57300,287000,3290000000
110,73,183,29800,149000,2560000000
111,73,184,15200,76200,1890000000
112,73,185,7660,38300,1310000000
113,73,186,3800,19000,13100000
114,73,187,1850,9270,4670000
115,73,188,895,4470,1880000
116,73,189,427,2140,670000
117,73,190,202,1010,262000
118,73,191,94.5,472,91400
119,73,192,44.2,221,27900
120,73,193,20.8,104,7320
121,73,194,9.85,49.2,1630
122,73,195,4.7,23.5,304
123,73,196,2.26,11.3,90.4
124,73,197,1.09,5.46,43.7
125,73,198,0.535,2.68,21.4
126,73,199,0.264,1.32,10.6
127,73,200,0.131,0.657,5.26
128,73,201,0.0657,0.329,2.63
129,73,202,0.0329,0.165,1.32
130,73,203,0.0164,0.0821,0.657
131,73,204,0.0081,0.0405,0.324
132,73,205,0.0039,0.0195,0.156
133,73,206,0.00185,0.00923,0.0738
134,73,207,0.000842,0.00421,0.0337
135,73,208,0.000366,0.00183,0.0146
136,73,209,0.00015,0.000748,0.00598
137,73,210,5.64E-05,0.000282,0.00226
138,73,211,1.94E-05,9.69E-05,0.000776
139,73,212,5.97E-06,2.98E-05,0.000239
140,73,213,1.6E-06,8.02E-06,6.42E-05
141,73,214,3.72E-07,1.86E-06,1.49E-05
142,73,215,7.25E-08,3.63E-07,2.9E-06
143,73,216,1.17E-08,5.83E-08,4.66E-07
144,73,217,1.51E-09,7.56E-09,6.05E-08
145,73,218,1.53E-10,7.67E-10,6.14E-09
146,73,219,1.19E-11,5.96E-11,4.77E-10
147,73,220,1.2E-13,6.02E-13,4.82E-12
77,74,151,2.72E-13,1.36E-12,1.87E-11
78,74,152,4.1E-11,2.05E-10,2.47E-09
79,74,153,4.27E-09,2.13E-08,2.32E-07
80,74,154,3.09E-07,1.55E-06,2.61E-05
81,74,155,1.58E-05,7.92E-05,0.00211
82,74,156,0.000592,0.00296,0.113
83,74,157,0.0166,0.0829,4.03
84,74,158,0.358,1.79,101
85,74,159,6.02,30.1,1950
86,74,160,79.4,397,26500
87,74,161,814,4070,256000
88,74,162,6440,32200,1800000
89,74,163,39300,196000,9360000
90,74,164,185000,927000,37200000
91,74,165,681000,3400000,115000000
92,74,166,1970000,9840000,282000000
93,74,167,4520000,22600000,562000000
94,74,168,8390000,41900000,928000000
95,74,169,12800000,64000000,1310000000
96,74,170,16300000,81700000,1600000000
97,74,171,17900000,89600000,1970000000
98,74,172,17100000,85700000,2900000000
99,74,173,14600000,73100000,3880000000
100,74,174,11600000,58000000,4730000000
101,74,175,8650000,43300000,5220000000
102,74,176,6130000,30600000,7920000000
103,74,177,4150000,20700000,11300000000
104,74,178,2700000,13500000,14600000000
105,74,179,1690000,8470000,17200000000
106,74,180,1030000,5140000,15000000000000
107,74,181,608000,3040000,9250000000
108,74,182,349000,1740000,10900000000
109,74,183,195000,977000,12400000000
110,74,184,107000,535000,13200000000
111,74,185,57600,288000,13400000000
112,74,186,30400,152000,15500000000000
113,74,187,15700,78700,136000000
114,74,188,8040,40200,34100000
115,74,189,4050,20200,16500000
116,74,190,2010,10000,7200000
117,74,191,989,4950,2810000
118,74,192,486,2430,976000
119,74,193,239,1190,298000
120,74,194,117,587,79200
121,74,195,58,290,18800
122,74,196,28.8,144,4260
123,74,197,14.4,72.1,812
124,74,198,7.27,36.4,291
125,74,199,3.69,18.5,148
126,74,200,1.89,9.43,75.4
127,74,201,0.968,4.84,38.7
128,74,202,0.496,2.48,19.9
129,74,203,0.254,1.27,10.2
130,74,204,0.129,0.645,5.16
131,74,205,0.0645,0.323,2.58
132,74,206,0.0315,0.157,1.26
133,74,207,0.0149,0.0744,0.595
134,74,208,0.0067,0.0335,0.268
135,74,209,0.00287,0.0144,0.115
136,74,210,0.00115,0.00574,0.0459
137,74,211,0.000421,0.00211,0.0169
138,74,212,0.00014,0.0007,0.0056
139,74,213,4.14E-05,0.000207,0.00165
140,74,214,1.06E-05,5.3E-05,0.000424
141,74,215,2.33E-06,1.17E-05,9.32E-05
142,74,216,4.3E-07,2.15E-06,1.72E-05
143,74,217,6.53E-08,3.27E-07,2.61E-06
144,74,218,7.93E-09,3.97E-08,3.17E-07
145,74,219,7.55E-10,3.78E-09,3.02E-08
146,74,220,5.48E-11,2.74E-10,2.19E-09
147,74,221,5.53E-13,2.76E-12,2.21E-11
82,75,157,3.91E-06,1.96E-05,0.000357
83,75,158,0.000157,0.000783,0.0214
84,75,159,0.00467,0.0234,0.937
85,75,160,0.107,0.535,27.9
86,75,161,1.92,9.58,574
87,75,162,27.2,136,8300
88,75,163,303,1510,86500
89,75,164,2630,13200,660000
90,75,165,17800,89100,3780000
91,75,166,93500,467000,16600000
92,75,167,383000,1910000,57000000
93,75,168,1230000,6160000,157000000
94,75,169,3150000,15800000,360000000
95,75,170,6510000,32600000,659000000
96,75,171,11000000,55000000,1050000000
97,75,172,15400000,77200000,1450000000
98,75,173,18400000,92000000,1770000000
99,75,174,19200000,96000000,2260000000
100,75,175,17400000,87200000,3020000000
101,75,176,14500000,72600000,4710000000
102,75,177,11300000,56500000,6650000000
103,75,178,8340000,41700000,8470000000
104,75,179,5860000,29300000,9690000000
105,75,180,3960000,19800000,9430000000
106,75,181,2580000,12900000,7960000000
107,75,182,1620000,8100000,5830000000
108,75,183,989000,4940000,3660000000
109,75,184,587000,2930000,1170000000
110,75,185,340000,1700000,940000000
111,75,186,192000,962000,719000000
112,75,187,107000,533000,522000000
113,75,188,58000,290000,357000000
114,75,189,31000,155000,228000000
115,75,190,16300,81400,135000000
116,75,191,8450,42300,73700000
117,75,192,4360,21800,36900000
118,75,193,2250,11200,16800000
119,75,194,1160,5780,6920000
120,75,195,596,2980,2580000
121,75,196,308,1540,234000
122,75,197,160,798,66200
123,75,198,83,415,16200
124,75,199,43.5,218,3410
125,75,200,22.9,114,915
126,75,201,12.1,60.4,483
127,75,202,6.38,31.9,255
128,75,203,3.36,16.8,134
129,75,204,1.75,8.77,70.2
130,75,205,0.904,4.52,36.2
131,75,206,0.457,2.28,18.3
132,75,207,0.225,1.12,8.98
133,75,208,0.106,0.53,4.24
134,75,209,0.0477,0.238,1.91
135,75,210,0.0202,0.101,0.806
136,75,211,0.00788,0.0394,0.315
137,75,212,0.00282,0.0141,0.113
138,75,213,0.00091,0.00455,0.0364
139,75,214,0.000259,0.0013,0.0104
140,75,215,6.41E-05,0.00032,0.00256
141,75,216,1.35E-05,6.75E-05,0.00054
142,75,217,2.39E-06,1.2E-05,9.57E-05
143,75,218,3.46E-07,1.73E-06,1.39E-05
144,75,219,4.02E-08,2.01E-07,1.61E-06
145,75,220,3.63E-09,1.82E-08,1.45E-07
146,75,221,2.5E-10,1.25E-09,1E-08
147,75,222,2.52E-12,1.26E-11,1.01E-10
80,76,156,1.47E-12,7.36E-12,5.89E-11
81,76,157,1.82E-10,9.08E-10,7.26E-09
82,76,158,1.54E-08,7.72E-08,6.37E-07
83,76,159,9.22E-07,4.61E-06,6.48E-05
84,76,160,3.97E-05,0.000198,0.00441
85,76,161,0.00126,0.0063,0.202
86,76,162,0.0306,0.153,6.31
87,76,163,0.582,2.91,137
88,76,164,8.82,44.1,2120
89,76,165,106,531,23800
90,76,166,1010,5060,197000
91,76,167,7540,37700,1290000
92,76,168,43900,220000,6830000
93,76,169,200000,1000000,27700000
94,76,170,718000,3590000,88000000
95,76,171,2050000,10200000,223000000
96,76,172,4690000,23500000,461000000
97,76,173,8780000,43900000,795000000
98,76,174,13600000,68000000,1160000000
99,76,175,17700000,88700000,1540000000
100,76,176,19900000,99700000,1930000000
101,76,177,19700000,98700000,2560000000
102,76,178,17400000,86800000,3500000000
103,76,179,14100000,70700000,4390000000
104,76,180,10900000,54400000,6380000000
105,76,181,7950000,39800000,10100000000
106,76,182,5570000,27800000,14200000000
107,76,183,3750000,18800000,17900000000
108,76,184,2440000,12200000,16600000000000
109,76,185,1540000,7700000,2760000000
110,76,186,944000,4720000,2580000000
111,76,187,565000,2820000,2310000000
112,76,188,330000,1650000,1990000000
113,76,189,188000,942000,1630000000
114,76,190,106000,528000,1260000000
115,76,191,58100,291000,927000000
116,76,192,31800,159000,640000000
117,76,193,17200,86200,415000000
118,76,194,9320,46600,250000000
119,76,195,5030,25200,141000000
120,76,196,2710,13600,74100000
121,76,197,1460,7310,3000000
122,76,198,791,3960,1090000
123,76,199,429,2150,351000
124,76,200,234,1170,100000
125,76,201,127,636,5090
126,76,202,69.2,346,2770
127,76,203,37.6,188,1500
128,76,204,20.3,101,811
129,76,205,10.8,54,432
130,76,206,5.66,28.3,226
131,76,207,2.89,14.4,116
132,76,208,1.43,7.13,57
133,76,209,0.674,3.37,27
134,76,210,0.302,1.51,12.1
135,76,211,0.126,0.631,5.05
136,76,212,0.0488,0.244,1.95
137,76,213,0.0171,0.0857,0.686
138,76,214,0.00537,0.0269,0.215
139,76,215,0.00149,0.00745,0.0596
140,76,216,0.000359,0.0018,0.0144
141,76,217,7.37E-05,0.000369,0.00295
142,76,218,1.27E-05,6.33E-05,0.000506
143,76,219,1.78E-06,8.88E-06,7.11E-05
144,76,220,1.99E-07,9.97E-07,7.98E-06
145,76,221,1.75E-08,8.73E-08,6.99E-07
146,76,222,1.17E-09,5.85E-09,4.68E-08
147,76,223,1.18E-11,5.88E-11,4.7E-10
85,77,162,9.52E-06,4.76E-05,0.000723
86,77,163,0.000323,0.00162,0.0344
87,77,164,0.00832,0.0416,1.13
88,77,165,0.168,0.839,25.9
89,77,166,2.7,13.5,424
90,77,167,35.1,175,5790
91,77,168,363,1820,59700
92,77,169,2980,14900,456000
93,77,170,19200,96000,2640000
94,77,171,97100,486000,11800000
95,77,172,388000,1940000,41500000
96,77,173,1230000,6150000,117000000
97,77,174,3130000,15700000,271000000
98,77,175,6500000,32500000,525000000
99,77,176,11100000,55600000,866000000
100,77,177,15900000,79600000,1240000000
101,77,178,19500000,97300000,1570000000
102,77,179,20800000,104000000,2070000000
103,77,180,19700000,98300000,2580000000
104,77,181,16900000,84300000,3780000000
105,77,182,13500000,67600000,5490000000
106,77,183,10300000,51400000,7290000000
107,77,184,7470000,37400000,8840000000
108,77,185,5220000,26100000,9580000000
109,77,186,3510000,17600000,9020000000
110,77,187,2290000,11500000,7510000000
111,77,188,1450000,7260000,5510000000
112,77,189,895000,4480000,5100000000
113,77,190,539000,2700000,5080000000
114,77,191,318000,1590000,4850000000
115,77,192,185000,925000,4430000000
116,77,193,106000,532000,3880000000
117,77,194,60800,304000,3250000000
118,77,195,34500,173000,2600000000
119,77,196,19500,97600,1990000000
120,77,197,11000,55100,1460000000
121,77,198,6220,31100,37200000
122,77,199,3510,17500,17600000
123,77,200,1980,9900,7580000
124,77,201,1120,5590,2990000
125,77,202,630,3150,30000
126,77,203,354,1770,14200
127,77,204,197,987,7890
128,77,205,109,545,4360
129,77,206,59.3,296,2370
130,77,207,31.5,158,1260
131,77,208,16.3,81.3,651
132,77,209,8.09,40.4,324
133,77,210,3.83,19.2,153
134,77,211,1.71,8.56,68.5
135,77,212,0.713,3.57,28.5
136,77,213,0.273,1.36,10.9
137,77,214,0.0946,0.473,3.78
138,77,215,0.0293,0.147,1.17
139,77,216,0.00803,0.0401,0.321
140,77,217,0.00191,0.00953,0.0763
141,77,218,0.000386,0.00193,0.0154
142,77,219,6.52E-05,0.000326,0.00261
143,77,220,9.02E-06,4.51E-05,0.000361
144,77,221,1E-06,5E-06,4E-05
145,77,222,8.72E-08,4.36E-07,3.49E-06
146,77,223,5.85E-09,2.93E-08,2.34E-07
147,77,224,6.04E-11,3.02E-10,2.42E-09
148,77,225,1.43E-13,7.16E-13,5.73E-12
83,78,161,6.27E-12,3.13E-11,2.51E-10
87,78,165,7.79E-05,0.000389,0.00445
88,78,166,0.00213,0.0107,0.152
89,78,167,0.0456,0.228,4.52
90,78,168,0.78,3.9,95.2
91,78,169,10.8,54.2,1440
92,78,170,122,610,16000
93,78,171,1100,5480,132000
94,78,172,7790,38900,835000
95,78,173,43700,218000,4100000
96,78,174,194000,968000,16500000
97,78,175,683000,3410000,53500000
98,78,176,1930000,9660000,141000000
99,78,177,4440000,22200000,307000000
100,78,178,8400000,42000000,562000000
101,78,179,13200000,66200000,884000000
102,78,180,17700000,88500000,1240000000
103,78,181,20500000,102000000,1590000000
104,78,182,21000000,105000000,2140000000
105,78,183,19000000,95100000,2970000000
106,78,184,16000000,79900000,3830000000
107,78,185,12700000,63400000,4580000000
108,78,186,9560000,47800000,7210000000
109,78,187,6910000,34600000,10700000000
110,78,188,4820000,24100000,14400000000
111,78,189,3250000,16200000,17500000000
112,78,190,2130000,10600000,17500000000000
113,78,191,1350000,6770000,6490000000
114,78,192,846000,4230000,7910000000
115,78,193,520000,2600000,9340000000
116,78,194,317000,1580000,10700000000
117,78,195,190000,951000,11800000000
118,78,196,114000,568000,12400000000
119,78,197,67400,337000,12600000000
120,78,198,39800,199000,17400000000000
121,78,199,23500,117000,392000000
122,78,200,13800,69100,243000000
123,78,201,8120,40600,142000000
124,78,202,4750,23800,77300000
125,78,203,2770,13900,772000
126,78,204,1610,8030,70900
127,78,205,921,4610,36900
128,78,206,521,2610,20900
129,78,207,289,1450,11600
130,78,208,156,782,6260
131,78,209,81.9,409,3270
132,78,210,41.1,205,1640
133,78,211,19.6,98,784
134,78,212,8.77,43.9,351
135,78,213,3.65,18.3,146
136,78,214,1.39,6.97,55.8
137,78,215,0.481,2.41,19.3
138,78,216,0.149,0.746,5.97
139,78,217,0.0408,0.204,1.63
140,78,218,0.00967,0.0484,0.387
141,78,219,0.00196,0.00978,0.0782
142,78,220,0.00033,0.00165,0.0132
143,78,221,4.58E-05,0.000229,0.00183
144,78,222,5.12E-06,2.56E-05,0.000205
145,78,223,4.51E-07,2.26E-06,1.81E-05
146,78,224,3.09E-08,1.54E-07,1.24E-06
147,78,225,3.18E-10,1.59E-09,1.27E-08
148,78,226,7.51E-13,3.76E-12,3E-11
87,79,166,4.5E-07,2.25E-06,1.8E-05
88,79,167,1.74E-05,8.71E-05,0.000697
89,79,168,0.000507,0.00254,0.0254
90,79,169,0.0115,0.0576,0.793
91,79,170,0.21,1.05,17.6
92,79,171,3.13,15.7,284
93,79,172,38.1,190,3370
94,79,173,374,1870,30800
95,79,174,2920,14600,229000
96,79,175,18200,90800,1310000
97,79,176,89300,447000,5880000
98,79,177,350000,1750000,21100000
99,79,178,1100000,5500000,62000000
100,79,179,2800000,14000000,151000000
101,79,180,5860000,29300000,311000000
102,79,181,10200000,50900000,550000000
103,79,182,14900000,74500000,855000000
104,79,183,18800000,93800000,1180000000
105,79,184,20700000,103000000,1520000000
106,79,185,20300000,101000000,1890000000
107,79,186,17900000,89600000,2850000000
108,79,187,14800000,74000000,4230000000
109,79,188,11600000,58000000,5800000000
110,79,189,8720000,43600000,7330000000
111,79,190,6290000,31500000,8560000000
112,79,191,4380000,21900000,8830000000
113,79,192,2980000,14900000,8120000000
114,79,193,1980000,9900000,6710000000
115,79,194,1290000,6450000,4950000000
116,79,195,827000,4140000,4530000000
117,79,196,525000,2630000,4470000000
118,79,197,330000,1650000,4250000000
119,79,198,206000,1030000,3880000000
120,79,199,127000,637000,3410000000
121,79,200,78600,393000,2880000000
122,79,201,48200,241000,2340000000
123,79,202,29400,147000,1820000000
124,79,203,17900,89500,1360000000
125,79,204,10800,54000,13600000
126,79,205,6460,32300,2250000
127,79,206,3810,19100,153000
128,79,207,2210,11100,88500
129,79,208,1260,6280,50300
130,79,209,693,3470,27700
131,79,210,369,1840,14700
132,79,211,187,937,7500
133,79,212,90.3,452,3610
134,79,213,40.8,204,1630
135,79,214,17.1,85.5,684
136,79,215,6.58,32.9,263
137,79,216,2.3,11.5,91.9
138,79,217,0.719,3.6,28.8
139,79,218,0.199,0.993,7.95
140,79,219,0.0477,0.239,1.91
141,79,220,0.00978,0.0489,0.391
142,79,221,0.00168,0.00842,0.0673
143,79,222,0.000239,0.00119,0.00956
144,79,223,2.74E-05,0.000137,0.0011
145,79,224,2.51E-06,1.26E-05,0.0001
146,79,225,1.8E-07,9E-07,7.2E-06
147,79,226,1.85E-09,9.23E-09,7.38E-08
148,79,227,4.37E-12,2.18E-11,1.75E-10
90,80,170,0.000112,0.000558,0.00447
91,80,171,0.0027,0.0135,0.108
92,80,172,0.0524,0.262,2.49
93,80,173,0.836,4.18,45.2
94,80,174,11,55.1,639
95,80,175,118,589,6730
96,80,176,1020,5090,54200
97,80,177,6970,34800,337000
98,80,178,38000,190000,1660000
99,80,179,165000,826000,6610000
100,80,180,575000,2880000,23000000
101,80,181,1630000,8140000,65100000
102,80,182,3760000,18800000,150000000
103,80,183,7210000,36100000,289000000
104,80,184,11600000,58100000,465000000
105,80,185,15900000,79700000,742000000
106,80,186,18900000,94700000,1050000000
107,80,187,20100000,100000000,1360000000
108,80,188,18900000,94500000,1830000000
109,80,189,16400000,81800000,2380000000
110,80,190,13400000,67000000,2890000000
111,80,191,10400000,52200000,4790000000
112,80,192,7830000,39100000,7360000000
113,80,193,5700000,28500000,10400000000
114,80,194,4030000,20100000,13500000000
115,80,195,2790000,13900000,16000000000
116,80,196,1900000,9480000,16700000000000
117,80,197,1270000,6360000,5810000000
118,80,198,843000,4210000,6970000000
119,80,199,552000,2760000,8120000000
120,80,200,358000,1790000,9200000000
121,80,201,231000,1160000,9980000000
122,80,202,148000,741000,10400000000
123,80,203,94200,471000,10600000000
124,80,204,59500,298000,16100000000000
125,80,205,37200,186000,117000000
126,80,206,23000,115000,60900000
127,80,207,14000,69900,602000
128,80,208,8360,41800,334000
129,80,209,4860,24300,194000
130,80,210,2740,13700,109000
131,80,211,1490,7440,59500
132,80,212,770,3850,30800
133,80,213,377,1890,15100
134,80,214,173,867,6940
135,80,215,73.9,369,2950
136,80,216,29,145,1160
137,80,217,10.4,51.8,415
138,80,218,3.32,16.6,133
139,80,219,0.942,4.71,37.7
140,80,220,0.232,1.16,9.29
141,80,221,0.0491,0.245,1.96
142,80,222,0.00877,0.0438,0.351
143,80,223,0.0013,0.0065,0.052
144,80,224,0.000157,0.000786,0.00629
145,80,225,1.53E-05,7.66E-05,0.000613
146,80,226,1.18E-06,5.91E-06,4.73E-05
147,80,227,1.21E-08,6.05E-08,4.84E-07
148,80,228,2.87E-11,1.43E-10,1.15E-09
92,81,173,0.000575,0.00287,0.023
93,81,174,0.012,0.0598,0.478
94,81,175,0.205,1.03,8.22
95,81,176,2.92,14.6,117
96,81,177,34.2,171,1370
97,81,178,325,1620,13000
98,81,179,2470,12300,98700
99,81,180,14800,74200,594000
100,81,181,71500,358000,2860000
101,81,182,276000,1380000,11100000
102,81,183,863000,4310000,34500000
103,81,184,2210000,11100000,88400000
104,81,185,4680000,23400000,187000000
105,81,186,8280000,41400000,331000000
106,81,187,12400000,62200000,498000000
107,81,188,16100000,80400000,644000000
108,81,189,18300000,91700000,816000000
109,81,190,18700000,93300000,1140000000
110,81,191,17100000,85400000,1490000000
111,81,192,14600000,73100000,2170000000
112,81,193,11900000,59400000,3010000000
113,81,194,9320000,46600000,3920000000
114,81,195,7060000,35300000,4820000000
115,81,196,5220000,26100000,5610000000
116,81,197,3780000,18900000,6030000000
117,81,198,2680000,13400000,5960000000
118,81,199,1870000,9360000,5480000000
119,81,200,1290000,6470000,4700000000
120,81,201,881000,4410000,3870000000
121,81,202,596000,2980000,3520000000
122,81,203,398000,1990000,3050000000
123,81,204,265000,1320000,2540000000
124,81,205,174000,871000,2010000000
125,81,206,113000,565000,1520000000
126,81,207,72100,361000,1110000000
127,81,208,45400,227000,11100000
128,81,209,27900,140000,1120000
129,81,210,16700,83700,670000
130,81,211,9690,48500,388000
131,81,212,5390,27000,216000
132,81,213,2870,14300,115000
133,81,214,1440,7210,57700
134,81,215,678,3390,27100
135,81,216,298,1490,11900
136,81,217,121,605,4840
137,81,218,44.8,224,1790
138,81,219,14.9,74.3,594
139,81,220,4.38,21.9,175
140,81,221,1.13,5.65,45.2
141,81,222,0.251,1.26,10
142,81,223,0.0474,0.237,1.89
143,81,224,0.00751,0.0376,0.301
144,81,225,0.00098,0.0049,0.0392
145,81,226,0.000104,0.000522,0.00418
146,81,227,8.93E-06,4.46E-05,0.000357
147,81,228,9.1E-08,4.55E-07,3.64E-06
148,81,229,2.15E-10,1.08E-09,8.61E-09
149,81,230,6.57E-14,3.29E-13,2.63E-12
93,82,175,0.00011,0.000551,0.00441
94,82,176,0.00246,0.0123,0.0983
95,82,177,0.0456,0.228,1.83
96,82,178,0.709,3.55,28.4
97,82,179,9.12,45.6,365
98,82,180,95.1,476,3810
99,82,181,794,3970,31800
100,82,182,5320,26600,213000
101,82,183,28400,142000,1140000
102,82,184,121000,606000,4850000
103,82,185,421000,2100000,16800000
104,82,186,1190000,5940000,47500000
105,82,187,2770000,13900000,111000000
106,82,188,5390000,27000000,216000000
107,82,189,8900000,44500000,356000000
108,82,190,12500000,62700000,502000000
109,82,191,15500000,77300000,619000000
110,82,192,16800000,84200000,674000000
111,82,193,16600000,83100000,798000000
112,82,194,15000000,75100000,1170000000
113,82,195,12900000,64300000,1620000000
114,82,196,10500000,52600000,2130000000
115,82,197,8350000,41800000,3010000000
116,82,198,6450000,32300000,4350000000
117,82,199,4850000,24300000,5960000000
118,82,200,3590000,17900000,7720000000
119,82,201,2620000,13100000,9420000000
120,82,202,1880000,9390000,10900000000
121,82,203,1330000,6650000,11600000000
122,82,204,936000,4680000,14200000000000
123,82,205,650000,3250000,8410000000
124,82,206,444000,2220000,8750000000
125,82,207,301000,1500000,8810000000
126,82,208,199000,996000,13600000000000
127,82,209,130000,651000,86100000
128,82,210,82700,414000,3310000
129,82,211,51100,256000,2040000
130,82,212,30700,153000,1230000
131,82,213,17700,88300,706000
132,82,214,9670,48300,387000
133,82,215,5010,25100,201000
134,82,216,2460,12300,98500
135,82,217,1130,5650,45200
136,82,218,478,2390,19100
137,82,219,186,928,7420
138,82,220,64.8,324,2590
139,82,221,20.1,101,806
140,82,222,5.54,27.7,222
141,82,223,1.32,6.59,52.7
142,82,224,0.269,1.34,10.8
143,82,225,0.0466,0.233,1.86
144,82,226,0.00672,0.0336,0.269
145,82,227,0.000803,0.00402,0.0321
146,82,228,7.83E-05,0.000392,0.00313
147,82,229,7.92E-07,3.96E-06,3.17E-05
148,82,230,1.85E-09,9.27E-09,7.42E-08
149,82,231,5.66E-13,2.83E-12,2.26E-11
101,83,184,1740,8710,69700
102,83,185,10200,51200,410000
103,83,186,48600,243000,1940000
104,83,187,185000,927000,7410000
105,83,188,581000,2910000,23300000
106,83,189,1490000,7460000,59700000
107,83,190,3210000,16000000,128000000
108,83,191,5800000,29000000,232000000
109,83,192,8890000,44500000,356000000
110,83,193,11900000,59400000,475000000
111,83,194,14000000,70100000,560000000
112,83,195,14900000,74500000,596000000
113,83,196,14500000,72400000,579000000
114,83,197,13000000,65000000,596000000
115,83,198,11200000,56000000,932000000
116,83,199,9260000,46300000,1400000000
117,83,200,7490000,37400000,2020000000
118,83,201,5880000,29400000,2800000000
119,83,202,4540000,22700000,3700000000
120,83,203,3450000,17200000,4710000000
121,83,204,2570000,12800000,5760000000
122,83,205,1900000,9480000,6760000000
123,83,206,1380000,6910000,7600000000
124,83,207,987000,4930000,8040000000
125,83,208,698000,3490000,8110000000
126,83,209,482000,2410000,12100000000000
127,83,210,326000,1630000,78800000
128,83,211,217000,1080000,8670000
129,83,212,139000,696000,5570000
130,83,213,86400,432000,3460000
131,83,214,52000,260000,2080000
132,83,215,29700,148000,1190000
133,83,216,16100,80700,645000
134,83,217,8300,41500,332000
135,83,218,4040,20200,161000
136,83,219,1800,9020,72100
137,83,220,740,3700,29600
138,83,221,277,1380,11100
139,83,222,92.8,464,3710
140,83,223,27.5,138,1100
141,83,224,7.17,35.8,287
142,83,225,1.61,8.06,64.5
143,83,226,0.311,1.55,12.4
144,83,227,0.0511,0.256,2.05
145,83,228,0.00702,0.0351,0.281
146,83,229,0.000804,0.00402,0.0322
147,83,230,8.06E-06,4.03E-05,0.000322
148,83,231,1.84E-08,9.22E-08,7.37E-07
149,83,232,5.69E-12,2.84E-11,2.28E-10
101,84,185,68.9,345,2760
102,84,186,561,2810,22500
103,84,187,3620,18100,145000
104,84,188,18800,93900,751000
105,84,189,79100,395000,3160000
106,84,190,272000,1360000,10900000
107,84,191,761000,3800000,30400000
108,84,192,1770000,8830000,70700000
109,84,193,3460000,17300000,138000000
110,84,194,5740000,28700000,230000000
111,84,195,8240000,41200000,330000000
112,84,196,10500000,52500000,420000000
113,84,197,12000000,60000000,480000000
114,84,198,12500000,62700000,502000000
115,84,199,12200000,60800000,486000000
116,84,200,11000000,54900000,439000000
117,84,201,9530000,47700000,381000000
118,84,202,8090000,40500000,324000000
119,84,203,6630000,33200000,265000000
120,84,204,5360000,26800000,214000000
121,84,205,4260000,21300000,170000000
122,84,206,3290000,16500000,132000000
123,84,207,2510000,12500000,100000000
124,84,208,1890000,9470000,75800000
125,84,209,1390000,6970000,68800000
126,84,210,1010000,5060000,40500000
127,84,211,721000,3600000,28800000
129,84,213,336000,1680000,13400000
130,84,214,219000,1090000,8760000
131,84,215,137000,685000,5480000
132,84,216,82900,414000,3320000
133,84,217,47900,240000,1920000
134,84,218,26200,131000,1050000
135,84,219,13500,67500,540000
136,84,220,6460,32300,258000
137,84,221,2870,14300,115000
138,84,222,1160,5810,46400
139,84,223,423,2120,16900
140,84,224,138,691,5530
141,84,225,40.3,202,1610
142,84,226,10.2,51.1,409
143,84,227,2.26,11.3,90.5
144,84,228,0.429,2.15,17.2
145,84,229,0.07,0.35,2.8
146,84,230,0.00961,0.048,0.384
147,84,231,9.51E-05,0.000475,0.0038
148,84,232,2.1E-07,1.05E-06,8.4E-06
149,84,233,6.84E-11,3.42E-10,2.74E-09
99,85,184,0.00932,0.0466,0.373
100,85,185,0.161,0.806,6.45
101,85,186,2.28,11.4,91.1
102,85,187,25.8,129,1030
103,85,188,230,1150,9220
104,85,189,1650,8270,66200
105,85,190,9470,47400,379000
106,85,191,43700,219000,1750000
107,85,192,163000,816000,6520000
108,85,193,493000,2470000,19700000
109,85,194,1250000,6240000,49900000
110,85,195,2640000,13200000,106000000
111,85,196,4800000,24000000,192000000
112,85,197,7500000,37500000,300000000
113,85,198,10400000,52100000,417000000
114,85,199,12900000,64300000,515000000
115,85,200,14500000,72500000,580000000
116,85,201,15100000,75400000,603000000
117,85,202,14600000,73100000,585000000
118,85,203,13300000,66500000,532000000
119,85,204,11800000,58800000,470000000
120,85,205,10000000,50200000,402000000
121,85,206,8420000,42100000,337000000
122,85,207,6860000,34300000,274000000
123,85,208,5530000,27600000,221000000
124,85,209,4350000,21800000,174000000
125,85,210,3360000,16800000,134000000
126,85,211,2560000,12800000,102000000
127,85,212,1890000,9460000,75700000
130,85,215,663000,3310000,26500000
131,85,216,438000,2190000,17500000
132,85,217,281000,1410000,11200000
133,85,218,173000,865000,6920000
134,85,219,101000,504000,4030000
135,85,220,55800,279000,2230000
136,85,221,28800,144000,1150000
137,85,222,13800,69000,552000
138,85,223,6120,30600,245000
139,85,224,2460,12300,98600
140,85,225,902,4510,36100
141,85,226,294,1470,11800
142,85,227,85.9,429,3430
143,85,228,22.1,110,884
144,85,229,4.96,24.8,198
145,85,230,0.968,4.84,38.7
146,85,231,0.164,0.819,6.55
147,85,232,0.00173,0.00863,0.069
148,85,233,3.95E-06,1.98E-05,0.000158
149,85,234,1.41E-09,7.05E-09,5.64E-08
100,86,186,0.00232,0.0116,0.0928
101,86,187,0.0454,0.227,1.81
102,86,188,0.711,3.56,28.4
103,86,189,8.94,44.7,358
104,86,190,88.7,443,3550
105,86,191,700,3500,28000
106,86,192,4330,21600,173000
107,86,193,21400,107000,858000
108,86,194,85600,428000,3430000
109,86,195,281000,1400000,11200000
110,86,196,766000,3830000,30600000
111,86,197,1770000,8840000,70700000
112,86,198,3510000,17500000,140000000
113,86,199,6040000,30200000,242000000
114,86,200,9150000,45700000,366000000
115,86,201,12400000,61900000,495000000
116,86,202,15200000,76100000,609000000
117,86,203,17100000,85400000,683000000
118,86,204,18000000,89900000,719000000
119,86,205,17700000,88500000,708000000
120,86,206,16500000,82500000,660000000
121,86,207,14900000,74400000,595000000
122,86,208,13100000,65400000,523000000
123,86,209,11100000,55700000,446000000
124,86,210,9360000,46800000,374000000
125,86,211,7660000,38300000,306000000
126,86,212,6170000,30900000,247000000
127,86,213,4840000,24200000,194000000
129,86,215,2780000,13900000,111000000
130,86,216,2030000,10200000,81400000
131,86,217,1450000,7250000,58000000
132,86,218,996000,4980000,39800000
133,86,219,661000,3300000,26400000
134,86,220,420000,2100000,16800000
135,86,221,251000,1260000,10100000
136,86,222,142000,712000,5700000
137,86,223,75700,379000,3030000
138,86,224,37300,187000,1490000
139,86,225,17000,84800,678000
140,86,226,7070,35400,283000
141,86,227,2680,13400,107000
142,86,228,912,4560,36500
143,86,229,279,1400,11200
144,86,230,76.3,382,3050
145,86,231,18.4,91.8,735
146,86,232,3.92,19.6,157
147,86,233,0.0408,0.204,1.63
148,86,234,8.98E-05,0.000449,0.00359
149,86,235,3.34E-08,1.67E-07,1.34E-06
101,87,188,0.000537,0.00268,0.0215
102,87,189,0.0118,0.0592,0.474
103,87,190,0.208,1.04,8.34
104,87,191,2.87,14.4,115
105,87,192,30.7,154,1230
106,87,193,257,1290,10300
107,87,194,1690,8470,67700
108,87,195,8970,44800,359000
109,87,196,38600,193000,1540000
110,87,197,137000,685000,5480000
111,87,198,406000,2030000,16200000
112,87,199,1020000,5100000,40800000
113,87,200,2210000,11100000,88500000
114,87,201,4160000,20800000,166000000
115,87,202,6930000,34700000,277000000
116,87,203,10300000,51500000,412000000
117,87,204,13800000,69200000,553000000
118,87,205,17100000,85400000,683000000
119,87,206,19400000,97200000,778000000
120,87,207,20800000,104000000,831000000
121,87,208,21200000,106000000,846000000
122,87,209,20300000,102000000,814000000
123,87,210,18800000,94100000,752000000
124,87,211,16900000,84500000,676000000
125,87,212,14800000,74200000,594000000
126,87,213,12800000,63800000,510000000
127,87,214,10700000,53500000,428000000
130,87,217,5580000,27900000,223000000
131,87,218,4300000,21500000,172000000
132,87,219,3200000,16000000,128000000
133,87,220,2310000,11600000,92600000
134,87,221,1610000,8040000,64300000
135,87,222,1060000,5320000,42500000
136,87,223,669000,3350000,26800000
137,87,224,397000,1980000,15900000
138,87,225,222000,1110000,8860000
139,87,226,115000,574000,4600000
140,87,227,55400,277000,2220000
141,87,228,24500,123000,982000
142,87,229,9970,49800,399000
143,87,230,3700,18500,148000
144,87,231,1250,6240,49900
145,87,232,379,1890,15100
146,87,233,104,520,4160
147,87,234,1.07,5.35,42.8
148,87,235,0.00228,0.0114,0.091
149,87,236,8.76E-07,4.38E-06,3.5E-05
104,88,192,0.0549,0.274,2.2
105,88,193,0.797,3.99,31.9
106,88,194,8.98,44.9,359
107,88,195,79.4,397,3180
108,88,196,557,2790,22300
109,88,197,3150,15800,126000
110,88,198,14600,72900,583000
111,88,199,55800,279000,2230000
112,88,200,180000,899000,7190000
113,88,201,492000,2460000,19700000
114,88,202,1160000,5810000,46500000
115,88,203,2400000,12000000,96000000
116,88,204,4380000,21900000,175000000
117,88,205,7150000,35800000,286000000
118,88,206,10600000,52900000,423000000
119,88,207,14300000,71700000,574000000
120,88,208,18000000,89800000,718000000
121,88,209,21000000,105000000,841000000
122,88,210,23200000,116000000,929000000
123,88,211,24400000,122000000,976000000
124,88,212,24500000,123000000,980000000
125,88,213,23500000,118000000,942000000
126,88,214,21900000,109000000,875000000
127,88,215,19800000,99200000,794000000
129,88,217,15500000,77400000,619000000
130,88,218,13300000,66400000,531000000
131,88,219,11100000,55600000,445000000
132,88,220,9100000,45500000,364000000
133,88,221,7210000,36000000,288000000
134,88,222,5530000,27600000,221000000
135,88,223,4070000,20300000,163000000
136,88,224,2870000,14300000,115000000
137,88,225,1920000,9620000,76900000
138,88,226,1230000,6130000,49000000
139,88,227,737000,3680000,29500000
140,88,228,415000,2070000,16600000
141,88,229,218000,1090000,8730000
142,88,230,107000,536000,4290000
143,88,231,48700,244000,1950000
144,88,232,20500,103000,822000
145,88,233,7980,39900,319000
146,88,234,2860,14300,114000
147,88,235,29.1,146,1160
148,88,236,0.0603,0.301,2.41
149,88,237,2.37E-05,0.000118,0.000947
106,89,195,0.183,0.913,7.3
107,89,196,2.16,10.8,86.5
108,89,197,20.2,101,807
109,89,198,151,753,6020
110,89,199,909,4540,36300
111,89,200,4510,22500,180000
112,89,201,18600,93000,744000
113,89,202,64600,323000,2590000
114,89,203,192000,961000,7690000
115,89,204,494000,2470000,19700000
116,89,205,1110000,5560000,44500000
117,89,206,2220000,11100000,89000000
118,89,207,3990000,20000000,160000000
119,89,208,6500000,32500000,260000000
120,89,209,9710000,48600000,389000000
121,89,210,13400000,67200000,537000000
122,89,211,17300000,86700000,693000000
123,89,212,21100000,105000000,843000000
124,89,213,24300000,121000000,971000000
125,89,214,26700000,133000000,1070000000
126,89,215,28200000,141000000,1130000000
127,89,216,28900000,145000000,1160000000
129,89,218,27600000,138000000,1100000000
130,89,219,26000000,130000000,1040000000
131,89,220,24000000,120000000,960000000
132,89,221,21600000,108000000,866000000
133,89,222,19000000,95100000,760000000
134,89,223,16200000,81000000,648000000
135,89,224,13400000,66900000,536000000
136,89,225,10700000,53300000,426000000
137,89,226,8160000,40800000,327000000
138,89,227,5980000,29900000,239000000
139,89,228,4190000,20900000,167000000
140,89,229,2790000,13900000,111000000
141,89,230,1760000,8790000,70300000
142,89,231,1050000,5240000,41900000
143,89,232,591000,2950000,23600000
144,89,233,314000,1570000,12500000
145,89,234,157000,783000,6260000
146,89,235,73800,369000,2950000
147,89,236,744,3720,29800
148,89,237,1.51,7.55,60.4
149,89,238,0.000598,0.00299,0.0239
109,90,199,4.13,20.6,165
110,90,200,32.6,163,1300
111,90,201,209,1040,8350
112,90,202,1100,5520,44100
113,90,203,4870,24300,195000
114,90,204,18200,90800,727000
115,90,205,58200,291000,2330000
116,90,206,162000,809000,6470000
117,90,207,396000,1980000,15800000
118,90,208,864000,4320000,34600000
119,90,209,1690000,8470000,67800000
120,90,210,3030000,15100000,121000000
121,90,211,4980000,24900000,199000000
122,90,212,7610000,38000000,304000000
123,90,213,10900000,54300000,434000000
124,90,214,14600000,73100000,585000000
125,90,215,18700000,93500000,748000000
126,90,216,23000000,115000000,919000000
127,90,217,27200000,136000000,1090000000
129,90,219,34600000,173000000,1390000000
130,90,220,37600000,188000000,1500000000
131,90,221,39200000,196000000,1570000000
132,90,222,39700000,198000000,1590000000
133,90,223,39100000,195000000,1560000000
134,90,224,37500000,187000000,1500000000
135,90,225,35000000,175000000,1400000000
136,90,226,31700000,158000000,1270000000
137,90,227,27800000,139000000,1110000000
138,90,228,23600000,118000000,945000000
139,90,229,19400000,96800000,774000000
140,90,230,15300000,76300000,611000000
141,90,231,11600000,57800000,463000000
142,90,232,8410000,42100000,337000000
143,90,233,5870000,29400000,235000000
144,90,234,3930000,19600000,157000000
145,90,235,2520000,12600000,101000000
146,90,236,1550000,7770000,62200000
147,90,237,15500,77600,621000
148,90,238,31.1,155,1240
149,90,239,0.0123,0.0615,0.492
107,91,198,0.000298,0.00149,0.0119
108,91,199,0.00493,0.0246,0.197
109,91,200,0.0637,0.319,2.55
110,91,201,0.653,3.27,26.1
111,91,202,5.4,27,216
112,91,203,36.4,182,1460
113,91,204,203,1010,8100
114,91,205,947,4730,37900
115,91,206,3760,18800,150000
116,91,207,12900,64300,514000
117,91,208,38200,191000,1530000
118,91,209,101000,504000,4030000
119,91,210,237000,1190000,9490000
120,91,211,504000,2520000,20200000
121,91,212,982000,4910000,39300000
122,91,213,1760000,8810000,70500000
123,91,214,2960000,14800000,118000000
124,91,215,4660000,23300000,187000000
125,91,216,6990000,35000000,280000000
126,91,217,10100000,50300000,402000000
127,91,218,13900000,69600000,557000000
130,91,221,30200000,151000000,1210000000
131,91,222,36700000,184000000,1470000000
132,91,223,43500000,217000000,1740000000
133,91,224,50200000,251000000,2010000000
134,91,225,56400000,282000000,2260000000
135,91,226,61500000,307000000,2460000000
136,91,227,64500000,322000000,2580000000
137,91,228,65500000,328000000,2620000000
138,91,229,64800000,324000000,2590000000
139,91,230,62200000,311000000,2490000000
140,91,231,58200000,291000000,2330000000
141,91,232,52900000,264000000,2110000000
142,91,233,46600000,233000000,1860000000
143,91,234,40000000,200000000,1600000000
144,91,235,33400000,167000000,1340000000
145,91,236,27200000,136000000,1090000000
146,91,237,21600000,108000000,864000000
147,91,238,216000,1080000,8640000
148,91,239,423,2110,16900
149,91,240,0.166,0.831,6.64
113,92,205,4.51,22.5,180
114,92,206,26.1,131,1040
115,92,207,127,633,5060
116,92,208,527,2630,21100
117,92,209,1880,9410,75200
118,92,210,5910,29500,236000
119,92,211,16500,82300,658000
120,92,212,41000,205000,1640000
121,92,213,93500,467000,3740000
122,92,214,195000,976000,7810000
123,92,215,378000,1890000,15100000
124,92,216,692000,3460000,27700000
125,92,217,1200000,5990000,47900000
126,92,218,1990000,9950000,79600000
127,92,219,3170000,15800000,127000000
129,92,221,7300000,36500000,292000000
130,92,222,10600000,53000000,424000000
131,92,223,14900000,74600000,597000000
132,92,224,20500000,103000000,822000000
133,92,225,27600000,138000000,1100000000
134,92,226,36000000,180000000,1440000000
135,92,227,46000000,230000000,1840000000
136,92,228,57100000,286000000,2290000000
137,92,229,69600000,348000000,2780000000
138,92,230,82300000,412000000,3290000000
139,92,231,95700000,478000000,3830000000
140,92,232,108000000,542000000,4340000000
141,92,233,121000000,603000000,4820000000
142,92,234,129000000,647000000,5180000000
143,92,235,135000000,677000000,5420000000
144,92,236,138000000,692000000,5540000000
145,92,237,140000000,698000000,5580000000
146,92,238,328000000000,1640000000000,13100000000000
147,92,239,1370000,6850000,54800000
148,92,240,2680,13400,107000
149,92,241,1.04,5.22,41.8
115,93,208,0.772,3.86,30.9
116,93,209,3.9,19.5,156
117,93,210,15.4,77.1,617
118,93,211,48.3,241,1930
119,93,212,135,674,5390
120,93,213,339,1700,13600
121,93,214,769,3840,30700
122,93,215,1610,8060,64500
123,93,216,3120,15600,125000
124,93,217,5740,28700,230000
125,93,218,9940,49700,398000
126,93,219,16500,82700,662000
130,93,223,88400,442000,3540000
131,93,224,126000,628000,5020000
132,93,225,172000,861000,6890000
133,93,226,231000,1160000,9260000
134,93,227,302000,1510000,12100000
135,93,228,388000,1940000,15500000
136,93,229,482000,2410000,19300000
137,93,230,584000,2920000,23400000
138,93,231,698000,3490000,27900000
139,93,232,808000,4040000,32300000
140,93,233,920000,4600000,36800000
141,93,234,1020000,5100000,40800000
142,93,235,1100000,5480000,43800000
143,93,236,1140000,5720000,45700000
144,93,237,1180000,5880000,47000000
145,93,238,1230000,6150000,49200000
146,93,239,172000,860000,6880000
147,93,240,132000,659000,5270000
148,93,241,255,1270,10200
149,93,242,0.0977,0.489,3.91
