el,A,Z_+,state,ME_keV,ME_unc_keV,Ex_keV,Ex_unc_keV,Ex_origin,t_1_2,t_1_2_unit,t_1_2_unc,JP,T,ensdf,ref,yr,decay,extrapol,Z,N,mass_prec,isolde_yields,isolde_yields_log
1 n,1,0,,8071.3181,0.0004,,,,609.8,s,0.6,1/2+*,,6.0,,1932,B-=100,False,0,1,4.294176409284926e-10,,
1H,1,10,,7288.971064,1.3e-05,,,,stbl,,,1/2+*,,6.0,,1920,IS=99.9855 78,False,1,0,1.396373334948402e-11,,
2H,2,10,,13135.722895,1.5e-05,,,,stbl,,,1+*,,3.0,,1932,IS=0.0145 78,False,1,1,8.044181710098656e-12,,
3H,3,10,,14949.8109,8e-05,,,,12.32,y,0.02,1/2+*,,0.0,,1934,B-=100,False,1,2,2.8546418663563203e-11,,
3He,3,20,,14931.21888,6e-05,,,,stbl,,,1/2+*,,98.0,,1934,IS=0.0002 2,False,2,1,2.1419557023603726e-11,,
3Li,3,30,,,0.0,,,,p-unst,,,3/2-.0,,98.0,,9999,p ?,False,3,0,,,
4H,4,10,,24620.0,100.0,,,,139,ys,10,2-,,98.0,,1981,n=100,False,1,3,2.6792783156883518e-05,,
4He,4,20,,2424.91587,0.00015,,,,stbl,,,0+,,98.0,,1908,IS=99.9998 2,False,2,2,3.9965362271075834e-11,,
4Li,4,30,,25320.0,210.0,,,,91,ys,9,2-,,98.0,,1965,p=100,False,3,1,5.6314434498285865e-05,,
5H,5,10,,32890.0,90.0,,,,86,ys,6,(1/2+),,19.0,,1987,2n=100,False,1,4,1.929821496536997e-05,,
5He,5,20,,11231.0,20.0,,,,602,ys,22,3/2-,,2.0,,1937,n=100,False,2,3,4.269846221542216e-06,,
5Li,5,30,,11680.0,50.0,,,,370,ys,30,3/2-,,2.0,,1941,p=100,False,3,2,1.0678587716846439e-05,,
5Be,5,40,,,0.0,,,,p-unst,,,1/2+.0,,18.0,,9999,p ?,False,4,1,,,
6H,6,10,,41880.0,250.0,,,,294,ys,67,2-.0,,19.0,,1984,n ?;3n ?,False,1,5,4.468898902154679e-05,,
6He,6,20,,17592.1,0.05,,,,806.92,ms,0.24,0+,,2.0,,1936,B-=100;B-d=0.000278 18,False,2,4,8.901210128460902e-09,5.40e+7,17.80449460452855
6Li,6,30,,14086.8804,0.0014,,,,stbl,,,1+*,,2.0,,1921,IS=4.85 171,False,3,3,2.491357815342271e-10,,
6Li,6,38,i,17649.76,0.1,3562.88,0.1,,56,as,14,0+,T=1,2.0,,1981,IT=100,False,3,3,1.7806702935248993e-08,,
6Be,6,40,,18375.0,5.0,,,,5.0,zs,0.3,0+,,2.0,,1958,2p=100,False,4,2,8.906552849523223e-07,,
6B,6,50,,,0.0,,,,p-unst,,,2-.0,,,,9999,2p ?,False,5,1,,,
7H,7,10,,,0.0,,,,652,ys,558,1/2+.0,,17.0,,2003,2n ?,False,1,6,,,
7He,7,20,,26073.0,8.0,,,,2.51,zs,0.07,(3/2)-,,3.0,,1967,n=100,False,2,5,1.2216914470364394e-06,,
7Li,7,30,,14907.105,0.004,,,,stbl,,,3/2-*,,3.0,,1921,IS=95.15 171,False,3,4,6.099261664016847e-10,8.20e+9,22.82739999121662
7Li,7,38,i,26150.0,30.0,11250.0,30.0,RQ,,,,3/2-,T=3/2,3.0,,9999,,False,3,4,4.582301843685804e-06,8.20e+9,22.82739999121662
7Be,7,40,,15769.0,0.07,,,,53.22,d,0.06,3/2-,,3.0,,1938,EC=100,False,4,3,1.0677216791305916e-08,2.00e+12,28.324168296488494
7Be,7,48,i,26750.0,30.0,10980.0,30.0,RQ,,,,3/2-,T=3/2,3.0,,9999,p ?;3He ?;A ?,False,4,3,4.583627401284096e-06,2.00e+12,28.324168296488494
7B,7,50,,27677.0,25.0,,,,570,ys,14,(3/2-),,14.0,,1967,p=100,False,5,2,3.820985729243317e-06,,
8He,8,20,,31609.68,0.09,,,,119.5,ms,1.5,0+,,5.0,,1965,B-=100;B-n=16 1;B-t=0.9 1,False,2,6,1.2028343557581618e-08,6.64e+5,13.406037428458571
8Li,8,30,,20945.8,0.05,,,,838.7,ms,0.3,2+,,5.0,,1935,B-=100;B-A=100,False,3,5,6.674054785621605e-09,5.80e+8,20.17853866150474
8Li,8,38,i,31768.0,5.0,10822.0,5.0,RQ,,,,0+,T=2,5.0,,9999,,False,3,5,6.683709799527971e-07,5.80e+8,20.17853866150474
8Be,8,40,,4941.67,0.04,,,,81.9,as,3.7,0+,,5.0,,1932,A=100,False,4,4,5.328780164425821e-09,,
8Be,8,48,i,21568.0,3.0,16626.0,3.0,,,,,2+  frg,T=1,,,2004,A~100,False,4,4,4.0054570160961336e-07,,
8Be,8,49,j,32436.0,2.0,27494.3,2.0,RQ,,,,0+,T=2,5.0,,9999,n=39.4;d=27.0;3H=11.7;A=7.9;p=6.9;3He=6.6;IT=0.60,False,4,4,2.674185036377246e-07,,
8B,8,50,,22921.6,1.0,,,,771.9,ms,0.9,2+,,5.0,,1950,B+=100;B+A=100,False,5,3,1.335624356083534e-07,2.61e+5,12.47227568630483
8B,8,58,i,33546.0,8.0,10624.0,8.0,RQ,,,,0+,T=2,5.0,,1975,,False,5,3,1.0700178624066916e-06,2.61e+5,12.47227568630483
8C,8,60,,35064.0,18.0,,,,3.5,zs,1.4,0+,,18.0,,1974,2p=100,False,6,2,2.4084458189813436e-06,,
9He,9,20,,40940.0,50.0,,,,2.5,zs,2.3,1/2(+),,6.0,,1987,n=100,False,2,7,5.943492515956332e-06,,
9Li,9,30,,24954.91,0.19,,,,178.2,ms,0.4,3/2-,,6.0,,1951,B-=100;B-n=50.5 10,False,3,6,2.2545897247148103e-08,3.60e+7,17.399029496420383
9Be,9,40,,11348.45,0.08,,,,stbl,,,3/2-*,,6.0,,1921,IS=100,False,4,5,9.479159292215964e-09,,
9Be,9,48,i,25738.8,1.7,14390.3,1.7,RQ,1.25,as,0.10,3/2-,T=3/2,6.0,,1976,,False,4,5,2.0177618459106052e-07,,
9B,9,50,,12416.5,0.9,,,,800,zs,300,3/2-,,6.0,,1940,p=100,False,5,4,1.0667038830479388e-07,,
9B,9,58,i,27071.0,2.3,14654.5,2.5,RQ,,,,3/2-,T=3/2,6.0,,9999,,False,5,4,2.730764071887924e-07,,
9C,9,60,,28911.0,2.1,,,,126.5,ms,0.9,3/2-,,6.0,,1964,B+=100;B+p=7.5 6;B+A=38.4 16,False,6,3,2.4942342240867703e-07,4.03e+3,8.301521654940728
10He,10,20,,49200.0,90.0,,,,260,ys,40,0+,,7.0,,1994,2n=100,False,2,8,9.631985857044444e-06,,
10Li,10,30,,33053.0,13.0,,,,2.0,zs,0.5,"(1-,2-)",,7.0,,1975,n=100,False,3,7,1.3890786690729371e-06,,
10Li,10,31,m,33250.0,40.0,200.0,40.0,RQ,3.7,zs,1.5,1+,,7.0,,1994,IT=100,False,3,7,4.274178183488982e-06,,
10Li,10,32,n,33530.0,40.0,480.0,40.0,RQ,1.35,zs,0.24,(2+),,7.0,,1993,IT=100,False,3,7,4.2743060675091845e-06,,
10Be,10,40,,12607.49,0.08,,,,1.387,My,0.012,0+,,7.0,,1935,B-=100,False,4,6,8.530718715127615e-09,2.00e+12,28.324168296488494
10Be,10,48,i,33787.0,21.0,21179.0,21.0,RQ,,,,(2-),T=2,7.0,,9999,n ?;p ?;3H ?,False,4,6,2.244382500789497e-06,2.00e+12,28.324168296488494
10B,10,50,,12050.611,0.015,,,,stbl,,,3+*,,7.0,,1920,IS=19.65 44,False,5,5,1.5996353799816883e-09,,
10B,10,58,i,13790.66,0.04,1740.05,0.04,,,,,0+,T=1,7.0,,9999,IT=100,False,5,5,4.266486048267852e-09,,
10C,10,60,,15698.67,0.07,,,,19.3011,s,0.0015,0+,,7.0,,1949,B+=100,False,6,4,7.468900930787916e-09,7.00e+5,13.458835614025542
10N,10,70,,38800.0,400.0,,,,143,ys,36,"1-,2-",,17.0,,2002,p ?,False,7,3,4.279081306837634e-05,,
11Li,11,30,,40728.3,0.6,,,,8.75,ms,0.06,3/2-*,,12.0,,1966,B-=100;B-n=86.3 9;B-2n=4.1 4;B-3n=1.9 2;B-A=1.7 3;B-d=0.0130 13;B-t=0.0093 8,False,3,8,5.830557396819841e-08,7.00e+3,8.85366542803745
11Be,11,40,,20177.17,0.24,,,,13.76,s,0.07,1/2+*,,12.0,,1958,B-=100;B-A=3.3 1;B-p=0.0013 3;B-n ?,False,4,7,2.3278666010244168e-08,7.00e+6,15.761420707019587
11Be,11,48,i,41336.0,20.0,21158.0,20.0,RQ,0.93,zs,0.13,3/2-,T=5/2,,,1997,IT ?,False,4,7,1.943878233915404e-06,7.00e+6,15.761420707019587
11B,11,50,,8667.708,0.012,,,,stbl,,,3/2-*,,12.0,,1920,IS=80.35 44,False,5,6,1.162781091669406e-09,,
11B,11,58,i,21228.0,9.0,12560.0,9.0,RQ,,,T=3/2,"1/2+,(3/",2+),12.0,,1963,,False,5,6,8.731485037875918e-07,,
11B,11,59,j,42230.0,80.0,33570.0,80.0,2p,,,,3/2-,T=5/2,,,9999,,False,5,6,7.777166325356017e-06,,
11C,11,60,,10649.4,0.06,,,,20.3402,m,0.0053,3/2-*,,12.0,,1934,B+=100,False,6,5,5.815751056121484e-09,7.70e+8,20.461901072812005
11C,11,68,i,22810.0,40.0,12160.0,40.0,RQ,,,,1/2+,T=3/2,12.0,,1971,p=?,False,6,5,3.881742847179607e-06,7.70e+8,20.461901072812005
11N,11,70,,24366.0,5.0,,,,585,ys,7,1/2+,,12.0,,1974,p=100,False,7,4,4.853520602984589e-07,,
11N,11,71,m,25110.0,60.0,740.0,60.0,,690,ys,80,1/2-,,12.0,,1974,p=100,False,7,4,5.824645381722623e-06,,
11O,11,80,,47740.0,60.0,,,,198,ys,12,(3/2-),,20.0,,2019,2p=100,False,8,3,5.838204117198333e-06,,
12Li,12,30,,49010.0,30.0,,,,,,,"(1-,2-)",,17.0,,2008,n ?,False,3,9,2.6733452655347735e-06,,
12Be,12,40,,25077.8,1.9,,,,21.46,ms,0.05,0+,,17.0,,1966,B-=100;B-n=0.50 3,False,4,8,1.689709875089876e-07,7.00e+3,8.85366542803745
12Be,12,41,m,27328.8,2.1,2251.0,1.0,,233,ns,7,0+,,17.0,,2007,IT=100,False,4,8,1.8679480097959889e-07,7.00e+3,8.85366542803745
12B,12,50,,13369.4,1.3,,,,20.20,ms,0.02,1+*,,17.0,,1935,B-=100;B-A=0.60 2,False,5,7,1.1550474389508596e-07,,
12B,12,58,i,26088.0,19.0,12719.0,19.0,RQ,,,,0+,T=2,17.0,,9999,,False,5,7,1.690056096546222e-06,,
12C,12,60,,0.0,0.0,,,,stbl,,,0+,,17.0,,1919,IS=98.94 6,False,6,6,0.0,,
12C,12,68,i,15108.0,3.0,15108.0,3.0,RQ,,,,1+,T=1,17.0,,9999,IT=?;A ?,False,6,6,2.6662123317425523e-07,,
12C,12,69,j,27595.0,2.4,27595.0,2.4,RQ,,,,0+,T=2,17.0,,9999,,False,6,6,2.1353395936263238e-07,,
12N,12,70,,17338.1,1.0,,,,11.000,ms,0.016,1+*,,17.0,,1949,B+=100;B+A=1.93 4,False,7,5,8.89015830888831e-08,,
12N,12,78,i,29580.0,4.0,12242.0,4.0,2p,>5,zs,,(0+),T=2,17.0,,9999,,False,7,5,3.559937690214527e-07,,
12O,12,80,,32013.0,12.0,,,,8.9,zs,3.3,0+,,17.0,,1978,2p=100,False,8,4,1.0683356075085763e-06,,
13Li,13,30,,56980.0,70.0,,,,3.3,zs,1.2,3/2-.0,,,,2008,2n=100,False,3,10,5.759662228281904e-06,,
13Be,13,40,,33659.0,10.0,,,,1.0,zs,0.7,(1/2-),,,,1983,n ?,False,4,9,8.213202828180534e-07,,
13Be,13,43,p,35160.0,50.0,1500.0,50.0,RQ,,,,(5/2+),,,,1992,,False,4,9,4.107107739048826e-06,,
13B,13,50,,16561.9,1.0,,,,17.16,ms,0.18,3/2-,,0.0,,1956,B-=100;B-n=0.266 36,False,5,8,8.202555947547848e-08,,
13C,13,60,,3125.0093,0.0002,,,,stbl,,,1/2-*,,1.0,,1929,IS=1.06 6,False,6,7,1.6388787316313426e-11,3.00e+2,5.703782474656201
13C,13,68,i,18233.8,1.1,15108.8,1.1,RQ,,,,3/2-,T=3/2,0.0,,9999,IT=0.82 7;n ?;A ?,False,6,7,9.02500664813044e-08,3.00e+2,5.703782474656201
13N,13,70,,5345.48,0.27,,,,9.965,m,0.004,1/2-*,,0.0,,1934,B+=100,False,7,6,2.2131235231032756e-08,2.40e+4,10.085809109330082
13N,13,78,i,20410.59,0.18,15065.1,0.3,RQ,,,,3/2-,T=3/2,0.0,,9999,IT=4.9 3;p ?;A ?,False,7,6,1.4772398516624239e-08,2.40e+4,10.085809109330082
13O,13,80,,23115.0,10.0,,,,8.58,ms,0.05,(3/2-),,0.0,,1963,B+=100;B+p=10.9 2,False,8,5,8.209581548376708e-07,,
13F,13,90,,42030.0,500.0,,,,,,,1/2+.0,,,,9999,p ?,True,9,4,4.1116120188053836e-05,,
14Be,14,40,,39950.0,130.0,,,,4.53,ms,0.27,0+,,1.0,,1973,B-=100;B-n=86 6;B-2n=5 2;B-t=0.02 1;B-A<0.004,False,4,10,9.917007949160861e-06,6.10e+0,1.8082887711792655
14Be,14,43,p,41470.0,60.0,1520.0,150.0,RQ,,,,(2+),,,,1995,,False,4,10,4.577611378357394e-06,6.10e+0,1.8082887711792655
14B,14,50,,23664.0,21.0,,,,12.36,ms,0.29,2-,,1.0,,1966,B-=100;B-n=6.04 23;B-2n ?,False,5,9,1.6001481005059598e-06,,
14B,14,58,i,40728.0,20.0,17065.0,29.0,RQ,4.15,zs,1.9,0+,T=3,,,2001,IT ?,False,5,9,1.5259346449758302e-06,,
14C,14,60,,3019.893,0.004,,,,5.70,ky,0.03,0+,,1.0,,1936,B-=100,False,6,8,3.0434136875426683e-10,,
14C,14,68,i,25120.0,100.0,22100.0,100.0,,,,,(2-),T=2,1.0,,1989,IT=100,False,6,8,7.6213494738197386e-06,,
14N,14,70,,2863.4168,0.0002,,,,stbl,,,1+*,,1.0,,1920,IS=99.6205 247,False,7,7,1.5218384798930615e-11,,
14N,14,78,i,5176.007,0.01,2312.59,0.01,,,,,0+,T=1,1.0,,1963,IT=100,False,7,7,7.610531620435375e-10,,
14O,14,80,,8007.781,0.025,,,,70.621,s,0.011,0+,,1.0,,1949,B+=100,False,8,6,1.903230410067352e-09,,
14F,14,90,,31960.0,40.0,,,,500,ys,60,2-,,14.0,,2010,p ?,False,9,5,3.051032508841537e-06,,
15Be,15,40,,49830.0,170.0,,,,790,ys,270,(5/2+),,15.0,,2013,n=100,False,4,11,1.2109574860041893e-05,,
15B,15,50,,28957.0,21.0,,,,10.18,ms,0.35,3/2-,,2.0,,1966,B-=100;B-n=98.7 10;B-2n<1.5,False,5,10,1.4938052274935166e-06,,
15C,15,60,,9873.1,0.8,,,,2.449,s,0.005,1/2+,,2.0,,1950,B-=100,False,6,9,5.68349408048299e-08,7.90e+5,13.579788224443204
15N,15,70,,101.4381,0.0006,,,,stbl,,,1/2-*,,2.0,,1929,IS=0.3795 247,False,7,8,4.260054594449429e-11,,
15N,15,78,i,11717.0,4.0,11615.0,4.0,RQ,,,,1/2+,T=3/2,2.0,,9999,n ?;p ?;IT=0.00523 19,False,7,8,2.8423805514949723e-07,,
15O,15,80,,2855.6,0.5,,,,122.266,s,0.043,1/2-*,,2.0,,1934,B+=100,False,8,7,3.55106598571533e-08,,
15O,15,88,i,14020.0,40.0,11165.0,35.0,,,,,(1/2+),T=3/2,2.0,,9999,p=100,True,8,7,2.843107117836342e-06,,
15F,15,90,,16567.0,14.0,,,,1.1,zs,0.3,1/2+,,16.0,,1978,p=100,False,9,6,9.953591863840759e-07,,
15Ne,15,100,,40220.0,70.0,,,2p,770,ys,300,(3/2-),,14.0,,2014,2p=100,False,10,5,4.985638517759207e-06,,
16Be,16,40,,57450.0,170.0,,,,650,ys,130,0+,,15.0,,2012,2n=100,False,4,12,1.1355724248434978e-05,,
16B,16,50,,37112.0,25.0,,,,>4.6,zs,,0-.0,,16.0,,2000,n ?,False,5,11,1.667837703716732e-06,,
16C,16,60,,13694.0,4.0,,,,750,ms,6,0+,,99.0,,1961,B-=100;B-n=99.0 3,False,6,10,2.664607327707274e-07,4.00e+3,8.294049640102028
16N,16,70,,5683.9,2.3,,,,7.13,s,0.02,2-,,99.0,,1933,B-=100;B-A=0.00154 5,False,7,9,1.5314639771702244e-07,2.50e+4,10.126631103850338
16N,16,71,m,5804.3,2.3,120.42,0.12,,5.25,us,0.06,0-,T=1,99.0,,1957,IT~100;B-=0.000389 25,False,7,9,1.531476254833104e-07,2.50e+4,10.126631103850338
16N,16,78,i,15613.0,7.0,9929.0,7.0,RQ,,,,0+,T=2,99.0,,9999,,False,7,9,4.6640608863834965e-07,2.50e+4,10.126631103850338
16O,16,80,,-4737.0021,0.0003,,,,stbl,,,0+,,99.0,,1919,IS=99.757 11,False,8,8,1.9963484030697473e-11,,
16O,16,83,p,8231.6,0.27,12968.6,0.27,,,,,2-,,99.0,,9999,p=78 4;A=22 4;IT=0.28 3,False,8,8,1.7982654567462707e-08,,
16O,16,88,i,8059.0,4.0,12796.0,4.0,RQ,,,,0-,T=1,99.0,,9999,IT=100,False,8,8,2.66406634797377e-07,,
16O,16,89,j,17984.0,4.0,22721.0,4.0,RQ,,,,0+,T=2,99.0,,9999,,False,8,8,2.665828517839649e-07,,
16F,16,90,,10675.0,5.0,,,,21,zs,5,0-,,99.0,,1964,p=100,False,9,7,3.330950207876167e-07,,
16Ne,16,100,,23987.0,20.0,,,,>5.7,zs,,0+,,99.0,,1977,2p=100,False,10,6,1.3336777418537256e-06,,
17B,17,50,,43720.0,200.0,,,,5.08,ms,0.05,(3/2-),,99.0,,1973,B-=100;B-n=63 1;B-2n=12 2;B-3n=3.5 7;B-4n=0.4 3,False,5,12,1.2560900357975565e-05,,
17C,17,60,,21032.0,17.0,,,,193,ms,6,3/2+,,17.0,,1968,B-=100;B-n=28.4 13;B-2n ?,False,6,11,1.0662438383695629e-06,8.00e+0,2.0794415416798357
17N,17,70,,7870.0,15.0,,,,4.173,s,0.004,1/2-,,99.0,,1949,B-=100;B-n=95.1 7;B-A=0.0025 4,False,7,10,9.401035685163833e-07,1.00e+5,11.512925464970229
17O,17,80,,-808.7642,0.0006,,,,stbl,,,5/2+*,,99.0,,1925,IS=0.03835 96,False,8,9,3.758674491184799e-11,,
17O,17,88,i,10270.02,0.17,11078.78,0.17,RQ,,,,1/2-,T=3/2,99.0,,9999,B- ?;n ?;IT=0.42 14,False,8,9,1.0656973939099688e-08,,
17F,17,90,,1951.7,0.25,,,,64.370,s,0.027,5/2+,,99.0,,1934,B+=100,False,9,8,1.56651218453038e-08,4.43e+7,17.606495235015363
17F,17,98,i,13144.7,1.9,11193.0,1.9,RQ,,,,1/2-,T=3/2,99.0,,9999,,False,9,8,1.1913848485327996e-07,4.43e+7,17.606495235015363
17Ne,17,100,,16500.5,0.4,,,,109.2,ms,0.6,1/2-*,,99.0,,1963,B+=100;B+p=94.4 29;B+A=3.51 1;B+pA=0.014 4,False,10,7,2.5089100293556344e-08,4.50e+3,8.411832675758411
17Na,17,110,,34720.0,60.0,,,,,,,(1/2+),,17.0,,2017,p=100,False,11,6,3.76797666509812e-06,,
18B,18,50,,51790.0,200.0,,,,,,<26 ns,(2-),,16.0,,2010,n=100,False,5,13,1.1866674888113896e-05,,
18C,18,60,,24920.0,30.0,,,,92,ms,2,0+,,17.0,,1969,B-=100;B-n=31.5 15;B-2n ?,False,6,12,1.7773040854057851e-06,,
18N,18,70,,13113.0,19.0,,,,619.2,ms,1.9,1-,,96.0,,1964,B-=100;B-n=7.0 15;B-A=12.2 6;B-2n ?,False,7,11,1.1249252429038177e-06,6.50e+1,4.174387269895637
18O,18,80,,-782.8163,0.0006,,,,stbl,,,0+,,96.0,,1929,IS=0.2045 102,False,8,10,3.549746859856223e-11,,
18O,18,88,i,15495.0,20.0,16278.0,20.0,,,,,1-,T=2,,,9999,,False,8,10,1.1843895624264822e-06,,
18F,18,90,,873.1,0.5,,,,109.734,m,0.008,1+,,96.0,,1937,B+=100,False,9,9,2.958638620591256e-08,1.78e+7,16.694709015262312
18F,18,91,m,1994.5,0.5,1121.36,0.15,,162,ns,7,5+,,96.0,,9999,IT=100,False,9,9,2.9588349580703976e-08,1.78e+7,16.694709015262312
18F,18,98,i,1914.7,0.5,1041.55,0.08,,,,,0+,T=1,96.0,,9999,IT=100,False,9,9,2.9588209856283024e-08,1.78e+7,16.694709015262312
18Ne,18,100,,5317.6,0.4,,,,1664.20,ms,0.47,0+,,96.0,,1954,B+=100,False,10,8,2.3677147911636704e-08,3.46e+6,15.056779147033907
18Na,18,110,,25040.0,90.0,,,,1.3,zs,0.4,1-.0,,15.0,,2004,p=?,False,11,7,5.333993669611832e-06,,
19B,19,50,,59770.0,530.0,,,,2.92,ms,0.13,(3/2-),,18.0,,1984,B-=100;B-n=71 9;B-2n=17 5;B-3n<9.1,False,5,14,2.9799545215264904e-05,,
19C,19,60,,32410.0,100.0,,,,46.2,ms,2.3,1/2+,,17.0,,1974,B-=100;B-n=47 3;B-2n=7 3,False,6,13,5.614327270479105e-06,,
19N,19,70,,15856.0,16.0,,,,336,ms,3,1/2-,,96.0,,1968,B-=100;B-n=41.8 9,False,7,12,8.975233797623442e-07,,
19O,19,80,,3332.9,2.6,,,,26.470,s,0.006,5/2+,,96.0,,1936,B-=100,False,8,11,1.4575573240094954e-07,1.28e+5,11.759785542901755
19F,19,90,,-1487.4451,0.0008,,,,stbl,,,1/2+*,,96.0,,1920,IS=100,False,9,10,4.483905190642309e-11,,
19F,19,98,i,6052.2,0.9,7539.6,0.9,,,,,5/2+,T=3/2,96.0,,9999,IT=100,False,9,10,5.0465259416477195e-08,,
19Ne,19,100,,1752.05,0.16,,,,17.2569,s,0.0019,1/2+*,,96.0,,1939,B+=100,False,10,9,8.970089318653484e-09,2.97e+7,17.20665760377293
19Ne,19,108,i,9253.0,9.0,7501.0,9.0,RQ,,,,(5/2)+,T=3/2,96.0,,9999,,False,10,9,5.047797973025978e-07,2.97e+7,17.20665760377293
19Na,19,110,,12929.0,11.0,,,,>1,as,,(5/2+),,15.0,,1969,p=100,False,11,8,6.171250864847298e-07,,
19Mg,19,120,,31840.0,60.0,,,,5,ps,3,1/2-.0,,14.0,,2007,2p=100,False,12,7,3.3699567120490987e-06,,
20B,20,50,,69400.0,550.0,,,,>912.4,ys,,"(1-,2-)",,19.0,,2018,n=100;B-n ?;B-2n ?,False,5,15,2.9387497628323014e-05,,
20C,20,60,,37500.0,230.0,,,,16,ms,3,0+,,17.0,,1981,B-=100;B-n=70 11;B-2n<18.6,False,6,14,1.2269252425527043e-05,,
20N,20,70,,21770.0,80.0,,,,136,ms,3,(2-),,18.0,,1969,B-=100;B-n=42.9 14;B-2n ?,False,7,13,4.2642820610614285e-06,,
20O,20,80,,3796.2,0.9,,,,13.51,s,0.05,0+,,98.0,,1959,B-=100,False,8,12,4.793055679946037e-08,3.40e+4,10.4341158035983
20F,20,90,,-17.463,0.03,,,,11.0062,s,0.0080,2+,,98.0,,1935,B-=100,False,9,11,1.597470809056443e-09,9.71e+6,16.088666840267507
20F,20,98,i,6503.0,3.0,6521.0,3.0,RQ,,,,0+,T=2,98.0,,9999,,False,9,11,1.5980256568443076e-07,9.71e+6,16.088666840267507
20Ne,20,100,,-7041.9322,0.0015,,,,stbl,,,0+,,98.0,,1913,IS=90.48 3,False,10,10,7.984917228522878e-11,1.10e+6,13.9108207377686
20Ne,20,108,i,3230.5,2.0,10272.5,2.0,RQ,,,,2+,T=1,98.0,,9999,IT=100,False,10,10,1.0652381347870494e-07,1.10e+6,13.9108207377686
20Ne,20,109,j,9690.9,2.8,16732.8,2.8,RQ,,,,0+,T=2,98.0,,9999,IT=100,False,10,10,1.4918467230479784e-07,1.10e+6,13.9108207377686
20Na,20,110,,6850.5,1.1,,,,447.9,ms,2.3,2+*,,98.0,,1950,B+=100;B+A=25.0 4,False,11,9,5.860343354799109e-08,1.10e+6,13.9108207377686
20Na,20,118,i,13348.9,1.2,6498.4,0.5,p,,,,0+,T=2,98.0,,1979,p=100,False,11,9,6.395315949704793e-08,1.10e+6,13.9108207377686
20Mg,20,120,,17477.7,1.9,,,,90.4,ms,0.5,0+,,16.0,,1974,B+=100;B+p=30.3 12,False,12,8,1.012884383967236e-07,,
21B,21,50,,78380.0,560.0,,,,>760,ys,,(3/2-),,19.0,,2018,2n=100,False,5,16,2.8504490764433978e-05,,
21C,21,60,,45640.0,600.0,,,,,,<30ns,1/2+.0,,15.0,,9999,n ?,True,6,15,3.0491718854638975e-05,,
21N,21,70,,25230.0,130.0,,,,85,ms,5,(1/2-),,15.0,,1970,B-=100;B-n=87 3;B-2n ?,False,7,14,6.600127061125602e-06,,
21O,21,80,,8062.0,12.0,,,,3.42,s,0.10,(5/2+),,15.0,,1968,B-=100;B-n ?,False,8,13,6.087518681844372e-07,7.00e+3,8.85366542803745
21F,21,90,,-47.6,1.8,,,,4.158,s,0.020,5/2+,,15.0,,1955,B-=100,False,9,12,9.12812165852028e-08,9.36e+5,13.74937075545973
21Ne,21,100,,-5731.78,0.04,,,,stbl,,,3/2+*,,15.0,,1928,IS=0.27 1,False,10,11,2.028019905082041e-09,1.60e+5,11.982929094215963
21Ne,21,108,i,3129.0,0.3,8860.8,0.3,,,,,5/2+,T=3/2,15.0,,9999,,False,10,11,1.5216985457284824e-08,1.60e+5,11.982929094215963
21Na,21,110,,-2184.86,0.04,,,,22.4550,s,0.0054,3/2+*,,15.0,,1940,B+=100,False,11,10,2.028517709825968e-09,4.00e+8,19.806975105072254
21Na,21,118,i,6790.0,4.0,8975.0,4.0,p,,,,5/2+,T=3/2,15.0,,9999,,False,11,10,2.0294413929501837e-07,4.00e+8,19.806975105072254
21Mg,21,120,,10903.9,0.8,,,,120.0,ms,0.4,5/2+*,,15.0,,1963,B+=100;B+p=20.1 21;B+A=0.116 18;B+pA=0.016 3,False,12,9,4.059996611579811e-08,1.50e+4,9.615805480084347
21Al,21,130,,27090.0,600.0,,,,,,<35ns,5/2+.0,,15.0,,9999,p ?,True,13,8,3.047701014678289e-05,,
22C,22,60,,53610.0,230.0,,,,6.2,ms,1.3,0+,,15.0,,1986,B-=100;B-n=61 14;B-2n<37,False,6,16,1.1160135236032274e-05,,
22N,22,70,,31760.0,210.0,,,,23,ms,3,0-.0,,15.0,,1979,B-=100;B-n=34 3;B-2n=12 3,False,7,15,1.017953504170553e-05,,
22O,22,80,,9280.0,60.0,,,,2.25,s,0.09,0+,,15.0,,1969,B-=100;B-n<22,False,8,14,2.9054546755034997e-06,1.30e+3,7.170119543449628
22F,22,90,,2793.0,12.0,,,,4.23,s,0.04,(4+),,15.0,,1965,B-=100;B-n<11,False,9,13,5.809448278064091e-07,2.55e+4,10.146433731146518
22Ne,22,100,,-8024.716,0.018,,,,stbl,,,0+,,15.0,,1913,IS=9.25 3,False,10,12,8.710156206593928e-10,1.80e+1,2.8903717578961645
22Ne,22,108,i,5855.0,10.0,13880.0,10.0,,,,,4+,T=2,15.0,,9999,,False,10,12,4.842227885287e-07,1.80e+1,2.8903717578961645
22Na,22,110,,-5181.39,0.13,,,,2.6019,y,0.0006,3+*,,15.0,,1935,B+=100;e+=90.57 8;EC=9.43 6,False,11,11,6.291927838526228e-09,1.00e+9,20.72326583694641
22Na,22,111,m,-4598.34,0.16,583.05,0.1,,243,ns,2,1+,,15.0,,1958,IT=100,False,11,11,7.744129719770015e-09,1.00e+9,20.72326583694641
22Na,22,118,i,-4524.39,0.19,657.0,0.14,,19.6,ps,0.7,0+,T=1,15.0,,9999,IT=100,False,11,11,9.196186957586683e-09,1.00e+9,20.72326583694641
22Mg,22,120,,-399.99,0.16,,,,3.8745,s,0.0007,0+,,15.0,,1961,B+=100,False,12,10,7.74618867127081e-09,8.00e+6,15.89495209964411
22Mg,22,128,i,13644.0,6.0,14044.0,6.0,p,,,,(4)+,T=2,15.0,,9999,A=?;p=?,False,12,10,2.906797144806391e-07,8.00e+6,15.89495209964411
22Al,22,130,,18200.0,400.0,,,,91.1,ms,0.5,(4)+,,15.0,,1982,B+=100;B+p=55 3;B+2p=1.10 11;B+A=0.038 17,True,13,9,1.9384140717141382e-05,,
22Si,22,140,,33640.0,500.0,,,,28.7,ms,1.1,0+,,15.0,,1987,B+=100;B+p=62 5;B+2p=0.7 3,True,14,8,2.4249840168760255e-05,,
23C,23,60,,,0.0,,,,,,,3/2+.0,,,,9999,n ?,False,6,17,,,
23N,23,70,,36720.0,420.0,,,,13.9,ms,1.4,1/2-.0,,21.0,,1985,B-=100;B-n=42 6;B-2n=8 4;B-3n<3.4,False,7,16,1.9476697002177808e-05,,
23O,23,80,,14620.0,120.0,,,,97,ms,8,1/2+,,21.0,,1970,B-=100;B-n=7 2,False,8,15,5.559406470689696e-06,,
23F,23,90,,3290.0,30.0,,,,2.23,s,0.14,5/2+,,21.0,,1970,B-=100;B-n<14,False,9,14,1.3892056611771704e-06,1.64e+3,7.402451520818244
23Ne,23,100,,-5154.05,0.1,,,,37.15,s,0.03,5/2+*,,21.0,,1936,B-=100,False,10,13,4.629152698665565e-09,5.13e+6,15.450616217146953
23Na,23,110,,-9529.8535,0.0018,,,,stbl,,,3/2+*,,21.0,,1921,IS=100,False,11,12,8.331286047263608e-11,,
23Na,23,118,i,-1638.7,0.3,7891.2,0.3,,,,,5/2+,T=3/2,21.0,,9999,IT=100,False,11,12,1.3890550149812647e-08,,
23Na,23,119,j,10060.6,2.0,19590.4,2.0,,240,zs,120,,T=5/2,21.0,,9999,,False,11,12,9.265385817186406e-08,,
23Mg,23,120,,-5473.67,0.03,,,,11.3039,s,0.0032,3/2+*,,21.0,,1939,B+=100,False,12,11,1.3888915667721383e-09,2.00e+8,19.11382792451231
23Mg,23,128,i,2329.3,0.6,7803.0,0.6,,,,,5/2+,T=3/2,21.0,,1981,IT~100;p=0.17 8,False,12,11,2.778786968412656e-08,2.00e+8,19.11382792451231
23Al,23,130,,6748.1,0.3,,,,446,ms,6,5/2+,,21.0,,1969,B+=100;B+p=1.22 5,False,13,10,1.3897611408596044e-08,,
23Al,23,138,i,18470.0,40.0,11720.0,40.0,p,,,,(5/2)+,T=5/2,21.0,,1997,p=0.10 5;2p=3.6 4,False,13,10,1.8540216278448876e-06,,
23Si,23,140,,23950.0,500.0,,,,42.3,ms,0.4,3/2+.0,,21.0,,1986,B+=100;B+p~88;B+2p=3.6 3,True,14,9,2.318254845390884e-05,,
24N,24,70,,46940.0,400.0,,,,,,<52ns,,,7.0,,9999,n ?,True,7,17,1.7782854374913303e-05,,
24O,24,80,,18500.0,160.0,,,,77.4,ms,4.5,0+,,7.0,,1970,B-=100;B-n=43 4,False,8,16,7.1045675096425434e-06,,
24F,24,90,,7540.0,100.0,,,,384,ms,16,3+,,7.0,,1970,B-=100;B-n<5.9,False,9,15,4.438449558602907e-06,,
24Ne,24,100,,-5951.6,0.5,,,,3.38,m,0.02,0+,,7.0,,1956,"B-=100[gs=0,m=100]",False,10,14,2.2180239102012305e-08,1.64e+6,14.310206799800381
24Na,24,110,,-8417.901,0.017,,,,14.9560,h,0.0015,4+*,,7.0,,1934,B-=100,False,11,13,7.5408889162194e-10,5.50e+8,20.125428836190792
24Na,24,111,m,-7945.694,0.017,472.2074,0.0008,,20.18,ms,0.10,1+,,7.0,,1961,IT~100;B-=0.05,False,11,13,7.541046872785182e-10,5.50e+8,20.125428836190792
24Na,24,118,i,-2450.53,0.13,5967.37,0.13,,,,,0+,T=2,7.0,,9999,,False,11,13,5.768088935106765e-09,5.50e+8,20.125428836190792
24Mg,24,120,,-13933.578,0.013,,,,stbl,,,0+,,7.0,,1920,IS=78.965 49,False,12,12,5.765482263625026e-10,,
24Mg,24,128,i,-4417.3,0.04,9516.28,0.04,,,,,(4+),T=1,7.0,,9999,,False,12,12,1.774743565421714e-09,,
24Mg,24,129,j,1502.8,0.6,15436.4,0.6,,,,,0+,T=2,7.0,,9999,,False,12,12,2.6628147803299047e-08,,
24Al,24,130,,-48.81,0.23,,,,2.053,s,0.004,4+,,7.0,,1953,B+=100;B+A=0.035 6;B+p=0.0016 3,False,13,11,1.0207339657063105e-08,4.52e+3,8.416267272826277
24Al,24,131,m,376.99,0.25,425.8,0.1,,130,ms,3,1+,,7.0,,1968,IT=82.5 30;B+=17.5 30;B+A=0.028 6,False,13,11,1.1095144073593664e-08,4.52e+3,8.416267272826277
24Al,24,138,i,5900.0,3.0,5949.0,3.0,p,,,,0+,T=2,7.0,,9999,,False,13,11,1.3317437183493427e-07,4.52e+3,8.416267272826277
24Si,24,140,,10745.0,19.0,,,,143.2,ms,2.1,0+,,7.0,,1979,B+=100;B+p=34.5 14,False,14,10,8.436675788604396e-07,,
24P,24,150,,34020.0,500.0,,,,,,,1+.0,,,,9999,p ?;B+ ?;B+p ?,True,15,9,2.222602523631987e-05,,
25N,25,70,,55980.0,500.0,,,,,,<260ns,1/2-.0,,9.0,,9999,n ?;2n ?;B- ?,True,7,18,2.134553529605893e-05,,
25O,25,80,,27330.0,170.0,,,,5.18,zs,0.35,3/2+.0,,9.0,,2008,n=100,False,8,17,7.249015980519014e-06,,
25F,25,90,,11330.0,100.0,,,,80,ms,9,(5/2+),,9.0,,1970,B-=100;B-n=23.1 45;B-2n ?,False,9,16,4.261454642313451e-06,,
25Ne,25,100,,-2036.0,29.0,,,,602,ms,8,1/2+*,,9.0,,1970,B-=100,False,10,15,1.235186378383919e-06,6.75e+4,11.119882876860622
25Na,25,110,,-9357.8,1.2,,,,59.1,s,0.6,5/2+*,,9.0,,1943,B-=100,False,11,14,5.109804012723001e-08,2.64e+9,21.694044754104635
25Mg,25,120,,-13192.78,0.05,,,,stbl,,,5/2+*,,9.0,,1920,IS=10.011 13,False,12,13,2.1288546043115176e-09,,
25Mg,25,128,i,-5405.8,0.3,7787.0,0.3,,,,,5/2+,T=3/2,9.0,,9999,,False,12,13,1.2777363922092217e-08,,
25Al,25,130,,-8915.97,0.06,,,,7.1666,s,0.0023,5/2+,,9.0,,1953,B+=100,False,13,12,2.555231525068432e-09,,
25Al,25,138,i,-1014.9,1.8,7901.1,1.8,,,,,5/2+,T=3/2,9.0,,9999,,False,13,12,7.668274829951314e-08,,
25Si,25,140,,3827.0,10.0,,,,220.6,ms,1.0,5/2+,,9.0,,1963,B+=100;B+p=35 2,False,14,11,4.2612664516523005e-07,,
25P,25,150,,20190.0,400.0,,,,,,<30ns,1/2+.0,,9.0,,9999,p ?,True,15,10,1.7057899886767614e-05,,
26O,26,80,,34660.0,160.0,,,,4.2,ps,3.3,0+,,16.0,,2012,2n=100,False,8,18,6.5617620610674364e-06,,
26F,26,90,,18670.0,110.0,,,,8.2,ms,0.9,1+,,16.0,,1979,B-=100;B-n=13.5 40;B-2n ?,False,9,17,4.5084940338988036e-06,,
26F,26,91,m,19310.0,110.0,643.4,0.1,,2.2,ms,0.1,(4+),,16.0,,2013,IT=82 11;B-=?;B-n=12 8,False,9,17,4.508612300381174e-06,,
26Ne,26,100,,481.0,18.0,,,,197,ms,2,0+,,16.0,,1970,B-=100;B-n=0.13 3,False,10,16,7.372430349716456e-07,4.90e+4,10.799575577092764
26Na,26,110,,-6861.0,4.0,,,,1071.28,ms,0.25,3+*,,16.0,,1958,B-=100,False,11,15,1.6379120775085034e-07,5.80e+8,20.17853866150474
26Na,26,111,m,-6779.0,4.0,82.4,0.04,,4.35,us,0.16,1+,,16.0,,1987,IT=100,False,11,15,1.6379175771767157e-07,5.80e+8,20.17853866150474
26Mg,26,120,,-16214.544,0.029,,,,stbl,,,0+,,16.0,,1920,IS=11.025 38,False,12,14,1.1870944581015368e-09,,
26Al,26,130,,-12210.14,0.07,,,,717,ky,24,5+,,16.0,,1934,B+=100,False,13,13,2.8660219390032746e-09,6.80e+4,11.127262984158243
26Al,26,131,m,-11981.83,0.07,228.306,0.013,MD,6346.0,ms,0.5,0+,T=1,16.0,,1934,B+=100,False,13,13,2.866048730068074e-09,6.80e+4,11.127262984158243
26Si,26,140,,-7141.0,0.11,,,,2.2453,s,0.0007,0+,,16.0,,1960,B+=100,False,14,12,4.5049222926065585e-09,,
26Si,26,148,i,5874.0,4.0,13015.0,4.0,p,,,,(3+),T=2,16.0,,9999,,False,14,12,1.6390271857364337e-07,,
26P,26,150,,10970.0,200.0,,,,43.6,ms,0.3,(3)+,,16.0,,1983,B+=100;B+p=35.1 14;B+2p=1.99 21,True,15,11,8.197282036434173e-06,,
26P,26,151,m,11130.0,200.0,164.4,0.1,,115,ns,8,(1+),,16.0,,2014,IT=100,True,15,11,8.197335793132928e-06,,
26S,26,160,,27680.0,600.0,,,,,,<79ns,0+,,16.0,,9999,2p ?,True,16,10,2.4610005634712897e-05,,
27O,27,80,,44670.0,500.0,,,,,,<260ns,3/2+.0,,,,9999,n ?;2n ?,True,8,19,1.9752501398332992e-05,,
27F,27,90,,25130.0,120.0,,,,5.0,ms,0.2,5/2+.0,,11.0,,1981,B-=100;B-n=77 21;B-2n ?,False,9,18,4.737185608041035e-06,,
27Ne,27,100,,7050.0,90.0,,,,30.9,ms,1.1,(3/2+),,11.0,,1977,B-=100;B-n=2.0 5;B-2n ?,False,10,17,3.5505363377835755e-06,2.00e+2,5.298317366548036
27Na,27,110,,-5518.0,4.0,,,,301,ms,6,5/2+*,,11.0,,1968,B-=100;B-n=0.098 24,False,11,16,1.5773145760751356e-07,9.46e+7,18.36516803402211
27Mg,27,120,,-14586.59,0.05,,,,9.435,m,0.027,1/2+*,,11.0,,1934,B-=100,False,12,15,1.9710388982270077e-09,1.50e+7,16.523560759066484
27Al,27,130,,-17196.86,0.05,,,,stbl,,,5/2+*,,11.0,,1922,IS=100,False,13,14,1.9709365776334444e-09,,
27Al,27,138,i,-10383.1,0.7,6813.8,0.7,,,,,1/2+,T=3/2,11.0,,9999,IT=100,False,13,14,2.760052530578598e-08,,
27Si,27,140,,-12384.51,0.11,,,,4.117,s,0.014,5/2+,,11.0,,1939,B+=100,False,14,13,4.33710431748767e-09,,
27Si,27,148,i,-5759.5,2.3,6625.0,2.3,RQ,,,,1/2+,T=3/2,11.0,,1977,IT ?,False,14,13,9.070860266463112e-08,,
27P,27,150,,-659.0,9.0,,,,260,ms,80,1/2+,,11.0,,1977,B+=100;B+p~0.07,False,15,12,3.5503623318856836e-07,,
27P,27,158,i,12010.0,30.0,12670.0,30.0,p,,,,5/2+,T=5/2,11.0,,1991,IT ?,False,15,12,1.1840458643926988e-06,,
27S,27,160,,17490.0,400.0,,,,16.3,ms,0.2,(5/2+),,11.0,,1986,B+=100;B+p=61 3;B+2p=3.0 6,True,16,11,1.579149975257027e-05,,
28O,28,80,,52080.0,700.0,,,,,,<100ns,0+,,13.0,,9999,2n ?;B-=0,True,8,20,2.6671335302871493e-05,,
28F,28,90,,33400.0,120.0,,,,46,zs,,(4-),,13.0,,2012,n=100,False,9,19,4.569201971749793e-06,,
28Ne,28,100,,11300.0,130.0,,,,18.8,ms,0.2,0+,,13.0,,1979,B-=100;B-n=12 1;B-2n=3.7 5,False,10,18,4.946050299868731e-06,,
28Na,28,110,,-988.0,10.0,,,,33.1,ms,1.3,1+*,,13.0,,1969,B-=100;B-n=0.58 12,False,11,17,3.803063220980705e-07,9.60e+5,13.77468856344402
28Mg,28,120,,-15019.95,0.26,,,,20.915,h,0.009,0+,,13.0,,1953,B-=100,False,12,16,9.883176393820044e-09,3.58e+7,17.39345845137093
28Al,28,130,,-16850.72,0.05,,,,2.245,m,0.005,3+*,,13.0,,1934,B-=100,False,13,15,1.90057201780686e-09,4.00e+7,17.50439001207821
28Al,28,138,i,-10858.14,0.11,5992.58,0.1,,,,,0+,T=2,13.0,,9999,,False,13,15,4.182211090808446e-09,4.00e+7,17.50439001207821
28Si,28,140,,-21492.7971,0.0005,,,,stbl,,,0+,,13.0,,1920,IS=92.2545 37,False,14,14,1.9003301236244125e-11,,
28Si,28,145,r,-8951.75,0.05,12541.04,0.05,RQ,,,,(3+),,13.0,,9999,,False,14,14,1.9012363338380427e-09,,
28Si,28,148,i,-12176.88,0.1,9315.92,0.1,,1.5,fs,0.6,3+,T=1,13.0,,9999,,False,14,14,3.8020064098110076e-09,,
28Si,28,149,j,-6265.8,1.0,15227.0,1.0,,,,,(0+),T=2,13.0,,1968,A=90 11;p=10 11,False,14,14,3.8028610634392344e-08,,
28P,28,150,,-7147.9,1.1,,,,270.3,ms,0.5,3+,,13.0,,1953,B+=100;B+p=0.0013 4;B+A=0.00086 25,False,15,13,4.183212589351892e-08,,
28P,28,158,i,-1261.0,20.0,5887.0,20.0,p,,,,0+,T=2,13.0,,9999,,False,15,13,7.607544203881522e-07,,
28S,28,160,,4070.0,160.0,,,,125,ms,10,0+,,13.0,,1982,B+=100;B+p=20.7 19,False,16,12,6.087569275367638e-06,,
28Cl,28,170,,28270.0,500.0,,,,,,>100ns,1+.0,,,,2018,p=100,True,17,11,1.9042123944438817e-05,,
29F,29,90,,40150.0,530.0,,,,2.5,ms,0.3,(5/2+),,12.0,,1989,B-=100;B-n=60 40;B-2n ?,False,9,20,1.9488441498197705e-05,,
29Ne,29,100,,18400.0,150.0,,,,14.7,ms,0.4,(3/2-),,12.0,,1985,B-=100;B-n=28 5;B-2n=4 1,False,10,19,5.511450910327507e-06,,
29Na,29,110,,2680.0,7.0,,,,43.2,ms,0.4,3/2+*,,12.0,,1969,B-=100;B-n=22 3;B-2n ?,False,11,18,2.5706477780646755e-07,3.23e+5,12.685407602204794
29Mg,29,120,,-10612.4,0.3,,,,1.30,s,0.12,3/2+*,,12.0,,1971,B-=100,False,12,17,1.1012209395339458e-08,1.60e+6,14.28551418721001
29Al,29,130,,-18207.8,0.3,,,,6.56,m,0.06,5/2+*,,12.0,,1939,B-=100,False,13,16,1.1009662504845944e-08,4.50e+7,17.622173047734595
29Si,29,140,,-21895.0815,0.0006,,,,stbl,,,1/2+*,,12.0,,1920,IS=4.672 16,False,14,15,2.2017390666544452e-11,,
29Si,29,148,i,-13605.0,5.0,8290.0,5.0,,,,,5/2+,T=3/2,12.0,,9999,IT=100,False,14,15,1.835340884482792e-07,,
29P,29,150,,-16952.8,0.4,,,,4.102,s,0.004,1/2+,,12.0,,1941,B+=100,False,15,14,1.4681619891314976e-08,,
29P,29,158,i,-8571.0,2.5,8381.8,2.4,RQ,,,,5/2+,T=3/2,12.0,,1969,IT=100,False,15,14,9.178836264370079e-08,,
29S,29,160,,-3094.0,13.0,,,,188,ms,4,5/2+.0,,12.0,,1964,B+=100;B+p=46.4 10,False,16,13,4.774181600087397e-07,,
29Cl,29,170,,14020.0,190.0,,,,5.4,zs,1.9,(1/2+),,16.0,,1993,p=100,True,17,12,6.982370110269545e-06,,
29Ar,29,180,,37970.0,440.0,,,,,,>100ns,5/2+.0,,,,2018,2p=100,True,18,11,1.618471336004804e-05,,
30F,30,90,,48960.0,500.0,,,,,,<260ns,,,10.0,,9999,n ?,True,9,21,1.77769165063297e-05,,
30Ne,30,100,,23280.0,250.0,,,,7.22,ms,0.18,0+,,10.0,,1985,B-=100;B-n=13 4;B-2n=8.9 23,False,10,20,8.880758284861927e-06,,
30Na,30,110,,8475.0,5.0,,,,45.9,ms,0.7,2+*,,10.0,,1969,B-=100;B-n=28.6 22;B-2n=1.24 19;B-A=5.5e-5 2,False,11,19,1.775299556826685e-07,4.00e+5,12.89921982609012
30Mg,30,120,,-8881.4,1.3,,,,317,ms,4,0+,,10.0,,1971,B-=100;B-n<0.06,False,12,18,4.613147807461453e-08,6.00e+5,13.304684934198283
30Al,30,130,,-15864.1,1.9,,,,3.62,s,0.06,3+*,,10.0,,1961,B-=100,False,13,17,6.740932012550732e-08,2.50e+6,14.73180128983843
30Si,30,140,,-24432.962,0.022,,,,stbl,,,0+,,10.0,,1924,IS=3.0735 21,False,14,16,7.803275474127162e-10,,
30P,30,150,,-20200.86,0.07,,,,2.5000,m,0.0017,1+*,T=0,10.0,,1934,B+=100,False,15,15,2.483347074496947e-09,,
30P,30,158,i,-19523.85,0.08,677.01,0.03,,,,,0+,T=1,10.0,,9999,,False,15,15,2.838179109295171e-09,,
30S,30,160,,-14059.25,0.21,,,,1.1798,s,0.0003,0+,,10.0,,1961,B+=100,False,16,14,7.452006801251306e-09,,
30Cl,30,170,,4675.0,24.0,,,,,,>100ns,3+.0,,10.0,,2018,p=100,False,17,13,8.522636185394517e-07,,
30Ar,30,180,,22070.0,180.0,,,,<10,ps,,0+,,16.0,,2015,2p=100,True,18,12,6.3962219346362945e-06,,
31F,31,90,,56840.0,540.0,,,,2.0,ms,>260ns,5/2+.0,,13.0,,1999,B- ?;B-n ?;B-2n ?,True,9,22,1.8583491883762215e-05,,
31Ne,31,100,,31180.0,270.0,,,,3.4,ms,0.8,(3/2-),,13.0,,1996,B-=100;B-n ?;B-2n ?,False,10,21,9.283960863255444e-06,,
31Na,31,110,,12246.0,14.0,,,,16.8,ms,0.3,3/2+*,,13.0,,1969,B-=100;B-n=36.0 35;B-2n=0.73 9;B-3n<0.05,False,11,20,4.810987407792014e-07,4.20e+3,8.34283980427146
31Mg,31,120,,-3122.0,3.0,,,,270,ms,2,1/2+*,,13.0,,1977,B-=100;B-n=6.2 19,False,12,19,1.0304274917624387e-07,,
31Al,31,130,,-14950.7,2.2,,,,644,ms,25,5/2+*,,13.0,,1971,B-=100;B-n<1.6,False,13,18,7.553734845083245e-08,2.50e+5,12.429216196844383
31Si,31,140,,-22949.04,0.04,,,,157.16,m,0.20,3/2+,,13.0,,1934,B-=100,False,14,17,1.3730902260715165e-09,,
31P,31,150,,-24440.5444,0.0007,,,,stbl,,,1/2+*,,13.0,,1920,IS=100,False,15,16,2.402891549469331e-11,,
31P,31,158,i,-18059.7,2.0,6380.8,2.0,,,,,3/2+,T=3/2,13.0,,9999,IT=100,False,15,16,6.866908523020795e-08,,
31S,31,160,,-19042.53,0.23,,,,2.5534,s,0.0018,1/2+,,13.0,,1940,B+=100,False,16,15,7.89702899135656e-09,,
31S,31,168,i,-12761.9,0.6,6280.6,0.6,,,,,3/2+,T=3/2,13.0,,9999,,False,16,15,2.0605388640937628e-08,,
31Cl,31,170,,-7035.0,3.0,,,,190,ms,1,3/2+,,13.0,,1977,B+=100;B+p=2.4 2,False,17,14,1.0305178806609474e-07,,
31Cl,31,178,i,5256.0,3.0,12291.0,5.0,RQ,,,,3/2+,T=5/2,,,9999,,False,17,14,1.0309531523558768e-07,,
31Ar,31,180,,11330.0,200.0,,,,15.0,ms,0.3,5/2+*,,13.0,,1986,B+=100;B+p=68.3 3;B+2p=9.0 2;B+pA<0.38;B+3p=0.07 2;B+A<0.03;2p<0.0006,True,18,13,6.8747615619993765e-06,3.40e+1,3.5263605246161616
31K,31,190,,34260.0,300.0,,,,>10,ps,,3/2+.0,,,,2019,3p=100,True,19,12,1.0320735884857588e-05,,
32Ne,32,100,,37000.0,500.0,,,,3.5,ms,0.9,0+,,11.0,,1990,B-=100;B-n ?;B-2n ?,True,10,22,1.6657693648483365e-05,,
32Na,32,110,,18640.0,40.0,,,,12.9,ms,0.3,(3-),,11.0,,1972,B-=100;B-n=26 6;B-2n=7.6 15,False,11,21,1.3318582204125444e-06,1.40e+2,4.941642422609304
32Mg,32,120,,-829.0,3.0,,,,80.4,ms,0.4,0+,,11.0,,1977,B-=100;B-n=5.5 5,False,12,20,9.982895151607587e-08,3.00e+4,10.308952660644293
32Al,32,130,,-11099.0,7.0,,,,32.6,ms,0.5,1+*,,11.0,,1971,B-=100;B-n=0.7 5,False,13,19,2.3286466109890767e-07,,
32Al,32,131,m,-10142.0,7.0,956.6,0.5,,200,ns,20,(4+),,11.0,,1996,IT=100,False,13,19,2.328720747970042e-07,,
32Si,32,140,,-24077.69,0.3,,,,157,y,7,0+,,20.0,,1953,B-=100,False,14,18,9.976036067089661e-09,,
32P,32,150,,-24304.88,0.04,,,,14.269,d,0.007,1+*,,11.0,,1934,B-=100,False,15,17,1.3301853012256433e-09,,
32P,32,158,i,-19232.44,0.07,5072.44,0.06,,,,,0+,T=2,11.0,,9999,IT=100,False,15,17,2.3282170057443946e-09,,
32S,32,160,,-26015.5371,0.0013,,,,stbl,,,0+,,11.0,,1920,IS=94.85 255,False,16,16,4.3230422338858984e-11,,
32S,32,168,i,-19014.1,0.4,7001.4,0.4,,,,,1+,T=1,11.0,,9999,IT=100,False,16,16,1.3304766120562253e-08,,
32S,32,169,j,-13967.58,0.28,12047.96,0.28,,,,,0+,T=2,11.0,,9999,IT=100,False,16,16,9.314899854800829e-09,,
32Cl,32,170,,-13334.7,0.6,,,,298,ms,1,1+,,11.0,,1953,B+=100;B+A=0.054 8;B+p=0.026 5,False,17,15,1.9961778845010784e-08,,
32Cl,32,178,i,-8288.4,0.7,5046.3,0.3,,,,,0+,T=2,11.0,,9999,IT=100,False,17,15,2.3292652555298882e-08,,
32Ar,32,180,,-2200.4,1.8,,,,98,ms,2,0+,,11.0,,1977,B+=100;B+p=35.58 22,False,18,14,5.991010713255411e-08,3.30e+3,8.101677747454572
32K,32,190,,21990.0,400.0,,,,,,,1+.0,,,,9999,p ?,True,19,13,1.3324658917396887e-05,,
32K,32,191,m,22940.0,410.0,950.0,100.0,,,,,4+.0,,,,9999,p ?,True,19,13,1.3658207618856928e-05,,
33Ne,33,100,,46130.0,600.0,,,,,,<260ns,7/2-.0,,11.0,,9999,n ?,True,10,23,1.938823929635704e-05,,
33Na,33,110,,23780.0,450.0,,,,8.2,ms,0.4,(3/2+),,11.0,,1972,B-=100;B-n=47 6;B-2n=13 3,False,11,22,1.4531292097498324e-05,1.30e+1,2.5649493574615367
33Mg,33,120,,4962.9,2.7,,,,92.0,ms,1.2,3/2-*,,11.0,,1979,B-=100;B-n=14 2;B-2n ?,False,12,21,8.713844326630467e-08,3.00e+3,8.006367567650246
33Al,33,130,,-8497.0,7.0,,,,41.46,ms,0.09,5/2+*,,11.0,,1971,B-=100;B-n=8.5 7,False,13,20,2.2582581030116884e-07,4.90e+2,6.194405391104672
33Si,33,140,,-20514.3,0.7,,,,6.18,s,0.18,3/2+*,,11.0,,1971,B-=100,False,14,19,2.257477096985381e-08,,
33P,33,150,,-26337.4,1.1,,,,25.35,d,0.11,1/2+,,20.0,,1951,B-=100,False,15,18,3.546945859196795e-08,,
33S,33,160,,-26585.8583,0.0013,,,,stbl,,,3/2+,,11.0,,1926,IS=0.763 20,False,16,17,4.19198634241181e-11,,
33S,33,168,i,-21106.07,0.13,5479.79,0.13,,,,,1/2+,T=3/2,11.0,,9999,IT=100,False,16,17,4.192727203685288e-09,,
33Cl,33,170,,-21003.3,0.4,,,,2.5038,s,0.0022,3/2+,,11.0,,1940,B+=100,False,17,16,1.2901279990856522e-08,1.41e+2,4.948759890378168
33Cl,33,178,i,-15454.9,0.5,5548.4,0.4,RQ,,,,1/2+,T=3/2,11.0,,9999,IT=100,False,17,16,1.6129486419114643e-08,1.41e+2,4.948759890378168
33Ar,33,180,,-9384.3,0.4,,,,173.0,ms,2.0,1/2+,,11.0,,1964,B+=100;B+p=38.7 8,False,18,15,1.2906655148573909e-08,1.20e+5,11.695247021764184
33K,33,190,,7540.0,200.0,,,,,,<25ns,3/2+.0,,11.0,,9999,p ?,True,19,14,6.457123211728928e-06,,
33Ca,33,200,,31030.0,400.0,,,,,,,5/2+.0,,,,9999,p ?,True,20,13,1.2924587969879434e-05,,
34Ne,34,100,,52840.0,510.0,,,,2.0,ms,>1.5us,0+,,12.0,,2002,B- ?;B-2n ?;B-n ?,True,10,24,1.599776609749842e-05,,
34Na,34,110,,31680.0,600.0,,,,5.5,ms,1.0,1+,,12.0,,1983,B-=100;B-2n~50;B-n~15,False,11,23,1.8809179768011118e-05,2.80e+0,1.0296194171811581
34Mg,34,120,,8323.0,7.0,,,,44.9,ms,0.4,0+,,12.0,,1979,B-=100;B-n=21 7;B-2n<0.1,False,12,22,2.1928875608987063e-07,1.40e+2,4.941642422609304
34Al,34,130,,-2997.6,2.1,,,,53.73,ms,0.13,4-,,12.0,,1977,B-=100;B-n=26 4;B-2n ?,False,13,21,6.576596816692319e-08,8.60e+1,4.454347296253507
34Al,34,131,m,-2951.1,2.1,46.47,0.17,,22.1,ms,0.2,1+*,,,,2012,B-~100;B-n=11 4;B-2n ?,False,13,21,6.576606393851954e-08,8.60e+1,4.454347296253507
34Si,34,140,,-19991.7,0.8,,,,2.77,s,0.20,0+,,12.0,,1971,B-=100,False,14,20,2.504138923399096e-08,,
34Si,34,141,m,-15735.6,0.9,4256.1,0.4,,<210,ns,,(3-),,12.0,,1989,IT=100,False,14,20,2.8175316497470987e-08,,
34P,34,150,,-24548.7,0.8,,,,12.43,s,0.10,1+,,12.0,,1945,B-=100,False,15,19,2.5038831305428678e-08,,
34S,34,160,,-29931.69,0.04,,,,stbl,,,0+,,12.0,,1926,IS=4.365 235,False,16,18,1.251781336872661e-09,,
34Cl,34,170,,-24440.09,0.05,,,,1.5267,s,0.0004,0+,T=1,12.0,,1934,B+=100,False,17,17,1.5650589820873392e-09,2.24e+5,12.319401330837177
34Cl,34,171,m,-24293.73,0.05,146.36,0.027,MD,31.99,m,0.03,3+,T=0,12.0,,1965,B+=55.4 6;IT=44.6 6,False,17,17,1.5650661520320185e-09,2.24e+5,12.319401330837177
34Ar,34,180,,-18378.29,0.08,,,,846.46,ms,0.35,0+,,12.0,,1966,B+=100,False,18,16,2.504671007517492e-09,3.80e+6,15.150511624696614
34Ar,34,188,i,-10444.0,5.0,7934.0,5.0,RQ,,,,1+.0,T=2,12.0,,1969,IT ?,False,18,16,1.5658083418771314e-07,3.80e+6,15.150511624696614
34K,34,190,,-1220.0,200.0,,,,,,<40ns,1+.0,,12.0,,9999,p ?,True,19,15,6.265296921584343e-06,,
34Ca,34,200,,14890.0,300.0,,,,,,<35ns,0+,,12.0,,9999,2p ?,True,20,14,9.403071798174527e-06,,
35Na,35,110,,37830.0,670.0,,,,1.5,ms,0.5,3/2+.0,,11.0,,1983,B-=100;B-n ?;B-2n ?,True,11,24,2.040646444905764e-05,,
35Mg,35,120,,15640.0,270.0,,,,11.3,ms,0.6,"(3/2-,5/",2-),17.0,,1989,B-=100;B-n=52 46;B-2n ?,False,12,23,8.218270012169709e-06,,
35Al,35,130,,-224.0,7.0,,,,38.16,ms,0.21,"(5/2+,3/",2+),11.0,,1979,B-=100;B-n=35.8 17;B-2n ?,False,13,22,2.1297180604168918e-07,5.00e+0,1.6094379124341003
35Si,35,140,,-14390.0,40.0,,,,780,ms,120,7/2-.0,,15.0,,1971,B-=100;B-n<5,False,14,21,1.2165053105393647e-06,,
35P,35,150,,-24857.8,1.9,,,,47.3,s,0.8,1/2+,,11.0,,1971,B-=100,False,15,20,5.776788387211782e-08,,
35S,35,160,,-28846.21,0.04,,,,87.37,d,0.04,3/2+*,,11.0,,1936,B-=100,False,16,19,1.2160663299033716e-09,,
35S,35,168,i,-19691.0,10.0,9155.0,10.0,RQ,,,T=5/2,(1/2:9/2,)+,11.0,,1975,,False,16,19,3.041012240538386e-07,,
35Cl,35,170,,-29013.53,0.04,,,,stbl,,,3/2+*,,11.0,,1919,IS=75.8 2,False,17,18,1.2161079604929734e-09,,
35Cl,35,178,i,-23359.05,0.22,5654.48,0.22,,,,,3/2+,T=3/2,11.0,,9999,IT=100,False,17,18,6.6897438262961495e-09,,
35Ar,35,180,,-23047.3,0.7,,,,1.7756,s,0.0010,3/2+,,11.0,,1940,B+=100,False,18,17,2.1286587477509366e-08,2.00e+8,19.11382792451231
35Ar,35,188,i,-17474.6,0.7,5572.66,0.15,,,,,3/2+,T=3/2,11.0,,9999,IT=100,False,18,17,2.1290195367729597e-08,2.00e+8,19.11382792451231
35K,35,190,,-11172.9,0.5,,,,175.2,ms,1.9,3/2+,,11.0,,1976,B+=100;B+p=0.37 15,False,19,16,1.5210796093394562e-08,8.70e+3,9.071078304642676
35K,35,198,i,-2110.0,40.0,9060.0,40.0,2p,,,,3/2+,T=5/2,,,9999,,False,19,16,1.2171992788651206e-06,8.70e+3,9.071078304642676
35Ca,35,200,,5190.0,200.0,,,,25.7,ms,0.2,1/2+.0,,11.0,,1985,B+=100;B+p=95.8 14;B+2p=4.2 3,True,20,15,6.08758826790798e-06,,
35Sc,35,210,,27100.0,400.0,,,,,,,7/2-.0,,,,9999,p ?,True,21,14,1.2183781473657388e-05,,
36Na,36,110,,45900.0,690.0,,,,,,<180ns,,,12.0,,9999,n ?,True,11,25,2.043582901212488e-05,,
36Mg,36,120,,20380.0,690.0,,,,3.9,ms,1.3,0+,,12.0,,1989,B-=100;B-n=48 12;B-2n ?,False,12,24,2.0421176313881623e-05,,
36Al,36,130,,5950.0,150.0,,,,90,ms,40,,,12.0,,1979,B-=100;B-n<31;B-2n ?,False,13,23,4.437660829924128e-06,,
36Si,36,140,,-12440.0,70.0,,,,503,ms,2,0+,,12.0,,1971,B-=100;B-n=12 5,False,14,22,2.0698614622397442e-06,,
36P,36,150,,-20251.0,13.0,,,,5.6,s,0.3,4-,,12.0,,1971,B-=100;B-n ?,False,15,21,3.8432877366880525e-07,,
36S,36,160,,-30664.14,0.19,,,,stbl,,,0+,,12.0,,1938,IS=0.0158 17,False,16,20,5.615598792162521e-09,,
36Cl,36,170,,-29522.01,0.04,,,,301.3,ky,1.5,2+*,,12.0,,1941,B-=98.1 1;B+=1.9 1,False,17,19,1.1823164301638789e-09,,
36Cl,36,178,i,-25222.34,0.04,4299.667,0.014,,,,,(0)+,T=2,12.0,,9999,IT=100,False,17,19,1.1824667089854193e-09,,
36Ar,36,180,,-30231.542,0.027,,,,stbl,,,0+,,12.0,,1920,IS=0.3336 210;2B+ ?,False,18,18,7.980773619188824e-10,,
36Ar,36,188,i,-23620.5,0.3,6611.0,0.3,,,,,2+,T=1,12.0,,9999,IT=100,False,18,18,8.869259402919588e-09,,
36Ar,36,189,j,-19379.4,1.2,10852.2,1.2,RQ,,,,0+,T=2,12.0,,9999,IT=100,False,18,18,3.548148644792816e-08,,
36K,36,190,,-17417.2,0.3,,,,341,ms,3,2+*,,12.0,,1967,B+=100;B+p=0.048 14;B+A=0.0034 13,False,19,17,8.871225549701946e-09,2.50e+5,12.429216196844383
36K,36,198,i,-13134.5,2.4,4282.7,2.4,p,,,,0+,T=2,12.0,,9999,p=100,False,19,17,7.09787933407278e-08,2.50e+5,12.429216196844383
36Ca,36,200,,-6450.0,40.0,,,,100.9,ms,1.3,0+,,12.0,,1977,B+=100;B+p=51.2 10,False,20,16,1.1832590676073567e-06,,
36Sc,36,210,,16150.0,300.0,,,,,,,,,,,9999,p ?,True,21,15,8.880719900362602e-06,,
37Na,37,110,,53130.0,690.0,,,,1.0,ms,>1.5us,3/2+.0,,12.0,,2002,B- ?;B-n ?;B-2n ?,True,11,26,1.9886695464237935e-05,,
37Mg,37,120,,28210.0,700.0,,,,8,ms,4,(3/2-),,12.0,,1996,B- ?;B-n ?;B-2n ?,False,12,25,2.0161179662023145e-05,,
37Al,37,130,,9810.0,180.0,,,,11.4,ms,0.3,5/2+.0,,12.0,,1979,B-=100;B-n=52 5;B-2n>1,False,13,24,5.181750288856432e-06,,
37Si,37,140,,-6570.0,110.0,,,,141.0,ms,3.5,(5/2-),,15.0,,1979,B-=100;B-n=17 13;B-2n ?,False,14,23,3.1652504845969845e-06,,
37P,37,150,,-19000.0,40.0,,,,2.31,s,0.13,(1/2+),,12.0,,1971,B-=100;B-n ?,False,15,22,1.150631447555416e-06,,
37S,37,160,,-26896.43,0.2,,,,5.05,m,0.02,7/2-,,12.0,,1945,B-=100,False,16,21,5.7520646716608864e-09,,
37Cl,37,170,,-31761.55,0.05,,,,stbl,,,3/2+*,,12.0,,1919,IS=24.2 2,False,17,20,1.437868461773931e-09,,
37Cl,37,178,i,-21539.7,0.3,10221.8,0.3,RQ,,,,7/2-,T=5/2,12.0,,1984,IT=100,False,17,20,8.629747515256838e-09,,
37Ar,37,180,,-30947.68,0.21,,,,35.011,d,0.019,3/2+*,,12.0,,1941,EC=100,False,18,19,6.039413513392606e-09,4.47e+8,19.918069152577843
37Ar,37,188,i,-25956.0,6.0,4992.0,6.0,RQ,,,,3/2+,T=3/2,12.0,,1973,,False,18,19,1.7257944667528217e-07,4.47e+8,19.918069152577843
37K,37,190,,-24800.2,0.09,,,,1.23651,s,0.00094,3/2+*,,12.0,,1958,B+=100,False,19,18,2.588874073323426e-09,7.10e+6,15.775605342011543
37K,37,198,i,-19749.9,0.8,5050.3,0.8,RQ,,,,3/2+,T=3/2,12.0,,1973,IT=100,False,19,18,2.3015557529487998e-08,7.10e+6,15.775605342011543
37Ca,37,200,,-13136.1,0.6,,,,181.0,ms,0.9,3/2+*,,12.0,,1964,B+=100;B+p=76.8 7,False,20,17,1.7265595790881466e-08,3.00e+1,3.4011973816621555
37Sc,37,210,,3780.0,300.0,,,,,,,7/2-.0,,,,9999,p ?,True,21,16,8.637323805591002e-06,,
37Ti,37,220,,25170.0,400.0,,,,,,,1/2+.0,,,,9999,p ?,True,22,15,1.152395777973017e-05,,
38Na,38,110,,61910.0,720.0,,,,,,<400 ns,,,,,9999,n ?,True,11,27,2.0209193601698044e-05,,
38Mg,38,120,,34070.0,500.0,,,,2.0,ms,>260ns,0+,,17.0,,1997,B-=100.0;B-n ?;B-2n ?,True,12,26,1.402371286773381e-05,,
38Al,38,130,,16470.0,150.0,,,,9.0,ms,0.7,0-.0,,17.0,,1989,B-=100;B-n=84 19;B-2n ?,True,13,25,4.2051905741504634e-06,,
38Si,38,140,,-4170.0,100.0,,,,63,ms,8,0+,,17.0,,1979,B-=100.0;B-n=25 10,False,14,24,2.8019406769345822e-06,,
38P,38,150,,-14620.0,70.0,,,,640,ms,140,(2-),,17.0,,1971,B-=100;B-n=12 5,False,15,23,1.9608553881773536e-06,,
38S,38,160,,-26861.0,7.0,,,,170.3,m,0.7,0+,,17.0,,1958,B-=100,False,16,22,1.9602542400037236e-07,8.00e+3,8.987196820661973
38Cl,38,170,,-29798.12,0.1,,,,37.230,m,0.014,2-,,17.0,,1940,B-=100,False,17,21,2.800234299552398e-09,1.50e+7,16.523560759066484
38Cl,38,171,m,-29126.75,0.1,671.365,0.008,,715,ms,3,5-,,17.0,,1954,IT=100,False,17,21,2.8002869447593876e-09,1.50e+7,16.523560759066484
38Cl,38,178,i,-21590.0,24.0,8208.0,24.0,RQ,,,,0+,T=3,17.0,,9999,,False,17,21,6.722107372393591e-07,1.50e+7,16.523560759066484
38Ar,38,180,,-34714.83,0.19,,,,stbl,,,0+,,17.0,,1934,IS=0.0629 70,False,18,20,5.319905395250743e-09,,
38Ar,38,188,i,-24083.9,0.9,10630.9,0.9,,,,,(2-),T=2,17.0,,9999,,False,18,20,2.5207055023059376e-08,,
38Ar,38,189,j,-15940.0,30.0,18780.0,30.0,RQ,,,,0+,T=3,17.0,,9999,,False,18,20,8.40426862952823e-07,,
38K,38,190,,-28800.76,0.2,,,,7.651,m,0.019,3+*,T=0,17.0,,1937,B+=100,False,19,19,5.6010307246507224e-09,1.40e+9,21.059738073567623
38K,38,191,m,-28670.61,0.2,130.15,0.04,MD,924.35,ms,0.12,0+*,T=1,17.0,,1953,B+=99.9670 43;IT=0.0330 43,False,19,19,5.601051139758158e-09,1.40e+9,21.059738073567623
38K,38,192,n,-25342.66,0.26,3458.1,0.17,,21.95,us,0.11,(7)+,,17.0,,1971,IT=100,False,19,19,7.282045168955854e-09,1.40e+9,21.059738073567623
38Ca,38,200,,-22058.5,0.19,,,,443.70,ms,0.25,0+,,17.0,,1966,B+=100,False,20,18,5.322176880451002e-09,2.43e+5,12.400816722322686
38Sc,38,210,,-4250.0,200.0,,,,,,<300ns,2-.0,,17.0,,9999,p ?,True,21,17,5.6052906768903875e-06,,
38Sc,38,211,m,-3580.0,220.0,670.0,100.0,,,,,5-.0,,,,9999,IT ?;p ?,True,21,17,6.165935526813518e-06,,
38Ti,38,220,,11370.0,300.0,,,,,,<120ns,0+,,17.0,,9999,2p ?,True,22,16,8.411923441349939e-06,,
39Na,39,110,,69980.0,740.0,,,,1.0,ms,>400ns,3/2+.0,,,,2019,B- ?;B-n ?;B-2n ?,True,11,28,2.0241339822833726e-05,,
39Mg,39,120,,42780.0,510.0,,,,,,<180ns,7/2-.0,,18.0,,9999,n ?; B- ?,True,12,27,1.3940234122604282e-05,,
39Al,39,130,,21490.0,300.0,,,,7.6,ms,1.6,5/2+.0,,18.0,,1989,B-=100;B-n=97 22;B-2n ?,True,13,26,8.195658097349165e-06,,
39Si,39,140,,2320.0,140.0,,,,41.2,ms,4.1,(5/2-),,18.0,,1979,B-=100;B-n=33 3;B-2n ?,False,14,25,3.822773516814926e-06,,
39P,39,150,,-12770.0,110.0,,,,282,ms,24,(1/2+),,18.0,,1977,B-=100;B-n=26 8,False,15,24,3.0024766544290034e-06,,
39S,39,160,,-23160.0,50.0,,,,11.5,s,0.5,(7/2)-,,18.0,,1971,B-=100,False,16,23,1.3644233351376772e-06,,
39Cl,39,170,,-29800.2,1.7,,,,56.2,m,0.6,3/2+,,18.0,,1949,B-=100,False,17,22,4.638362566099762e-08,8.50e+6,15.955576721460545
39Ar,39,180,,-33242.0,5.0,,,,268,y,8,7/2-*,,18.0,,1950,B-=100,False,18,21,1.364144318232733e-07,5.00e+8,20.030118656386467
39Ar,39,188,i,-24161.0,7.0,9081.0,9.0,RQ,,,,3/2+,T=5/2,18.0,,9999,,False,18,21,1.9102753274917923e-07,5.00e+8,20.030118656386467
39K,39,190,,-33807.195,0.005,,,,stbl,,,3/2+*,,18.0,,1921,IS=93.2581 44,False,19,20,1.364171418437671e-10,,
39K,39,198,i,-27260.8,1.9,6546.4,1.9,,,,,7/2-,T=3/2,18.0,,9999,IT=100,False,19,20,5.184777433304542e-08,,
39Ca,39,200,,-27282.7,0.6,,,,860.3,ms,0.8,3/2+*,,18.0,,1943,B+=100,False,20,19,1.6373549452403613e-08,5.00e+5,13.122363377404328
39Ca,39,208,i,-20917.0,9.0,6366.0,9.0,,,,,3/2+,T=3/2,,,9999,,True,20,19,2.456459142085169e-07,5.00e+5,13.122363377404328
39Sc,39,210,,-14173.0,24.0,,,,,,,7/2-.0,,18.0,,1988,p=100,False,21,18,6.551995029095354e-07,,
39Sc,39,218,i,-5050.0,40.0,9120.0,50.0,2p,,,,(3/2+),T=5/2,18.0,,9999,,False,21,18,1.0922712100833144e-06,,
39Ti,39,220,,2500.0,200.0,,,,28.5,ms,0.9,3/2+.0,,18.0,,1990,B+=100;B+p=93.7 28;B+2p=?,True,22,17,5.462675193246724e-06,,
39V,39,230,,22570.0,400.0,,,,,,,7/2-.0,,,,9999,p ?,True,23,16,1.093172910211675e-05,,
40Mg,40,120,,49550.0,500.0,,,,1.0,ms,>170ns,0+,,17.0,,2007,B- ?;B-n ?;B-2n ?,True,12,28,1.332709737746328e-05,,
40Al,40,130,,28820.0,300.0,,,,10.0,ms,>260ns,,,17.0,,1996,B- ?;B-n ?;B-2n ?,True,13,27,7.99211796011901e-06,,
40Si,40,140,,5670.0,120.0,,,,31.2,ms,2.6,0+,,17.0,,1989,B-=100;B-n=38 5;B-2n ?,False,14,26,3.1949868383584e-06,,
40P,40,150,,-8140.0,80.0,,,,150,ms,8,"(2-,3-)",,17.0,,1979,B-=100;B-n=15.8 21;B-2n ?,False,15,25,2.1292816320283497e-06,7.00e+5,13.458835614025542
40S,40,160,,-22838.0,4.0,,,,8.8,s,2.2,0+,,17.0,,1971,B-=100,False,16,24,1.0642611100981615e-07,,
40Cl,40,170,,-27560.0,30.0,,,,1.35,m,0.03,2-,,17.0,,1956,B-=100,False,17,23,7.981230238480853e-07,6.30e+5,13.353475098367715
40Ar,40,180,,-35039.9,0.0022,,,,stbl,,,0+,,17.0,,1920,IS=99.6035 250,False,18,22,5.85193901554308e-11,,
40K,40,190,,-33535.5,0.06,,,,1.248,Gy,0.003,4-*,,17.0,,1935,IS=0.0117 1;B-=89.28 13;B+=10.72 13,False,19,21,1.5961021480498923e-09,,
40K,40,191,m,-31891.86,0.06,1643.638,0.011,,336,ns,12,0+,,17.0,,1968,IT=100,False,19,21,1.5961719384687659e-09,,
40K,40,198,i,-29151.5,0.3,4384.0,0.3,,,,,0+,T=2,17.0,,9999,IT=100,False,19,21,7.981441550837475e-09,,
40Ca,40,200,,-34846.402,0.02,,,,stbl,,>9.9Zy,0+,,17.0,,1922,IS=96.941 156;2B+ ?,False,20,20,5.320338006867636e-10,,
40Ca,40,208,i,-27188.22,0.05,7658.18,0.05,,,,,4-,T=1,17.0,,9999,IT=100,False,20,20,1.3303555225206061e-09,,
40Ca,40,209,j,-22858.4,1.0,11988.0,1.0,,,,,0+,T=2,17.0,,9999,IT=100,False,20,20,2.6610176049106286e-08,,
40Sc,40,210,,-20523.4,2.8,,,,182.3,ms,0.7,4-,,17.0,,1955,B+=100;B+p=0.44 7;B+A=0.017 5,False,21,19,7.451568746906495e-08,,
40Sc,40,218,i,-16164.0,6.0,4359.0,6.0,RQ,,,,0+,T=2,17.0,,9999,IT=100,False,21,19,1.5969500025972203e-07,,
40Ti,40,220,,-8990.0,70.0,,,,52.4,ms,0.3,0+,,17.0,,1982,B+=100;B+p=95.8 13,False,22,18,1.8635283106209883e-06,,
40V,40,230,,12470.0,300.0,,,,,,,2-.0,,,,9999,p ?,True,23,17,7.991390570941166e-06,,
41Mg,41,120,,58100.0,500.0,,,,,,,3/2-.0,,,,9999,B- ?;B-n ?,True,12,29,1.3004387438726317e-05,,
41Al,41,130,,34590.0,400.0,,,,6.0,ms,>260ns,5/2+.0,,16.0,,1997,B- ?;B-n ?;B-2n ?,True,13,28,1.0397501980013084e-05,,
41Si,41,140,,13200.0,300.0,,,,20.0,ms,2.5,7/2-.0,,16.0,,1989,B-=100;B-n>55;B-2n ?,True,14,27,7.794054965362916e-06,,
41P,41,150,,-4980.0,120.0,,,,101,ms,5,1/2+.0,,16.0,,1979,B-=100;B-n=30 10;B-2n ?,False,15,26,3.1162548268187615e-06,,
41S,41,160,,-19009.0,4.0,,,,1.99,s,0.05,7/2-.0,,16.0,,1979,B-=100;B-n ?,False,16,25,1.0384081763266903e-07,,
41Cl,41,170,,-27310.0,70.0,,,,38.4,s,0.8,(1/2+),,16.0,,1971,B-=100,False,17,24,1.8168837801943913e-06,1.41e+5,11.856515169360305
41Ar,41,180,,-33067.5,0.3,,,,109.61,m,0.04,7/2-,,16.0,,1936,B-=100,False,18,23,7.785742641178472e-09,1.00e+8,18.420680743952367
41K,41,190,,-35559.549,0.004,,,,stbl,,,3/2+*,,16.0,,1921,IS=6.7302 44,False,19,22,1.0380667249165715e-10,,
41K,41,198,i,-27210.0,15.0,8349.0,15.0,RQ,,,,7/2-,T=5/2,16.0,,1975,,False,19,22,3.8935939007593274e-07,,
41Ca,41,200,,-35137.91,0.14,,,,99.4,ky,1.5,7/2-*,,16.0,,1939,EC=100,False,20,21,3.633395246432384e-09,,
41Ca,41,208,i,-29320.8,0.5,5817.1,0.5,,<28,fs,,3/2+,T=3/2,16.0,,9999,IT=100,False,20,21,1.2978370944608533e-08,,
41Sc,41,210,,-28642.36,0.08,,,,596.3,ms,1.7,7/2-,,16.0,,1941,B+=100,False,21,20,2.0766456354936754e-09,,
41Sc,41,215,r,-25760.01,0.08,2882.35,0.05,RQ,,,,7/2+,,16.0,,9999,p=59 2;IT=41 2,False,21,20,2.0768010222536127e-09,,
41Sc,41,218,i,-22704.0,3.0,5939.0,3.0,RQ,,,,3/2+,T=3/2,16.0,,9999,p=100,False,21,20,7.78862173642469e-08,,
41Ti,41,220,,-15698.0,28.0,,,,81.9,ms,0.5,3/2+,,16.0,,1964,B+=100;B+p=91.1 6,False,22,19,7.270946942766219e-07,,
41V,41,230,,310.0,200.0,,,,,,,7/2-.0,,,,9999,p ?,True,23,18,5.1958679053925714e-06,,
41Cr,41,240,,20410.0,400.0,,,,,,,3/2+.0,,,,9999,p ?,True,24,17,1.0397514589740218e-05,,
42Al,42,130,,41990.0,500.0,,,,3.0,ms,>170ns,,,16.0,,2007,B- ?;B-n ?;B-2n ?,True,13,29,1.2689407057271708e-05,,
42Si,42,140,,16840.0,300.0,,,,12.5,ms,3.5,0+,,16.0,,1990,B-=100;B-n ?;B-2n ?,True,14,28,7.609037312792394e-06,,
42P,42,150,,1090.0,100.0,,,,48.5,ms,1.5,,,16.0,,1979,B-=100;B-n=50 20;B-2n ?,False,15,27,2.53541610717283e-06,,
42S,42,160,,-17637.7,2.8,,,,1.016,s,0.015,0+,,16.0,,1979,B-=100;B-n<1,False,16,26,7.096028415924356e-08,,
42Cl,42,170,,-24830.0,60.0,,,,6.8,s,0.3,(2-),,16.0,,1971,B-=100;B-n ?,False,17,25,1.5203502294545887e-06,3.80e+3,8.242756345714477
42Ar,42,180,,-34423.0,6.0,,,,32.9,y,1.1,0+,,16.0,,1952,B-=100,False,18,24,1.520030556854389e-07,,
42K,42,190,,-35022.03,0.11,,,,12.355,h,0.007,2-*,,16.0,,1935,B-=100,False,19,23,2.7867717050601153e-09,6.70e+9,22.625373363343332
42K,42,198,i,-28570.0,100.0,6450.0,100.0,,,,,(0+),T=3,16.0,,9999,,False,19,23,2.5338429986460275e-06,6.70e+9,22.625373363343332
42Ca,42,200,,-38547.29,0.15,,,,stbl,,,0+,,16.0,,1934,IS=0.647 23,False,20,22,3.799928369890244e-09,,
42Ca,42,208,i,-28797.0,10.0,9750.0,10.0,,,,,(2-),T=2,16.0,,9999,,False,20,22,2.533911462875829e-07,,
42Sc,42,210,,-32121.0,0.15,,,,680.72,ms,0.26,0+,T=1,16.0,,1955,B+=100,False,21,21,3.8006716295384385e-09,1.50e+3,7.313220387090301
42Sc,42,211,m,-31504.19,0.16,616.81,0.06,MD,61.7,s,0.4,7+,,16.0,,1963,B+=100,False,21,21,4.0541130983475975e-09,1.50e+3,7.313220387090301
42Sc,42,215,r,-26044.8,0.16,6076.2,0.07,RQ,,,,"(2+,3+,4",+),16.0,,9999,IT=100,False,21,21,4.05467398607584e-09,1.50e+3,7.313220387090301
42Ti,42,220,,-25104.35,0.27,,,,208.3,ms,0.4,0+,,16.0,,1964,B+=100,False,22,20,6.84264969932871e-09,,
42V,42,230,,-7620.0,200.0,,,,,,<55ns,2-.0,,16.0,,9999,p ?,True,23,19,5.0710426429035035e-06,,
42Cr,42,240,,7060.0,300.0,,,,13.3,ms,1.0,0+,,16.0,,1996,B+~100;B+p=94.4 50;2p ?,True,24,18,7.609645926108019e-06,,
43Al,43,130,,48270.0,600.0,,,,4.0,ms,>170ns,5/2+.0,,15.0,,2007,B- ?;B-n ?;B-2n ?,True,13,30,1.4874964852813504e-05,,
43Si,43,140,,24330.0,400.0,,,,30.0,ms,>260ns,3/2-.0,,15.0,,2002,B- ?;B-n ?;B-2n ?,True,14,29,9.911078686754699e-06,,
43P,43,150,,5040.0,300.0,,,,35.8,ms,1.3,(1/2+),,15.0,,1989,B-=100;B-n=100;B-2n ?,True,15,28,7.429995861234415e-06,,
43S,43,160,,-12195.0,5.0,,,,265,ms,13,3/2-,,15.0,,1979,B-=100;B-n=40 10,False,16,27,1.2378439158396972e-07,,
43S,43,161,m,-11874.0,5.0,320.7,0.5,,415.0,ns,2.6,(7/2-),,15.0,,2000,IT=100,False,16,27,1.2378537530114078e-07,,
43Cl,43,170,,-24160.0,60.0,,,,3.13,s,0.09,(3/2+),,15.0,,1976,B-=100;B-n ?,False,17,26,1.4850203608202226e-06,3.90e+2,5.966146739123692
43Ar,43,180,,-32010.0,5.0,,,,5.37,m,0.06,5/2(-),,15.0,,1969,B-=100,False,18,25,1.237316175991618e-07,4.84e+6,15.392425278692814
43K,43,190,,-36575.4,0.4,,,,22.3,h,0.1,3/2+*,,15.0,,1949,B-=100,False,19,24,9.897727972623198e-09,1.40e+9,21.059738073567623
43K,43,191,m,-35837.1,0.4,738.3,0.06,,200,ns,5,7/2-,,15.0,,1978,IT=100,False,19,24,9.897908794860447e-09,1.40e+9,21.059738073567623
43Ca,43,200,,-38408.87,0.23,,,,stbl,,,7/2-*,,15.0,,1934,IS=0.135 10,False,20,23,5.6911175205458286e-09,,
43Ca,43,208,i,-30414.0,14.0,7995.0,14.0,RQ,,,,(3/2)+,T=5/2,15.0,,9999,,False,20,23,3.4648439234368114e-07,,
43Sc,43,210,,-36188.1,1.9,,,,3.891,h,0.012,7/2-*,,15.0,,1935,B+=100,False,21,22,4.7017667840635566e-08,3.00e+5,12.611537753638338
43Sc,43,211,m,-36036.3,1.9,151.79,0.08,,438,us,5,3/2+,,15.0,,1964,IT=100,False,21,22,4.701784446148501e-08,3.00e+5,12.611537753638338
43Sc,43,212,n,-33064.4,1.9,3123.73,0.15,,472,ns,3,19/2-,,15.0,,1978,IT=100,False,21,22,4.702130256477919e-08,3.00e+5,12.611537753638338
43Sc,43,218,i,-31956.0,3.0,4232.0,4.0,RQ,,,,7/2-,T=3/2,15.0,,9999,,False,21,22,7.424619857278242e-08,3.00e+5,12.611537753638338
43Ti,43,220,,-29316.0,6.0,,,,509,ms,5,7/2-,,15.0,,1948,B+=100;B+p ?,False,22,21,1.4850685354400796e-07,,
43Ti,43,221,m,-29003.0,6.0,313.0,1.0,,11.9,us,0.3,(3/2+),,15.0,,1978,IT=100,False,22,21,1.4850800405148392e-07,,
43Ti,43,222,n,-26250.0,6.0,3066.4,1.0,,556,ns,6,(19/2-),,15.0,,1978,IT=100,False,22,21,1.4851812413921546e-07,,
43Ti,43,228,i,-24610.0,50.0,4710.0,50.0,,,,,7/2-.0,T=3/2,,,9999,,True,22,21,1.2377012789198608e-06,,
43V,43,230,,-17920.0,40.0,,,,79.3,ms,2.4,7/2-.0,,15.0,,1987,B+=100;B+p<2.5,False,23,20,9.903567370514326e-07,,
43V,43,238,i,-9705.0,15.0,8210.0,50.0,RQ,,,,3/2+,T=5/2,,,9999,,False,23,20,3.714593291843414e-07,,
43Cr,43,240,,-1970.0,200.0,,,,21.1,ms,0.3,(3/2+),,15.0,,1992,B+=100;B+p=79.3 30;B+2p=11.6 10;B+3p=0.13 +18-8;B+A ?,True,24,19,4.953898634670207e-06,,
43Mn,43,250,,17370.0,400.0,,,,,,,5/2-.0,,,,9999,p ?,True,25,18,9.912863507717571e-06,,
44Si,44,140,,29310.0,500.0,,,,4.0,ms,>360ns,0+,,11.0,,2007,B- ?;B-n ?;B-2n ?,True,14,30,1.2108454404191287e-05,,
44P,44,150,,11110.0,400.0,,,,18.5,ms,2.5,,,11.0,,1989,B-=100;B-n ?;B-2n ?,True,15,29,9.682799121744573e-06,,
44S,44,160,,-9204.0,5.0,,,,100,ms,1,0+,,11.0,,1979,B-=100;B-n=18 3,False,16,28,1.20979286134724e-07,,
44S,44,161,m,-7839.0,5.0,1365.0,0.8,,2.619,us,0.026,0+,,11.0,,2005,IT=100,False,16,28,1.2098328189132814e-07,,
44Cl,44,170,,-20480.0,90.0,,,,562,ms,106,(2-),,11.0,,1979,B-=100;B-n<8,False,17,27,2.177101295117797e-06,,
44Ar,44,180,,-32673.3,1.6,,,,11.87,m,0.05,0+,,11.0,,1969,B-=100,False,18,26,3.8693820610162134e-08,3.00e+6,14.914122846632385
44K,44,190,,-35781.5,0.4,,,,22.13,m,0.19,2-*,,11.0,,1954,B-=100,False,19,25,9.673030602242606e-09,6.00e+8,20.21244021318042
44Ca,44,200,,-41468.7,0.3,,,,stbl,,,0+,,11.0,,1922,IS=2.086 110,False,20,24,7.254002177387824e-09,,
44Ca,44,208,i,-29619.0,10.0,11850.0,10.0,,,,,2-,T=3,11.0,,9999,,False,20,24,2.418693744033315e-07,,
44Sc,44,210,,-37816.0,1.8,,,,4.0421,h,0.0025,2+*,,11.0,,1937,B+=100,False,21,23,4.352921894554841e-08,1.20e+9,20.905587393740365
44Sc,44,211,m,-37748.1,1.8,67.8679,0.0014,,154.8,ns,0.8,1-,,11.0,,1967,IT=100,False,21,23,4.352929042146468e-08,1.20e+9,20.905587393740365
44Sc,44,212,n,-37669.8,1.8,146.1914,0.002,,51.0,us,0.3,0-,,11.0,,1963,IT=100,False,21,23,4.352937284538268e-08,1.20e+9,20.905587393740365
44Sc,44,213,p,-37544.8,1.8,271.24,0.01,,58.61,h,0.10,6+*,,11.0,,1940,IT=98.80 7;B+=1.20 7,False,21,23,4.352950442955129e-08,1.20e+9,20.905587393740365
44Sc,44,218,i,-35038.3,2.5,2778.0,3.0,RQ,,,,0+,T=2,11.0,,9999,,False,21,23,6.046130989336158e-08,1.20e+9,20.905587393740365
44Ti,44,220,,-37548.6,0.7,,,,59.1,y,0.3,0+,,11.0,,1954,EC=100,False,22,22,1.6928668529241848e-08,,
44Ti,44,228,i,-30942.2,0.9,6606.4,0.5,,,,,2+,T=1,11.0,,9999,IT=100,False,22,22,2.176890893983616e-08,,
44Ti,44,229,j,-28210.6,2.1,9338.0,2.0,,,,,0+  frg,T=2,11.0,,9999,IT=100,False,22,22,5.079747710264313e-08,,
44V,44,230,,-23808.0,7.0,,,,111,ms,7,(2)+,,11.0,,1971,B+=100;B+A=?;B+p ?,False,23,21,1.6934825655839452e-07,,
44V,44,231,m,-23537.0,5.0,271.0,9.0,MD,150,ms,3,(6)+,,11.0,,1997,B+=100,False,23,21,1.2096383346154981e-07,,
44V,44,232,n,-23660.0,100.0,150.0,100.0,,,,,0-.0,,,,9999,,True,23,21,2.419269470185908e-06,,
44V,44,238,i,-21119.0,12.0,2689.0,14.0,p,,,,0+.0,T=2,,,1992,p=100,False,23,21,2.9033018407472383e-07,,
44Cr,44,240,,-13420.0,50.0,,,,42.8,ms,0.6,0+,,11.0,,1987,B+=100;B+p=12 2,False,24,20,1.2099723444667445e-06,,
44Mn,44,250,,7460.0,300.0,,,,,,<105ns,2-.0,,11.0,,9999,p ?,True,25,19,7.2637316572120974e-06,,
45Si,45,140,,37090.0,600.0,,,,4.0,ms,,3/2-.0,,,,9999,B- ?;B-n ?;B-2n ?,True,14,31,1.4209508263108974e-05,,
45P,45,150,,15960.0,500.0,,,,10.0,ms,>200ns,1/2+.0,,8.0,,1990,B- ?;B-n ?;B-2n ?,True,15,30,1.1835696686833745e-05,,
45S,45,160,,-3340.0,300.0,,,,68,ms,2,3/2-.0,,8.0,,1989,B-=100;B-n~54;B-2n ?,True,16,29,7.098392372657315e-06,,
45Cl,45,170,,-18260.0,140.0,,,,413,ms,25,(3/2+),,8.0,,1979,B-=100;B-n=24 4,False,17,28,3.3115153926221155e-06,,
45Ar,45,180,,-29770.8,0.5,,,,21.48,s,0.15,"(5/2-,7/",2-),8.0,,1974,B-=100,False,18,27,1.1823983059149535e-08,1.20e+5,11.695247021764184
45K,45,190,,-36615.6,0.5,,,,17.8,m,0.6,3/2+*,,8.0,,1964,B-=100,False,19,26,1.182243099954715e-08,1.70e+8,18.951308995014536
45Ca,45,200,,-40812.2,0.4,,,,162.61,d,0.09,7/2-*,,8.0,,1940,B-=100,False,20,25,9.457295581237848e-09,,
45Sc,45,210,,-41072.3,0.7,,,,stbl,,,7/2-*,,8.0,,1923,IS=100,False,21,24,1.6550671582853378e-08,,
45Sc,45,211,m,-41059.9,0.7,12.4,0.05,,318,ms,7,3/2+,,8.0,,1964,IT=100,False,21,24,1.655067643523573e-08,,
45Sc,45,218,i,-34373.0,15.0,6699.0,15.0,,,,,7/2-,T=5/2,8.0,,9999,,False,21,24,3.547134337549301e-07,,
45Ti,45,220,,-39010.3,0.8,,,,184.8,m,0.5,7/2-*,,8.0,,1941,B+=100,False,22,23,1.8916553941924748e-08,,
45Ti,45,221,m,-38973.8,0.8,36.53,0.15,,3.0,us,0.2,3/2-,,8.0,,2006,IT=100,False,22,23,1.8916570268206933e-08,,
45Ti,45,228,i,-34291.0,3.0,4719.0,3.0,RQ,,,,7/2-,T=3/2,8.0,,9999,,False,22,23,7.094499411330487e-08,,
45V,45,230,,-31886.4,0.9,,,,547,ms,6,7/2-,,8.0,,1975,B+=100,False,23,22,2.1285359637198293e-08,,
45V,45,231,m,-31829.6,1.1,56.8,0.6,,512,ns,13,(3/2-),,8.0,,1980,IT=100,False,23,22,2.6015474504273376e-08,,
45V,45,238,i,-27090.0,9.0,4797.0,9.0,RQ,,,,7/2-,T=3/2,8.0,,9999,p=100,False,23,22,2.1287774453713872e-07,,
45Cr,45,240,,-19510.0,40.0,,,*,60.9,ms,0.4,7/2-.0,,8.0,,1974,B+=100;B+p=34.4 8,False,24,21,9.463219246745299e-07,,
45Cr,45,241,m,-19400.0,40.0,107.0,1.0,*,>80,us,,(3/2),,11.0,,2011,IT=100,False,24,21,9.463243873751978e-07,,
45Mn,45,250,,-4980.0,300.0,,,,,,<70ns,5/2-.0,,8.0,,9999,p ?,True,25,20,7.100072341164056e-06,,
45Fe,45,260,,14410.0,280.0,,,,2.5,ms,0.2,3/2+.0,,8.0,,1996,2p=70 4;B+=30 4;B+p=18.9 35;B+2p=7.8 23,True,26,19,6.629979629862928e-06,,
46P,46,150,,22840.0,500.0,,,,9.0,ms,>200ns,,,0.0,,1990,B- ?;B-n ?;B-2n ?,True,15,31,1.1580033138079147e-05,,
46S,46,160,,640.0,400.0,,,,50,ms,8,0+,,10.0,,1989,B-=100;B-n ?;B-2n ?,True,16,30,9.259543041499013e-06,,
46Cl,46,170,,-13730.0,100.0,,,,232,ms,2,2-.0,,12.0,,1989,B-=100;B-n=60 9;B-2n ?,False,17,29,2.3141852335544804e-06,,
46Ar,46,180,,-29771.3,2.3,,,,8.4,s,0.6,0+,,0.0,,1974,B-=100,False,18,28,5.3208100697628394e-08,3.00e+4,10.308952660644293
46K,46,190,,-35413.9,0.7,,,,96.30,s,0.08,2-*,,0.0,,1965,B-=100,False,19,27,1.6192140592848546e-08,6.84e+8,20.343468475586825
46Ca,46,200,,-43139.6,2.2,,,,stbl,,,0+,,0.0,,1938,IS=0.004 3;2B- ?,False,20,26,5.0882013927292865e-08,,
46Sc,46,210,,-41761.6,0.7,,,,83.757,d,0.014,4+*,,0.0,,1936,B-=100,False,21,25,1.619073201738851e-08,7.00e+7,18.064005800013632
46Sc,46,211,m,-41709.6,0.7,52.011,0.001,,9.4,us,0.8,6+,,0.0,,1966,IT=100,False,21,25,1.619075149065446e-08,7.00e+7,18.064005800013632
46Sc,46,212,n,-41619.1,0.7,142.528,0.007,,18.75,s,0.04,1-,,0.0,,1948,IT=100,False,21,25,1.6190785381738635e-08,7.00e+7,18.064005800013632
46Sc,46,218,i,-36748.0,4.0,5014.0,4.0,RQ,,,,0+,T=3,0.0,,9999,,False,21,25,9.252919860173715e-08,7.00e+7,18.064005800013632
46Ti,46,220,,-44128.27,0.09,,,,stbl,,,0+,,0.0,,1934,IS=8.25 3,False,22,24,2.0816138671786154e-09,,
46Ti,46,228,i,-34962.0,7.0,9166.0,7.0,RQ,,,,4+,T=2,0.0,,9999,,False,22,24,1.6193763270078786e-07,,
46Ti,46,229,j,-29977.0,6.0,14151.0,6.0,RQ,,,,0+,T=3,0.0,,9999,,False,22,24,1.3881969423800328e-07,,
46V,46,230,,-37075.9,0.13,,,,422.62,ms,0.05,0+,T=1,0.0,,1952,B+=100,False,23,23,3.0073560901823056e-09,,
46V,46,231,m,-36274.44,0.16,801.46,0.1,,1.02,ms,0.07,3+,T=0,0.0,,1962,IT=100,False,23,23,3.701429968427319e-09,,
46Cr,46,240,,-29472.0,11.0,,,,224.3,ms,1.3,0+,,10.0,,1972,B+=100,False,24,22,2.54520978822895e-07,,
46Cr,46,248,i,-20328.0,13.0,9143.0,17.0,RQ,,,,(4+),T=2,10.0,,9999,p=?,False,24,22,3.0086117553589703e-07,,
46Mn,46,250,,-12420.0,90.0,,,*,36.2,ms,0.4,(4+),,10.0,,1987,B+=100;B+p=57.0 8;B+2p~18;B+A ?,False,25,21,2.0833287020299716e-06,,
46Mn,46,251,m,-12270.0,140.0,150.0,100.0,*,1.0,ms,,1-.0,,,,9999,B+ ?,True,25,21,3.240744789052125e-06,,
46Mn,46,258,i,-7390.0,50.0,5030.0,100.0,p,,,,,T=3,,,9999,,False,25,21,1.1575396125006202e-06,,
46Fe,46,260,,1210.0,300.0,,,,13.0,ms,2.0,0+,,10.0,,1992,B+=100;B+p=78.7 38;B+2p=?,True,26,20,6.946828766119907e-06,,
47P,47,150,,28810.0,600.0,,,,4.0,ms,>400ns,1/2+.0,,,,2018,B- ?;B-n ?;B-2n ?,True,15,32,1.3601936893258326e-05,,
47S,47,160,,7200.0,400.0,,,,24.0,ms,>200ns,3/2-.0,,7.0,,1989,B- ?;B-n ?;B-2n ?,True,16,31,9.063783361240858e-06,,
47Cl,47,170,,-9580.0,200.0,,,,101,ms,5,3/2+.0,,7.0,,1989,B-=100;B-n<3;B-2n ?,True,17,30,4.530301909334159e-06,,
47Ar,47,180,,-25367.3,1.2,,,,1.23,s,0.03,(3/2)-,,7.0,,1985,B-=100;B-n<0.2,False,18,29,2.717289031769026e-08,9.60e+3,9.169518377455928
47K,47,190,,-35712.0,1.4,,,,17.38,s,0.03,1/2+*,,7.0,,1964,B-=100,False,19,28,3.169520912532777e-08,2.80e+6,14.845129975145433
47Ca,47,200,,-42344.7,2.2,,,,4.536,d,0.003,7/2-*,,7.0,,1951,B-=100,False,20,27,4.980073727052036e-08,1.10e+7,16.213405830762646
47Sc,47,210,,-44336.8,1.9,,,,3.3492,d,0.0006,7/2-*,,7.0,,1945,B-=100,False,21,26,4.300904733453279e-08,3.00e+7,17.216707939626428
47Sc,47,211,m,-43570.0,1.9,766.83,0.09,,272,ns,8,(3/2)+,,7.0,,1968,IT=100,False,21,26,4.300979387901066e-08,3.00e+7,17.216707939626428
47Ti,47,220,,-44937.61,0.08,,,,stbl,,,5/2-*,,7.0,,1934,IS=7.44 2,False,22,25,1.8109356447296558e-09,,
47Ti,47,228,i,-37588.6,0.7,7349.0,0.7,,,,,7/2-,T=5/2,7.0,,9999,,False,22,25,1.584832337570298e-08,,
47V,47,230,,-42007.07,0.11,,,,32.6,m,0.3,3/2-*,,7.0,,1942,B+=100,False,23,24,2.4902746178973406e-09,,
47V,47,238,i,-37856.72,0.16,4150.35,0.11,,,,,5/2(-),T=3/2,7.0,,9999,IT=100,False,23,24,3.622557998659646e-09,,
47Cr,47,240,,-34563.0,5.0,,,,461.6,ms,1.5,3/2-,,7.0,,1972,B+=100,False,24,23,1.1321669562277046e-07,,
47Cr,47,249,j,-29803.0,21.0,4760.0,20.0,,,,,5/2-.0,T=5/2,,,9999,,True,24,23,4.755613787120821e-07,,
47Mn,47,250,,-22570.0,30.0,,,,88.0,ms,1.3,5/2-.0,,7.0,,1987,B+=100;B+p<1.7,False,25,22,6.795046006091945e-07,,
47Mn,47,258,i,-15191.0,17.0,7380.0,40.0,RQ,,,,7/2-.0,T=5/2,7.0,,2001,p=100,False,25,22,3.8511697372275106e-07,,
47Fe,47,260,,-7130.0,500.0,,,,21.9,ms,0.2,7/2-.0,,7.0,,1992,B+=100;B+p=88.4 9,True,26,21,1.1329370650412851e-05,,
47Fe,47,261,m,-6360.0,510.0,770.0,100.0,,,,,3/2+.0,,,,9999,IT ?,True,26,21,1.1556159686406336e-05,,
47Co,47,270,,10620.0,600.0,,,,,,,7/2-.0,,7.0,,9999,p ?,True,27,20,1.3601113633029512e-05,,
48S,48,160,,12390.0,500.0,,,,10.0,ms,>200ns,0+,,6.0,,1990,B- ?;B-n ?;B-2n ?,True,16,32,1.1094824680876625e-05,,
48Cl,48,170,,-4280.0,500.0,,,,30.0,ms,>200ns,,,6.0,,1989,B- ?;B-n ?;B-2n ?,True,17,31,1.1091040386140076e-05,,
48Ar,48,180,,-22355.0,17.0,,,,415,ms,15,0+,,10.0,,2004,B-=100;B-n=38 6,False,18,30,3.7695505074145707e-07,,
48K,48,190,,-32284.5,0.8,,,,6.83,s,0.14,1-*,,6.0,,1972,B-=100;B-n=1.14 15,False,19,29,1.773566488681898e-08,1.30e+6,14.077874822431765
48Ca,48,200,,-44224.868,0.018,,,,56,Ey,10,0+,,6.0,,1938,IS=0.187 21;2B-=?;B- ?,False,20,28,3.9895828971098265e-10,,
48Sc,48,210,,-44504.0,5.0,,,,43.67,h,0.09,6+*,,6.0,,1937,B-=100,False,21,27,1.1082423837009775e-07,7.70e+6,15.856730886823913
48Ti,48,220,,-48492.95,0.07,,,,stbl,,,0+,,6.0,,1923,IS=73.72 3,False,22,26,1.5514466414182173e-09,,
48Ti,48,228,i,-37767.0,6.0,10726.0,6.0,,,,,(6+),T=3,6.0,,9999,,False,22,26,1.330127611309246e-07,,
48V,48,230,,-44478.0,1.0,,,,15.9735,d,0.0025,4+*,,6.0,,1937,B+=100,False,23,25,2.2166131299511323e-08,,
48V,48,238,i,-41459.16,0.23,3018.8,0.9,RQ,,,,(0)+,T=2,6.0,,9999,IT=100,False,23,25,5.0985513735707555e-09,,
48Cr,48,240,,-42821.0,7.0,,,,21.56,h,0.03,0+,,6.0,,1952,B+=100,False,24,24,1.551730670201645e-07,5.00e+7,17.72753356339242
48Cr,48,248,i,-37028.0,7.0,5792.77,0.24,,,,,4+,T=1,6.0,,1987,IT=100,False,24,24,1.5519299640764116e-07,5.00e+7,17.72753356339242
48Cr,48,249,j,-34061.0,15.0,8760.0,17.0,RQ,,,,0+  frg,T=2,6.0,,9999,,False,24,24,3.325782977608831e-07,5.00e+7,17.72753356339242
48Mn,48,250,,-29297.0,7.0,,,,158.1,ms,2.2,4+,,6.0,,1987,B+=100;B+p=0.28 4;B+A=6e-4,False,25,23,1.5522405259784728e-07,5.00e+0,1.6094379124341003
48Mn,48,258,i,-26260.0,7.0,3036.7,0.9,IT,,,,0+,T=2,6.0,,9999,p=100,False,25,23,1.5523450687564208e-07,5.00e+0,1.6094379124341003
48Fe,48,260,,-18010.0,90.0,,,,45.3,ms,0.6,0+,,6.0,,1987,B+=100;B+p=15.3 5,False,26,22,1.996294719798499e-06,,
48Co,48,270,,1730.0,500.0,,,,,,,6+.0,,6.0,,9999,p ?,True,27,21,1.1095702826367203e-05,,
48Ni,48,280,,18180.0,420.0,,,,2.8,ms,0.8,0+,,6.0,,2000,2p=70 20;B+=30 20;B+p ?,True,28,20,9.324061718657902e-06,,
49S,49,160,,20390.0,580.0,,,,4.0,ms,>400ns,1/2-.0,,8.0,,2018,B- ?;B-n ?;B-2n ?,True,16,33,1.260934742174364e-05,,
49Cl,49,170,,740.0,400.0,,,,35.0,ms,>200ns,3/2+.0,,8.0,,1989,B- ?;B-n ?;B-2n ?,True,17,32,8.692632626332673e-06,,
49Ar,49,180,,-17060.0,400.0,,,,236,ms,8,3/2-.0,,8.0,,1989,B-=100;B-n=29 6;B-2n ?,True,18,31,8.689515558120138e-06,1.10e+1,2.3978952727983707
49K,49,190,,-29611.5,0.8,,,,1.26,s,0.05,1/2+*,,11.0,,1972,B-=100;B-n=86 9,False,19,30,1.737478176487091e-08,2.70e+5,12.506177237980511
49Ca,49,200,,-41300.0,0.18,,,,8.718,m,0.006,3/2-*,,8.0,,1950,B-=100,False,20,29,3.90844349870617e-09,1.40e+7,16.454567887579532
49Sc,49,210,,-46562.4,2.3,,,,57.18,m,0.13,7/2-,,8.0,,1940,B-=100,False,21,28,4.993691878758101e-08,4.04e+6,15.211755249937333
49Ti,49,220,,-48564.01,0.08,,,,stbl,,,7/2-*,,8.0,,1934,IS=5.41 2,False,22,27,1.7369095956080097e-09,,
49V,49,230,,-47962.2,0.8,,,,330,d,15,7/2-*,,8.0,,1940,EC=100,False,23,26,1.7369810656686898e-08,,
49V,49,238,i,-41531.0,4.0,6432.0,4.0,RQ,,,,7/2-,T=5/2,,,9999,,False,23,26,8.686118222347285e-08,,
49Cr,49,240,,-45332.4,2.2,,,,42.3,m,0.1,5/2-*,,8.0,,1942,B+=100,False,24,25,4.777104844775324e-08,1.50e+5,11.918390573078392
49Cr,49,248,i,-40568.0,5.0,4764.0,5.0,,,,,(7/2)-,T=3/2,8.0,,1969,IT=100,False,24,25,1.0858179795345073e-07,1.50e+5,11.918390573078392
49Mn,49,250,,-37619.9,2.2,,,,382,ms,7,5/2-,,8.0,,1970,B+=100,False,25,24,4.778039207834344e-08,2.80e+3,7.937374696163295
49Mn,49,258,i,-32803.0,18.0,4817.0,18.0,p,,,,(7/2-),T=3/2,8.0,,9999,p=100,False,25,24,3.909713821779996e-07,2.80e+3,7.937374696163295
49Fe,49,260,,-24751.0,24.0,,,,64.7,ms,0.3,(7/2-),,8.0,,1970,B+=100;B+p=56.7 4,False,26,23,5.214010136189481e-07,,
49Co,49,270,,-9780.0,500.0,,,,,,<35ns,7/2-.0,,8.0,,9999,p ?,True,27,22,1.0866360672881312e-05,,
49Ni,49,280,,8530.0,600.0,,,,7.5,ms,1.0,7/2-.0,,8.0,,1996,B+=100;B+p=83.4 13.2,True,28,21,1.3045190499010934e-05,,
50Cl,50,170,,7700.0,400.0,,,,10.0,ms,>620ns,,,19.0,,2009,B- ?;B-n ?;B-2n ?,True,17,33,8.51995870200298e-06,,
50Ar,50,180,,-13230.0,500.0,,,,106,ms,6,0+,,19.0,,1989,B-=100;B-n=37 7;B-2n ?,True,18,32,1.064549580314545e-05,2.00e+0,0.6931471805599453
50K,50,190,,-25728.0,8.0,,,,472,ms,4,0-*,,19.0,,1972,B-=100;B-n=28.6 24;B-2n ?,False,19,31,1.7028730936784513e-07,5.00e+4,10.819778284410283
50K,50,191,m,-25556.0,8.0,172.0,0.4,,125,ns,40,(2-),,19.0,,1999,IT=100,False,19,31,1.7028793282213392e-07,5.00e+4,10.819778284410283
50Ca,50,200,,-39589.2,1.6,,,,13.45,s,0.05,0+,,19.0,,1964,B-=100,False,20,30,3.4048353307611647e-08,2.50e+5,12.429216196844383
50Sc,50,210,,-44537.1,2.5,,,,102.5,s,0.5,5+,,19.0,,1959,B-=100,False,21,29,5.319641495761303e-08,5.96e+4,10.995410853053441
50Sc,50,211,m,-44280.2,2.5,256.895,0.01,,350,ms,40,2+,,19.0,,1963,IT>99;B-<1,False,21,29,5.319670575546873e-08,5.96e+4,10.995410853053441
50Ti,50,220,,-51431.87,0.08,,,,stbl,,,0+,,19.0,,1934,IS=5.18 2,False,22,28,1.7020824064877022e-09,,
50V,50,230,,-49223.24,0.09,,,,271,Py,13,6+*,,19.0,,1949,IS=0.250 10;B+~100;B- ?,False,23,27,1.9149853887552373e-09,,
50V,50,238,i,-44410.71,0.28,4812.53,0.27,RQ,,,,0+,T=3,10.0,,9999,,False,23,27,5.958342449849128e-09,,
50Cr,50,240,,-50261.36,0.09,,,,stbl,,>1.3Ey,0+,,19.0,,1930,IS=4.345 13;2B+ ?,False,24,26,1.914995787776874e-09,,
50Cr,50,248,i,-41836.0,7.0,8425.0,7.0,RQ,,,,6+,T=2,19.0,,9999,,False,24,26,1.489708232054661e-07,,
50Cr,50,249,j,-37039.0,6.0,13222.0,6.0,RQ,,,,0+,T=3,19.0,,9999,,False,24,26,1.277023138530537e-07,,
50Mn,50,250,,-42626.89,0.12,,,,283.21,ms,0.07,0+*,T=1,19.0,,1952,B+=100,False,25,25,2.553812847948186e-09,7.60e+5,13.541073712262515
50Mn,50,251,m,-42401.57,0.11,225.31,0.07,MD,1.75,m,0.03,5+*,T=0,19.0,,1962,B+=100,False,25,25,2.341006336234426e-09,7.60e+5,13.541073712262515
50Fe,50,260,,-34476.0,8.0,,,,152.0,ms,0.6,0+,,19.0,,1977,B+=100;B+p~0,False,26,24,1.7028841609847658e-07,,
50Fe,50,268,i,-25999.0,10.0,8478.0,13.0,RQ,,,,(6+),T=2,19.0,,9999,,False,26,24,2.1289893600371944e-07,,
50Co,50,270,,-17590.0,130.0,,,,38.8,ms,0.2,(6+),,19.0,,1987,B+=100;B+p=70.5 7;B+2p ?,False,27,23,2.7682579839121088e-06,,
50Co,50,278,i,-12747.0,15.0,4840.0,130.0,2p,,,,(0)+,T=3,19.0,,9999,p=100,False,27,23,3.1944732680512113e-07,,
50Ni,50,280,,-3460.0,500.0,,,,18.5,ms,1.2,0+,,19.0,,1994,B+=100;B+p=73 6;B+2p=14 5,True,28,22,1.0650644071773421e-05,,
51Cl,51,170,,14290.0,700.0,,,,5.0,ms,>200ns,3/2+.0,,16.0,,1990,B- ?;B-n ?;B-2n ?,True,17,34,1.4619406781577525e-05,,
51Ar,51,180,,-6490.0,400.0,,,,30.0,ms,>200ns,1/2-.0,,16.0,,1989,B- ?;B-n ?;B-2n ?,True,18,33,8.350548255773195e-06,,
51K,51,190,,-22515.0,13.0,,,,365,ms,5,3/2+*,,16.0,,1983,B-=100;B-n=65 6;B-2n ?,False,19,32,2.71309378807832e-07,4.50e+3,8.411832675758411
51Ca,51,200,,-36332.3,0.5,,,,10.0,s,0.8,3/2-*,,16.0,,1980,B-=100;B-n ?,False,20,31,1.0432249382919283e-08,1.00e+4,9.210340371976184
51Sc,51,210,,-43250.4,2.5,,,,12.4,s,0.1,(7/2)-,,16.0,,1966,B-=100;B-n ?,False,21,30,5.2155126095525577e-08,,
51Ti,51,220,,-49733.0,0.5,,,,5.76,m,0.01,3/2-,,16.0,,1947,B-=100,False,22,29,1.0429896091453502e-08,,
51V,51,230,,-52203.11,0.1,,,,stbl,,,7/2-*,,16.0,,1924,IS=99.750 10,False,23,28,2.085928014312742e-09,,
51Cr,51,240,,-51450.71,0.17,,,,27.7015,d,0.0011,7/2-*,,16.0,,1940,EC=100,False,24,27,3.5462289508021507e-09,,
51Cr,51,248,i,-44838.0,5.0,6613.0,5.0,RQ,,,,7/2-,T=5/2,16.0,,9999,,False,24,27,1.0431524097393288e-07,,
51Mn,51,250,,-48243.2,0.3,,,,45.81,m,0.21,5/2-*,,16.0,,1938,B+=100,False,25,26,6.258638702837542e-09,6.00e+7,17.909855120186375
51Mn,51,258,i,-43792.6,1.5,4450.6,1.5,RQ,,,,7/2-,T=3/2,16.0,,9999,IT=100,False,25,26,3.129609932544388e-08,6.00e+7,17.909855120186375
51Fe,51,260,,-40189.2,1.4,,,,305.4,ms,2.3,5/2-,,16.0,,1972,B+=100,False,26,25,2.9212677238774814e-08,,
51Co,51,270,,-27340.0,50.0,,,,68.8,ms,1.9,7/2-,,16.0,,1987,B+=100;B+p<3.8,False,27,24,1.0436178739386713e-06,,
51Co,51,278,i,-20674.0,18.0,6670.0,50.0,p,,,,7/2-.0,T=5/2,,,9999,p=100,False,27,24,3.7575471530094447e-07,,
51Ni,51,280,,-11650.0,500.0,,,,23.8,ms,0.2,7/2-.0,,16.0,,1987,B+=100;B+p=87.2 8;B+2p=0.5 2,True,28,23,1.0439879490671337e-05,,
52Cl,52,170,,22360.0,700.0,,,,2.0,ms,>400ns,,,,,2018,B- ?;B-n ?;B-2n ?,True,17,35,1.4340425873555235e-05,,
52Ar,52,180,,-1380.0,600.0,,,,40.0,ms,>620ns,0+,,15.0,,2009,B- ?;B-n ?;B-2n ?,True,18,34,1.2286143826643011e-05,,
52K,52,190,,-17140.0,30.0,,,,110,ms,4,2-.0,,15.0,,1983,B-=100;B-n=72.2 9.3;B-2n=2.3 3,False,19,33,6.141252674081593e-07,5.60e+2,6.327936783729195
52Ca,52,200,,-34266.3,0.7,,,,4.6,s,0.3,0+,,15.0,,1985,B-=100;B-n<2,False,20,32,1.4324946654477632e-08,1.00e+2,4.605170185988092
52Sc,52,210,,-40524.0,3.0,,,,8.2,s,0.2,3(+),,15.0,,1980,B-=100;B-n ?,False,21,31,6.138639216146514e-08,1.30e+1,2.5649493574615367
52Ti,52,220,,-49477.7,2.7,,,,1.7,m,0.1,0+,,15.0,,1966,B-=100,False,22,30,5.5239094358468134e-08,,
52V,52,230,,-51443.03,0.16,,,,3.743,m,0.005,3+,,15.0,,1934,B-=100,False,23,29,3.2733828102273854e-09,,
52Cr,52,240,,-55419.51,0.11,,,,stbl,,,0+,,15.0,,1923,IS=83.789 18,False,24,28,2.2503271535660496e-09,,
52Cr,52,248,i,-44154.6,0.4,11264.9,0.4,,,,,3+,T=3,15.0,,9999,IT=100,False,24,28,8.184894057311119e-09,,
52Mn,52,250,,-50711.39,0.13,,,,5.591,d,0.003,6+*,,15.0,,1938,B+=100,False,25,27,2.659804102117724e-09,3.80e+8,19.755681810684706
52Mn,52,251,m,-50333.64,0.13,377.749,0.005,,21.1,m,0.2,2+*,,15.0,,1937,B+=98.22 5;IT=1.78 5,False,25,27,2.659824659309162e-09,3.80e+8,19.755681810684706
52Mn,52,258,i,-47785.0,5.0,2926.0,5.0,RQ,,,,0+,T=2,15.0,,9999,IT=100,False,25,27,1.0230628326341009e-07,3.80e+8,19.755681810684706
52Fe,52,260,,-48332.1,0.18,,,,8.275,h,0.008,0+,,15.0,,1948,B+=100,False,26,26,3.6830824339227634e-09,5.00e+4,10.819778284410283
52Fe,52,261,m,-41371.43,0.29,6960.7,0.3,MD,45.9,s,0.6,12+,,15.0,,1979,B+=99.979 5;IT=0.021 5,False,26,26,5.934700289419697e-09,5.00e+4,10.819778284410283
52Fe,52,268,i,-42677.6,0.4,5654.5,0.4,,,,,6+,T=1,15.0,,9999,IT=100,False,26,26,8.185574701460518e-09,5.00e+4,10.819778284410283
52Fe,52,269,j,-39776.0,6.0,8556.0,6.0,RQ,,,,0+  frg,T=2,15.0,,9999,,False,26,26,1.227909116201675e-07,5.00e+4,10.819778284410283
52Co,52,270,,-34344.0,5.0,,,,111.7,ms,2.1,6+,,15.0,,1987,B+=100;B+p ?,False,27,25,1.0233984522280705e-07,,
52Co,52,271,m,-33968.0,8.0,376.0,9.0,MD,102,ms,5,2+,,,,2016,B+~100;IT ?;B+p ?,False,27,25,1.63745012530962e-07,,
52Co,52,278,i,-31420.0,8.0,2924.0,9.0,IT,,,,0+,T=2,,,2016,IT=75 23;p=?,False,27,25,1.6375355273503496e-07,,
52Ni,52,280,,-22560.0,80.0,,,,41.8,ms,1.0,0+,,15.0,,1987,B+=100;B+p=31.1 5,False,28,24,1.6378759279737733e-06,,
52Cu,52,290,,-1880.0,600.0,,,,,,,3+.0,,,,9999,p ?,True,29,23,1.2289598180127575e-05,,
53Ar,53,180,,6790.0,700.0,,,,20.0,ms,>620ns,5/2-.0,,11.0,,2009,B- ?;B-n ?;B-2n ?,True,18,35,1.4065574466273726e-05,,
53K,53,190,,-12300.0,110.0,,,,30,ms,5,3/2+,,9.0,,1983,B-=100;B-n~64 11;B-2n~10 5,False,19,34,2.2095144355065347e-06,,
53Ca,53,200,,-29390.0,40.0,,,,461,ms,90,1/2-.0,,14.0,,1983,B-=100;B-n=40 10,False,20,33,8.032049380570289e-07,,
53Sc,53,210,,-38770.0,18.0,,,,2.4,s,0.6,(7/2-),,14.0,,1980,B-=100;B-n ?,False,21,32,3.613835402021999e-07,,
53Ti,53,220,,-46881.4,2.9,,,,32.7,s,0.9,(3/2)-,,9.0,,1977,B-=100,False,22,31,5.821493492387528e-08,,
53V,53,230,,-51852.0,3.0,,,,1.543,m,0.014,7/2-,,9.0,,1960,B-=100,False,23,30,6.021790131424023e-08,,
53Cr,53,240,,-55287.62,0.12,,,,stbl,,,3/2-*,,9.0,,1930,IS=9.501 17,False,24,29,2.4086124789687877e-09,,
53Mn,53,250,,-54690.3,0.3,,,,3.7,My,0.4,7/2-*,,9.0,,1955,EC=100,False,25,28,6.0217597156191564e-09,9.00e+8,20.617905321288585
53Mn,53,258,i,-47717.0,4.0,6973.0,4.0,RQ,,,,3/2-,T=5/2,9.0,,1976,,False,25,28,8.030136946801931e-08,9.00e+8,20.617905321288585
53Fe,53,260,,-50947.5,1.7,,,,8.51,m,0.02,7/2-,,9.0,,1938,B+=100,False,26,27,3.41267548581778e-08,3.00e+4,10.308952660644293
53Fe,53,261,m,-47907.1,1.7,3040.4,0.3,,2.54,m,0.02,19/2-,,9.0,,1967,IT=100,False,26,27,3.412883790146954e-08,3.00e+4,10.308952660644293
53Fe,53,268,i,-46698.0,3.0,4250.0,3.0,,,,,7/2-,T=3/2,9.0,,9999,,False,26,27,6.022882297500224e-08,3.00e+4,10.308952660644293
53Co,53,270,,-42659.4,1.7,,,,244.6,ms,2.8,7/2-.0,,9.0,,1970,B+=100,False,27,26,3.4133320165252477e-08,,
53Co,53,271,m,-39485.1,1.9,3174.3,0.9,MD,250,ms,10,(19/2-),,9.0,,1970,B+=?;p~1.5,False,27,26,3.815143647009513e-08,,
53Co,53,278,i,-38334.4,2.6,4325.0,2.0,IT,,,,(7/2-),T=3/2,9.0,,1976,IT~100;p<0.9 3,False,27,26,5.220843516702274e-08,,
53Ni,53,280,,-29631.0,25.0,,,,55.2,ms,0.7,(7/2-),,13.0,,1976,B+=100;B+p=22.7 7,False,28,25,5.021049748721361e-07,,
53Cu,53,290,,-13140.0,500.0,,,,,,<130ns,3/2-.0,,13.0,,9999,p ?,True,29,24,1.0045687657047113e-05,,
54Ar,54,180,,12560.0,800.0,,,,5.0,ms,>400ns,0+,,,,2018,B- ?;B-n ?;B-2n ?,True,18,36,1.577887711179261e-05,,
54K,54,190,,-5150.0,400.0,,,,10,ms,5,2-.0,,14.0,,1983,B-=100;B-n ?;B-2n ?,True,19,35,7.886884816296634e-06,,
54Ca,54,200,,-25160.0,50.0,,,,90,ms,6,0+,,14.0,,1997,B-=100;B-n ?;B-2n ?,False,20,34,9.854969137587893e-07,,
54Sc,54,210,,-34438.0,14.0,,,,526,ms,15,(3)+,,14.0,,1990,B-=100;B-n=16 9,False,21,33,2.7589571612782823e-07,,
54Sc,54,211,m,-34328.0,14.0,110.5,0.3,,2.77,us,0.02,"(5+,4+)",,14.0,,1998,IT=100,False,21,33,2.758963142026304e-07,,
54Ti,54,220,,-45744.0,16.0,,,,2.1,s,1.0,0+,,14.0,,1980,B-=100,False,22,32,3.1524718591369314e-07,7.00e+0,1.9459101490553132
54V,54,230,,-49898.0,11.0,,,,49.8,s,0.5,3+,,14.0,,1970,B-=100,False,23,31,2.167202251859726e-07,,
54V,54,231,m,-49790.0,11.0,108.0,1.0,,900,ns,500,(5)+,,14.0,,1998,IT=100,False,23,31,2.1672068632394002e-07,,
54Cr,54,240,,-56935.38,0.13,,,,stbl,,,0+,,14.0,,1930,IS=2.365 7,False,24,30,2.5609492066574876e-09,,
54Mn,54,250,,-55558.2,1.0,,,,312.081,d,0.032,3+*,,14.0,,1938,EC=100;B-=0.93e-4;e+=1.28e-7 25,False,25,29,1.9700645694535873e-08,1.10e+9,20.818576016750736
54Mn,54,258,i,-49411.9,2.8,6146.4,3.0,RQ,,,,0+,T=3,,,9999,,False,25,29,5.5168488080586197e-08,1.10e+9,20.818576016750736
54Fe,54,260,,-56254.6,0.3,,,,stbl,,,0+,,14.0,,1923,IS=5.845 105;2B+ ?,False,26,28,5.910263212777935e-09,,
54Fe,54,261,m,-49727.5,1.1,6527.1,1.1,,364,ns,7,10+,,14.0,,1983,IT=100,False,26,28,2.1673752132565245e-08,,
54Fe,54,269,j,-41387.0,20.0,14868.0,20.0,RQ,,,,0+,T=3,14.0,,9999,,False,26,28,3.9413299094941466e-07,,
54Co,54,270,,-48010.1,0.4,,,,193.27,ms,0.06,0+,T=1,14.0,,1952,B+=100,False,27,27,7.881831975491654e-09,,
54Co,54,271,m,-47812.5,0.4,197.57,0.1,MD,1.48,m,0.02,7+,T=0,14.0,,1962,B+=100,False,27,27,7.881862664509139e-09,,
54Ni,54,280,,-39278.0,5.0,,,,114.1,ms,0.3,0+,,14.0,,1977,B+=100;B+p ?,False,28,26,9.854236643594093e-08,,
54Ni,54,281,m,-32821.0,5.0,6457.4,0.9,,152,ns,4,10+,,14.0,,2008,IT=64 2;p=36 2,False,28,26,9.855490829822336e-08,,
54Cu,54,290,,-21240.0,400.0,,,,,,<75ns,3+.0,,14.0,,9999,p ?,True,29,25,7.886393960370625e-06,,
54Zn,54,300,,-5700.0,220.0,,,,1.8,ms,0.5,0+,,14.0,,2005,2p=87 7,True,30,24,4.338956716006404e-06,,
55K,55,190,,470.0,500.0,,,,10.0,ms,>620ns,3/2+.0,,9.0,,2009,B- ?;B-n ?;B-2n ?,True,19,36,9.680344415092148e-06,,
55Ca,55,200,,-18650.0,160.0,,,,22,ms,2,5/2-.0,,9.0,,1997,B-=100;B-n ?;B-2n ?,False,20,35,3.096641448636691e-06,,
55Sc,55,210,,-30840.0,60.0,,,,96,ms,2,(7/2)-,,8.0,,1990,B-=100;B-n=17 7;B-2n ?,False,21,34,1.16099569597542e-06,,
55Ti,55,220,,-41832.0,29.0,,,,1.3,s,0.1,(1/2)-,,10.0,,1980,B-=100;B-n ?,False,22,33,5.61042629679738e-07,,
55V,55,230,,-49125.0,27.0,,,,6.54,s,0.15,7/2-.0,,8.0,,1977,B-=100,False,23,32,5.222894116894251e-07,,
55Cr,55,240,,-55110.32,0.23,,,,3.497,m,0.003,3/2-,,8.0,,1952,B-=100,False,24,31,4.448728249787858e-09,2.10e+4,9.95227771670556
55Mn,55,250,,-57712.54,0.26,,,,stbl,,,5/2-*,,8.0,,1923,IS=100,False,25,30,5.028869836573884e-09,,
55Fe,55,260,,-57481.4,0.3,,,,2.7562,y,0.0004,3/2-,,9.0,,1939,EC=100,False,26,29,5.802713218217315e-09,,
55Fe,55,268,i,-49848.0,6.0,7633.0,6.0,RQ,,,,5/2-,T=5/2,9.0,,9999,,False,26,29,1.1607140208674657e-07,,
55Co,55,270,,-54030.0,0.4,,,,17.53,h,0.03,7/2-*,,9.0,,1938,B+=100,False,27,28,7.737661076856313e-09,5.70e+4,10.950806546816688
55Co,55,278,i,-49308.6,0.4,4721.44,0.1,,,,,3/2- frg,T=3/2,9.0,,1981,IT=100,False,27,28,7.738367833462833e-09,5.70e+4,10.950806546816688
55Ni,55,280,,-45336.0,0.7,,,,203.9,ms,1.3,7/2-,,8.0,,1972,B+=100,False,28,27,1.354352344558427e-08,,
55Ni,55,288,i,-40737.0,1.2,4599.0,1.0,,,,,7/2- frg,T=3/2,,,9999,,False,28,27,2.321953486010681e-08,,
55Cu,55,290,,-31640.0,160.0,,,,55.9,ms,1.5,3/2-.0,,8.0,,1987,B+=100;B+p=?,False,29,26,3.096560541449677e-06,,
55Zn,55,300,,-14270.0,400.0,,,,19.8,ms,1.3,5/2-.0,,8.0,,2001,B+=100;B+p=91.0 51,True,30,25,7.744198564852192e-06,,
56K,56,190,,7980.0,600.0,,,,5.0,ms,>620ns,2-.0,,11.0,,2009,B- ?;B-n ?;B-2n ?,True,19,37,1.1410508000130579e-05,,
56Ca,56,200,,-13510.0,250.0,,,,11,ms,2,0+,,11.0,,1997,B-=100;B-n ?;B-2n ?,False,20,36,4.75255292345271e-06,,
56Sc,56,210,,-25520.0,260.0,,,*,26,ms,6,(1+),,11.0,,1997,B-=100;B-n ?;B-2n ?,False,21,35,4.941648297554338e-06,,
56Sc,56,211,m,-25520.0,280.0,0.0,100.0,*,75,ms,6,"(6+,5+)",,11.0,,2004,B-=100;B-n>12;B-2n ?,True,21,35,5.321775089673902e-06,,
56Sc,56,212,n,-24750.0,260.0,775.0,0.1,,290,ns,17,(4+),,11.0,,2004,IT=100,False,21,35,4.941720619049987e-06,,
56Ti,56,220,,-39420.0,100.0,,,,200,ms,5,0+,,11.0,,1980,B-=100;B-n ?,False,22,34,1.9001786652361668e-06,,
56V,56,230,,-46180.0,180.0,,,,216,ms,4,(1+),,11.0,,1980,B-=100;B-n ?,False,23,33,3.419966343454717e-06,,
56Cr,56,240,,-55285.1,0.6,,,,5.94,m,0.10,0+,,11.0,,1960,B-=100,False,24,32,1.139819606703988e-08,,
56Mn,56,250,,-56911.67,0.29,,,,2.5789,h,0.0001,3+*,,11.0,,1934,B-=100,False,25,31,5.509093223681557e-09,1.10e+9,20.818576016750736
56Fe,56,260,,-60607.16,0.27,,,,stbl,,,0+,,11.0,,1923,IS=91.754 106,False,26,30,5.1289217094123226e-09,,
56Fe,56,268,i,-49103.5,0.4,11503.7,0.3,,,,,3+,T=3,11.0,,9999,,False,26,30,7.600063325647103e-09,,
56Co,56,270,,-56040.5,0.5,,,,77.236,d,0.026,4+*,,11.0,,1941,B+=100,False,27,29,9.499060567297784e-09,8.20e+5,13.617059619240436
56Co,56,278,i,-52448.0,9.0,3593.0,9.0,RQ,,,,(0+) frg,T=2,11.0,,9999,,False,27,29,1.7099476073205622e-07,8.20e+5,13.617059619240436
56Ni,56,280,,-53907.6,0.4,,,,6.075,d,0.010,0+,,11.0,,1952,B+=100,False,28,28,7.599743136146771e-09,3.60e+3,8.1886891244442
56Ni,56,283,p,-44172.1,1.9,9735.5,1.9,,,,,7,,11.0,,2008,p~100,False,28,28,3.610545826006396e-08,3.60e+3,8.1886891244442
56Ni,56,288,i,-47475.7,0.8,6431.9,0.7,,,,,4+,T=1,11.0,,9999,,False,28,28,1.52013439064609e-08,3.60e+3,8.1886891244442
56Ni,56,289,j,-43964.0,4.0,9944.0,4.0,RQ,,,,0+  frg,T=2,,,9999,,False,28,28,7.601179166228354e-08,3.60e+3,8.1886891244442
56Cu,56,290,,-38630.0,6.0,,,,80.8,ms,0.6,(4+),,11.0,,1987,B+=100;B+p=0.40 12,False,29,27,1.1403204855867278e-07,,
56Cu,56,298,i,-35099.0,10.0,3531.0,12.0,p,,,,,T=2,,,2007,IT=51 6;p=49 6,False,29,27,1.9006616919843757e-07,,
56Zn,56,300,,-25390.0,400.0,,,,32.4,ms,0.7,0+,,11.0,,2001,B+=100;B+p=88.0 23,True,30,26,7.604236944039597e-06,,
56Zn,56,308,i,-21530.0,650.0,3860.0,510.0,,,,,3+.0,T=3,,,9999,p ?,True,30,26,1.2357791859786322e-05,,
56Ga,56,310,,-3840.0,500.0,,,,,,,3+.0,,,,9999,p ?,True,31,25,9.509425793500947e-06,,
57K,57,190,,14130.0,600.0,,,,2.0,ms,>400ns,3/2+.0,,,,2018,B- ?;B-n ?;B-2n ?,True,19,38,1.1211490145496484e-05,,
57Ca,57,200,,-6560.0,400.0,,,,8.0,ms,>620ns,5/2-.0,,10.0,,2009,B- ?;B-n ?;B-2n ?,True,20,37,7.47161873089346e-06,,
57Sc,57,210,,-21380.0,180.0,,,,22,ms,2,7/2-.0,,10.0,,1997,B-=100;B-n ?;B-2n ?,False,21,36,3.361379125177271e-06,,
57Ti,57,220,,-34400.0,210.0,,,,95,ms,8,5/2-.0,,10.0,,1985,B-=100;B-n ?,False,22,35,3.920750383486622e-06,,
57V,57,230,,-44440.0,80.0,,,,350,ms,10,(7/2-),,10.0,,1980,B-=100;B-n ?,False,23,34,1.4933753219598752e-06,,
57Cr,57,240,,-52525.0,1.9,,,,21.1,s,1.0,(3/2)-,,10.0,,1978,B-=100,False,24,33,3.54631678278784e-08,,
57Mn,57,250,,-57486.3,1.5,,,,85.4,s,1.8,5/2-*,,98.0,,1954,B-=100,False,25,32,2.79953211438824e-08,1.50e+8,18.82614585206053
57Fe,57,260,,-60182.02,0.27,,,,stbl,,,1/2-*,,98.0,,1935,IS=2.119 29,False,26,31,5.039025916811729e-09,,
57Co,57,270,,-59345.7,0.5,,,,271.811,d,0.032,7/2-*,,98.0,,1941,EC=100,False,27,30,9.33190037968039e-09,1.00e+7,16.11809565095832
57Co,57,278,i,-52092.3,0.4,7253.3,0.6,RQ,,,,1/2-,T=5/2,,,9999,,False,27,30,7.466531092950346e-09,1.00e+7,16.11809565095832
57Ni,57,280,,-56084.0,0.6,,,,35.60,h,0.06,3/2-,,98.0,,1938,B+=100,False,28,29,1.119923254959617e-08,5.30e+6,15.483217378522351
57Ni,57,288,i,-50845.2,0.9,5238.8,0.7,,,,,7/2- frg,T=3/2,98.0,,9999,,False,28,29,1.6800491647575097e-08,5.30e+6,15.483217378522351
57Cu,57,290,,-47309.0,0.5,,,,196.4,ms,0.7,3/2-*,,98.0,,1976,B+=100,False,29,28,9.334448007851069e-09,3.00e+3,8.006367567650246
57Cu,57,298,i,-42010.0,25.0,5299.0,25.0,p,,,,7/2-,T=3/2,,,9999,,False,29,28,4.667685761647621e-07,3.00e+3,8.006367567650246
57Zn,57,300,,-32550.0,200.0,,,,45.7,ms,0.6,7/2-.0,,98.0,,1976,B+=100;B+p=87 9,True,30,27,3.7348984749892703e-06,,
57Ga,57,310,,-15410.0,400.0,,,,,,,1/2-.0,,,,9999,p ?,True,31,26,7.472369186971951e-06,,
58K,58,190,,21930.0,700.0,,,,2.0,ms,>400ns,2-.0,,,,2019,B- ?;B-n ?;B-2n ?,True,19,39,1.2856234533268793e-05,,
58Ca,58,200,,-1530.0,500.0,,,,4.0,ms,>620ns,0+,,10.0,,2009,B- ?;B-n ?;B-2n ?,True,20,38,9.17928764908575e-06,,
58Sc,58,210,,-15480.0,190.0,,,,12,ms,5,3+.0,,10.0,,1997,B-=100;B-n ?;B-2n ?,False,21,37,3.4873189988389215e-06,,
58Sc,58,211,m,-14060.0,190.0,1420.7,2.2,,0.60,us,0.13,,,,,2020,IT=100,False,21,37,3.4874098916246896e-06,,
58Ti,58,220,,-30920.0,180.0,,,,55,ms,6,0+,,14.0,,1992,B-=100;B-n ?,False,22,36,3.3029182832065576e-06,,
58V,58,230,,-40430.0,100.0,,,,191,ms,10,(1+),,10.0,,1980,B-=100;B-n ?,False,23,35,1.834677983490547e-06,,
58Cr,58,240,,-51991.8,3.0,,,,7.0,s,0.3,0+,,10.0,,1980,B-=100,False,24,34,5.502997222582262e-08,,
58Mn,58,250,,-55827.6,2.7,,,,3.0,s,0.1,1+*,,10.0,,1961,B-=100,False,25,33,4.952466530617724e-08,1.65e+7,16.61887093887081
58Mn,58,251,m,-55755.8,2.7,71.77,0.05,,65.4,s,0.5,4+*,,10.0,,1961,B-~100;IT ?,False,25,33,4.952473052971485e-08,1.65e+7,16.61887093887081
58Fe,58,260,,-62155.3,0.3,,,,stbl,,,0+,,10.0,,1935,IS=0.282 12,False,26,32,5.502232498402401e-09,,
58Co,58,270,,-59847.3,1.2,,,,70.844,d,0.020,2+*,,10.0,,1941,B+=100;e+=14.79 24;EC=85.21 24,False,27,31,2.2010383806455665e-08,,
58Co,58,271,m,-59822.4,1.2,24.95,0.06,,8.853,h,0.023,5+,,10.0,,1950,IT=99.99880 5;EC=0.00120 5,False,27,31,2.2010393858942905e-08,,
58Co,58,272,n,-59794.2,1.2,53.15,0.07,,10.5,us,0.3,4+,,10.0,,1964,IT=100,False,27,31,2.2010405243698582e-08,,
58Co,58,278,i,-54095.0,8.0,5752.0,8.0,RQ,,,,0+  frg,T=3,10.0,,9999,,False,27,31,1.4675137557654e-07,,
58Ni,58,280,,-60228.9,0.3,,,,stbl,,>700Ey,0+,,10.0,,1921,IS=68.0769 190;2B+ ?,False,28,30,5.502687972969381e-09,,
58Ni,58,288,i,-51400.0,40.0,8830.0,40.0,RQ,,,,2+,T=2,10.0,,9999,,False,28,30,7.338105646799109e-07,,
58Ni,58,289,j,-45690.0,7.0,14539.0,7.0,RQ,,,,0+,T=3,10.0,,9999,,False,28,30,1.284303020803926e-07,,
58Cu,58,290,,-51667.9,0.6,,,,3.204,s,0.007,1+*,T=0,10.0,,1952,B+=100,False,29,29,1.100736553886017e-08,3.00e+5,12.611537753638338
58Cu,58,298,i,-51464.9,0.6,202.99,0.24,,,,,0+,T=1,10.0,,9999,,False,29,29,1.1007406532188686e-08,3.00e+5,12.611537753638338
58Zn,58,300,,-42300.0,50.0,,,,86.0,ms,1.9,0+,,14.0,,1986,B+=100;B+p=0.7 1,False,30,28,9.174599046211247e-07,1.30e+1,2.5649493574615367
58Ga,58,310,,-23540.0,300.0,,,*,,,,2+.0,,,,9999,p ?,True,31,27,5.506785718740619e-06,,
58Ga,58,311,m,-23510.0,320.0,30.0,100.0,*,,,,5+.0,,,,9999,p ?,True,31,27,5.873908001291929e-06,,
58Ge,58,320,,-7580.0,500.0,,,,,,,0+,,,,9999,2p ?,True,32,26,9.180883796170236e-06,,
59K,59,190,,28750.0,800.0,,,,1.0,ms,>400ns,3/2+.0,,,,2018,B- ?;B-n ?;B-2n ?,True,19,40,1.444537788779184e-05,,
59Ca,59,200,,5810.0,600.0,,,,5.0,ms,>400ns,5/2-.0,,,,2018,B- ?;B-n ?;B-2n ?,True,20,39,1.0829800394857127e-05,,
59Sc,59,210,,-10830.0,250.0,,,,12.0,ms,>620ns,7/2-.0,,18.0,,2009,B- ?;B-n ?;B-2n ?,False,21,38,4.511167227738805e-06,,
59Ti,59,220,,-25880.0,300.0,,,,28.5,ms,1.9,5/2-.0,,18.0,,1997,B-=100;B-n ?;B-2n ?,True,22,37,5.412057213900385e-06,,
59Ti,59,221,m,-25770.0,300.0,108.5,0.5,,615,ns,11,1/2-.0,,18.0,,2012,IT=100,True,22,37,5.412067953721568e-06,,
59V,59,230,,-37610.0,140.0,,,,95,ms,6,(5/2-),,18.0,,1985,B-=100;B-n>3,False,23,36,2.5251512656665087e-06,,
59Cr,59,240,,-48115.9,0.7,,,,1050,ms,90,(1/2-),,18.0,,1980,B-=100,False,24,35,1.2623658715662264e-08,,
59Cr,59,241,m,-47613.2,1.3,502.7,1.1,,96,us,20,(9/2+),,18.0,,1998,IT=100,False,24,35,2.3444150149862422e-08,,
59Mn,59,250,,-55525.3,2.3,,,,4.59,s,0.05,5/2-*,,18.0,,1976,B-=100,False,25,34,4.14731614591455e-08,1.50e+8,18.82614585206053
59Fe,59,260,,-60665.0,0.3,,,,44.500,d,0.012,3/2-*,,18.0,,1938,B-=100,False,26,33,5.4091676355529245e-09,1.00e+8,18.420680743952367
59Co,59,270,,-62229.8,0.4,,,,stbl,,,7/2-*,,18.0,,1923,IS=100,False,27,32,7.212188212477426e-09,,
59Ni,59,280,,-61156.8,0.4,,,,81,ky,5,3/2-,,18.0,,1951,B+=100,False,28,31,7.2124959414487016e-09,6.00e+6,15.60727002719233
59Ni,59,288,i,-53814.9,2.1,7341.9,2.1,RQ,,,,7/2- frg,T=5/2,,,9999,,False,28,31,3.787061713971754e-08,6.00e+6,15.60727002719233
59Cu,59,290,,-56358.5,0.5,,,,81.5,s,0.5,3/2-*,,18.0,,1947,B+=100,False,29,30,9.016610308439559e-09,7.00e+6,15.761420707019587
59Cu,59,298,i,-52473.0,2.2,3885.5,2.1,,,,,3/2- frg,T=3/2,18.0,,9999,IT=100,False,29,30,3.9675865368791485e-08,7.00e+6,15.761420707019587
59Zn,59,300,,-47215.7,0.8,,,,178.7,ms,1.3,3/2-,,18.0,,1981,B+=100;B+p=0.10 2,False,30,29,1.4429292044092558e-08,5.80e+2,6.363028103540465
59Ga,59,310,,-33760.0,170.0,,,,,,<43ns,3/2-.0,,18.0,,9999,p ?,True,31,28,3.0670404615061638e-06,,
59Ge,59,320,,-16370.0,400.0,,,,13.3,ms,1.7,7/2-.0,,18.0,,2015,B+~100;B+p=93 7;2p<0.2,True,32,27,7.218999126835345e-06,,
60Ca,60,200,,11000.0,700.0,,,,2.0,ms,>400ns,0+,,,,2018,B- ?;B-n ?;B-2n ?,True,20,40,1.2425213839595158e-05,,
60Sc,60,210,,-4550.0,500.0,,,,10.0,ms,>620ns,3+.0,,,,2009,B- ?;B-n ?;B-2n ?,True,21,39,8.872907362804605e-06,,
60Ti,60,220,,-22100.0,240.0,,,,22.2,ms,1.6,0+,,14.0,,1997,B-=100;B-n ?;B-2n ?,False,22,38,4.257767220196871e-06,,
60V,60,230,,-33090.0,180.0,,,*,122,ms,18,3+.0,,13.0,,1985,B-=100;B-n ?;B-2n ?,False,23,37,3.1927761757823355e-06,,
60V,60,231,m,-33090.0,230.0,0.0,150.0,*,40,ms,15,1+.0,,13.0,,1999,B-=?;IT ?;B-n ?;B-2n ?,True,23,37,4.079658446832984e-06,,
60V,60,232,n,-32890.0,180.0,203.7,0.7,,230,ns,24,(4+),,13.0,,1999,IT=100,False,23,37,3.1927875022888593e-06,,
60Cr,60,240,,-46908.5,1.1,,,,490,ms,10,0+,,13.0,,1980,B-=100;B-n ?,False,24,36,1.9507076134873217e-08,,
60Mn,60,250,,-52967.9,2.3,,,,280,ms,20,1+*,,13.0,,1978,B-=100,False,25,35,4.0784075755736167e-08,4.00e+7,17.50439001207821
60Mn,60,251,m,-52696.0,2.3,271.9,0.1,,1.77,s,0.02,4+*,,13.0,,1978,B-=88.5 8;IT=11.5 8,False,25,35,4.078427239249862e-08,4.00e+7,17.50439001207821
60Fe,60,260,,-61413.0,3.0,,,,2.62,My,0.04,0+,,13.0,,1957,B-=100,False,26,34,5.3189875190603415e-08,,
60Co,60,270,,-61650.4,0.4,,,,5.2714,y,0.0006,5+*,,13.0,,1941,B-=100,False,27,33,7.092116134769633e-09,,
60Co,60,271,m,-61591.8,0.4,58.59,0.01,,10.467,m,0.006,2+*,,13.0,,1963,IT~100;B-=0.25 3,False,27,33,7.092123503450589e-09,,
60Ni,60,280,,-64473.2,0.4,,,,stbl,,,0+,,13.0,,1921,IS=26.2231 150,False,28,32,7.0919238166510486e-09,,
60Ni,60,288,i,-53347.0,4.0,11126.0,4.0,RQ,,,,5+,T=3,,,9999,,False,28,32,7.093323083915627e-08,,
60Cu,60,290,,-58345.3,1.6,,,,23.7,m,0.4,2+*,,13.0,,1947,B+=100,False,29,31,2.8371428295055057e-08,5.00e+7,17.72753356339242
60Cu,60,298,i,-55804.0,5.0,2541.0,5.0,RQ,,,,(0+),T=2,13.0,,9999,IT=100,False,29,31,8.866470889271056e-08,5.00e+7,17.72753356339242
60Zn,60,300,,-54174.5,0.5,,,,2.38,m,0.05,0+,,13.0,,1955,B+=100,False,30,30,8.866930465966355e-09,2.10e+5,12.254862809699606
60Zn,60,308,i,-49322.3,0.9,4852.2,0.7,,,,,(2+),T=1,13.0,,9999,IT=100,False,30,30,1.5961848327695407e-08,2.10e+5,12.254862809699606
60Zn,60,309,j,-46807.0,24.0,7367.0,24.0,RQ,,,,0+,T=2,13.0,,9999,,False,30,30,4.256682777233668e-07,2.10e+5,12.254862809699606
60Ga,60,310,,-39590.0,200.0,,,,72.4,ms,1.7,(2+),,13.0,,1995,B+=100;B+p=1.6 7;B+A<0.023 20,True,31,29,3.547771151009737e-06,,
60Ga,60,318,i,-37050.0,210.0,2540.0,50.0,,,,,,,,,9999,,True,31,29,3.7253275595026982e-06,,
60Ge,60,320,,-27530.0,300.0,,,,21,ms,6,0+,,13.0,,2005,B+=100;B+p~100;B+2p<14,True,32,28,5.32291758110094e-06,,
60As,60,330,,-5640.0,400.0,,,,,,,5+.0,,,,9999,p ?,True,33,27,7.100144037612127e-06,,
60As,60,331,m,-5580.0,400.0,60.0,20.0,,,,,2+.0,,,,9999,p ?,True,33,27,7.100151599426984e-06,,
61Ca,61,200,,19010.0,800.0,,,,1.0,ms,,1/2-.0,,,,9999,B- ?;B-n ?;B-2n ?,True,20,41,1.3969257225901416e-05,,
61Sc,61,210,,500.0,600.0,,,,7.0,ms,>620ns,7/2-.0,,15.0,,2009,B- ?;B-n ?;B-2n ?,True,21,40,1.0473794181910859e-05,,
61Ti,61,220,,-16370.0,300.0,,,,15,ms,4,1/2-.0,,15.0,,1997,B-=100;B-n ?;B-2n ?,True,22,39,5.235473506278583e-06,,
61Ti,61,221,m,-16250.0,300.0,125.0,0.5,,200,ns,28,5/2-.0,,15.0,,2019,IT=100,True,22,39,5.235484470374677e-06,,
61Ti,61,222,n,-15670.0,300.0,700.1,0.7,,354,ns,69,9/2+.0,,15.0,,2019,IT=100,True,22,39,5.23553746415318e-06,,
61V,61,230,,-30180.0,230.0,,,,48.2,ms,0.6,(3/2-),,15.0,,1992,B-=100;B-n=14.5 20;B-2n ?,False,23,38,4.012986442354626e-06,,
61Cr,61,240,,-42496.5,1.9,,,,243,ms,9,(5/2-),,15.0,,1985,B-=100;B-n ?,False,24,37,3.3144382919308785e-08,,
61Mn,61,250,,-51742.1,2.3,,,,709,ms,8,5/2-*,,15.0,,1980,B-=100;B-n ?,False,25,36,4.011658266643008e-08,1.70e+6,14.346138809026444
61Fe,61,260,,-58920.5,2.6,,,,5.98,m,0.06,(3/2-),,15.0,,1957,B-=100,False,26,35,4.5344525912129e-08,,
61Fe,61,261,m,-58058.8,2.6,861.67,0.11,,238,ns,5,9/2+,,15.0,,1998,IT=100,False,26,35,4.534520736998557e-08,,
61Co,61,270,,-62898.2,0.8,,,,1.649,h,0.005,7/2-,,15.0,,1947,B-=100,False,27,34,1.3951508666478078e-08,,
61Ni,61,280,,-64222.0,0.4,,,,stbl,,,3/2-*,,15.0,,1934,IS=1.1399 13,False,28,33,6.975750626765121e-09,,
61Cu,61,290,,-61984.1,1.0,,,,3.343,h,0.016,3/2-*,,15.0,,1937,B+=100,False,29,32,1.7440450593302256e-08,4.00e+8,19.806975105072254
61Cu,61,298,i,-55611.0,7.0,6373.0,7.0,RQ,,,,3/2- frg,T=5/2,,,9999,,False,29,32,1.220967251718456e-07,4.00e+8,19.806975105072254
61Zn,61,300,,-56349.0,16.0,,,,89.1,s,0.2,3/2-,,15.0,,1955,B+=100,False,30,31,2.7908093223233254e-07,3.90e+6,15.176487111099874
61Zn,61,308,i,-53190.0,100.0,3160.0,100.0,,,,,3/2-.0,T=3/2,,,9999,,True,30,31,1.744351942060929e-06,3.90e+6,15.176487111099874
61Zn,61,309,j,-46360.0,70.0,9990.0,70.0,,,,,3/2-,T=5/2,15.0,,9999,,False,30,31,1.2211918513088306e-06,3.90e+6,15.176487111099874
61Ga,61,310,,-47130.0,40.0,,,,165.9,ms,2.5,3/2-,,15.0,,1987,B+=100;B+p<0.25,False,31,30,6.978302861165998e-07,1.00e+1,2.302585092994046
61Ga,61,311,m,-47040.0,110.0,90.0,100.0,,,,,1/2-.0,,,,9999,,True,31,30,1.9190362999343623e-06,1.00e+1,2.302585092994046
61Ga,61,318,i,-43780.0,30.0,3360.0,50.0,p,,,,(3/2-),T=3/2,15.0,,1987,p=100,False,31,30,5.234033039966806e-07,1.00e+1,2.302585092994046
61Ge,61,320,,-33790.0,300.0,,,,40.7,ms,0.4,3/2-.0,,15.0,,1987,B+=100;B+p=87 3,True,32,29,5.235063602972357e-06,,
61As,61,330,,-17200.0,300.0,,,,,,,3/2-.0,,,,9999,p ?,True,33,28,5.236697808475745e-06,,
62Sc,62,210,,7310.0,600.0,,,,2.0,ms,>400ns,,,,,2018,B- ?;B-n ?;B-2n ?,True,21,41,1.0305987147211736e-05,,
62Ti,62,220,,-12200.0,400.0,,,,9.0,ms,>620ns,0+,,12.0,,2009,B- ?;B-n ?;B-2n ?,True,22,40,6.868508933195461e-06,,
62V,62,230,,-25210.0,260.0,,,,33.6,ms,2.3,3+.0,,12.0,,1997,B-=100;B-n ?;B-2n ?,False,23,39,4.463632767894816e-06,,
62Cr,62,240,,-40853.0,3.0,,,,206,ms,12,0+,,12.0,,1985,B-=100;B-n ?,False,24,38,5.149077013487754e-08,,
62Mn,62,250,,-48524.0,7.0,,,*,92,ms,13,1+*,,12.0,,1983,B-=100;B-n ?,False,25,37,1.2013198022693597e-07,7.00e+5,13.458835614025542
62Mn,62,251,m,-48181.0,2.6,343.0,6.0,*,671,ms,5,4+*,,12.0,,1983,B-=100;B-n ?;IT ?,False,25,37,4.4620712456929006e-08,7.00e+5,13.458835614025542
62Fe,62,260,,-58878.1,2.8,,,,68,s,2,0+,,12.0,,1975,B-=100,False,26,36,4.804532112598432e-08,,
62Co,62,270,,-61424.0,19.0,,,,1.54,m,0.10,(2)+,,12.0,,1949,B-=100,False,27,35,3.260148149347905e-07,,
62Co,62,271,m,-61402.0,20.0,22.0,5.0,,13.86,m,0.09,(5)+,,12.0,,1957,B-~100;IT<0.5,False,27,35,3.431736189499398e-07,,
62Ni,62,280,,-66746.4,0.4,,,,stbl,,,0+,,12.0,,1934,IS=3.6345 40,False,28,34,6.862995325487673e-09,,
62Cu,62,290,,-62787.5,0.6,,,,9.672,m,0.008,1+*,,12.0,,1936,B+=100,False,29,33,1.0295420761260858e-08,9.00e+8,20.617905321288585
62Cu,62,298,i,-58174.0,6.0,4614.0,6.0,RQ,,,,(0)+,T=3,12.0,,9999,,False,29,33,1.0296235844301435e-07,9.00e+8,20.617905321288585
62Zn,62,300,,-61168.1,0.6,,,,9.193,h,0.015,0+,,12.0,,1948,B+=100,False,30,32,1.0295935348767034e-08,2.30e+7,16.951004773893423
62Ga,62,310,,-51987.0,0.6,,,,116.122,ms,0.021,0+,T=1,12.0,,1978,B+=100,False,31,31,1.0297786274217429e-08,4.00e+3,8.294049640102028
62Ga,62,319,j,-51415.8,0.6,571.2,0.1,,,,,1(+),T=2,12.0,,1998,IT=100,False,31,31,1.029788722947799e-08,4.00e+3,8.294049640102028
62Ge,62,320,,-42140.0,140.0,,,,82.5,ms,1.4,0+,,12.0,,1991,B+=100;B+p ?,True,32,30,2.4032763067980873e-06,,
62As,62,330,,-24420.0,300.0,,,,,,,1+.0,,,,9999,p ?,True,33,29,5.1515592063271465e-06,,
63Sc,63,210,,13070.0,700.0,,,,1.0,ms,,7/2-.0,,,,9999,B- ?;B-n ?;B-2n ?,True,21,42,1.1833841068687701e-05,,
63Ti,63,220,,-5860.0,500.0,,,,10.0,ms,>620ns,1/2-.0,,9.0,,2009,B- ?;B-n ?;B-2n ?,True,22,41,8.450224131579953e-06,,
63V,63,230,,-21740.0,340.0,,,,19.6,ms,0.9,"(3/2-,5/",2-),9.0,,1997,B-=100;B-n>35;B-2n ?,False,23,40,5.744736210085044e-06,,
63Cr,63,240,,-36180.0,70.0,,,,129,ms,2,1/2-.0,,9.0,,1992,B-=100;B-n ?,False,24,39,1.1824771445274745e-06,,
63Mn,63,250,,-46887.0,4.0,,,,275,ms,4,5/2-*,,9.0,,1985,B-=100;B-n= ?,False,25,38,6.755937920674797e-08,2.00e+5,12.206072645530174
63Fe,63,260,,-55636.0,4.0,,,,6.1,s,0.6,(5/2-),,9.0,,1980,B-=100,False,26,37,6.75508728583998e-08,,
63Co,63,270,,-61852.0,19.0,,,,26.9,s,0.4,7/2-,,9.0,,1960,B-=100,False,27,36,3.2083997380850244e-07,,
63Ni,63,280,,-65512.9,0.4,,,,101.2,y,1.5,1/2-*,,9.0,,1951,B-=100,False,28,35,6.7542557326794775e-09,,
63Ni,63,281,m,-65425.8,0.4,87.15,0.11,,1.67,us,0.03,5/2-,,9.0,,1978,IT=100,False,28,35,6.754265666442664e-09,,
63Cu,63,290,,-65579.9,0.4,,,,stbl,,,3/2-*,,9.0,,1923,IS=69.15 15,False,29,34,6.754395598690963e-09,,
63Zn,63,300,,-62213.4,1.6,,,,38.47,m,0.05,3/2-*,,9.0,,1937,B+=100,False,30,33,2.701970846424652e-08,3.04e+8,19.532538259370497
63Zn,63,308,i,-56723.0,6.0,5490.0,6.0,RQ,,,,3/2-,T=5/2,9.0,,9999,,False,30,33,1.0133330217516781e-07,3.04e+8,19.532538259370497
63Ga,63,310,,-56547.1,1.3,,,,32.4,s,0.5,3/2-*,,9.0,,1965,B+=100,False,31,32,2.1956093616418015e-08,1.20e+6,13.997832114758229
63Ge,63,320,,-46920.0,40.0,,,,153.6,ms,1.1,3/2-.0,,9.0,,1991,B+=100;B+p ?,False,32,31,6.756967357591207e-07,,
63As,63,330,,-33500.0,200.0,,,,,,<43ns,3/2-.0,,9.0,,9999,p ?,True,33,30,3.379323588607507e-06,,
63Se,63,340,,-16850.0,500.0,,,,13.2,ms,3.9,3/2-.0,,,,2016,B+=100;B+p=89 11;2p<0.5,True,34,29,8.45087112041275e-06,,
64Ti,64,220,,-1480.0,600.0,,,,5.0,ms,>620ns,0+,,13.0,,2013,B- ?;B-n ?;B-2n ?,True,22,42,9.98249509567376e-06,,
64V,64,230,,-16320.0,400.0,,,,15,ms,2,"(1,2)",,14.0,,1997,B-=100;B-n ?;B-2n ?,True,23,41,6.653497148148254e-06,,
64V,64,231,m,-16240.0,400.0,81.0,0.7,,<1,us,,,,14.0,,2014,IT~100,True,23,41,6.653506001964896e-06,,
64Cr,64,240,,-33640.0,300.0,,,,43,ms,1,0+,,14.0,,1992,B-=100;B-n ?,False,24,40,4.98879293138745e-06,,
64Mn,64,250,,-42989.0,4.0,,,,88.8,ms,2.4,1+*,,7.0,,1985,B-=100;B-n=2.7 6,False,25,39,6.650832961652106e-08,7.00e+3,8.85366542803745
64Mn,64,251,m,-42815.0,4.0,174.1,0.5,,439,us,31,(4+)*,,7.0,,1998,IT=100,False,25,39,6.650852203314676e-08,7.00e+3,8.85366542803745
64Fe,64,260,,-54970.0,5.0,,,,2.0,s,0.2,0+,,7.0,,1980,B-=100,False,26,38,8.312064108952269e-08,,
64Co,64,270,,-59792.0,20.0,,,,300,ms,30,1+,,7.0,,1969,B-=100,False,27,37,3.324630617346847e-07,,
64Co,64,271,m,-59686.0,4.0,107.0,20.0,MD,300.0,ms,,5+.0,,,,2008,B- ?;IT ?,False,27,37,6.649272951073205e-08,,
64Ni,64,280,,-67099.0,0.5,,,,stbl,,,0+,,7.0,,1935,IS=0.9256 19,False,28,36,8.310745750378491e-09,,
64Cu,64,290,,-65424.4,0.4,,,,12.7004,h,0.0013,1+*,,7.0,,1936,B+=61.52 26;B-=38.48 26,False,29,35,6.648924601477414e-09,2.00e+8,19.11382792451231
64Cu,64,298,i,-58598.0,6.0,6826.0,6.0,,,,,0+  frg,T=4,7.0,,9999,,False,29,35,9.974518716313403e-08,2.00e+8,19.11382792451231
64Zn,64,300,,-66004.0,0.6,,,,stbl,,>60Py,0+,,7.0,,1922,IS=49.17 75;2B+ ?,False,30,34,9.973505226701448e-09,,
64Ga,64,310,,-58832.8,1.4,,,,2.627,m,0.012,0(+.0),,7.0,,1953,B+=100,False,31,33,2.327478699919839e-08,1.50e+7,16.523560759066484
64Ga,64,311,m,-58790.0,1.4,42.85,0.08,,21.9,us,0.7,(2+),,7.0,,1999,IT=100,False,31,33,2.32748035602333e-08,1.50e+7,16.523560759066484
64Ga,64,318,i,-56925.8,2.5,1907.0,2.2,RQ,,,,(0+),T=2,7.0,,9999,,False,31,33,4.156343735138894e-08,1.50e+7,16.523560759066484
64Ge,64,320,,-54316.0,4.0,,,,63.7,s,2.5,0+,,7.0,,1972,B+=100,False,32,32,6.650581539367793e-08,,
64As,64,330,,-39530.0,200.0,,,,69.0,ms,1.4,0+.0,,7.0,,1995,B+=100;B+p ?,True,33,31,3.3261799982196527e-06,,
64Se,64,340,,-26860.0,500.0,,,,22.6,ms,0.2,0+,,7.0,,2005,B+ ?;B+p ?,True,34,30,8.317381481032427e-06,,
65Ti,65,220,,5210.0,700.0,,,,1.0,ms,,1/2-.0,,,,9999,B- ?;B-n ?;B-2n ?,True,22,43,1.1468248944508644e-05,,
65V,65,230,,-12110.0,500.0,,,,14.0,ms,>620ns,5/2-.0,,10.0,,2009,B- ?;B-n ?;B-2n ?,True,23,42,8.189456097319669e-06,,
65Cr,65,240,,-28310.0,200.0,,,,27.5,ms,2.1,1/2-.0,,10.0,,1997,B-=100;B-n ?;B-2n ?,True,24,41,3.2749828354923897e-06,,
65Mn,65,250,,-40967.0,4.0,,,,91.9,ms,0.7,(5/2-),,10.0,,1985,B-=100;B-n=7.9 12,False,25,40,6.548747086136474e-08,1.00e+3,6.907755278982137
65Fe,65,260,,-51218.0,5.0,,,,805,ms,10,(1/2-),,10.0,,1980,B-=100; B-n ?,False,26,39,8.184733535807761e-08,,
65Fe,65,261,m,-50824.0,5.0,393.7,0.2,,1.12,s,0.15,(9/2+),,10.0,,2008,B- ?,False,26,39,8.184786324160308e-08,,
65Fe,65,262,n,-50820.0,5.0,397.6,0.2,,418,ns,12,(5/2+),,10.0,,1998,IT=100,False,26,39,8.18478686008616e-08,,
65Co,65,270,,-59185.2,2.1,,,,1.16,s,0.03,(7/2)-,,10.0,,1978,B-=100,False,27,38,3.4372125776200103e-08,,
65Ni,65,280,,-65125.8,0.5,,,,2.5175,h,0.0005,5/2-,,10.0,,1946,B-=100,False,28,37,8.183217014246976e-09,7.00e+7,18.064005800013632
65Ni,65,281,m,-65062.4,0.5,63.37,0.05,,69,us,3,1/2-,,10.0,,1978,IT=100,False,28,37,8.183225505422947e-09,7.00e+7,18.064005800013632
65Cu,65,290,,-67263.7,0.6,,,,stbl,,,3/2-*,,10.0,,1923,IS=30.85 15,False,29,36,9.819724683357225e-09,5.40e+6,15.501909511534503
65Zn,65,300,,-65912.0,0.6,,,,243.94,d,0.04,5/2-*,,10.0,,1939,B+=100,False,30,35,9.820149789287172e-09,2.96e+9,21.80845510528238
65Zn,65,301,m,-65858.1,0.6,53.928,0.01,,1.6,us,0.6,1/2-,,10.0,,1960,IT=100,False,30,35,9.820158452403025e-09,2.96e+9,21.80845510528238
65Ga,65,310,,-62657.5,0.8,,,,15.133,m,0.028,3/2-*,,10.0,,1938,B+=100,False,31,34,1.3094507728861888e-08,2.60e+8,19.3761921889798
65Ge,65,320,,-56478.2,2.2,,,,30.9,s,0.5,3/2-,,10.0,,1972,B+=100;B+p=0.011 3,False,32,33,3.6014301273501295e-08,,
65As,65,330,,-46940.0,80.0,,,,130.3,ms,0.6,3/2-.0,,10.0,,1991,B+=100;B+p ?,False,33,32,1.3098432085038916e-06,,
65As,65,338,i,-43452.0,11.0,3490.0,90.0,p,,,,(3/2-),T=3/2,10.0,,1993,p=100,False,33,32,1.801137273136572e-07,,
65Se,65,340,,-33020.0,300.0,,,,34.2,ms,0.7,3/2-.0,,10.0,,1993,B+=100;B+p=87 13,True,34,31,4.913135837529987e-06,,
65Br,65,350,,-16490.0,500.0,,,,,,<410ns,5/2-.0,,,,9999,p ?,True,35,30,8.190950625465183e-06,,
66V,66,230,,-6300.0,500.0,,,,10.0,ms,>620ns,,,10.0,,2009,B- ?;B-n ?;B-2n ?,True,23,43,8.066094076894609e-06,,
66Cr,66,240,,-25140.0,300.0,,,,23.8,ms,1.8,0+,,15.0,,1997,B-=100;B-n ?;B-2n ?,True,24,42,4.838286890923757e-06,,
66Mn,66,250,,-36750.0,11.0,,,,63.8,ms,0.9,(1+),,10.0,,1992,B-=100;B-n=7.4 14;B-2n ?,False,25,41,1.7737434053447887e-07,1.70e+2,5.135798437050262
66Mn,66,251,m,-36286.0,11.0,464.5,0.4,,780,us,40,(5-),,,,2005,IT~100;B- ?,False,25,41,1.7737566765429012e-07,1.70e+2,5.135798437050262
66Fe,66,260,,-50068.0,4.0,,,,467,ms,29,0+,,10.0,,1985,B-=100;B-n ?,False,26,40,6.448725630593102e-08,,
66Co,66,270,,-56409.0,14.0,,,,194,ms,17,(1+),,10.0,,1985,B-=100;B-n ?,False,27,39,2.2568703121101283e-07,,
66Co,66,271,m,-56234.0,14.0,175.1,0.3,,824,ns,22,(3+),,10.0,,1998,IT=100,False,27,39,2.256876678957597e-07,,
66Co,66,272,n,-55767.0,15.0,642.0,5.0,,>100,us,,(8-),,10.0,,1998,IT=100,False,27,39,2.418100360200732e-07,,
66Ni,66,280,,-66006.3,1.4,,,,54.6,h,0.3,0+,,10.0,,1948,B-=100,False,28,38,2.2565682385686748e-08,1.00e+8,18.420680743952367
66Cu,66,290,,-66258.3,0.6,,,,5.120,m,0.014,1+*,,10.0,,1937,B-=100,False,29,37,9.671169062980156e-09,4.00e+8,19.806975105072254
66Cu,66,291,m,-65104.1,1.5,1154.2,1.4,,600,ns,17,(6)-,,10.0,,1972,IT=100,False,29,37,2.417837247444403e-08,4.00e+8,19.806975105072254
66Zn,66,300,,-68899.2,0.7,,,,stbl,,,0+,,10.0,,1922,IS=27.73 98,False,30,36,1.1282785500949152e-08,,
66Ga,66,310,,-63723.7,1.1,,,,9.304,h,0.008,0+*,,10.0,,1937,B+=100,False,31,35,1.773194034626482e-08,1.10e+9,20.818576016750736
66Ga,66,318,i,-59874.0,6.0,3850.0,6.0,RQ,,,,0+,T=3,,,9999,,False,31,35,9.672567711700418e-08,1.10e+9,20.818576016750736
66Ge,66,320,,-61607.0,2.4,,,,2.26,h,0.05,0+,,10.0,,1950,B+=100,False,32,34,3.868999661758553e-08,2.19e+6,14.599412101792684
66As,66,330,,-52025.0,6.0,,,,95.77,ms,0.23,0+,T=1,10.0,,1978,B+=100,False,33,33,9.674195228548607e-08,,
66As,66,331,m,-50668.0,6.0,1356.63,0.17,,1.14,us,0.04,5+,,10.0,,1995,IT=100,False,33,33,9.674406902683921e-08,,
66As,66,332,n,-49001.0,6.0,3023.8,0.3,,7.98,us,0.26,9+,,10.0,,1998,IT=100,False,33,33,9.674666945417285e-08,,
66Se,66,340,,-41660.0,200.0,,,,54,ms,4,0+,,10.0,,1993,B+=100;B+p ?,True,34,32,3.225338025675086e-06,,
66Br,66,350,,-23570.0,400.0,,,,,,<410ns,0+.0,,,,9999,p ?,True,35,31,6.452693092196486e-06,,
67V,67,230,,-1740.0,600.0,,,,8.0,ms,>620ns,5/2-.0,,13.0,,2013,B- ?;B-n ?;B-2n ?,True,23,44,9.535482690601337e-06,,
67Cr,67,240,,-19270.0,400.0,,,,11.0,ms,>300ns,1/2-.0,,5.0,,1997,B- ?;B-n ?;B-2n ?,True,24,43,6.355348521361747e-06,,
67Mn,67,250,,-33580.0,200.0,,,,46.7,ms,2.3,5/2-.0,,5.0,,1997,B-=100;B-n=10 5;B-2n ?,True,25,42,3.177017210159984e-06,1.00e+2,4.605170185988092
67Fe,67,260,,-45708.0,4.0,,,,394,ms,9,(1/2-),,5.0,,1985,B-=100;B-n ?,False,26,41,6.352941018005966e-08,,
67Fe,67,261,m,-45305.0,10.0,403.0,9.0,,64,us,17,"(5/2+,7/",2+),5.0,,1998,IT=100,False,26,41,1.5882454202061893e-07,,
67Fe,67,262,n,-45260.0,100.0,450.0,100.0,,75,us,21,(9/2+),,,,2008,IT=100,True,26,41,1.5882465553425824e-06,,
67Co,67,270,,-55322.0,6.0,,,,329,ms,28,(7/2-),,5.0,,1985,B-=100;B-n ?,False,27,40,9.528152364743676e-08,,
67Co,67,271,m,-54830.0,6.0,491.55,0.11,,496,ms,33,(1/2-),,,,2008,IT>80;B- ?,False,27,40,9.528226809589059e-08,,
67Ni,67,280,,-63742.7,2.9,,,,21,s,1,1/2-,,5.0,,1978,B-=100,False,28,39,4.60475245677838e-08,7.00e+5,13.458835614025542
67Ni,67,281,m,-62736.1,2.9,1006.6,0.2,,13.34,us,0.19,9/2+,,5.0,,1998,IT=100,False,28,39,4.604826056885461e-08,7.00e+5,13.458835614025542
67Cu,67,290,,-67319.6,0.9,,,,61.83,h,0.12,3/2-*,,5.0,,1948,B-=100,False,29,38,1.4290092920707503e-08,3.50e+8,19.67344371244773
67Zn,67,300,,-67880.4,0.8,,,,stbl,,,5/2-*,,5.0,,1928,IS=4.04 16,False,30,37,1.2702452561415615e-08,,
67Zn,67,301,m,-67787.1,0.8,93.312,0.005,,9.15,us,0.07,1/2-,,5.0,,1953,IT=100,False,30,37,1.2702471379155604e-08,,
67Zn,67,302,n,-67275.9,0.8,604.48,0.05,,333,ns,14,9/2+,,5.0,,1973,IT=100,False,30,37,1.2702574484418367e-08,,
67Ga,67,310,,-66879.2,1.2,,,,3.2617,d,0.0004,3/2-*,,5.0,,1938,EC=100,False,31,36,1.9054373045057963e-08,2.00e+9,21.416413017506358
67Ge,67,320,,-62674.0,4.0,,,,18.9,m,0.3,1/2-,,5.0,,1950,B+=100,False,32,35,6.352012271043427e-08,7.96e+6,15.889939557820565
67Ge,67,321,m,-62656.0,4.0,18.2,0.05,,13.7,us,0.9,5/2-,,5.0,,1978,IT=100,False,32,35,6.352014086706641e-08,7.96e+6,15.889939557820565
67Ge,67,322,n,-61922.0,4.0,751.7,0.06,,109.1,ns,3.8,9/2+,,5.0,,1973,IT=100,False,32,35,6.35208812630187e-08,7.96e+6,15.889939557820565
67As,67,330,,-56587.2,0.4,,,,42.5,s,1.2,(5/2-),,5.0,,1980,B+=100,False,33,34,6.352756793355176e-09,,
67Se,67,340,,-46580.0,70.0,,,,133,ms,4,5/2-.0,,5.0,,1991,B+=100;B+p=0.5 1,False,34,33,1.1119320015369484e-06,,
67Br,67,350,,-32530.0,300.0,,,,,,,1/2-.0,,,,9999,p ?,True,35,32,4.76658459903422e-06,,
67Kr,67,360,,-15550.0,420.0,,,,7.4,ms,2.9,3/2-.0,,,,2016,2p=37 14;B+ ?,True,36,31,6.675156489890216e-06,,
68Cr,68,240,,-15690.0,500.0,,,,10.0,ms,>620ns,0+,,12.0,,2009,B- ?;B-n ?;B-2n ?,True,24,44,7.82777656414395e-06,,
68Mn,68,250,,-28920.0,300.0,,,,33.7,ms,1.5,(3),,12.0,,1995,B-=100;B-n=18 10;B-2n ?,True,25,43,4.69578841239563e-06,4.00e+0,1.3862943611198906
68Fe,68,260,,-43900.0,190.0,,,,188,ms,4,0+,,12.0,,1985,B-=100;B-n>0,True,26,42,2.973362337545649e-06,,
68Co,68,270,,-51643.0,4.0,,,*,200,ms,20,(7-),,12.0,,1985,B-=100;B-n ?,False,27,41,6.259078439086382e-08,,
68Co,68,271,m,-51490.0,150.0,150.0,150.0,*,1.6,s,0.3,(2-),,12.0,,1998,B-=100; B-n>2.6,True,27,41,2.3471600339873697e-06,,
68Co,68,272,n,-51450.0,150.0,195.0,150.0,,101,ns,10,(1),,12.0,,2010,IT=100,True,27,41,2.3471615030976828e-06,,
68Ni,68,280,,-63463.8,3.0,,,,29,s,2,0+,,12.0,,1977,B-=100,False,28,40,4.6935356603021824e-08,4.00e+5,12.89921982609012
68Ni,68,281,m,-61860.0,3.0,1603.51,0.28,,270,ns,5,0+,,12.0,,1984,IT=100,False,28,40,4.693653431772075e-08,4.00e+5,12.89921982609012
68Ni,68,282,n,-60615.0,3.0,2849.1,0.3,,850,us,30,5-,,12.0,,1995,IT=100,False,28,40,4.693744859640498e-08,4.00e+5,12.89921982609012
68Cu,68,290,,-65567.0,1.6,,,,30.9,s,0.6,1+*,,12.0,,1953,B-=100,False,29,39,2.5031873022544584e-08,3.00e+9,21.82187812561452
68Cu,68,291,m,-64845.7,1.6,721.26,0.08,,3.75,m,0.05,6-*,,12.0,,1969,IT=86 2;B-=14 2,False,29,39,2.5032155502440603e-08,3.00e+9,21.82187812561452
68Zn,68,300,,-70007.2,0.8,,,,stbl,,,0+,,12.0,,1922,IS=18.45 63,False,30,38,1.2515320350832084e-08,,
68Ga,68,310,,-67086.1,1.4,,,,67.842,m,0.016,1+*,,12.0,,1937,B+=100,False,31,37,2.1903254722127304e-08,6.50e+8,20.292482920853956
68Ge,68,320,,-66978.8,1.9,,,,271.05,d,0.08,0+,,12.0,,1948,EC=100,False,32,36,2.9726497095449255e-08,,
68As,68,330,,-58894.5,1.8,,,,151.6,s,0.8,3+,,12.0,,1971,B+=100,False,33,35,2.8166077086662912e-08,7.25e+5,13.493926933836812
68As,68,331,m,-58469.4,1.8,425.1,0.2,,111,ns,20,1+,,12.0,,1994,IT=100,False,33,35,2.8166264445514555e-08,7.25e+5,13.493926933836812
68Se,68,340,,-54189.4,0.5,,,,35.5,s,0.7,0+,,12.0,,1990,B+=100,False,34,34,7.824644741734342e-09,,
68Br,68,350,,-38790.0,260.0,,,,,,~40ns,3+.0,,12.0,,1995,p ?,True,35,33,4.069878437608142e-06,,
68Kr,68,360,,-25630.0,500.0,,,,21.6,ms,3.3,0+,,,,2016,B+= ?;B+p=90 11;p ?,True,36,32,7.828460441253659e-06,,
69Cr,69,240,,-9630.0,500.0,,,,6.0,ms,>620ns,7/2+.0,,14.0,,2013,B- ?;B-n ?;B-2n ?,True,24,45,7.715024994169947e-06,,
69Mn,69,250,,-25360.0,400.0,,,,22.1,ms,1.6,5/2-.0,,14.0,,1995,B-=100;B-n=40 20;B-2n ?,True,25,44,6.17064543159491e-06,1.00e+0,0.0
69Fe,69,260,,-39200.0,200.0,,,,162,ms,7,1/2-.0,,14.0,,1992,B-=100;B-n ?;B-2n ?,True,26,43,3.0847256591462422e-06,,
69Co,69,270,,-50390.0,90.0,,,*,180,ms,20,(7/2-),,14.0,,1985,B-=100;B-n ?,False,27,42,1.3879146918154781e-06,,
69Co,69,271,m,-50213.0,13.0,170.0,90.0,MD*,750,ms,250,1/2-.0,,,,2015,B-=100,False,27,42,2.0047711381099462e-07,,
69Ni,69,280,,-59979.0,4.0,,,,11.4,s,0.3,(9/2+),,14.0,,1984,B-=100,False,28,41,6.167720706331575e-08,2.00e+4,9.903487552536127
69Ni,69,281,m,-59658.0,4.0,321.0,2.0,,3.5,s,0.4,(1/2-),,14.0,,1998,B-~100;IT<0.01,False,28,41,6.167751234207592e-08,2.00e+4,9.903487552536127
69Ni,69,282,n,-57279.0,4.0,2700.0,1.0,,439,ns,3,(17/2-),,14.0,,1998,IT=100,False,28,41,6.167977492278418e-08,2.00e+4,9.903487552536127
69Cu,69,290,,-65736.2,1.4,,,,2.85,m,0.15,3/2-*,,14.0,,1966,B-=100,False,29,40,2.1585536745663114e-08,2.30e+8,19.25358986688747
69Cu,69,291,m,-62994.2,1.6,2742.0,0.7,,357,ns,2,(13/2+),,14.0,,1997,IT=100,False,29,40,2.4670227830857766e-08,2.30e+8,19.25358986688747
69Zn,69,300,,-68417.9,0.8,,,,56.4,m,0.9,1/2-*,,14.0,,1937,B-=100,False,30,39,1.2334328395162671e-08,1.50e+8,18.82614585206053
69Zn,69,301,m,-67979.3,0.8,438.636,0.018,,13.747,h,0.011,9/2+*,,14.0,,1970,IT=99.967 3;B-=0.033 3,False,30,39,1.2334411804100634e-08,1.50e+8,18.82614585206053
69Ga,69,310,,-69327.8,1.2,,,,stbl,,,3/2-*,,14.0,,1923,IS=60.108 50,False,31,38,1.8501601969141837e-08,,
69Ge,69,320,,-67100.7,1.3,,,,39.05,h,0.10,5/2-*,,14.0,,1938,B+=100,False,32,37,2.0044490108710595e-08,1.02e+8,18.440483371248543
69Ge,69,321,m,-67013.9,1.3,86.76,0.02,,5.1,us,0.2,1/2-,,14.0,,1978,IT=100,False,32,37,2.0044516935393783e-08,1.02e+8,18.440483371248543
69Ge,69,322,n,-66702.8,1.3,397.94,0.02,,2.81,us,0.05,9/2+,,14.0,,1978,IT=100,False,32,37,2.0044613085535975e-08,1.02e+8,18.440483371248543
69As,69,330,,-63110.0,30.0,,,,15.2,m,0.2,5/2-*,,14.0,,1955,B+=100,False,33,36,4.6260284629346666e-07,1.95e+7,16.785925023533974
69Se,69,340,,-56434.7,1.5,,,,27.4,s,0.2,1/2-,,14.0,,1974,B+=100;B+p=0.052 8,False,34,35,2.3132984828000568e-08,4.07e+3,8.311398278436641
69Se,69,341,m,-56395.9,1.5,38.85,0.22,,2.0,us,0.2,5/2-,,14.0,,1988,IT=100,False,34,35,2.3132998670167183e-08,4.07e+3,8.311398278436641
69Se,69,342,n,-55860.7,1.6,574.0,0.4,,955,ns,16,9/2+,,14.0,,1988,IT=100,False,34,35,2.4675402248677376e-08,4.07e+3,8.311398278436641
69Br,69,350,,-46260.0,40.0,,,*,<24,ns,,(5/2-),,15.0,,1988,p=100,False,35,34,6.169887159630355e-07,,
69Br,69,351,m,-46220.0,110.0,40.0,100.0,*,,,,5/2-.0,,,,9999,,True,35,34,1.6967200157554516e-06,,
69Br,69,352,n,-45690.0,110.0,570.0,100.0,,,,,9/2+.0,,,,9999,,True,35,34,1.6967338867340327e-06,,
69Br,69,358,i,-42771.0,19.0,3490.0,50.0,p,,,,(5/2-),T=3/2,14.0,,2011,p=100,False,35,34,2.9308541301344016e-07,,
69Kr,69,360,,-32140.0,300.0,,,,27.9,ms,0.8,(5/2-),,15.0,,1995,B+=100;B+p=94 5,True,36,33,4.6285157822408594e-06,2.60e-4,-8.254828926948747
70Cr,70,240,,-5640.0,600.0,,,,6.0,ms,>620ns,0+,,16.0,,2013,B- ?;B-n ?;B-2n ?,True,24,46,9.12628319237358e-06,,
70Mn,70,250,,-20450.0,500.0,,,,19.9,ms,1.7,"(4,5)",,16.0,,2009,B-=100;B-n ?;B-2n ?,True,25,45,7.603672717354515e-06,,
70Fe,70,260,,-36890.0,300.0,,,,61.4,ms,0.7,0+,,16.0,,1997,B-=100;B-n ?,True,26,44,4.561153011659446e-06,,
70Co,70,270,,-46525.0,11.0,,,*&,508,ms,7,(1+),,16.0,,1998,B-=100;B-n ?;B-2n ?,False,27,43,1.6722106921380673e-07,,
70Co,70,271,m,-46330.0,200.0,200.0,200.0,*&,112,ms,7,(7-),,16.0,,1985,B-=100;IT ?;B-n ?;B-2n ?,True,27,43,3.0403920894724065e-06,,
70Ni,70,280,,-59213.9,2.1,,,,6.0,s,0.3,0+,,16.0,,1987,B-=100,False,28,42,3.1918492921728124e-08,1.00e+4,9.210340371976184
70Ni,70,281,m,-56353.0,2.1,2860.91,0.08,,232,ns,1,8+,,16.0,,1997,IT=100,False,28,42,3.191988091391911e-08,1.00e+4,9.210340371976184
70Cu,70,290,,-62976.4,1.1,,,,44.5,s,0.2,6-*,,16.0,,1971,B-=100,False,29,41,1.6718583136709717e-08,9.00e+7,18.31532022829454
70Cu,70,291,m,-62875.3,1.1,101.1,0.3,,33,s,2,3-*,,16.0,,2002,B-=52 9;IT=48 9,False,29,41,1.671860882635313e-08,9.00e+7,18.31532022829454
70Cu,70,292,n,-62733.8,1.2,242.6,0.5,,6.6,s,0.2,1+*,,16.0,,1971,B-=93.2 9;IT=6.8 9,False,29,41,1.8238521580169925e-08,9.00e+7,18.31532022829454
70Zn,70,300,,-69564.7,1.9,,,,stbl,,>3.8Ey,0+,,16.0,,1922,IS=0.61 10;2B- ?,False,30,40,2.8875228907895403e-08,,
70Ga,70,310,,-68910.2,1.2,,,,21.14,m,0.05,1+*,,16.0,,1937,B-=99.59 5;EC=0.41 5,False,31,39,1.8237526548861867e-08,8.00e+7,18.197537192638155
70Ge,70,320,,-70562.0,0.8,,,,stbl,,,0+,,16.0,,1923,IS=20.52 19,False,32,38,1.2158284794612872e-08,,
70As,70,330,,-64334.0,1.4,,,,52.6,m,0.3,4+*,,16.0,,1950,B+=100,False,33,37,2.12794308024317e-08,1.38e+8,18.742764243121478
70As,70,331,m,-64302.0,1.4,32.046,0.023,,96,us,3,2+,,16.0,,1979,IT=100,False,33,37,2.1279441152475026e-08,1.38e+8,18.742764243121478
70Se,70,340,,-61929.9,1.6,,,,41.1,m,0.3,0+,,16.0,,1950,B+=100,False,34,36,2.4320716299825594e-08,4.08e+6,15.221607546380344
70Br,70,350,,-51426.0,15.0,,,,78.8,ms,0.3,0+,T=1,16.0,,1978,B+=100;B+p ?,False,35,35,2.2804760954100327e-07,4.00e+3,8.294049640102028
70Br,70,351,m,-49134.0,15.0,2292.3,0.8,,2.16,s,0.05,9+,T=0,16.0,,1981,B+=100;B+p ?,False,35,35,2.2805555629073995e-07,4.00e+3,8.294049640102028
70Kr,70,360,,-41100.0,200.0,,,,45.00,ms,0.14,0+,,16.0,,1995,B+=100;B+p<1.3,True,36,34,3.041172019141165e-06,3.00e-2,-3.506557897319982
71Mn,71,250,,-16620.0,500.0,,,,16.0,ms,>400ns,5/2-.0,,10.0,,2010,B- ?;B-n ?;B-2n ?,True,25,46,7.496990159229462e-06,,
71Fe,71,260,,-31930.0,400.0,,,,34.3,ms,2.6,7/2+.0,,10.0,,1997,B-=100;B-n ?;B-2n ?,True,26,45,5.996331904458864e-06,,
71Co,71,270,,-44370.0,470.0,,,,80,ms,3,(7/2-),,10.0,,1992,B-=100;B-n=3 1,False,27,44,7.044512865158493e-06,,
71Ni,71,280,,-55406.2,2.2,,,,2.56,s,0.03,(9/2+),,10.0,,1987,B-=100,False,28,43,3.2969501026905254e-08,,
71Ni,71,281,m,-55406.0,2.3,499.0,5.0,,2.3,s,0.3,(1/2-),,10.0,,2009,B-=100,False,28,43,3.446811481325518e-08,,
71Cu,71,290,,-62711.1,1.5,,,,19.4,s,1.4,3/2-*,,10.0,,1983,B-=100,False,29,42,2.2477180272508053e-08,5.00e+7,17.72753356339242
71Cu,71,291,m,-59955.4,1.6,2755.7,0.6,,271,ns,13,(19/2-),,10.0,,1998,IT=100,False,29,42,2.3976649038948048e-08,5.00e+7,17.72753356339242
71Zn,71,300,,-67328.8,2.7,,,,2.40,m,0.05,1/2-*,,10.0,,1955,B-=100,False,30,41,4.0456909131993644e-08,1.10e+8,18.51599092375669
71Zn,71,301,m,-67171.1,2.4,157.7,1.3,MD,4.148,h,0.012,9/2+*,,10.0,,1958,B-~100;IT ?,False,30,41,3.5961781983302305e-08,1.10e+8,18.51599092375669
71Ga,71,310,,-70139.1,0.8,,,,stbl,,,3/2-*,,10.0,,1923,IS=39.892 50,False,31,40,1.1986959868158502e-08,,
71Ge,71,320,,-69906.7,0.8,,,,11.43,d,0.03,1/2-*,,10.0,,1941,EC=100,False,32,39,1.1987233909699967e-08,,
71Ge,71,321,m,-69708.3,0.8,198.354,0.014,,20.41,ms,0.18,9/2+,,10.0,,1959,IT=100,False,32,39,1.1987269545862558e-08,,
71As,71,330,,-67893.0,4.0,,,,65.30,h,0.07,5/2-*,,10.0,,1939,B+=100,False,33,38,5.99391396954901e-08,9.70e+8,20.692806629461703
71Se,71,340,,-63146.5,2.8,,,,4.74,m,0.05,(5/2-),,10.0,,1957,B+=100,False,34,37,4.1961195509553223e-08,5.17e+6,15.458383246484612
71Se,71,341,m,-63097.7,2.8,48.79,0.05,,5.6,us,0.7,(1/2-),,10.0,,1982,IT=100,False,34,37,4.196122619679213e-08,5.17e+6,15.458383246484612
71Se,71,342,n,-62886.0,2.8,260.48,0.1,,19.0,us,0.5,(9/2+),,10.0,,1982,IT=100,False,34,37,4.196135932207573e-08,5.17e+6,15.458383246484612
71Br,71,350,,-56502.0,5.0,,,,21.4,s,0.6,(5/2)-,,10.0,,1981,B+=100,False,35,36,7.493962089528784e-08,5.60e+5,13.235692062711331
71Kr,71,360,,-46330.0,130.0,,,,98.8,ms,0.3,(5/2)-,,10.0,,1981,B+=100;B+p=2.1 7,False,36,35,1.9487650220445733e-06,4.50e+2,6.1092475827643655
71Rb,71,370,,-32290.0,400.0,,,*,,,,5/2-.0,,,,9999,p ?,True,37,34,5.997578637196809e-06,,
71Rb,71,371,m,-32240.0,410.0,50.0,100.0,*,,,,1/2-.0,,,,9999,,True,37,34,6.14752271190809e-06,,
71Rb,71,372,n,-32030.0,410.0,260.0,100.0,,,,,9/2+.0,,,,9999,,True,37,34,6.147542068865269e-06,,
72Mn,72,250,,-11170.0,600.0,,,,12.0,ms,>620ns,,,13.0,,2013,B- ?;B-n ?;B-2n ?,True,25,47,8.87212425847716e-06,,
72Fe,72,260,,-29250.0,500.0,,,,17.0,ms,1.0,0+,,10.0,,1997,B-=100;B-n ?;B-2n ?,True,26,46,7.39160212132404e-06,,
72Co,72,270,,-40300.0,300.0,,,*,51.5,ms,0.3,"(6-,7-)",,10.0,,1992,B-=100;B-n>4;B-2n ?,True,27,45,4.434321689246102e-06,,
72Co,72,271,m,-40100.0,360.0,200.0,200.0,*,47.8,ms,0.5,"(0+,1+)",,,,2016,B-=100,True,27,45,5.321201757708901e-06,,
72Ni,72,280,,-54226.1,2.2,,,,1.57,s,0.05,0+,,10.0,,1987,B-=100;B-n ?,False,28,44,3.2512288169768815e-08,,
72Cu,72,290,,-59783.0,1.4,,,,6.63,s,0.03,2-*,,10.0,,1983,B-=100,False,29,43,2.0688334388686966e-08,1.30e+7,16.38045991542581
72Cu,72,291,m,-59512.7,1.7,270.3,1.0,,1.76,us,0.03,(6-),,10.0,,1998,IT=100,False,29,43,2.5121649244612113e-08,1.30e+7,16.38045991542581
72Zn,72,300,,-68145.5,2.1,,,,46.5,h,0.1,0+,,10.0,,1951,B-=100,False,30,42,3.102926014895903e-08,1.10e+8,18.51599092375669
72Ga,72,310,,-68588.3,0.8,,,,14.025,h,0.010,3-*,,10.0,,1939,B-=100,False,31,41,1.1820819089053483e-08,1.50e+8,18.82614585206053
72Ga,72,311,m,-68468.6,0.8,119.66,0.05,,39.68,ms,0.13,(0+),,10.0,,1968,IT=100,False,31,41,1.1820839996455641e-08,1.50e+8,18.82614585206053
72Ge,72,320,,-72585.91,0.08,,,,stbl,,,0+,,10.0,,1923,IS=27.45 15,False,32,40,1.1820346766070775e-09,,
72Ge,72,321,m,-71894.48,0.09,691.43,0.04,,444.2,ns,0.8,0+,,10.0,,1984,IT=100,False,32,40,1.3298025966829353e-09,,
72As,72,330,,-68230.0,4.0,,,,26.0,h,0.1,2-*,,10.0,,1939,B+=100,False,33,39,5.910666746415757e-08,3.00e+8,19.519293032620475
72Se,72,340,,-67868.2,2.0,,,,8.40,d,0.08,0+,,10.0,,1948,EC=100,False,34,38,2.9554056545673407e-08,3.00e+8,19.519293032620475
72Br,72,350,,-59061.8,1.0,,,,78.6,s,2.4,1+,,10.0,,1970,B+=100,False,35,37,1.477923398528632e-08,1.00e+7,16.11809565095832
72Br,72,351,m,-58961.0,1.0,100.76,0.15,,10.6,s,0.3,(3-),,10.0,,1980,IT~100;B+ ?,False,35,37,1.4779256002635445e-08,1.00e+7,16.11809565095832
72Kr,72,360,,-53941.0,8.0,,,,17.16,s,0.18,0+,,10.0,,1973,B+=100,False,36,36,1.1824508103861302e-07,2.00e+4,9.903487552536127
72Rb,72,370,,-38330.0,500.0,,,*,103,ns,22,1+.0,,,,2017,p ?,True,37,35,7.3921645472609865e-06,,
72Rb,72,371,m,-38230.0,510.0,100.0,100.0,*,,,,3-.0,,,,9999,p ?,True,37,35,7.540018985618412e-06,,
73Mn,73,250,,-6700.0,600.0,,,,12.0,ms,>410ns,5/2-.0,,19.0,,2017,B- ?,True,25,48,8.751121297165938e-06,,
73Fe,73,260,,-23990.0,500.0,,,,12.9,ms,1.6,7/2+.0,,19.0,,2010,B-=100;B-n ?;B-2n ?,True,26,47,7.2909000073234925e-06,,
73Co,73,270,,-37970.0,300.0,,,,42.0,ms,0.8,(7/2-),,19.0,,1995,B-=100;B-n=6 3;B-2n ?,True,27,46,4.37373088845228e-06,,
73Ni,73,280,,-50108.2,2.4,,,,840,ms,30,(9/2+),,19.0,,1987,B-=100;B-n ?,False,28,45,3.498431579195648e-08,,
73Cu,73,290,,-58987.4,1.9,,,,4.20,s,0.12,3/2-*,,19.0,,1983,B-=100;B-n=0.029 6,False,29,44,2.769285445752903e-08,4.00e+6,15.201804919084164
73Zn,73,300,,-65593.4,1.9,,,,24.5,s,0.2,1/2-*,,19.0,,1972,B-=100,False,30,43,2.7690710279382637e-08,3.00e+6,14.914122846632385
73Zn,73,301,m,-65397.9,1.9,195.5,0.2,,13.0,ms,0.2,5/2+*,,19.0,,1985,IT=100,False,30,43,2.7690789176764115e-08,3.00e+6,14.914122846632385
73Ga,73,310,,-69699.3,1.7,,,,4.86,h,0.03,1/2-*,,19.0,,1949,B-=100,False,31,42,2.4774883135584025e-08,2.80e+8,19.450300161133523
73Ga,73,311,m,-69699.2,1.7,0.15,0.09,,<200,ms,,3/2-,,19.0,,1949,B- ?; IT ?,False,31,42,2.47748831716896e-08,2.80e+8,19.450300161133523
73Ge,73,320,,-71297.53,0.06,,,,stbl,,,9/2+*,,19.0,,1933,IS=7.76 8,False,32,41,8.744037547417567e-10,,
73Ge,73,321,m,-71284.25,0.06,13.2845,0.0015,,2.91,us,0.03,5/2+,,19.0,,1975,IT=100,False,32,41,8.744039239692558e-10,,
73Ge,73,322,n,-71230.8,0.06,66.725,0.009,,499,ms,11,1/2-,,19.0,,1957,IT=100,False,32,41,8.744046050851161e-10,,
73As,73,330,,-70953.0,4.0,,,,80.30,d,0.06,3/2-,,19.0,,1948,EC=100,False,33,40,5.8294975104839216e-08,1.00e+9,20.72326583694641
73As,73,331,m,-70525.0,4.0,427.902,0.021,,5.7,us,0.2,9/2+,,19.0,,1956,IT=100,False,33,40,5.829533872564842e-08,1.00e+9,20.72326583694641
73Se,73,340,,-68227.0,7.0,,,,7.15,h,0.09,9/2+*,,19.0,,1948,B+=100,False,34,39,1.0202218255828667e-07,3.00e+8,19.519293032620475
73Se,73,341,m,-68201.0,7.0,25.71,0.04,,39.8,m,1.7,3/2-,,19.0,,1960,IT=72.6 3;B+=27.4 3,False,34,39,1.0202222121853976e-07,3.00e+8,19.519293032620475
73Br,73,350,,-63646.0,7.0,,,,3.4,m,0.2,1/2-,,19.0,,1970,B+=100,False,35,38,1.020309180404038e-07,1.80e+8,19.008467408854486
73Kr,73,360,,-56552.0,7.0,,,,27.3,s,1.0,(3/2)-,,19.0,,1972,B+=100;B+p=0.25 3,False,36,37,1.020433930962453e-07,1.20e+6,13.997832114758229
73Kr,73,361,m,-56118.0,7.0,433.55,0.13,,107,ns,10,(9/2+),,19.0,,1993,IT=100,False,36,37,1.0204403869728245e-07,1.20e+6,13.997832114758229
73Kr,73,368,i,-53350.0,120.0,3204.0,118.0,,,,,,T=3/2,,,9999,,True,36,37,1.7493969678094482e-06,1.20e+6,13.997832114758229
73Rb,73,370,,-46010.0,40.0,,,,<81,ns,,3/2-.0,,19.0,,1996,B+ ?; p~100,False,37,36,5.832057245133332e-07,,
73Rb,73,371,m,-45580.0,110.0,430.0,100.0,,,,,9/2+.0,,,,9999,,True,37,36,1.6038257975358185e-06,,
73Rb,73,378,i,-42809.0,20.0,3200.0,40.0,p,,,,(5/2-),T=5/2,19.0,,1993,p=100,False,37,36,2.916164723001571e-07,,
73Sr,73,380,,-31950.0,400.0,,,,25.3,ms,1.4,(5/2-),,19.0,,1993,B+=100;B+p=63 3,True,38,35,5.833363065523557e-06,,
74Fe,74,260,,-20660.0,500.0,,,,5,ms,5,0+,,17.0,,2010,B-=100;B-n ?;B-2n ?,True,26,48,7.192705212530724e-06,,
74Co,74,270,,-33540.0,400.0,,,,31.3,ms,1.3,7-.0,,6.0,,1995,B-=100;B-n=18 15;B-2n ?,True,27,47,5.753205231705467e-06,,
74Ni,74,280,,-48700.0,200.0,,,,507.7,ms,4.6,0+,,6.0,,1987,B-=100;B-n ?,True,28,46,2.876029007794485e-06,,
74Cu,74,290,,-56006.0,6.0,,,,1.606,s,0.009,2-*,,6.0,,1987,B-=100;B-n=0.075 16,False,29,45,8.627341077309478e-08,6.00e+5,13.304684934198283
74Zn,74,300,,-65756.7,2.5,,,,95.6,s,1.2,0+,,6.0,,1972,B-=100,False,30,44,3.594288355887138e-08,6.90e+7,18.049617062561534
74Ga,74,310,,-68049.6,3.0,,,,8.12,m,0.12,(3-)*,,6.0,,1956,B-=100,False,31,43,4.3130840440041246e-08,1.80e+8,19.008467408854486
74Ga,74,311,m,-67990.0,3.0,59.571,0.014,,9.5,s,1.0,(0)(+.0),,6.0,,1974,IT=75 25;B- ?,False,31,43,4.313087739742493e-08,1.80e+8,19.008467408854486
74Ge,74,320,,-73422.451,0.013,,,,stbl,,,0+,,6.0,,1923,IS=36.52 12,False,32,42,1.868893473221951e-10,,
74As,74,330,,-70860.1,1.7,,,,17.77,d,0.02,2-,,6.0,,1938,B+=66 2;B-=34 2,False,33,41,2.4440730930758e-08,1.90e+8,19.06253463012476
74Se,74,340,,-72213.21,0.015,,,,stbl,,>2.3Ey,0+,,6.0,,1922,IS=0.86 3;2B+ ?,False,34,40,2.1565332287639883e-10,,
74Br,74,350,,-65288.0,6.0,,,,25.4,m,0.3,(0-),,6.0,,1952,B+=100,False,35,39,8.62715227404459e-08,1.30e+9,20.985630101413904
74Br,74,351,m,-65274.0,6.0,13.58,0.21,,46,m,2,4+*,,6.0,,1953,B+=100,False,35,39,8.627154010692588e-08,1.30e+9,20.985630101413904
74Kr,74,360,,-62331.8,2.0,,,,11.50,m,0.11,0+,,6.0,,1960,B+=100,False,36,38,2.8758931482848254e-08,6.30e+6,15.65606019136176
74Rb,74,370,,-51916.0,3.0,,,,64.78,ms,0.03,0+*,T=1,6.0,,1977,B+=100;B+p ?,False,37,37,4.3145661705397434e-08,1.00e+3,6.907755278982137
74Sr,74,380,,-40830.0,100.0,,,,27.6,ms,2.6,0+,,15.0,,1995,B+=100;B+p ?,True,38,36,1.4384448215854898e-06,,
75Fe,75,260,,-14700.0,600.0,,,,9.0,ms,>620ns,9/2+.0,,13.0,,2013,B- ?;B-n ?;B-2n ?,True,26,49,8.516862264051489e-06,,
75Co,75,270,,-30560.0,400.0,,,,26.5,ms,1.2,7/2-.0,,13.0,,1995,B-=100;B-n<16;B-2n ?,True,27,48,5.676734394806827e-06,,
75Ni,75,280,,-44240.0,200.0,,,,331.6,ms,3.2,9/2+.0,,13.0,,1992,B-=100;B-n=10.0 28,True,28,47,2.8378683297909464e-06,,
75Cu,75,290,,-54470.2,0.7,,,,1.224,s,0.003,5/2-*,,13.0,,1985,B-=100;B-n=2.7 4,False,29,46,9.9312797858775e-09,1.50e+5,11.918390573078392
75Cu,75,291,m,-54408.5,0.8,61.7,0.4,,310,ns,8,1/2-,,13.0,,2010,IT=100,False,29,46,1.1350043976506466e-08,1.50e+5,11.918390573078392
75Cu,75,292,n,-54404.0,0.8,66.2,0.4,,149,ns,5,3/2-,,13.0,,2010,IT=100,False,29,46,1.135004470113869e-08,1.50e+5,11.918390573078392
75Zn,75,300,,-62558.9,2.0,,,,10.2,s,0.2,7/2+*,,13.0,,1974,B-=100,False,30,45,2.837234973653884e-08,5.60e+7,17.840862248699423
75Zn,75,301,m,-62432.0,2.0,126.94,0.09,,5.0,s,,1/2-*,,13.0,,2011,B- ?;IT ?,False,30,45,2.837240081326086e-08,5.60e+7,17.840862248699423
75Ga,75,310,,-68460.6,0.7,,,,126,s,2,3/2-*,,13.0,,1960,B-=100,False,31,44,9.92967325431529e-09,5.00e+7,17.72753356339242
75Ge,75,320,,-71856.97,0.05,,,,82.78,m,0.04,1/2-*,,13.0,,1939,B-=100,False,32,43,7.092412171466271e-10,4.80e+5,13.081541382884074
75Ge,75,321,m,-71717.28,0.06,139.69,0.03,,47.7,s,0.5,7/2+,,13.0,,1952,IT~100;B-=0.030 6,False,32,43,8.510911469944319e-10,4.80e+5,13.081541382884074
75Ge,75,322,n,-71664.78,0.08,192.19,0.06,,216,ns,5,5/2+,,13.0,,1982,IT=100,False,32,43,1.1347890410753692e-09,4.80e+5,13.081541382884074
75As,75,330,,-73034.2,0.9,,,,stbl,,,3/2-*,,13.0,,1920,IS=100,False,33,42,1.276636293345494e-08,,
75As,75,331,m,-72730.3,0.9,303.9243,0.0008,,17.62,ms,0.23,9/2+,,13.0,,1957,IT=100,False,33,42,1.2766417966613124e-08,,
75Se,75,340,,-72169.49,0.07,,,,119.78,d,0.03,5/2+*,,13.0,,1947,EC=100,False,34,41,9.929697355639774e-10,2.40e+8,19.296149481306266
75Br,75,350,,-69107.0,4.0,,,,96.7,m,1.3,3/2-,,13.0,,1948,B+=100,False,35,40,5.6744633916198106e-08,4.00e+9,22.1095601980663
75Kr,75,360,,-64324.0,8.0,,,,4.60,m,0.07,5/2+*,,13.0,,1960,B+=100,False,36,39,1.1349905142949936e-07,7.10e+6,15.775605342011543
75Rb,75,370,,-57218.7,1.2,,,,19.0,s,1.2,3/2-*,,13.0,,1975,B+=100,False,37,38,1.7026886546293692e-08,1.39e+6,14.144814305106875
75Sr,75,380,,-46620.0,220.0,,,,85.2,ms,2.3,(3/2-),,13.0,,1991,B+=100;B+p=5.2 9,False,38,37,3.1221226841387383e-06,2.50e+0,0.9162907318741551
75Y,75,390,,-31820.0,300.0,,,,100.0,us,,5/2+.0,,,,9999,B+ ?;B+p ?;p ?,True,39,36,4.258412594122861e-06,,
76Fe,76,260,,-10590.0,600.0,,,,3.0,ms,>410ns,0+,,,,2017,B- ?,True,26,50,8.405252488893823e-06,,
76Co,76,270,,-25660.0,500.0,,,*,23,ms,6,(8-),,14.0,,2010,B-=100;B-n ?;B-2n ?,True,27,49,7.003025532519067e-06,,
76Co,76,271,m,-25560.0,510.0,100.0,100.0,*,16,ms,4,(1-),,,,2015,B-=100,True,27,49,7.143096047826249e-06,,
76Co,76,272,n,-24920.0,510.0,740.0,100.0,,2.99,us,0.27,(3+),,,,2015,IT=100,True,27,49,7.143160078293417e-06,,
76Ni,76,280,,-42190.0,300.0,,,,234.6,ms,2.7,0+,,7.0,,1995,B-=100;B-n=14.0 36,True,28,48,4.200918820141014e-06,,
76Ni,76,281,m,-39770.0,300.0,2418.0,0.5,,547.8,ns,3.3,(8+),,7.0,,2005,IT=100,True,28,48,4.201061183231394e-06,,
76Cu,76,290,,-50981.6,0.9,,,,637.7,ms,5.5,3-*,,95.0,,1987,B-=100;B-n=7.2 5,False,29,47,1.2601433326152457e-08,2.00e+4,9.903487552536127
76Cu,76,291,m,,,,,RN,1.27,s,0.30,"(1,3)",,95.0,,1990,B-=100,False,29,47,,2.00e+4,9.903487552536127
76Zn,76,300,,-62303.0,1.5,,,,5.7,s,0.3,0+,,95.0,,1974,B-=100,False,30,46,2.0999440368230418e-08,1.60e+7,16.588099280204055
76Ga,76,310,,-66296.6,2.0,,,,30.6,s,0.6,2-*,,95.0,,1961,B-=100,False,31,45,2.799819541581881e-08,3.00e+7,17.216707939626428
76Ge,76,320,,-73212.898,0.018,,,,1.88,Zy,0.08,0+,,95.0,,1933,IS=7.75 12;2B-=100,False,32,44,2.519639250378206e-10,,
76As,76,330,,-72291.4,0.9,,,,1.0933,d,0.0038,2-*,,95.0,,1934,B-=100,False,33,43,1.2598586848224381e-08,,
76As,76,331,m,-72247.0,0.9,44.425,0.001,,1.84,us,0.06,(1)+,,95.0,,1966,IT=100,False,33,43,1.2598594678632518e-08,,
76Se,76,340,,-75251.959,0.016,,,,stbl,,,0+,,95.0,,1922,IS=9.23 7,False,34,42,2.2396965017373806e-10,,
76Br,76,350,,-70289.0,9.0,,,,16.2,h,0.2,1-*,,95.0,,1952,B+=100,False,35,41,1.2599396229664333e-07,7.10e+9,22.683360620993682
76Br,76,351,m,-70186.0,9.0,102.58,0.03,,1.31,s,0.02,(4)+,,95.0,,1979,IT~100;B+<0.6,False,35,41,1.2599414397149298e-07,7.10e+9,22.683360620993682
76Kr,76,360,,-69014.0,4.0,,,,14.8,h,0.1,0+,,95.0,,1954,B+=100,False,36,40,5.599933002828045e-08,1.20e+8,18.60300230074632
76Rb,76,370,,-60479.1,0.9,,,,36.5,s,0.6,1-*,,95.0,,1969,B+=100;B+A=3.8e-7 10,False,37,39,1.2601583153641618e-08,3.58e+7,17.39345845137093
76Rb,76,371,m,-60162.2,0.9,316.93,0.08,,3.050,us,0.007,(4+),,95.0,,1986,IT=100,False,37,39,1.2601639069098243e-08,3.58e+7,17.39345845137093
76Sr,76,380,,-54250.0,30.0,,,,7.89,s,0.07,0+,,11.0,,1990,B+=100;B+p=3.4e-3 8,False,38,38,4.200970194667386e-07,8.67e+2,6.7650389767805414
76Y,76,390,,-38250.0,300.0,,,,28,ms,9,1-.0,,7.0,,2001,B+ ?;p ?;B+p ?,True,39,37,4.201987758861551e-06,,
77Co,77,270,,-21910.0,600.0,,,,15,ms,6,7/2-.0,,20.0,,2014,B-=100;B-n ?;B-2n ?;B-3n ?,True,27,50,8.294908620031935e-06,,
77Ni,77,280,,-37350.0,400.0,,,,158.9,ms,4.2,9/2+.0,,20.0,,1995,B-=100;B-n=26 13;B-2n ?,True,28,49,5.528857770756882e-06,,
77Cu,77,290,,-48862.8,1.2,,,,470.3,ms,1.7,5/2-*,,20.0,,1987,B-=100;B-n=30.1 13,False,29,48,1.6584230707463807e-08,2.00e+3,7.600902459542082
77Zn,77,300,,-58789.2,2.0,,,,2.08,s,0.05,7/2+*,,20.0,,1977,B-=100,False,30,47,2.7637087113486436e-08,7.10e+6,15.775605342011543
77Zn,77,301,m,-58016.8,2.0,772.44,0.015,,1.05,s,0.10,1/2-*,,20.0,,1986,B-=66 7;IT=34 7,False,30,47,2.7637382099510143e-08,7.10e+6,15.775605342011543
77Ga,77,310,,-65992.4,2.4,,,,13.2,s,0.2,3/2-*,,20.0,,1968,"B-=100[gs=12,m=88]",False,31,46,3.3161796352768924e-08,7.00e+6,15.761420707019587
77Ge,77,320,,-71212.87,0.05,,,,11.211,h,0.003,7/2+,,20.0,,1939,B-=100,False,32,45,6.908332707388066e-10,4.00e+7,17.50439001207821
77Ge,77,321,m,-71053.16,0.08,159.71,0.06,,53.7,s,0.6,1/2-,,20.0,,1947,B-=81 2;IT=19 2,False,32,45,1.1053356722817e-09,4.00e+7,17.50439001207821
77As,77,330,,-73916.3,1.7,,,,38.79,h,0.05,3/2-,,20.0,,1951,B-=100,False,33,44,2.3487873594464922e-08,,
77As,77,331,m,-73440.8,1.7,475.48,0.04,,114.0,us,2.5,9/2+,,20.0,,1957,IT=100,False,33,44,2.348802790367748e-08,,
77Se,77,340,,-74599.5,0.06,,,,stbl,,,1/2-*,,20.0,,1922,IS=7.60 7,False,34,43,8.289907621738525e-10,1.76e+6,14.380824367014334
77Se,77,341,m,-74437.58,0.06,161.9223,0.001,,17.36,s,0.05,7/2+,,20.0,,1947,IT=100,False,34,43,8.289926167710469e-10,1.76e+6,14.380824367014334
77Br,77,350,,-73234.8,2.8,,,,57.04,h,0.12,3/2-*,,20.0,,1948,B+=100,False,35,42,3.8687656362151694e-08,7.10e+9,22.683360620993682
77Br,77,351,m,-73128.9,2.8,105.86,0.08,,4.28,m,0.10,9/2+*,,20.0,,1961,IT=100,False,35,42,3.868771297088114e-08,7.10e+9,22.683360620993682
77Kr,77,360,,-70169.5,2.0,,,,72.6,m,0.9,5/2+*,,20.0,,1948,B+=100,False,36,41,2.7635704572312444e-08,2.00e+8,19.11382792451231
77Kr,77,361,m,-70103.0,2.0,66.5,0.05,,118,ns,12,3/2-,,20.0,,1975,IT=100,False,36,41,2.7635729966430337e-08,2.00e+8,19.11382792451231
77Rb,77,370,,-64830.5,1.3,,,,3.78,m,0.04,3/2-*,,20.0,,1972,B+=100,False,37,40,1.7964854353694326e-08,2.90e+8,19.485391480944795
77Sr,77,380,,-57803.0,8.0,,,,9.0,s,0.2,5/2+*,,20.0,,1976,B+=100;B+p=0.08 3,False,38,39,1.1056566343532453e-07,5.12e+4,10.843494811027599
77Y,77,390,,-46440.0,200.0,,,,63,ms,17,5/2+.0,,20.0,,1999,B+~100;B+p ?;p ?,True,39,38,2.764625172661372e-06,,
77Zr,77,400,,-31600.0,400.0,,,,100.0,us,,3/2-.0,,20.0,,2017,B+ ?;B+p ?;p ?,True,40,37,5.5304837155510925e-06,,
78Co,78,270,,-15320.0,700.0,,,,11.0,ms,>410ns,,,,,2017,B- ?,True,27,51,9.554161492522697e-06,,
78Ni,78,280,,-34880.0,400.0,,,,122.2,ms,5.1,0+,,9.0,,1995,B-=100;B-n ?;B-2n ?,True,28,50,5.458160034604858e-06,,
78Cu,78,290,,-44789.0,13.0,,,,330.7,ms,2.0,(6-)*,,9.0,,1991,B-=100;B-n=50.6 45;B-2n ?,False,29,49,1.7736934883338902e-07,2.00e+2,5.298317366548036
78Zn,78,300,,-57483.2,1.9,,,,1.47,s,0.15,0+,,9.0,,1977,B-=100;B-n ?,False,30,48,2.5919180764386176e-08,4.30e+6,15.27412558066379
78Zn,78,301,m,-54809.5,2.0,2673.7,0.6,,320,ns,6,(8+),,9.0,,1998,IT=100,False,30,48,2.7284343335192237e-08,4.30e+6,15.27412558066379
78Ga,78,310,,-63704.1,1.1,,,,5.09,s,0.05,2-*,,9.0,,1972,B-=100,False,31,47,1.5004832866227608e-08,1.00e+7,16.11809565095832
78Ga,78,311,m,-63205.2,1.2,498.9,0.5,,110,ns,3,,,9.0,,2010,IT=100,False,31,47,1.636901997863796e-08,1.00e+7,16.11809565095832
78Ge,78,320,,-71862.0,4.0,,,,88.0,m,1.0,0+,,9.0,,1953,B-=100,False,32,46,5.4557919915407957e-08,1.00e+8,18.420680743952367
78As,78,330,,-72817.0,10.0,,,,90.7,m,0.2,2-,,9.0,,1937,B-=100,False,33,45,1.363954292094314e-07,1.50e+8,18.82614585206053
78Se,78,340,,-77025.95,0.18,,,,stbl,,,0+,,9.0,,1922,IS=23.69 22,False,34,44,2.4550200952869045e-09,,
78Br,78,350,,-73452.0,4.0,,,,6.45,m,0.04,1+*,,9.0,,1937,B+~100;B-<0.01,False,35,43,5.4559624050855765e-08,3.20e+9,21.886416646752092
78Br,78,351,m,-73271.0,4.0,180.89,0.13,,119.4,us,1.0,(4+),,9.0,,1958,IT=100,False,35,43,5.45597587492424e-08,3.20e+9,21.886416646752092
78Kr,78,360,,-74178.3,0.3,,,,stbl,,>110Ey,0+,,9.0,,1920,IS=0.355 3;2B+ ?,False,36,42,4.092003452465935e-09,,
78Rb,78,370,,-66935.0,3.0,,,,17.66,m,0.03,0+*,,9.0,,1968,B+=100,False,37,41,4.0924799798674595e-08,2.40e+9,21.598734574300313
78Rb,78,371,m,-66888.0,3.0,46.84,0.14,,910,ns,40,(1-),,9.0,,1996,IT=100,False,37,41,4.092482603783949e-08,2.40e+9,21.598734574300313
78Rb,78,372,n,-66824.0,3.0,111.19,0.22,,5.74,m,0.03,4-*,,9.0,,1968,B+=91 2;IT=9 2,False,37,41,4.0924861767820255e-08,2.40e+9,21.598734574300313
78Sr,78,380,,-63174.0,7.0,,,,156.1,s,2.7,0+,,9.0,,1982,B+=100,False,38,40,9.549778402413938e-08,2.20e+6,14.603967918328545
78Y,78,390,,-52170.0,300.0,,,*,54,ms,5,(0+),,9.0,,1992,B+=100;B+p ?,True,39,39,4.093448917516911e-06,,
78Y,78,391,m,-52170.0,580.0,0.0,500.0,*,5.8,s,0.6,(5+),,9.0,,1998,B+=100;B+p ?,True,39,39,7.914001240532695e-06,,
78Zr,78,400,,-40850.0,400.0,,,,50.0,ms,>200ns,0+,,9.0,,2001,B+ ?;B+p ?,True,40,38,5.458871398759486e-06,,
79Ni,79,280,,-28160.0,500.0,,,,44,ms,8,5/2+.0,,16.0,,2010,B-=100;B-n ?;B-2n ?,True,28,51,6.736945138598706e-06,,
79Cu,79,290,,-42410.0,100.0,,,,241.3,ms,2.1,(5/2-)*,,16.0,,1991,B-=100;B-n=66 10;B-2n ?,False,29,50,1.3471538460224735e-06,,
79Zn,79,300,,-53432.3,2.2,,,,746,ms,42,9/2+*,,16.0,,1981,B-=100;B-n=1.7 5,False,30,49,2.963350072256278e-08,1.00e+6,13.815510557964274
79Zn,79,301,m,-52330.0,150.0,1100.0,150.0,,>200,ms,,1/2+*,,16.0,,2015,IT ?;B- ?,False,30,49,2.0204959581367013e-06,1.00e+6,13.815510557964274
79Ga,79,310,,-62548.4,1.2,,,,2.848,s,0.003,3/2-*,,16.0,,1974,B-=100;B-n=0.089 19,False,31,48,1.616202465969098e-08,5.50e+6,15.520258650202699
79Ge,79,320,,-69530.0,40.0,,,,18.98,s,0.03,(1/2)-,,16.0,,1970,B-=100,False,32,47,5.386928851983503e-07,1.20e+7,16.300417207752275
79Ge,79,321,m,-69340.0,40.0,185.95,0.04,,39.0,s,1.0,7/2+.0,,16.0,,1970,B-=96 1;IT=4 1,False,32,47,5.38694263604494e-07,1.20e+7,16.300417207752275
79As,79,330,,-73636.0,5.0,,,,9.01,m,0.15,3/2-,,16.0,,1950,B-=100,False,33,46,6.73340600961204e-08,,
79As,79,331,m,-72863.0,5.0,772.81,0.06,,1.21,us,0.01,(9/2)+,,16.0,,1998,IT=100,False,33,46,6.733476104059246e-08,,
79Se,79,340,,-75917.47,0.22,,,,327,ky,28,7/2+*,,16.0,,1950,B-=100,False,34,45,2.962659219933901e-09,2.15e+5,12.2783933071098
79Se,79,341,m,-75821.7,0.22,95.77,0.03,,3.900,m,0.018,1/2-,,16.0,,1950,IT~100;B-=0.056 11,False,34,45,2.962663040878721e-09,2.15e+5,12.2783933071098
79Br,79,350,,-76068.1,1.0,,,,stbl,,,3/2-*,,16.0,,1920,IS=50.65 9,False,35,44,1.3466840050371236e-08,3.20e+7,17.281246460764002
79Br,79,351,m,-75860.5,1.0,207.61,0.09,,4.85,s,0.04,9/2+,,16.0,,1954,IT=100,False,35,44,1.3466877699936616e-08,3.20e+7,17.281246460764002
79Kr,79,360,,-74442.0,3.0,,,,35.04,h,0.10,1/2-*,,16.0,,1948,B+=100,False,36,43,4.040210858137035e-08,2.30e+9,21.556174959881517
79Kr,79,361,m,-74312.0,3.0,129.77,0.05,,50,s,3,7/2+*,,16.0,,1940,IT=100,False,36,43,4.040217931581056e-08,2.30e+9,21.556174959881517
79Rb,79,370,,-70802.8,1.9,,,,22.9,m,0.5,5/2+*,,16.0,,1957,B+=100,False,37,42,2.5589701980296783e-08,1.20e+10,23.208172486734412
79Sr,79,380,,-65480.0,7.0,,,,2.25,m,0.10,3/2-*,,16.0,,1972,B+=100,False,38,41,9.428625104324857e-08,3.07e+7,17.239773212557427
79Y,79,390,,-57800.0,80.0,,,,14.8,s,0.6,5/2+.0,,16.0,,1992,B+=100,False,39,40,1.077687410526159e-06,,
79Zr,79,400,,-46770.0,300.0,,,,56,ms,30,5/2+.0,,16.0,,1999,B+=100;B+p ?,True,40,39,4.041998796647908e-06,,
79Nb,79,410,,-31650.0,500.0,,,,,,,9/2+.0,,,,9999,p ?;B+ ?;B+p ?,True,41,38,6.7381547516622705e-06,,
80Ni,80,280,,-23240.0,600.0,,,,30,ms,22,0+,,14.0,,2014,B-=100;B-n ?;B-2n ?,True,28,52,7.983791802419224e-06,,
80Cu,80,290,,-36680.0,300.0,,,,113.3,ms,6.4,,,14.0,,1995,B-=100;B-n=58 9;B-2n ?,True,29,51,3.991250805549329e-06,,
80Zn,80,300,,-51648.6,2.6,,,,562.2,ms,3.0,0+,,14.0,,1981,B-=100;B-n=1.36 12,False,30,50,3.458454806860468e-08,1.40e+5,11.84939770159144
80Ga,80,310,,-59223.7,2.9,,,*,1.9,s,0.1,6-*,,14.0,,1974,B-=100;B-n=0.86 7,False,31,49,3.8571849839912164e-08,3.20e+6,14.978661367769956
80Ga,80,311,m,-59201.3,2.9,22.45,0.1,*,1.3,s,0.2,3-*,,14.0,,2011,B-~100;B-n ?;IT ?,False,31,49,3.8571861331792224e-08,3.20e+6,14.978661367769956
80Ge,80,320,,-69535.3,2.1,,,,29.5,s,0.4,0+,,5.0,,1972,B-=100,False,32,48,2.7927989612859827e-08,2.50e+6,14.73180128983843
80As,80,330,,-72215.0,3.0,,,,15.2,s,0.2,1+,,5.0,,1954,B-=100,False,33,47,3.9896392434125245e-08,5.00e+6,15.424948470398375
80Se,80,340,,-77759.5,0.9,,,,stbl,,,0+,,5.0,,1922,IS=49.80 36;2B- ?,False,34,46,1.1968241100730325e-08,,
80Br,80,350,,-75889.0,1.0,,,,17.68,m,0.02,1+*,,5.0,,1937,B-=91.7 2;B+=8.3 2,False,35,45,1.3298605176863903e-08,7.10e+8,20.380775527999635
80Br,80,351,m,-75803.2,1.0,85.843,0.004,,4.4205,h,0.0008,5-*,,5.0,,1937,IT=100,False,35,45,1.3298620350860006e-08,7.10e+8,20.380775527999635
80Kr,80,360,,-77893.5,0.7,,,,stbl,,,0+,,5.0,,1920,IS=2.286 10,False,36,44,9.308935584195879e-09,,
80Rb,80,370,,-72175.5,1.9,,,,33.4,s,0.7,1+*,,5.0,,1961,B+=100,False,37,43,2.5269466997982556e-08,1.90e+10,23.667704816112852
80Rb,80,371,m,-71681.6,2.0,493.9,0.5,,1.63,us,0.04,(6+),,5.0,,1980,IT=100,False,37,43,2.659961367096361e-08,1.90e+10,23.667704816112852
80Sr,80,380,,-70311.0,3.0,,,,106.3,m,1.5,0+,,5.0,,1961,B+=100,False,38,42,3.990083418445424e-08,3.40e+8,19.644456175574483
80Y,80,390,,-61148.0,6.0,,,,30.1,s,0.5,4-,,5.0,,1981,B+=100,False,39,41,7.98127681004011e-08,5.65e+3,8.639410824140487
80Y,80,391,m,-60920.0,6.0,228.5,0.1,,4.8,s,0.3,1-,,5.0,,1998,IT=81 2;B+=19 2,False,39,41,7.981301016409741e-08,5.65e+3,8.639410824140487
80Y,80,392,n,-60835.0,6.0,312.6,0.9,,4.7,us,0.3,(2+),,5.0,,1997,IT=100,False,39,41,7.981310040751783e-08,5.65e+3,8.639410824140487
80Zr,80,400,,-54760.0,300.0,,,,4.6,s,0.6,0+,,5.0,,1987,B+=100,True,40,40,3.991046202403897e-06,,
80Nb,80,410,,-38420.0,400.0,,,,,,,4-.0,,,,9999,p ?;B+ ?;B+p ?,True,41,39,5.3226435478843305e-06,,
81Ni,81,280,,-16090.0,700.0,,,,30.0,ms,>410ns,3/2+.0,,,,2017,B- ?,True,28,53,9.200275785422273e-06,,
81Cu,81,290,,-31910.0,300.0,,,,73.2,ms,6.8,5/2-.0,,10.0,,2010,B-=100;B-n=81 20;B-2n ?,True,29,52,3.942222657338235e-06,,
81Zn,81,300,,-46200.0,5.0,,,,299.4,ms,2.1,"(1/2+,5/",2+),8.0,,1991,B-=100;B-n=23 4;B-2n ?,False,30,51,6.569249160704135e-08,5.50e+3,8.612503371220562
81Ga,81,310,,-57628.0,3.0,,,,1.217,s,0.005,5/2-*,,8.0,,1976,B-=100;B-n=12.5 5,False,31,50,3.94102473197872e-08,1.30e+6,14.077874822431765
81Ge,81,320,,-66291.7,2.1,,,,9,s,2,9/2+.0,,8.0,,1972,B-=100,False,32,49,2.7584502318671856e-08,1.30e+6,14.077874822431765
81Ge,81,321,m,-65612.6,2.1,679.14,0.04,,6,s,2,(1/2+),,8.0,,1981,B-~100;IT<1,False,32,49,2.758474838297543e-08,1.30e+6,14.077874822431765
81As,81,330,,-72533.3,2.6,,,,33.3,s,0.8,3/2-,,8.0,,1960,B-=100,False,33,48,3.415002128776652e-08,3.00e+6,14.914122846632385
81Se,81,340,,-76389.0,1.0,,,,18.45,m,0.12,1/2-,,8.0,,1948,B-=100,False,34,47,1.3134181531692633e-08,2.10e+5,12.254862809699606
81Se,81,341,m,-76286.0,1.0,103.0,0.06,,57.28,m,0.02,7/2+,,8.0,,1971,IT~100;B-=0.051 14,False,34,47,1.3134199299909296e-08,2.10e+5,12.254862809699606
81Br,81,350,,-77977.1,1.0,,,,stbl,,,3/2-*,,8.0,,1920,IS=49.35 9,False,35,46,1.3134130682489432e-08,,
81Br,81,351,m,-77440.9,1.0,536.2,0.09,,34.6,us,2.8,9/2+,,8.0,,1967,IT=100,False,35,46,1.3134223180530316e-08,,
81Kr,81,360,,-77696.2,1.1,,,,229,ky,11,7/2+*,,8.0,,1950,EC=100,False,36,45,1.4447842476836714e-08,5.00e+8,20.030118656386467
81Kr,81,361,m,-77505.6,1.1,190.64,0.04,,13.10,s,0.03,1/2-*,,8.0,,1940,IT~100;EC=0.0025 4,False,36,45,1.4447878645902731e-08,5.00e+8,20.030118656386467
81Rb,81,370,,-75457.0,5.0,,,,4.572,h,0.004,3/2-*,,8.0,,1949,B+=100,False,37,44,6.56750584300718e-08,3.80e+10,24.360851996672796
81Rb,81,371,m,-75371.0,5.0,86.31,0.07,,30.5,m,0.3,9/2+*,,8.0,,1956,IT=97.6 6;B+=2.4 6,False,37,44,6.567513261742436e-08,3.80e+10,24.360851996672796
81Sr,81,380,,-71528.0,3.0,,,,22.3,m,0.4,1/2-*,,8.0,,1952,B+=100,False,38,43,3.9407738247476366e-08,7.40e+8,20.42216074416249
81Sr,81,381,m,-71449.0,3.0,79.23,0.04,,390,ns,50,(5/2)-,,8.0,,1983,IT=100,False,38,43,3.940777914239109e-08,7.40e+8,20.42216074416249
81Sr,81,382,n,-71439.0,3.0,89.05,0.07,,6.4,us,0.5,(7/2+),,8.0,,1989,IT ?,False,38,43,3.940778431896863e-08,7.40e+8,20.42216074416249
81Y,81,390,,-65713.0,5.0,,,,70.4,s,1.0,(5/2+),,8.0,,1981,B+=100,False,39,42,6.568569711056206e-08,3.71e+4,10.521372248595526
81Zr,81,400,,-57520.0,90.0,,,,5.5,s,0.4,(3/2-),,8.0,,1997,B+=100;B+p=0.12 2,False,40,41,1.1824899137508776e-06,,
81Nb,81,410,,-46360.0,400.0,,,,,,<44ns,9/2+.0,,8.0,,9999,p ?;B+ ?;B+p ?,True,41,40,5.256370783340469e-06,,
81Mo,81,420,,-31460.0,500.0,,,,1.0,ms,>400ns,5/2+.0,,15.0,,2013,B+ ?;B+p ?,True,42,39,6.571861941151345e-06,,
82Ni,82,280,,-10720.0,800.0,,,,16.0,ms,>410ns,0+,,19.0,,2017,B- ?,True,28,54,1.0387064725553558e-05,,
82Cu,82,290,,-25730.0,400.0,,,,34,ms,7,,,19.0,,2010,B-=100;B-n ?;B-2n ?,True,29,53,5.1926075858831106e-06,,
82Zn,82,300,,-42314.0,3.0,,,,177.9,ms,2.5,0+,,19.0,,1997,B-=100;B-n=69 7;B-2n ?,False,30,52,3.8936828085915284e-08,,
82Ga,82,310,,-52930.7,2.4,,,,600,ms,2,2-*,,19.0,,1976,B-=100;B-n=21.2 10;B-2n ?,False,31,51,3.1145693607635514e-08,2.00e+5,12.206072645530174
82Ga,82,311,m,-52790.0,2.4,140.7,0.3,,93.5,ns,6.7,(4-),,19.0,,2009,IT=100,False,31,51,3.1145750477168605e-08,2.00e+5,12.206072645530174
82Ge,82,320,,-65415.1,2.2,,,,4.31,s,0.19,0+,,19.0,,1972,B-=100,False,32,50,2.8546073375495406e-08,7.00e+4,11.156250521031495
82As,82,330,,-70105.0,4.0,,,,19.1,s,0.5,(2-),,19.0,,1968,B-=100,False,33,49,5.189966426345869e-08,6.00e+5,13.304684934198283
82As,82,331,m,-69973.0,4.0,131.6,0.5,,13.6,s,0.4,(5-),,19.0,,1970,B-=100,False,33,49,5.18997531515909e-08,6.00e+5,13.304684934198283
82Se,82,340,,-77593.9,0.5,,,,87.6,Ey,1.5,0+,,19.0,,1922,IS=8.82 15;2B-=100,False,34,48,6.4869365677563625e-09,,
82Br,82,350,,-77498.7,1.0,,,,35.282,h,0.007,5-*,,19.0,,1937,B-=100,False,35,47,1.2974106859411933e-08,4.00e+7,17.50439001207821
82Br,82,351,m,-77452.8,1.0,45.9492,0.001,,6.13,m,0.05,2-,,19.0,,1965,IT=97.6 3;B-=2.4 3,False,35,47,1.2974114585646435e-08,4.00e+7,17.50439001207821
82Kr,82,360,,-80591.795,0.006,,,,stbl,,,0+,,19.0,,1920,IS=11.593 31,False,36,46,7.784282350219256e-11,,
82Rb,82,370,,-76188.0,3.0,,,,1.2575,m,0.0002,1+*,,19.0,,1949,B+=100,False,37,45,3.892428877813856e-08,2.40e+10,23.901319667294356
82Rb,82,371,m,-76118.8,2.6,69.0,1.5,IT,6.472,h,0.006,5-*,,19.0,,1957,B+~100;IT<0.33,False,37,45,3.373441389628486e-08,2.40e+10,23.901319667294356
82Sr,82,380,,-76010.0,6.0,,,,25.35,d,0.03,0+,,19.0,,1952,EC=100,False,38,44,7.785006372867283e-08,3.20e+9,21.886416646752092
82Y,82,390,,-68064.0,5.0,,,,8.30,s,0.20,1+,,19.0,,1980,B+=100,False,39,43,6.488283128929919e-08,7.35e+4,11.205040685200927
82Y,82,391,m,-67661.0,5.0,402.63,0.14,,258,ns,22,4-,,19.0,,1994,IT=100,False,39,43,6.48831705994864e-08,7.35e+4,11.205040685200927
82Y,82,392,n,-67557.0,5.0,507.5,0.13,,148,ns,6,6+,,19.0,,1994,IT=100,False,39,43,6.488325816398178e-08,7.35e+4,11.205040685200927
82Zr,82,400,,-63614.1,1.6,,,,32,s,5,0+,,19.0,,1982,B+=100,False,40,42,2.0764053504228887e-08,,
82Nb,82,410,,-51810.0,300.0,,,,51,ms,5,(0+),,19.0,,1992,B+=100;B+p ?,True,41,41,3.893921891161457e-06,,
82Nb,82,411,m,-50630.0,300.0,1180.0,1.0,,93,ns,20,(5+),,19.0,,2008,IT=100,True,41,41,3.8939815317438494e-06,,
82Mo,82,420,,-40370.0,400.0,,,,30.0,ms,>400ns,0+,,19.0,,2013,B+ ?;B+p ?,True,42,40,5.192754089073043e-06,,
83Cu,83,290,,-20390.0,500.0,,,,21.0,ms,>410ns,5/2-.0,,,,2017,B- ?;B-n ?;B-2n ?,True,29,54,6.4129849491520795e-06,,
83Zn,83,300,,-36290.0,300.0,,,,100,ms,3,3/2+.0,,15.0,,1997,B-=100;B-n~71 29;B-2n ?,True,30,53,3.8470702413500016e-06,,
83Ga,83,310,,-49257.1,2.6,,,,310.0,ms,0.7,5/2-.0,,15.0,,1976,B-=100;B-n=85 4;B-2n ?,False,31,52,3.333628500493756e-08,4.50e+3,8.411832675758411
83Ga,83,311,m,-49059.8,2.6,197.3,0.5,,120,ns,5,,,,,2016,IT=100,False,31,52,3.333636933632331e-08,4.50e+3,8.411832675758411
83Ge,83,320,,-60976.4,2.4,,,,1.85,s,0.06,(5/2+),,15.0,,1972,B-=100;B-n ?,False,32,51,3.076784240283003e-08,,
83As,83,330,,-69669.3,2.8,,,,13.4,s,0.4,5/2-.0,,15.0,,1968,B-=100,False,33,50,3.589241131174514e-08,,
83Se,83,340,,-75341.0,3.0,,,,22.25,m,0.04,9/2+,,15.0,,1937,B-=100,False,34,49,3.845399674393749e-08,3.90e+3,8.268731832117737
83Se,83,341,m,-75112.0,3.0,228.92,0.07,,70.1,s,0.4,1/2-,,15.0,,1969,B-=100,False,34,49,3.845410961912189e-08,3.90e+3,8.268731832117737
83Br,83,350,,-79014.0,4.0,,,,2.374,h,0.004,3/2-,,15.0,,1937,B-=100,False,35,48,5.127043177827856e-08,1.72e+8,18.963005034777726
83Br,83,351,m,-75945.0,4.0,3069.2,0.4,,729,ns,77,(19/2-),,15.0,,1989,IT=100,False,35,48,5.12724486948358e-08,1.72e+8,18.963005034777726
83Kr,83,360,,-79990.643,0.009,,,,stbl,,,9/2+*,,15.0,,1920,IS=11.500 19,False,36,47,1.1535893976614158e-10,,
83Kr,83,361,m,-79981.238,0.009,9.4053,0.0008,,156.8,ns,0.5,7/2+,,15.0,,1963,IT=100,False,36,47,1.1535895367267407e-10,,
83Kr,83,362,n,-79949.086,0.009,41.5575,0.0007,,1.830,h,0.013,1/2-*,,15.0,,1971,IT=100,False,36,47,1.1535900121367042e-10,,
83Rb,83,370,,-79070.6,2.3,,,,86.2,d,0.1,5/2-*,,15.0,,1950,EC=100,False,37,46,2.9481454337726717e-08,1.50e+10,23.43131603804862
83Rb,83,371,m,-79028.5,2.3,42.078,0.002,,7.8,ms,0.7,9/2+,,15.0,,1968,IT=100,False,37,46,2.9481470247071784e-08,1.50e+10,23.43131603804862
83Sr,83,380,,-76798.0,7.0,,,,32.41,h,0.03,7/2+*,,15.0,,1952,B+=100,False,38,45,8.97302667851401e-08,4.06e+9,22.124448810560054
83Sr,83,381,m,-76539.0,7.0,259.15,0.09,,4.95,s,0.12,1/2-*,,15.0,,1972,IT=100,False,38,45,8.973056469239793e-08,4.06e+9,22.124448810560054
83Y,83,390,,-72206.0,19.0,,,,7.08,m,0.08,(9/2+),,15.0,,1962,B+=100,False,39,44,2.435719567753298e-07,1.12e+7,16.231424336265324
83Y,83,391,m,-72144.0,19.0,62.04,0.1,,2.85,m,0.02,(3/2-),,15.0,,1972,B+=60 5;IT=40 5,False,39,44,2.4357215036982493e-07,1.12e+7,16.231424336265324
83Zr,83,400,,-65912.0,6.0,,,,42,s,2,1/2-.0,,15.0,,1974,B+=100;B+p=?,False,40,43,7.69249422456654e-08,,
83Zr,83,401,m,-65859.0,6.0,52.72,0.05,,530,ns,120,(5/2-),,15.0,,1988,IT=100,False,40,43,7.692499451648044e-08,,
83Zr,83,402,n,-65835.0,6.0,77.04,0.07,,1.8,us,0.1,(7/2+),,15.0,,1988,IT=100,False,40,43,7.692501818630685e-08,,
83Nb,83,410,,-57610.0,160.0,,,,3.9,s,0.2,9/2+.0,,15.0,,1988,B+=100,False,41,42,2.051584179236013e-06,,
83Mo,83,420,,-46340.0,400.0,,,,23,ms,19,3/2-.0,,15.0,,1999,B+=100;B+p ?,True,42,41,5.129786816153736e-06,,
83Tc,83,430,,-31320.0,500.0,,,,,,,1/2-.0,,,,9999,p ?;B+ ?;B+p ?,True,43,40,6.413575302954778e-06,,
84Cu,84,290,,-13720.0,500.0,,,,,,,,,,,9999,B- ?;B-n ?,True,29,55,6.337159012775119e-06,,
84Zn,84,300,,-31830.0,400.0,,,,54,ms,8,0+,,10.0,,2010,B-=100;B-n=73 26;B-2n ?,True,30,54,5.068646879869278e-06,,
84Ga,84,310,,-44094.0,30.0,,,,97.6,ms,1.2,0-.0,,9.0,,1991,B-=100;B-n=43 4;B-2n=1.6 2,False,31,53,3.8009567657132357e-07,8.00e+1,4.382026634673881
84Ga,84,311,m,,,,,RN,<85,ms,,"(3-,4-)",,9.0,,9999,B- ?; IT ?,False,31,53,,8.00e+1,4.382026634673881
84Ge,84,320,,-58148.0,3.0,,,,951,ms,9,0+,,9.0,,1972,B-=100;B-n=10.6 6,False,32,52,3.8003423422487566e-08,,
84As,84,330,,-65854.0,3.0,,,,3.16,s,0.58,(2-),,9.0,,1968,B-=100;B-n=0.28 4,False,33,51,3.8000336486387796e-08,,
84As,84,331,m,,,,,RN,650,ms,150,,,9.0,,1974,B-=100,False,33,51,,,
84Se,84,340,,-75947.7,2.0,,,,3.26,m,0.10,0+,,9.0,,1960,B-=100,False,34,50,2.5330733982148008e-08,,
84Br,84,350,,-77783.0,26.0,,,,31.76,m,0.08,2-,,9.0,,1943,B-=100,False,35,49,3.2929728139924946e-07,5.00e+5,13.122363377404328
84Br,84,351,m,-77470.0,100.0,310.0,100.0,BD,6.0,m,0.2,(6)-,,9.0,,1957,B-=100,False,35,49,1.2665330262133121e-06,5.00e+5,13.122363377404328
84Br,84,352,n,-77375.0,26.0,408.2,0.4,,<140,ns,,1+,,9.0,,1970,IT=100,False,35,49,3.2929898303009676e-07,5.00e+5,13.122363377404328
84Kr,84,360,,-82439.345,0.004,,,,stbl,,,0+,,9.0,,1920,IS=56.987 15,False,36,48,5.065896247290759e-11,,
84Kr,84,361,m,-79203.27,0.18,3236.07,0.18,,1.83,us,0.04,8+,,9.0,,1982,IT=100,False,36,48,2.2797467445365377e-09,,
84Rb,84,370,,-79759.0,2.2,,,,32.82,d,0.07,2-*,,9.0,,1947,B+=96.1 20;B-=3.9 20,False,37,47,2.7863831623950713e-08,6.00e+9,22.515025306174465
84Rb,84,371,m,-79295.4,2.2,463.59,0.08,,20.26,m,0.04,6-*,,9.0,,1940,IT~100;B+<0.0012,False,37,47,2.786399523211458e-08,6.00e+9,22.515025306174465
84Sr,84,380,,-80649.6,1.2,,,,stbl,,,0+,,9.0,,1936,IS=00.56 2;2B+ ?,False,38,46,1.5198531137086875e-08,9.20e+9,22.942469321001404
84Y,84,390,,-73894.0,4.0,,,,39.5,m,0.8,(6+),,9.0,,1962,B+=100,False,39,45,5.066693561111284e-08,2.00e+7,16.811242831518264
84Y,84,391,m,-73827.0,4.0,67.0,0.2,,4.6,s,0.2,1+,,9.0,,1976,B+=100,False,39,45,5.066697861071693e-08,2.00e+7,16.811242831518264
84Y,84,392,n,-73684.0,4.0,210.42,0.16,,292,ns,10,(4-),,9.0,,2005,IT=100,False,39,45,5.0667070386235465e-08,2.00e+7,16.811242831518264
84Zr,84,400,,-71422.0,5.0,,,,25.8,m,0.5,0+,,9.0,,1977,B+=100,False,40,44,6.3336690323328e-08,,
84Nb,84,410,,-61193.8,0.4,,,,9.8,s,0.9,(1+),,9.0,,1977,B+=100,False,41,43,5.067674838542878e-09,,
84Nb,84,411,m,-61145.8,1.1,48.0,1.0,,176,ns,46,(3+),,,,2009,IT=100,False,41,43,1.3936114280836397e-08,,
84Nb,84,412,n,-60856.1,0.6,337.7,0.4,,92,ns,5,(5-),,9.0,,2000,IT=100,False,41,43,7.601544780145546e-09,,
84Mo,84,420,,-54170.0,300.0,,,,2.3,s,0.3,0+,,9.0,,1991,B+=100;B+p ?,True,42,42,3.8011566617488186e-06,,
84Tc,84,430,,-37700.0,400.0,,,,,,,1+.0,,,,9999,p ?;B+ ?;B+p ?,True,43,41,5.069349844435175e-06,,
85Zn,85,300,,-25100.0,500.0,,,,40.0,ms,>400ns,5/2+.0,,14.0,,2010,B- ?;B-n ?;B-2n ?,True,30,55,6.261790891713233e-06,,
85Ga,85,310,,-39740.0,40.0,,,,95.3,ms,1.0,(5/2-),,14.0,,1997,B-=100;B-n=77 4;B-2n=1.3 2,False,31,54,5.008595536224549e-07,1.20e+1,2.4849066497880004
85Ge,85,320,,-53123.0,4.0,,,,495,ms,5,"(3/2+,5/",2+).0,14.0,,1991,B-=100;B-n=17.2 18;B-2n ?,False,32,53,5.007837446594678e-08,,
85As,85,330,,-63189.0,3.0,,,,2.022,s,0.007,(5/2-),,14.0,,1967,B-=100;B-n=62.6 9,False,33,52,3.755465621278851e-08,2.00e+4,9.903487552536127
85Se,85,340,,-72413.6,2.6,,,,32.9,s,0.3,(5/2)+,,14.0,,1960,B-=100,False,34,51,3.2544137561883585e-08,,
85Br,85,350,,-78575.0,3.0,,,,2.90,m,0.06,3/2-,,14.0,,1943,B-=100,False,35,50,3.754863998650016e-08,7.59e+7,18.14492724236586
85Kr,85,360,,-81480.3,2.0,,,,10.728,y,0.007,9/2+*,,14.0,,1940,B-=100,False,36,49,2.5031921620353213e-08,3.00e+9,21.82187812561452
85Kr,85,361,m,-81175.4,2.0,304.871,0.02,,4.480,h,0.008,1/2-*,,14.0,,1937,B-=78.8 5;IT=21.2 5,False,36,49,2.5032017145445643e-08,3.00e+9,21.82187812561452
85Kr,85,362,n,-79488.5,2.0,1991.8,0.2,,1.82,us,0.05,(17/2+),,14.0,,1989,IT=100,False,36,49,2.5032545663962076e-08,3.00e+9,21.82187812561452
85Rb,85,370,,-82167.341,0.005,,,,stbl,,,5/2-*,,14.0,,1921,IS=72.17 2,False,37,48,6.25802789299965e-11,3.55e+9,21.990213440433735
85Rb,85,371,m,-81653.335,0.005,514.0065,0.0022,,1.015,us,0.001,9/2+,,14.0,,1964,IT=100,False,37,48,6.258068153203289e-11,3.55e+9,21.990213440433735
85Sr,85,380,,-81103.3,2.8,,,,64.846,d,0.006,9/2+*,,14.0,,1940,EC=100,False,38,47,3.5045990233317513e-08,3.47e+8,19.664835337911132
85Sr,85,381,m,-80864.5,2.8,238.79,0.05,,67.63,m,0.04,1/2-*,,14.0,,1940,IT=86.6 4;B+=13.4 4,False,38,47,3.504609498337268e-08,3.47e+8,19.664835337911132
85Y,85,390,,-77842.0,19.0,,,,2.68,h,0.05,(1/2)-,,14.0,,1952,B+=100,False,39,46,2.3782563447914848e-07,7.06e+7,18.07254070246347
85Y,85,391,m,-77822.0,19.0,19.68,0.17,,4.86,h,0.20,(9/2)+,,14.0,,1952,B+~100; IT ?,False,39,46,2.3782569401709225e-07,7.06e+7,18.07254070246347
85Y,85,392,n,-77576.0,19.0,266.18,0.1,,178,ns,7,(5/2)-,,14.0,,1977,IT=100,False,39,46,2.3782642633623885e-07,7.06e+7,18.07254070246347
85Zr,85,400,,-73175.0,6.0,,,,7.86,m,0.04,(7/2+),,14.0,,1963,B+=100,False,40,45,7.510843550375047e-08,,
85Zr,85,401,m,-72883.0,6.0,292.2,0.3,,10.9,s,0.3,1/2-.0,,14.0,,1976,IT=?;B+=?,False,40,45,7.510871004690542e-08,,
85Nb,85,410,,-66280.0,4.0,,,,20.5,s,0.7,9/2+.0,,14.0,,1988,B+=100,False,41,44,5.0077423378836774e-08,,
85Nb,85,411,m,-66130.0,80.0,150.0,80.0,,3.3,s,0.9,(1/2-),,14.0,,1988,IT=?;B+=?,True,41,44,1.0015503483915168e-06,,
85Nb,85,412,n,,,,,RN,12,s,5,,,14.0,,9999,B- ?; IT ?,False,41,44,,,
85Mo,85,420,,-57510.0,16.0,,,,3.2,s,0.2,(1/2+),,14.0,,1992,B+=100;B+p=0.14 2,False,42,43,2.003349330001227e-07,,
85Tc,85,430,,-45850.0,400.0,,,,,,<110ns,1/2-.0,,14.0,,9999,p ?,True,43,42,5.00918575387365e-06,,
85Ru,85,440,,-30630.0,500.0,,,,1.0,ms,>400ns,3/2-.0,,15.0,,2013,B+ ?;B+p ?;p ?,True,44,41,6.262777308843153e-06,,
86Zn,86,300,,-20060.0,500.0,,,,,,,0+,,,,9999,B- ?;B-n ?,True,30,56,6.189353144013902e-06,,
86Ga,86,310,,-33760.0,400.0,,,,49,ms,2,,,15.0,,1997,B-=100;B-n=69 6;B-2n=16.2 11,True,31,55,4.950722190749247e-06,1.50e+0,0.4054651081081644
86Ge,86,320,,-49400.0,440.0,,,,221.6,ms,11,0+,,15.0,,1994,B-=100;B-n=45 15,False,32,54,5.444827594032479e-06,,
86As,86,330,,-58962.0,3.0,,,,945,ms,8,"(1-,2-)",,15.0,,1973,B-=100;B-n=35.5 6;B-2n ?,False,33,53,3.712002632717203e-08,,
86Se,86,340,,-70503.2,2.5,,,,14.3,s,0.3,0+,,16.0,,1973,B-=100;B-n ?,False,34,52,3.092943340897523e-08,,
86Br,86,350,,-75632.0,3.0,,,,55.1,s,0.4,(1-),,15.0,,1962,B-=100,False,35,51,3.711355899537521e-08,3.56e+7,17.38785619582226
86Kr,86,360,,-83265.676,0.004,,,,stbl,,,0+,,15.0,,1920,IS=17.279 41;2B- ?,False,36,50,4.9480864168292514e-11,,
86Rb,86,370,,-82747.0,0.2,,,,18.645,d,0.008,2-*,,15.0,,1941,B-~100;EC=0.0052 5,False,37,49,2.474098665175101e-09,5.68e+9,22.46021706967947
86Rb,86,371,m,-82190.95,0.27,556.05,0.18,,1.017,m,0.003,6-*,,15.0,,1951,IT~100;B-<0.3,False,37,49,3.3400561729395764e-09,5.68e+9,22.46021706967947
86Sr,86,380,,-84523.1,0.005,,,,stbl,,,0+,,15.0,,1931,IS=9.86 20,False,38,48,6.185209724408386e-11,4.40e+9,22.204870377870627
86Sr,86,381,m,-81567.01,0.12,2956.09,0.12,,455,ns,7,8+,,15.0,,1971,IT=100,False,38,48,1.48450461933164e-09,4.40e+9,22.204870377870627
86Y,86,390,,-79283.0,14.0,,,,14.74,h,0.02,4-*,,15.0,,1951,B+=100,False,39,47,1.7319987052191086e-07,6.21e+8,20.246841639897752
86Y,86,391,m,-79065.0,14.0,218.21,0.09,,47.4,m,0.4,(8+),,15.0,,1962,IT=99.31 4;B+=0.69 4,False,39,47,1.732003376379237e-07,6.21e+8,20.246841639897752
86Y,86,392,n,-78981.0,14.0,302.18,0.09,,125.3,ns,5.5,6+,,15.0,,2000,IT=100,False,39,47,1.7320051762825247e-07,6.21e+8,20.246841639897752
86Zr,86,400,,-77969.0,4.0,,,,16.5,h,0.1,0+,,15.0,,1951,B+=100,False,40,46,4.9487273573361826e-08,,
86Nb,86,410,,-69134.0,5.0,,,*,88,s,1,(6+),,15.0,,1974,B+=100,False,41,45,6.186684424659457e-08,,
86Nb,86,411,m,-68980.0,100.0,150.0,100.0,*,20.0,s,,"(0-,1-,2",-),15.0,,1994,B+=100; IT ?,True,41,45,1.2373392426803371e-06,,
86Nb,86,412,n,,,,,RN,56.3,s,8.3,,,15.0,,9999,B+= ?; IT ?,False,41,45,,,
86Mo,86,420,,-64110.9,2.9,,,,19.1,s,0.3,0+,,15.0,,1991,B+=100,False,42,44,3.5885574319729643e-08,,
86Tc,86,430,,-51570.0,300.0,,,,55,ms,7,(0+),,15.0,,1992,B+=100;B+p ?,True,43,43,3.7129364071972876e-06,,
86Tc,86,431,m,-50050.0,300.0,1524.0,10.0,,1.10,us,0.12,(6+),,15.0,,2000,IT=100,True,43,43,3.7130062570549216e-06,,
86Ru,86,440,,-39770.0,400.0,,,,50.0,ms,>400ns,0+,,15.0,,2013,B+ ?;B+p ?,True,44,42,4.951384243300122e-06,,
87Ga,87,310,,-28870.0,500.0,,,,29,ms,4,5/2-.0,,15.0,,2010,B-=100;B-n=81 12;B-2n=10.2 2.8,True,31,56,6.117632159628139e-06,,
87Ge,87,320,,-43590.0,300.0,,,,103,ms,4,5/2+.0,,15.0,,1997,B-=100;B-n ?;B-2n ?,True,32,55,3.669976396357529e-06,,
87As,87,330,,-55617.9,3.0,,,,492,ms,25,"(5/2-,3/",2-),15.0,,1970,B-=100;B-n=15.4 22;B-2n ?,False,33,54,3.669494523108762e-08,,
87Se,87,340,,-66426.1,2.2,,,,5.50,s,0.06,(3/2+),,15.0,,1968,B-=100;B-n=0.60 12,False,34,53,2.690649505721568e-08,5.60e+4,10.933106969717286
87Br,87,350,,-73892.0,3.0,,,,55.68,s,0.12,5/2-,,15.0,,1943,B-=100;B-n=2.60 4,False,35,52,3.6687905438654716e-08,2.88e+7,17.175885945106174
87Kr,87,360,,-80709.53,0.25,,,,76.3,m,0.5,5/2+*,,15.0,,1940,B-=100,False,36,51,3.0571189231929093e-09,2.00e+9,21.416413017506358
87Rb,87,370,,-84597.802,0.006,,,,49.7,Gy,0.3,3/2-*,,15.0,,1921,IS=27.83 2;B-=100,False,37,50,7.336852601509394e-11,6.22e+9,22.5510357436975
87Sr,87,380,,-84880.076,0.005,,,,stbl,,,9/2+*,,15.0,,1931,IS=7.00 20,False,38,49,6.114119425346613e-11,4.46e+9,22.218414602978385
87Sr,87,381,m,-84491.547,0.006,388.5287,0.0023,,2.805,h,0.009,1/2-*,,15.0,,1940,IT=99.70 8;EC=0.30 8,False,38,49,7.336978168585665e-11,4.46e+9,22.218414602978385
87Y,87,390,,-83018.4,1.1,,,,79.8,h,0.3,1/2-*,,15.0,,1940,B+=100,False,39,48,1.3451581700418397e-08,2.26e+9,21.538630650230605
87Y,87,391,m,-82637.6,1.1,380.82,0.07,,13.37,h,0.03,9/2+*,,15.0,,1940,IT=98.43 11;B+=1.57 11,False,39,48,1.345164434059658e-08,2.26e+9,21.538630650230605
87Zr,87,400,,-79347.0,4.0,,,,1.68,h,0.01,9/2+,,15.0,,1948,B+=100,False,40,47,4.891781245867889e-08,,
87Zr,87,401,m,-79011.0,4.0,335.84,0.19,,14.0,s,0.2,1/2-,,15.0,,1972,IT=100,False,40,47,4.891801346750442e-08,,
87Nb,87,410,,-73874.0,7.0,,,,3.7,m,0.1,(1/2)-,,15.0,,1971,B+=100,False,41,46,8.561325617501402e-08,,
87Nb,87,411,m,-73870.0,7.0,3.9,0.1,,2.6,m,0.1,(9/2)+,,15.0,,1972,B+=100,False,41,46,8.561326036337401e-08,,
87Mo,87,420,,-66884.8,2.9,,,,14.1,s,0.3,7/2+.0,,15.0,,1977,B+=100;B+p=15 5,False,42,45,3.547194226700029e-08,,
87Tc,87,430,,-57690.0,4.0,,,*,2.14,s,0.17,9/2+.0,,15.0,,1991,B+=100;B+p<0.7,False,43,44,4.8933094435751926e-08,,
87Tc,87,431,m,-57683.0,4.0,7.0,1.0,*,2.0,s,,1/2-.0,,,,9999,B+ ?;IT ?,False,43,44,4.8933098626035815e-08,,
87Tc,87,432,n,-57619.0,4.0,71.0,1.0,,647,ns,24,7/2+.0,,15.0,,2007,IT=100,False,43,44,4.893313693723607e-08,,
87Ru,87,440,,-45730.0,400.0,,,,50.0,ms,>1.5us,1/2-.0,,15.0,,1995,B+ ?;B+p ?,True,44,43,4.894102932514815e-06,,
88Ga,88,310,,-22390.0,500.0,,,,,,,,,,,9999,B- ?;B-n ?,True,31,57,6.0485782828754956e-06,,
88Ge,88,320,,-39520.0,400.0,,,,61,ms,6,0+,,14.0,,1997,B-=100;B-n ?;B-2n ?,True,32,56,4.837935781104724e-06,,
88As,88,330,,-50450.0,200.0,,,,270,ms,150,,,14.0,,1994,B-=100;B-n ?,True,33,55,2.418685983152137e-06,,
88Se,88,340,,-63884.0,3.0,,,,1.53,s,0.06,0+,,14.0,,1970,B-=100;B-n=0.99 10,False,34,54,3.627496377318836e-08,,
88Br,88,350,,-70716.0,3.0,,,,16.34,s,0.08,(1-),,14.0,,1948,B-=100;B-n=6.58 18,False,35,53,3.627253454148289e-08,1.21e+7,16.308716010566968
88Br,88,351,m,-70446.0,3.0,270.17,0.11,,5.51,us,0.04,(4-),,14.0,,1970,IT=100,False,35,53,3.627265295457804e-08,1.21e+7,16.308716010566968
88Kr,88,360,,-79691.3,2.6,,,,2.825,h,0.019,0+,,14.0,,1939,B-=100,False,36,52,3.143327703336235e-08,1.30e+9,20.985630101413904
88Rb,88,370,,-82609.0,0.16,,,,17.78,m,0.03,2-*,,14.0,,1939,B-=100,False,37,51,1.934317523321729e-09,5.08e+9,22.3485770985368
88Rb,88,371,m,-81235.2,0.3,1373.8,0.3,,123,ns,13,(7+),,14.0,,2000,IT=100,False,37,51,3.6269055938125117e-09,5.08e+9,22.3485770985368
88Sr,88,380,,-87921.629,0.006,,,,stbl,,,0+,,14.0,,1923,IS=82.58 35,False,38,50,7.253338263868432e-11,1.10e+9,20.818576016750736
88Y,88,390,,-84299.0,1.5,,,,106.629,d,0.024,4-*,,14.0,,1948,B+=100,False,39,49,1.8134423362175805e-08,,
88Y,88,391,m,-83906.1,1.5,392.86,0.09,,301,us,3,1+,,14.0,,1955,IT=100,False,39,49,1.8134509501276546e-08,,
88Y,88,392,n,-83624.5,1.5,674.55,0.04,,13.98,ms,0.17,8+*,,14.0,,1962,IT=100,False,39,49,1.8134571239552364e-08,,
88Zr,88,400,,-83629.0,5.0,,,,83.4,d,0.3,0+,,14.0,,1951,EC=100,False,40,48,6.044951269953156e-08,,
88Zr,88,401,m,-80741.0,5.0,2887.79,0.06,,1.320,us,0.025,8+,,14.0,,1978,IT=100,False,40,48,6.04516234065633e-08,,
88Nb,88,410,,-76170.0,60.0,,,*,14.50,m,0.11,(8+),,14.0,,1964,B+=100,False,41,47,7.254709179872841e-07,,
88Nb,88,411,m,-76040.0,100.0,130.0,120.0,BD*,7.7,m,0.1,(4-),,14.0,,1971,B+=100,False,41,47,1.2091200972053182e-06,,
88Mo,88,420,,-72687.0,4.0,,,,8.0,m,0.2,0+,,14.0,,1971,B+=100,False,42,46,4.8367521162896185e-08,,
88Tc,88,430,,-61670.0,4.0,,,,6.4,s,0.8,(2+),,14.0,,1991,B+=100;B+p ?,False,43,45,4.837472198529309e-08,,
88Tc,88,431,m,-61600.0,5.0,70.0,3.0,MD,5.8,s,0.2,(6+),,14.0,,1993,B+=100;B+p ?,False,43,45,6.046845367164748e-08,,
88Tc,88,432,n,-61575.0,4.0,95.0,1.0,,146,ns,12,(4+),,14.0,,2009,IT=100,False,43,45,4.8374777563057965e-08,,
88Ru,88,440,,-54340.0,300.0,,,,1.5,s,0.3,0+,,14.0,,1994,B+=100;B+p<3.6,True,44,44,3.628482555455731e-06,,
88Rh,88,450,,-36860.0,400.0,,,,1.0,ms,,,,,,9999,B+ ?,True,45,43,4.839075512529479e-06,,
89Ge,89,320,,-33040.0,400.0,,,,60.0,ms,>300ns,3/2+.0,,13.0,,1997,B- ?;B-n ?;B-2n ?,True,32,57,4.783946465450446e-06,,
89As,89,330,,-46530.0,300.0,,,,220.0,ms,>150ns,5/2-.0,,13.0,,1994,B- ?;B-n ?;B-2n ?,True,33,56,3.5874365478796156e-06,,
89Se,89,340,,-58992.0,4.0,,,,430,ms,50,5/2+.0,,13.0,,1971,B-=100;B-n=7.8 25,False,34,55,4.78260998286857e-08,,
89Br,89,350,,-68274.0,3.0,,,,4.357,s,0.022,"(3/2-,5/",2-),13.0,,1959,B-=100;B-n=13.8 4,False,35,54,3.586614905517091e-08,4.42e+6,15.30165025405388
89Kr,89,360,,-76535.8,2.1,,,,3.15,m,0.04,3/2+*,,13.0,,1940,B-=100,False,36,53,2.5104212889078742e-08,6.70e+8,20.322788270349285
89Rb,89,370,,-81712.0,5.0,,,,15.32,m,0.10,3/2-*,,13.0,,1940,B-=100,False,37,52,5.976916112693809e-08,7.26e+9,22.705645665783116
89Sr,89,380,,-86209.03,0.09,,,,50.563,d,0.025,5/2+*,,13.0,,1937,B-=100,False,38,51,1.0758037008070901e-09,,
89Y,89,390,,-87711.2,0.3,,,,stbl,,,1/2-*,,13.0,,1923,IS=100,False,39,50,3.5860033842313498e-09,1.67e+7,16.630919277386983
89Y,89,391,m,-86802.2,0.3,908.97,0.03,,15.663,s,0.005,9/2+*,,13.0,,1951,IT=100,False,39,50,3.5860423486981448e-09,1.67e+7,16.630919277386983
89Zr,89,400,,-84878.0,2.8,,,,78.360,h,0.023,9/2+,,13.0,,1948,B+=100,False,40,49,3.347101590624972e-08,,
89Zr,89,401,m,-84290.2,2.8,587.82,0.1,,4.161,m,0.010,1/2-,,13.0,,1953,IT=93.77 12;B+=6.23 12,False,40,49,3.347125109275041e-08,,
89Nb,89,410,,-80626.0,24.0,,,*,2.03,h,0.07,(9/2+),,13.0,,1954,B+=100,False,41,48,2.869134411262396e-07,,
89Nb,89,411,m,-80630.0,40.0,0.0,30.0,*,1.10,h,0.03,(1/2)-,,13.0,,1954,B+=100,True,41,48,4.781890456772551e-07,,
89Mo,89,420,,-75015.0,4.0,,,,2.11,m,0.10,(9/2+),,13.0,,1980,B+=100,False,42,47,4.7822854124370004e-08,,
89Mo,89,421,m,-74628.0,4.0,387.5,0.2,,190,ms,15,(1/2-),,13.0,,1980,IT=100,False,42,47,4.782307539509898e-08,,
89Tc,89,430,,-67395.0,4.0,,,,12.8,s,0.9,(9/2+),,13.0,,1991,B+=100,False,43,46,4.7827950921835843e-08,,
89Tc,89,431,m,-67332.0,4.0,62.6,0.5,,12.9,s,0.8,(1/2-),,13.0,,1991,B+~100;IT ?,False,43,46,4.782798695019099e-08,,
89Ru,89,440,,-58369.0,24.0,,,,1.32,s,0.03,(9/2+),,13.0,,1992,B+=100;B+p=3.1 2,False,44,45,2.8700311830920646e-07,,
89Rh,89,450,,-45650.0,360.0,,,,,,<120ns,9/2+.0,,16.0,,9999,B+ ?;B+p ?;p ?,True,45,44,4.305768274840163e-06,,
90Ge,90,320,,-28470.0,500.0,,,,30.0,ms,>400ns,0+,,20.0,,2010,B- ?;B-n ?;B-2n ?,True,32,58,5.913802458376344e-06,,
90As,90,330,,-40990.0,400.0,,,,70.0,ms,>300ns,,,20.0,,1997,B- ?;B-n ?;B-2n ?,True,33,57,4.7304138406416595e-06,,
90As,90,331,m,-40870.0,400.0,124.5,0.5,,220,ns,100,,,,,2012,IT=100,True,33,57,4.730420553695717e-06,,
90Se,90,340,,-55800.0,330.0,,,,210,ms,80,0+,,20.0,,1994,B-=100;B-n ?,False,34,56,3.901967694537277e-06,,
90Br,90,350,,-64000.0,3.0,,,,1.910,s,0.010,,,20.0,,1959,B-=100;B-n=25.3 15,False,35,55,3.546953695148889e-08,7.35e+5,13.507625778194974
90Kr,90,360,,-74959.3,1.9,,,,32.32,s,0.09,0+,,20.0,,1951,B-=100,False,36,54,2.2461473116750654e-08,5.10e+8,20.049921283682647
90Rb,90,370,,-79366.0,6.0,,,,158,s,5,0-*,,20.0,,1951,B-=100,False,37,53,7.09283571695127e-08,7.18e+9,22.694565220006545
90Rb,90,371,m,-79259.0,6.0,106.9,0.03,,258,s,4,3-*,,20.0,,1967,B-=97.4 4;IT=2.5 4,False,37,53,7.092844688612753e-08,7.18e+9,22.694565220006545
90Sr,90,380,,-85950.9,1.4,,,,28.91,y,0.03,0+,,20.0,,1948,B-=100,False,38,52,1.6548914810368478e-08,1.70e+9,21.253894088008582
90Y,90,390,,-86496.9,0.4,,,,64.05,h,0.05,2-*,,20.0,,1937,B-=100,False,39,51,4.728303144016844e-09,,
90Y,90,391,m,-85814.9,0.4,682.01,0.05,,3.226,h,0.011,7+*,,20.0,,1961,IT=99.9982 2;B-=0.0018 2,False,39,51,4.728341262754457e-09,,
90Zr,90,400,,-88772.55,0.12,,,,stbl,,,0+,,20.0,,1924,IS=51.45 4,False,40,50,1.418474472249754e-09,,
90Zr,90,401,m,-86453.55,0.12,2319.0,0.009,,809.2,ms,2.0,5-,,20.0,,1972,IT=100,False,40,50,1.418513356565086e-09,,
90Zr,90,402,n,-85183.13,0.12,3589.418,0.015,,131,ns,4,8+,,20.0,,1977,IT=100,False,40,50,1.4185346595008122e-09,,
90Nb,90,410,,-82662.0,3.0,,,,14.60,h,0.05,8+*,,20.0,,1951,B+=100,False,41,49,3.546496564628509e-08,,
90Nb,90,411,m,-82540.0,3.0,122.37,0.022,,63,us,2,6+,,20.0,,1967,IT=100,False,41,49,3.546501679541959e-08,,
90Nb,90,412,n,-82537.0,3.0,124.67,0.25,,18.81,s,0.06,4-*,,20.0,,1969,IT=100,False,41,49,3.546501805318705e-08,,
90Nb,90,413,p,-82491.0,3.0,171.1,0.1,,<1,us,,7+,,20.0,,1981,IT=100,False,41,49,3.546503733896595e-08,,
90Nb,90,414,q,-82280.0,3.0,382.01,0.25,,6.19,ms,0.08,1+,,20.0,,1967,"IT=100[gs=0,m=100]",False,41,49,3.546512580226405e-08,,
90Nb,90,415,r,-80782.0,3.0,1880.21,0.2,,471,ns,6,(11-),,20.0,,1978,IT=100,False,41,49,3.546575386244363e-08,,
90Mo,90,420,,-80173.0,3.0,,,,5.56,h,0.09,0+,,20.0,,1953,B+=100,False,42,48,3.546655147741894e-08,,
90Mo,90,421,m,-77298.0,3.0,2874.73,0.15,,1.14,us,0.05,8+,,20.0,,1971,IT=100,False,42,48,3.5467756983154906e-08,,
90Tc,90,430,,-70724.7,1.0,,,,49.2,s,0.4,(8+),,20.0,,1974,B+=100,False,43,47,1.1823685310310986e-08,,
90Tc,90,431,m,-70580.7,1.3,144.0,1.7,MD,8.7,s,0.2,1+,,20.0,,1974,B+=100,False,43,47,1.5370817073921664e-08,,
90Ru,90,440,,-64884.0,4.0,,,,11.7,s,0.9,0+,,20.0,,1991,B+=100,False,44,46,4.72987309153821e-08,,
90Rh,90,450,,-51630.0,200.0,,,*,29,ms,3,(0+),,20.0,,1994,B+=100;B+p<0.7,True,45,45,2.365343426444154e-06,,
90Rh,90,451,m,-51630.0,540.0,0.0,500.0,*,0.56,s,0.02,(7+),,20.0,,2001,B+=100;B+p=9.6 10,True,45,45,6.386427251399215e-06,,
90Pd,90,460,,-39710.0,400.0,,,,10.0,ms,>400ns,0+,,20.0,,2016,B+ ?; B+p ? 2p ?,True,46,44,4.731426234494508e-06,,
91As,91,330,,-36500.0,400.0,,,,100.0,ms,>300ns,5/2-.0,,13.0,,1997,B- ?;B-n ?;B-2n ?,True,33,58,4.678675945919995e-06,,
91Se,91,340,,-50580.0,430.0,,,,270,ms,50,1/2+.0,,13.0,,1975,B-=100;B-n=21 10;B-2n ?,False,34,57,5.028824522390887e-06,,
91Br,91,350,,-61107.0,4.0,,,,543,ms,4,5/2-.0,,13.0,,1974,B-=100;B-n=29.5 5,False,35,56,4.677471192900229e-08,6.00e+4,11.002099841204238
91Kr,91,360,,-70974.0,2.2,,,,8.57,s,0.04,5/2+*,,13.0,,1951,B-=100;B-n ?,False,36,55,2.5723512580525134e-08,3.90e+8,19.781657297087968
91Rb,91,370,,-77745.0,8.0,,,,58.2,s,0.3,3/2-*,,13.0,,1951,B-=100;B-n ?,False,37,54,9.353405510998491e-08,4.99e+9,22.33070174670984
91Sr,91,380,,-83652.0,5.0,,,,9.65,h,0.06,5/2+*,,13.0,,1943,B-=100,False,38,53,5.8455631237070945e-08,1.20e+6,13.997832114758229
91Y,91,390,,-86351.3,1.8,,,,58.51,d,0.06,1/2-*,,13.0,,1943,B-=100,False,39,52,2.1043681343091467e-08,,
91Y,91,391,m,-85795.7,1.8,555.58,0.05,,49.71,m,0.04,9/2+,,13.0,,1953,IT~100;B- ?,False,39,52,2.104381803285322e-08,,
91Zr,91,400,,-87895.59,0.09,,,,stbl,,,5/2+*,,13.0,,1934,IS=11.22 5,False,40,51,1.0521809801300446e-09,,
91Zr,91,401,m,-84728.3,0.4,3167.3,0.4,,4.35,us,0.14,(21/2+),,13.0,,1985,IT=100,False,40,51,4.676533076553638e-09,,
91Nb,91,410,,-86638.0,2.9,,,,680,y,130,9/2+*,,13.0,,1951,EC~100;e+=0.0138 25,False,41,50,3.390462048292311e-08,,
91Nb,91,411,m,-86533.4,2.9,104.6,0.05,,60.86,d,0.22,1/2-*,,13.0,,1950,IT=96.6 5;EC=3.4 5;e+=0.0028 2,False,41,50,3.390466194508972e-08,,
91Nb,91,412,n,-84603.6,2.9,2034.42,0.2,,3.76,us,0.12,(17/2-),,13.0,,1974,IT=100,False,41,50,3.3905426912511143e-08,,
91Mo,91,420,,-82209.0,6.0,,,,15.49,m,0.01,9/2+,,13.0,,1948,B+=100,False,42,49,7.015218392026233e-08,,
91Mo,91,421,m,-81556.0,6.0,653.01,0.09,,64.6,s,0.6,1/2-,,13.0,,1953,IT=50.0 16;B+=50.0 16,False,42,49,7.015271952898121e-08,,
91Tc,91,430,,-75986.7,2.4,,,,3.14,m,0.02,(9/2)+,,13.0,,1974,B+=100,False,43,48,2.8063339578054032e-08,,
91Tc,91,431,m,-75847.4,2.4,139.3,0.3,,3.3,m,0.1,(1/2)-,,13.0,,1975,B+~100;IT ?,False,43,48,2.8063385288902753e-08,,
91Ru,91,440,,-68239.8,2.2,,,*,8.0,s,0.4,(9/2+),,13.0,,1983,B+=100;B+p ?,False,44,47,2.572744754261584e-08,,
91Ru,91,441,m,-68580.0,500.0,-340.0,500.0,BD*,7.6,s,0.8,(1/2-),,13.0,,1983,B+~100;B+p=?;IT ?,False,44,47,5.847123906584812e-06,,
91Rh,91,450,,-58570.0,300.0,,,,1.47,s,0.22,(9/2+),,13.0,,1994,B+=100;B+p=1.3 5,True,45,46,3.5087381428873657e-06,,
91Rh,91,451,m,-58400.0,300.0,172.9,0.4,,1.8.0,s,,1/2-.0,,13.0,,2004,B+ ?;IT ?; B+p ?,True,45,46,3.5087451192724717e-06,,
91Pd,91,460,,-46170.0,420.0,,,,32,ms,3,7/2+.0,,13.0,,1995,B+=100;B+p=3.1 10,True,46,45,4.9130202418112825e-06,,
92As,92,330,,-30380.0,500.0,,,,45.0,ms,>300ns,,,12.0,,1997,B- ?;B-n ?;B-2n ?,True,33,59,5.785181043827874e-06,,
92Se,92,340,,-46720.0,400.0,,,,90.0,ms,>300ns,0+,,12.0,,1997,B- ?;B-n ?;B-2n ?,True,34,58,4.627339236620246e-06,,
92Se,92,341,m,-44780.0,400.0,3072.0,2.0,,15.7,us,0.7,(9-),,,,2012,IT=100,True,34,58,4.627443088452743e-06,,
92Br,92,350,,-56233.0,7.0,,,,314,ms,16,(2-),,12.0,,1974,B-=100;B-n=33.1 25;B-2n ?,False,35,57,8.097073729729253e-08,1.26e+4,9.441452092939569
92Br,92,351,m,-55571.0,7.0,662.0,1.0,,88,ns,8,,,,,2012,IT=100,False,35,57,8.097135733694301e-08,1.26e+4,9.441452092939569
92Br,92,352,n,-55095.0,7.0,1138.0,1.0,,85,ns,10,,,,,2012,IT=100,False,35,57,8.097180317192601e-08,1.26e+4,9.441452092939569
92Kr,92,360,,-68769.3,2.7,,,,1.840,s,0.008,0+,,12.0,,1951,B-=100;B-n=0.0332 25,False,36,56,3.122750895669164e-08,1.30e+8,18.683045008419857
92Rb,92,370,,-74772.0,6.0,,,,4.48,s,0.03,0-*,,12.0,,1960,B-=100;B-n=0.0107 5,False,37,55,6.939068482212513e-08,3.16e+9,21.873837864545234
92Sr,92,380,,-82867.0,3.0,,,,2.611,h,0.017,0+,,12.0,,1956,B-=100,False,38,54,3.469261341853481e-08,2.00e+9,21.416413017506358
92Y,92,390,,-84816.0,9.0,,,,3.54,h,0.01,2-*,,12.0,,1940,B-=100,False,39,53,1.0407705111481759e-07,,
92Y,92,391,m,-84010.0,50.0,807.0,50.0,,3.7,us,0.5,7+.0,,12.0,,2009,IT=100,True,39,53,5.782112288475215e-07,,
92Zr,92,400,,-88459.02,0.09,,,,stbl,,,0+,,12.0,,1924,IS=17.15 3,False,40,52,1.0407422320354192e-09,,
92Nb,92,410,,-86453.3,1.8,,,,34.7,My,2.4,7+*,,12.0,,1938,B+=100,False,41,51,2.0815638748796107e-08,,
92Nb,92,411,m,-86317.8,1.8,135.5,0.4,,10.116,d,0.013,(2)+,,12.0,,1959,B+=100,False,41,51,2.081567136601702e-08,,
92Nb,92,412,n,-86227.5,1.8,225.8,0.4,,5.9,us,0.2,(2)-,,12.0,,1958,IT=100,False,41,51,2.0815693102863798e-08,,
92Nb,92,413,p,-84250.0,1.8,2203.3,0.4,,167,ns,4,(11-),,12.0,,1989,IT=100,False,41,51,2.08161691343412e-08,,
92Mo,92,420,,-86808.59,0.16,,,,stbl,,>190Ey,0+,,12.0,,1930,IS=14.649 106;2B+ ?,False,42,50,1.8502990714756618e-09,,
92Mo,92,421,m,-84048.07,0.21,2760.52,0.14,,190,ns,3,8+,,12.0,,1964,IT=100,False,42,50,2.4285950609850588e-09,,
92Tc,92,430,,-78926.0,3.0,,,,4.25,m,0.15,(8)+,,12.0,,1964,B+=100,False,43,49,3.469678939673954e-08,,
92Tc,92,431,m,-78656.0,3.0,270.09,0.08,,1.03,us,0.06,(4+),,12.0,,1976,IT=100,False,43,49,3.4696897745125374e-08,,
92Tc,92,432,n,-78397.0,3.0,529.42,0.13,,<0.1,us,,(3+),,12.0,,1976,IT=100,False,43,49,3.4697001679953614e-08,,
92Tc,92,433,p,-78215.0,3.0,711.33,0.15,,<0.1,us,,1+,,12.0,,1976,IT=100,False,43,49,3.4697074715610836e-08,,
92Ru,92,440,,-74301.2,2.7,,,,3.65,m,0.05,0+,,12.0,,1971,B+=100,False,44,48,3.1229247996993365e-08,,
92Ru,92,441,m,-71467.0,3.0,2833.9,1.8,,100,ns,8,(8+),,12.0,,1980,IT=100,False,44,48,3.470030196757051e-08,,
92Rh,92,450,,-62999.0,4.0,,,,5.61,s,0.08,(6+),,12.0,,1994,B+=100;B+p=2.05 7,False,45,47,4.6272293758749466e-08,,
92Rh,92,451,m,-62950.0,100.0,50.0,100.0,,3.18,s,0.22,(2+),,12.0,,2004,B+=100;B+p=1.7 3,True,45,47,1.1568079996886916e-06,,
92Rh,92,452,n,-62890.0,100.0,105.0,100.0,,232,ns,15,(4+),,,,2017,IT=100,True,45,47,1.1568088026120978e-06,,
92Pd,92,460,,-54780.0,350.0,,,,1.06,s,0.03,0+,,12.0,,1994,B+=100;B+p=1.6 2,False,46,46,4.049271283108297e-06,,
92Ag,92,470,,-37530.0,400.0,,,,1.0,ms,>400ns,,,16.0,,2016,B+ ?; p ?,True,47,45,4.628731630678841e-06,,
93Se,93,340,,-40860.0,400.0,,,,130.0,ms,>300ns,1/2+.0,,11.0,,1997,B- ?;B-n ?;B-2n ?,True,34,59,4.577891465522862e-06,,
93Se,93,341,m,-40180.0,400.0,678.2,0.7,,420,ns,100,,,,,2012,IT=100,True,34,59,4.5779270928535876e-06,,
93Br,93,350,,-52890.0,430.0,,,,152,ms,8,5/2-.0,,11.0,,1981,B-=100;B-n=64 6;B-2n ?,False,35,58,4.920628687205459e-06,4.55e+2,6.12029741895095
93Kr,93,360,,-64136.0,2.5,,,,1.287,s,0.010,1/2+*,,11.0,,1951,B-=100;B-n=1.95 11,False,36,57,2.860504844663186e-08,3.60e+7,17.399029496420383
93Rb,93,370,,-72620.0,8.0,,,,5.84,s,0.02,5/2-*,,11.0,,1960,B-=100;B-n=1.39 7,False,37,56,9.152862444222313e-08,1.62e+9,21.205691986190704
93Rb,93,371,m,-68197.0,8.0,4423.1,1.5,,111,ns,11,(27/2-),,11.0,,2010,IT=100,False,37,56,9.153325638089913e-08,1.62e+9,21.205691986190704
93Sr,93,380,,-80086.0,8.0,,,,7.43,m,0.03,5/2+*,,11.0,,1959,B-=100,False,38,55,9.152216096670847e-08,,
93Y,93,390,,-84227.0,10.0,,,,10.18,h,0.08,1/2-*,,11.0,,1948,B-=100,False,39,54,1.1439897430864601e-07,,
93Y,93,391,m,-83468.0,10.0,758.719,0.021,,820,ms,40,9/2+*,,11.0,,1974,IT=100,False,39,54,1.143999676300829e-07,,
93Zr,93,400,,-87122.0,0.5,,,,1.61,My,0.05,5/2+,,11.0,,1950,B-=100,False,40,53,5.7198439112269676e-09,,
93Nb,93,410,,-87212.8,1.5,,,,stbl,,,9/2+*,,11.0,,1932,IS=100,False,41,52,1.7159767793653217e-08,,
93Nb,93,411,m,-87182.0,1.5,30.76,0.005,,16.12,y,0.12,1/2-,,11.0,,1965,IT=100,False,41,52,1.715977383985203e-08,,
93Nb,93,412,n,-79753.0,17.0,7460.0,17.0,,1.5,us,0.5,33/2-.0,,11.0,,2007,IT=100,False,41,52,1.9449396624032874e-07,,
93Mo,93,420,,-86807.08,0.18,,,,4.0,ky,0.8,5/2+,,11.0,,1946,EC=100,False,42,51,2.0592121599309346e-09,,
93Mo,93,421,m,-84382.13,0.18,2424.95,0.04,,6.85,h,0.07,21/2+,,11.0,,1950,IT=99.88 1;B+=0.12 1,False,42,51,2.059269287338947e-09,,
93Mo,93,422,n,-77112.0,17.0,9695.0,17.0,,1.8,us,1.0,(39/2-),,11.0,,2005,IT=100,False,42,51,1.9450272119573057e-07,,
93Tc,93,430,,-83606.1,1.0,,,,2.75,h,0.05,9/2+,,11.0,,1948,B+=100,False,43,50,1.1440655779200326e-08,,
93Tc,93,431,m,-83214.3,1.0,391.84,0.08,,43.5,m,1.0,1/2-,,11.0,,1939,IT=77.4 6;B+=22.6 6,False,43,50,1.1440707061585501e-08,,
93Tc,93,432,n,-81420.9,1.0,2185.16,0.15,,10.2,us,0.3,(17/2)-,,11.0,,1973,IT=100,False,43,50,1.1440941804129882e-08,,
93Ru,93,440,,-77216.7,2.1,,,,59.7,s,0.6,(9/2)+,,11.0,,1972,B+=100,False,44,49,2.402748904439687e-08,,
93Ru,93,441,m,-76482.3,2.1,734.4,0.1,,10.8,s,0.3,(1/2)-,,11.0,,1983,B+=78.0 23;IT=22.0 23;B+p=0.027 5,False,44,49,2.4027690943225164e-08,,
93Ru,93,442,n,-75134.2,2.3,2082.5,0.9,,2.30,us,0.07,(21/2)+,,11.0,,1983,IT=100,False,44,49,2.6316448383196514e-08,,
93Rh,93,450,,-69011.8,2.6,,,,13.9,s,1.6,9/2+.0,,11.0,,1994,B+=100,False,45,48,2.9751553035911577e-08,,
93Pd,93,460,,-58980.0,370.0,,,,1.17,s,0.02,(9/2+),,11.0,,1994,B+=100;B+p=7.4 2,False,46,47,4.234423604286697e-06,,
93Ag,93,470,,-46400.0,400.0,,,,228,ns,16,9/2+.0,,16.0,,1994,p=?; B+ ?;B+p ?,True,47,46,4.578482181734961e-06,,
94Se,94,340,,-36800.0,500.0,,,,50.0,ms,>300ns,0+,,6.0,,1997,B- ?;B-n ?;B-2n ?,True,34,60,5.661746247253016e-06,,
94Se,94,341,m,-34370.0,500.0,2430.0,0.6,,680,ns,50,(7-),,,,2020,IT=100,True,34,60,5.661902040640802e-06,,
94Br,94,350,,-47650.0,200.0,,,,70,ms,20,2-.0,,6.0,,1981,B-=100;B-n=68 16;B-2n ?,True,35,59,2.2644534514009074e-06,4.80e+1,3.871201010907891
94Br,94,351,m,-47360.0,200.0,294.6,0.5,,530,ns,15,,,,,2012,IT=100,True,35,59,2.2644608866619993e-06,4.80e+1,3.871201010907891
94Kr,94,360,,-61348.0,12.0,,,,212,ms,4,0+,,11.0,,1972,B-=100;B-n=1.11 7,False,36,58,1.3584812735554314e-07,3.30e+6,15.009433026436708
94Rb,94,370,,-68562.8,2.0,,,,2.702,s,0.005,3-*,,11.0,,1961,B-=100;B-n=10.3 3,False,37,57,2.2639836897243486e-08,1.08e+9,20.80022687808254
94Rb,94,371,m,-68458.6,2.0,104.2,0.2,,130,ns,15,(0-),,,,2016,IT=100,False,37,57,2.2639863601766374e-08,1.08e+9,20.80022687808254
94Rb,94,372,n,-66487.9,2.4,2074.9,1.4,,107,ns,16,(10-),,11.0,,2008,IT=100,False,37,57,2.716844240088386e-08,1.08e+9,20.80022687808254
94Sr,94,380,,-78845.7,1.7,,,,75.3,s,0.2,0+,,11.0,,1959,B-=100,False,38,56,1.924190328401624e-08,2.80e+8,19.450300161133523
94Y,94,390,,-82351.0,6.0,,,,18.7,m,0.1,2-*,,6.0,,1948,B-=100,False,39,55,6.791089955802891e-08,,
94Y,94,391,m,-81149.0,6.0,1202.3,1.0,,1.304,us,0.012,(5+),,6.0,,1999,IT=100,False,39,55,6.79118234859513e-08,,
94Zr,94,400,,-87269.33,0.16,,,,stbl,,>110Py,0+,,6.0,,1924,IS=17.38 4;2B- ?,False,40,54,1.8108830219675705e-09,,
94Nb,94,410,,-86369.1,1.5,,,,20.4,ky,0.4,6+,,6.0,,1938,B-=100,False,41,53,1.6977449826361526e-08,,
94Nb,94,411,m,-86328.2,1.5,40.892,0.012,,6.263,m,0.004,3+,,6.0,,1962,IT=99.50 6;B-=0.50 6,False,41,53,1.697745768554018e-08,,
94Mo,94,420,,-88414.08,0.14,,,,stbl,,,0+,,6.0,,1930,IS=9.187 33,False,42,52,1.5845485034479583e-09,,
94Tc,94,430,,-84158.0,4.0,,,,293,m,1,7+*,,6.0,,1948,B+=100,False,43,51,4.52756581201945e-08,,
94Tc,94,431,m,-84082.0,5.0,76.0,3.0,,52,m,1,(2)+,,6.0,,1948,B+~100;IT<0.18,False,43,51,5.659462133505894e-08,,
94Ru,94,440,,-82584.0,3.0,,,,51.8,m,0.6,0+,,6.0,,1952,B+=100,False,44,50,3.395784569508113e-08,,
94Ru,94,441,m,-79940.0,3.0,2644.1,0.4,,67.5,us,2.8,8+,,6.0,,1971,IT=100,False,44,50,3.39588620220618e-08,,
94Rh,94,450,,-72908.0,3.0,,,*,70.6,s,0.6,(4+),,6.0,,1979,B+=100;B+p=1.8 5,False,45,49,3.3962062593401825e-08,,
94Rh,94,451,m,-72853.0,3.0,54.6,0.2,,480,ns,30,(2+),,6.0,,2004,IT=100,False,45,49,3.396208373947941e-08,,
94Rh,94,452,n,-72610.0,200.0,300.0,200.0,*,25.8,s,0.2,(8+),,6.0,,1973,B+=100,True,45,49,2.2641451444673406e-06,,
94Pd,94,460,,-66102.0,4.0,,,,9.1,s,0.3,0+,,6.0,,1982,B+=100;B+p<0.13,False,46,48,4.528690248111601e-08,,
94Pd,94,461,m,-61219.0,4.0,4883.1,0.4,,515,ns,1,(14+),,6.0,,1995,IT=100,False,46,48,4.5289406260026866e-08,,
94Pd,94,462,n,-58892.0,4.0,7209.8,0.8,,206,ns,18,(19-),,,,2011,IT=100,False,46,48,4.5290599536529555e-08,,
94Ag,94,470,,-52400.0,400.0,,,,27,ms,2,0+.0,,6.0,,1994,B+=100;B+p<0.2,True,47,47,4.529459228167822e-06,,
94Ag,94,471,m,-51050.0,570.0,1350.0,400.0,,470,ms,10,(7+),,6.0,,1994,B+=100;B+p=17.0 6,True,47,47,6.4545780707893435e-06,,
94Ag,94,472,n,-45900.0,370.0,6500.0,550.0,,400,ms,40,(21+),,6.0,,2002,B+=95.4 7;B+p~27;p=4.1 6;2p=0.5 3,False,47,47,4.1900581898934255e-06,,
94Cd,94,480,,-40440.0,500.0,,,,80.0,ms,>760ns,0+,,16.0,,2016,B+ ?; B+p ?,True,48,46,5.662673867057393e-06,,
95Se,95,340,,-30460.0,500.0,,,,70.0,ms,>400ns,3/2+.0,,12.0,,2010,B- ?;B-n ?;B-2n ?,True,34,61,5.60254210602376e-06,,
95Br,95,350,,-43850.0,300.0,,,,80.0,ms,>300ns,5/2-.0,,10.0,,1997,B- ?;B-n ?;B-2n ?,True,35,60,3.3610696901805513e-06,,
95Br,95,351,m,-43310.0,300.0,537.9,0.5,,6.8,us,1.0,,,,,2012,IT=100,True,35,60,3.3610900245246045e-06,,
95Kr,95,360,,-56159.0,19.0,,,,114,ms,3,1/2+*,,10.0,,1994,B-=100;B-n=2.87 18;B-2n ?,False,36,59,2.1284147926566435e-07,3.40e+5,12.736700896592344
95Kr,95,361,m,-55964.0,19.0,195.5,0.3,,1.582,us,0.022,(7/2+),,10.0,,2006,IT=100,False,36,59,2.1284194420307906e-07,3.40e+5,12.736700896592344
95Rb,95,370,,-65890.0,20.0,,,,377.7,ms,0.8,5/2-*,,10.0,,1967,B-=100;B-n=8.7 3,False,37,58,2.2402248771261195e-07,4.00e+7,17.50439001207821
95Rb,95,371,m,-65055.0,20.0,835.0,0.6,,<500,ns,,9/2+.0,,10.0,,2009,IT=100,False,37,58,2.2402458300084033e-07,4.00e+7,17.50439001207821
95Sr,95,380,,-75117.0,6.0,,,,23.90,s,0.14,1/2+*,,10.0,,1961,B-=100,False,38,57,6.720077444989102e-08,5.60e+8,20.14344734169347
95Y,95,390,,-81208.0,7.0,,,,10.3,m,0.1,1/2-*,,10.0,,1959,B-=100,False,39,56,7.839669091813349e-08,7.80e+4,11.26446410567173
95Y,95,391,m,-80120.0,7.0,1087.6,0.6,,48.6,us,0.5,9/2+,,10.0,,1981,IT=100,False,39,56,7.839764620016908e-08,7.80e+4,11.26446410567173
95Zr,95,400,,-85659.9,0.9,,,,64.032,d,0.006,5/2+,,10.0,,1946,B-=100,False,40,55,1.007921799967854e-08,,
95Nb,95,410,,-86786.3,0.5,,,,34.991,d,0.006,9/2+,,10.0,,1951,B-=100,False,41,54,5.5995760237697076e-09,,
95Nb,95,411,m,-86550.6,0.5,235.69,0.02,,3.61,d,0.03,1/2-,,10.0,,1969,IT=94.4 6;B-=5.6 6,False,41,54,5.59959080467435e-09,,
95Mo,95,420,,-87711.87,0.12,,,,stbl,,,5/2+*,,10.0,,1930,IS=15.873 30,False,42,53,1.3439037807425714e-09,,
95Tc,95,430,,-86021.0,5.0,,,,19.258,h,0.026,9/2+*,,10.0,,1947,B+=100,False,43,52,5.599786235055472e-08,,
95Tc,95,431,m,-85982.0,5.0,38.91,0.04,,61.96,d,0.24,1/2-,,10.0,,1959,B+=96.1 3;IT=3.9 3,False,43,52,5.5997886809497985e-08,,
95Ru,95,440,,-83458.0,10.0,,,,1.607,h,0.004,5/2+,,10.0,,1948,B+=100,False,44,51,1.1200056192403679e-07,,
95Rh,95,450,,-78341.0,4.0,,,,5.02,m,0.10,(9/2)+,,10.0,,1967,B+=100,False,45,50,4.480344148120204e-08,,
95Rh,95,451,m,-77798.0,4.0,543.3,0.3,,1.96,m,0.04,(1/2)-,,10.0,,1974,IT=88 5;B+=12 5,False,45,50,4.480371398040043e-08,,
95Pd,95,460,,-69966.0,3.0,,,,7.4,s,0.4,9/2+.0,,10.0,,1980,B+=100;B+p=0.23 5,False,46,49,3.3606220450866936e-08,,
95Pd,95,461,m,-68091.0,3.0,1875.13,0.14,,13.3,s,0.2,(21/2+),,10.0,,1982,B+=89 3;IT=11 3;B+p=0.71 7,False,46,49,3.3606926326976205e-08,,
95Ag,95,470,,-59910.0,400.0,,,,1.78,s,0.06,(9/2+),,10.0,,1994,B+=100;B+p=2.3 2,True,47,48,4.481399140856963e-06,,
95Ag,95,471,m,-59570.0,400.0,344.2,0.3,,<500,ms,,(1/2-),,10.0,,2003,IT=100,True,47,48,4.481416211419509e-06,,
95Ag,95,472,n,-57380.0,400.0,2531.3,1.5,,<16,ms,,(23/2+),,10.0,,2003,IT=100,True,47,48,4.48152616904205e-06,,
95Ag,95,473,p,-55050.0,400.0,4860.0,1.5,,<40,ms,,(37/2+),,10.0,,2003,IT=100,True,47,48,4.481643161843517e-06,,
95Cd,95,480,,-47060.0,570.0,,,,32,ms,3,9/2+.0,,,,2011,B+=100;B+p=4.6 11,True,48,47,6.387005827412027e-06,,
96Br,96,350,,-38210.0,300.0,,,,20.0,ms,>300ns,,,8.0,,1997,B- ?;B-n ?;B-2n ?,True,35,61,3.3262659887368146e-06,,
96Br,96,351,m,-37900.0,300.0,311.5,0.5,,3.0,us,0.9,,,,,2012,IT=100,True,35,61,3.3262774216230533e-06,,
96Kr,96,360,,-53082.0,19.0,,,,80,ms,8,0+,,12.0,,1994,B-=100;B-n=3.7 4,False,36,60,2.1063180111744543e-07,1.30e+5,11.77528972943772
96Rb,96,370,,-61354.0,3.0,,,*,201.5,ms,0.9,2-*,,8.0,,1967,B-=100;B-n=13.7 5;B-2n ?,False,37,59,3.3255080038666804e-08,1.40e+7,16.454567887579532
96Rb,96,371,m,-61350.0,200.0,0.0,200.0,*,200.0,ms,>1ms,1(+.0),,,,1981,B- ?;IT ?;B-n ?;B-2n ?,True,37,59,2.217005434213378e-06,1.40e+7,16.454567887579532
96Rb,96,372,n,-60219.0,3.0,1134.6,1.1,,1.80,us,0.04,(10-),,8.0,,1999,IT=100,False,37,59,3.32554984428961e-08,1.40e+7,16.454567887579532
96Sr,96,380,,-72918.0,8.0,,,,1.059,s,0.008,0+,,8.0,,1971,B-=100;B-n ?,False,38,58,8.867011828807605e-08,5.70e+6,15.555976732804778
96Y,96,390,,-78330.0,6.0,,,,5.34,s,0.05,0-*,,8.0,,1975,B-=100,False,39,57,6.649955298863026e-08,,
96Y,96,391,m,-76790.0,6.0,1540.0,9.0,MD,9.6,s,0.2,8+*,,8.0,,1974,B-=100,False,39,57,6.650068803691076e-08,,
96Y,96,392,n,-76675.0,6.0,1655.0,1.1,,181,ns,9,(6+),,,,2017,IT=100,False,39,57,6.65007727985644e-08,,
96Zr,96,400,,-85438.86,0.11,,,,23.4,Ey,1.7,0+,,8.0,,1934,IS=2.80 2;2B-=100,False,40,56,1.2190798956658923e-09,,
96Nb,96,410,,-85602.83,0.15,,,,23.35,h,0.05,6+,,8.0,,1949,B-=100,False,41,55,1.6624024828843185e-09,,
96Mo,96,420,,-88794.89,0.12,,,,stbl,,,0+,,8.0,,1930,IS=16.673 8,False,42,54,1.3298940013520353e-09,,
96Tc,96,430,,-85822.0,5.0,,,,4.28,d,0.07,7+*,,8.0,,1947,B+=100,False,43,53,5.541487008225593e-08,,
96Tc,96,431,m,-85788.0,5.0,34.23,0.04,,51.5,m,1.0,4+,,8.0,,1950,IT=98.0 5;B+=2.0 5,False,43,53,5.5414890963757014e-08,,
96Ru,96,440,,-86080.39,0.17,,,,stbl,,>80Ey,0+,,8.0,,1931,IS=5.54 14;2B+ ?,False,44,52,1.884127194186461e-09,,
96Rh,96,450,,-79688.0,10.0,,,,9.90,m,0.10,6+,,8.0,,1967,B+=100,False,45,51,1.1084045299410533e-07,,
96Rh,96,451,m,-79636.0,10.0,51.98,0.09,,1.51,m,0.02,3+,,8.0,,1966,IT=60 5;B+=40 5,False,45,51,1.1084051687929345e-07,,
96Pd,96,460,,-76183.0,4.0,,,,122,s,2,0+,,8.0,,1980,B+=100,False,46,50,4.433853933989688e-08,,
96Pd,96,461,m,-73652.0,4.0,2530.57,0.23,,1.804,us,0.007,8+.0,,8.0,,1983,IT=100,False,46,50,4.433978330186279e-08,,
96Ag,96,470,,-64510.0,90.0,,,*,4.45,s,0.03,(8)+,,8.0,,1982,B+=100;B+p=4.2 4,False,47,49,9.977605403360872e-07,,
96Ag,96,471,m,-64510.0,100.0,0.0,50.0,*,6.9,s,0.5,(2+),,8.0,,2003,B+=100;B+p=14.9 18,True,47,49,1.1086228225956525e-06,,
96Ag,96,472,n,-62050.0,90.0,2461.4,0.3,,103.2,us,4.5,(13-),,,,2011,IT=100,False,47,49,9.977877521248303e-07,,
96Ag,96,473,p,-61820.0,90.0,2686.7,0.4,,1.561,us,0.016,(15+),,8.0,,2011,IT=100,False,47,49,9.977902963923359e-07,,
96Ag,96,474,q,-57560.0,90.0,6951.8,1.4,,132,ns,17,(19+),,,,2011,IT=100,False,47,49,9.978374229972432e-07,,
96Cd,96,480,,-55570.0,410.0,,,,1003,ms,47,0+,,10.0,,2008,B+=100;B+p=1.6 3,True,48,48,4.545869297231987e-06,,
96Cd,96,481,m,,450.0,6030.0,1390.0,,511,ms,26,16+,,10.0,,2011,B+=100;B+p=15.4 21,False,48,48,,,
96Cd,96,482,n,-49970.0,410.0,5605.0,5.0,,198,ns,18,"(12-,13-",),,,2019,IT=100,True,48,48,4.546151567428703e-06,,
96In,96,490,,-38090.0,500.0,,,,1.0,ms,>400ns,,,16.0,,2016,B+ ?; p ?,True,49,47,5.544897210554909e-06,,
97Br,97,350,,-34000.0,400.0,,,,40.0,ms,>300ns,5/2-.0,,10.0,,1997,B- ?;B-n ?;B-2n ?,True,35,62,4.3894986917830156e-06,,
97Kr,97,360,,-47420.0,130.0,,,,62.2,ms,3.2,3/2+.0,,10.0,,1997,B-=100;B-n=6.7 6;B-2n ?,False,36,61,1.4263972570439482e-06,6.50e+3,8.779557455883728
97Rb,97,370,,-58519.1,1.9,,,,169.1,ms,0.6,3/2+*,,15.0,,1969,B-=100;B-n=25.5 9;B-2n ?,False,37,60,2.084510176624118e-08,5.60e+6,15.538277155705378
97Rb,97,371,m,-58442.5,1.9,76.6,0.2,,5.7,us,0.6,"(1/2,3/2",)-,15.0,,2012,IT=100,False,37,60,2.08451192842029e-08,5.60e+6,15.538277155705378
97Sr,97,380,,-68581.0,3.0,,,,432,ms,4,1/2+*,,10.0,,1978,B-=100;B-n=0.02 1,False,38,59,3.291015259241351e-08,,
97Sr,97,381,m,-68273.0,3.0,308.13,0.11,,175.2,ns,2.1,7/2+,,10.0,,1990,IT=100,False,38,59,3.291026378881197e-08,,
97Sr,97,382,n,-67750.0,3.0,830.83,0.23,,513,ns,5,(9/2+),,10.0,,1974,IT=100,False,38,59,3.2910452607794275e-08,,
97Y,97,390,,-76115.0,7.0,,,,3.75,s,0.03,1/2-*,,10.0,,1970,B-=100;B-n=0.055 4,False,39,58,7.67850993071705e-08,,
97Y,97,391,m,-75447.0,7.0,667.52,0.23,,1.17,s,0.03,9/2+*,,10.0,,1970,B->99.3;IT<0.7;B-n=0.11 3,False,39,58,7.678566195351981e-08,,
97Y,97,392,n,-72592.0,7.0,3522.6,0.4,,142,ms,8,(27/2-)*,,10.0,,1986,IT=94.8 9;B-=5.2 9,False,39,58,7.678806676999743e-08,,
97Zr,97,400,,-82936.69,0.12,,,,16.749,h,0.008,1/2+*,,10.0,,1951,B-=100,False,40,57,1.3162361686489395e-09,,
97Zr,97,401,m,-81672.34,0.2,1264.35,0.16,,104.8,ns,1.7,7/2+,,10.0,,1976,IT=100,False,40,57,2.19375737119958e-09,,
97Nb,97,410,,-85603.0,4.0,,,,72.1,m,0.7,9/2+,,10.0,,1951,B-=100,False,41,56,4.3873878227949014e-08,,
97Nb,97,411,m,-84860.0,4.0,743.35,0.03,,58.7,s,1.8,1/2-,,10.0,,1950,IT=100,False,41,56,4.3874235784231124e-08,,
97Mo,97,420,,-87544.7,0.16,,,,stbl,,,5/2+*,,10.0,,1930,IS=9.582 15,False,42,55,1.754942648666555e-09,,
97Tc,97,430,,-87224.0,4.0,,,,4.21,My,0.16,9/2+*,,10.0,,1946,EC=100,False,43,54,4.387434293902618e-08,,
97Tc,97,431,m,-87127.0,4.0,96.57,0.06,,91.1,d,0.6,1/2-,,10.0,,1954,IT=96.06 18;EC=3.94 18,False,43,54,4.387438961930658e-08,,
97Ru,97,440,,-86120.6,2.8,,,,2.8370,d,0.0014,5/2+,,10.0,,1946,B+=100,False,44,53,3.071284746012845e-08,,
97Rh,97,450,,-82600.0,40.0,,,,30.7,m,0.6,9/2+,,10.0,,1955,B+=100,False,45,52,4.387781327012486e-07,,
97Rh,97,451,m,-82340.0,40.0,258.76,0.18,,46.2,m,1.6,1/2-,,10.0,,1971,B+=94.4 6;IT=5.6 6,False,45,52,4.3877938412544103e-07,,
97Pd,97,460,,-77806.0,5.0,,,,3.10,m,0.09,5/2+.0,,10.0,,1969,B+=100,False,46,51,5.485092924244807e-08,,
97Ag,97,470,,-70904.0,12.0,,,,25.5,s,0.3,(9/2)+*,,10.0,,1978,B+=100,False,47,50,1.3165406645107365e-07,,
97Ag,97,471,m,-70290.0,40.0,620.0,40.0,MD,100.0,ms,,1/2-.0,,,,2019,IT ?,False,47,50,4.3884984439433535e-07,,
97Cd,97,480,,-60730.0,420.0,,,,1.16,s,0.05,(9/2+),,10.0,,1978,B+=100;B+p=7.4 2,False,48,49,4.608472118024415e-06,1.00e+0,0.0
97Cd,97,481,m,-59480.0,420.0,1245.1,0.2,,730,us,70,(1/2-),,,,2019,IT=100,False,48,49,4.6085353272701314e-06,1.00e+0,0.0
97Cd,97,482,n,-58110.0,720.0,2620.0,580.0,,3.86,s,0.06,(25/2+),,10.0,,1982,B+=100;B+p=25.1 5,False,48,49,7.900465039877287e-06,1.00e+0,0.0
97In,97,490,,-47390.0,400.0,,,,36,ms,6,9/2+.0,,,,2011,B+=100;B+p=2.3 13;p ?,True,49,48,4.389725901168113e-06,,
97In,97,491,m,-46990.0,410.0,400.0,100.0,,0.12,ms,0.07,1/2-.0,,20.0,,2018,p ?,True,49,48,4.499488800219844e-06,,
98Br,98,350,,-28050.0,400.0,,,,15.0,ms,>400ns,,,20.0,,2010,B- ?;B-n ?;B-2n ?,True,35,63,4.3449832126905525e-06,,
98Kr,98,360,,-44120.0,300.0,,,,42.8,ms,3.6,0+,,20.0,,1997,B-=100;B-n=7.0 10;B-2n ?,True,36,62,3.2582144304827343e-06,4.70e+2,6.152732694704104
98Rb,98,370,,-54369.0,16.0,,,,115,ms,6,(0-)*,,20.0,,1971,B-=100;B-n=14.3 9;B-2n=0.054 8,False,37,61,1.7375453606583746e-07,3.20e+6,14.978661367769956
98Rb,98,371,m,-54296.0,20.0,73.0,26.0,BD,96,ms,3,(3+)*,,20.0,,1980,B-=100;B-n ?;B-2n ?,False,37,61,2.1719334226342023e-07,3.20e+6,14.978661367769956
98Rb,98,372,n,-54191.0,16.0,178.5,0.4,,358,ns,7,(2-),,20.0,,2009,IT=100,False,37,61,1.7375487193734338e-07,3.20e+6,14.978661367769956
98Sr,98,380,,-66422.0,3.0,,,,653,ms,2,0+,,20.0,,1971,B-=100;B-n=0.23 3,False,38,60,3.257516922382151e-08,,
98Y,98,390,,-72289.0,8.0,,,,548,ms,2,0-*,,20.0,,1970,B-=100;B-n=0.33 3,False,39,59,8.686280409178218e-08,,
98Y,98,391,m,-72118.0,8.0,170.78,0.05,,615,ns,8,2-,,20.0,,1972,IT=100,False,39,59,8.686296536959308e-08,,
98Y,98,392,n,-71823.0,8.0,465.7,0.7,MD,2.32,s,0.08,"(6,7)+",,20.0,,1977,B-~100;IT ?;B-n=3.44 95,False,39,59,8.686324359880328e-08,,
98Y,98,393,p,-71793.0,8.0,496.1,0.11,,6.90,us,0.054,(4)-,,20.0,,1970,IT=100,False,39,59,8.686327189339907e-08,,
98Y,98,394,q,-71695.0,13.0,594.0,10.0,,180,ns,7,"(3-,4-)",,,,2017,IT=100,False,39,59,1.4115296702412827e-07,,
98Y,98,395,r,-71317.0,8.0,972.17,0.2,,450,ns,150,(8+),,20.0,,2017,IT=100,False,39,59,8.686372083678562e-08,,
98Y,98,396,x,-71108.0,8.0,1181.5,0.18,,762,ns,14,(10-),,20.0,,1972,IT=100,False,39,59,8.686391795835214e-08,,
98Zr,98,400,,-81282.0,8.0,,,,30.7,s,0.4,0+,,20.0,,1967,B-=100,False,40,58,8.68555428085698e-08,,
98Zr,98,401,m,-74680.0,8.0,6601.9,1.1,,1.9,us,0.2,(17-),,20.0,,2005,IT=100,False,40,58,8.686176884619435e-08,,
98Nb,98,410,,-83525.0,5.0,,,,2.86,s,0.06,1+,,20.0,,1960,B-=100,False,41,57,5.428415455927023e-08,,
98Nb,98,411,m,-83441.0,6.0,84.0,4.0,,51.1,m,0.4,(5)+,,20.0,,1948,B-~100;IT ?,False,41,57,6.514104487805029e-08,,
98Mo,98,420,,-88115.98,0.17,,,,stbl,,>100Ty,0+,,20.0,,1930,IS=24.292 80;2B- ?,False,42,56,1.8455951790113578e-09,,
98Tc,98,430,,-86432.0,3.0,,,,4.2,My,0.3,6+*,,20.0,,1955,B-=100;B+=0,False,43,55,3.257037946145059e-08,,
98Tc,98,431,m,-86341.0,3.0,90.77,0.16,,14.7,us,0.5,"(2,3)-",,20.0,,1976,IT=100,False,43,55,3.25704116399808e-08,,
98Ru,98,440,,-88225.0,6.0,,,,stbl,,,0+,,20.0,,1944,IS=1.87 3,False,44,54,6.514040554999696e-08,,
98Rh,98,450,,-83175.0,12.0,,,*,8.72,m,0.12,(2)+,,20.0,,1955,B+=100,False,45,53,1.3028978388038041e-07,,
98Rh,98,451,m,-83119.0,12.0,56.3,1.0,*,3.6,m,0.2,(5+),,20.0,,1966,IT=89 5;B+=11 5,False,45,53,1.3028986309909157e-07,,
98Pd,98,460,,-81321.0,5.0,,,,17.7,m,0.4,0+,,20.0,,1955,B+=100,False,46,52,5.428926512859511e-08,,
98Ag,98,470,,-73070.0,30.0,,,,47.5,s,0.3,(6)+*,,20.0,,1978,B+=100;B+p=0.0012 5,False,47,51,3.2576935056145426e-07,,
98Ag,98,471,m,-72960.0,30.0,107.28,0.1,,161,ns,7,(4+),,20.0,,1998,IT=100,False,47,51,3.257697396893749e-07,,
98Cd,98,480,,-67640.0,50.0,,,,9.29,s,0.10,0+,,20.0,,1978,B+=100;B+p<0.029,False,48,50,5.429885603938942e-07,1.00e+1,2.302585092994046
98Cd,98,481,m,-65210.0,50.0,2428.3,0.4,,154,ns,16,(8+),,20.0,,1996,IT=100,False,48,50,5.430028898296657e-07,1.00e+1,2.302585092994046
98Cd,98,482,n,-61010.0,50.0,6635.0,2.0,,224,ns,5,(12+),,20.0,,2004,IT=100,False,48,50,5.430276585390447e-07,1.00e+1,2.302585092994046
98In,98,490,,-53910.0,300.0,,,*,30,ms,1,(0+),,20.0,,1994,B+=100;B+p<0.13,True,49,49,3.258462980442901e-06,,
98In,98,491,m,-53090.0,790.0,820.0,730.0,*,890,ms,20,(9+),,20.0,,2001,B+=100;B+p=44 2,True,49,49,8.580695605502177e-06,,
99Kr,99,360,,-38400.0,400.0,,,,40,ms,11,5/2-.0,,17.0,,1997,B-=100;B-n=11 7;B-2n ?,True,36,63,4.300667553208279e-06,9.00e+0,2.1972245773362196
99Rb,99,370,,-51121.0,4.0,,,,54,ms,4,(3/2+),,17.0,,1971,B-=100;B-n=17.3 25;B-2n ?,False,37,62,4.300139210160161e-08,4.00e+5,12.89921982609012
99Sr,99,380,,-62519.0,5.0,,,,269.2,ms,1.0,3/2+*,,17.0,,1975,B-=100;B-n=0.100 19,False,38,61,5.3745901779893974e-08,,
99Y,99,390,,-70644.0,7.0,,,,1.484,s,0.007,5/2+*,,17.0,,1975,B-=100;B-n=1.77 19,False,39,60,7.523873734814597e-08,,
99Y,99,391,m,-68502.0,7.0,2141.65,0.19,,8.2,us,0.4,(17/2+),,17.0,,1985,IT=100,False,39,60,7.524046961351292e-08,,
99Zr,99,400,,-77617.0,10.0,,,,2.1,s,0.1,1/2+*,,17.0,,1970,B-=100,False,40,59,1.074773492965665e-07,,
99Zr,99,401,m,-77365.0,10.0,251.96,0.09,,336,ns,5,7/2+,,17.0,,1970,IT=100,False,40,59,1.0747764039214633e-07,,
99Nb,99,410,,-82335.0,12.0,,,,15.0,s,0.2,9/2+*,,17.0,,1950,B-=100,False,41,58,1.2896807217387852e-07,,
99Nb,99,411,m,-81970.0,12.0,365.27,0.08,,2.5,m,0.2,1/2-,,17.0,,1960,B-~100;IT=?,False,41,58,1.289685780890905e-07,,
99Mo,99,420,,-85970.11,0.23,,,,65.932,h,0.005,1/2+*,,17.0,,1948,B-=100,False,42,57,2.4718258393857673e-09,,
99Mo,99,421,m,-85872.33,0.23,97.785,0.003,,15.5,us,0.2,5/2+,,17.0,,1958,IT=100,False,42,57,2.47182843690271e-09,,
99Mo,99,422,n,-85286.01,0.3,684.1,0.19,,760,ns,60,11/2-,,17.0,,1975,IT=100,False,42,57,3.224144364202841e-09,,
99Tc,99,430,,-87327.9,0.9,,,,211.1,ky,1.2,9/2+*,,17.0,,1938,B-=100,False,43,56,9.67235527986777e-09,,
99Tc,99,431,m,-87185.2,0.9,142.6836,0.0011,,6.0066,h,0.0002,1/2-*,,17.0,,1958,IT~100;B-=0.0037 6,False,43,56,9.67237011346937e-09,,
99Ru,99,440,,-87625.4,0.3,,,,stbl,,,5/2+*,,17.0,,1931,IS=12.76 14,False,44,55,3.2241529323827553e-09,,
99Rh,99,450,,-85585.0,19.0,,,,16.1,d,0.2,1/2-,,17.0,,1952,B+=100,False,45,54,2.0420366863613954e-07,,
99Rh,99,451,m,-85521.0,19.0,64.4,0.5,,4.7,h,0.1,9/2+*,,17.0,,1952,B+~100;IT ?,False,45,54,2.0420380909649144e-07,,
99Pd,99,460,,-82183.0,5.0,,,,21.4,m,0.2,(5/2)+,,17.0,,1955,B+=100,False,46,53,5.374051946372315e-08,,
99Ag,99,470,,-76712.0,6.0,,,,2.07,m,0.05,(9/2)+*,,17.0,,1967,B+=100,False,47,52,6.449331226192375e-08,3.40e+2,5.8289456176102075
99Ag,99,471,m,-76206.0,6.0,506.2,0.4,,10.5,s,0.5,(1/2)-*,,17.0,,1978,IT=100,False,47,52,6.449366303882948e-08,3.40e+2,5.8289456176102075
99Cd,99,480,,-69931.1,1.6,,,,17,s,1,5/2+.0,,17.0,,1978,B+=100;B+p=0.21 2;B+A<1e-4,False,48,51,1.7199709348722424e-08,4.50e+2,6.1092475827643655
99In,99,490,,-61380.0,300.0,,,,3.11,s,0.06,9/2+.0,,17.0,,1994,B+=100;B+p=0.29 3,True,49,50,3.22528682163568e-06,,
99In,99,491,m,-60980.0,340.0,400.0,150.0,,1.0,s,,1/2-.0,,,,9999,B+ ?;B+p ?;IT ?,True,49,50,3.6553407838837156e-06,,
99Sn,99,500,,-47980.0,580.0,,,,24,ms,4,9/2+.0,,17.0,,2011,B+=100;B+p=5 3,True,50,49,6.236539691606676e-06,,
100Kr,100,360,,-34470.0,400.0,,,,12,ms,8,0+,,11.0,,1997,B-=100;B-n ?;B-2n ?,True,36,64,4.257835253851903e-06,,
100Rb,100,370,,-46266.0,13.0,,,,51.3,ms,1.6,4-.0,,8.0,,1978,B-=100;B-n=5.6 12;B-2n=0.15 5,False,37,63,1.3836417710958938e-07,2.50e+4,10.126631103850338
100Sr,100,380,,-59818.0,7.0,,,,202.1,ms,1.7,0+,,8.0,,1978,B-=100;B-n=1.11 34,False,38,62,7.449406814416924e-08,6.00e+3,8.699514748210191
100Sr,100,381,m,-58199.0,7.0,1618.72,0.2,,122,ns,9,(4-),,,,1995,IT=100,False,38,62,7.449535165540616e-08,6.00e+3,8.699514748210191
100Y,100,390,,-67321.0,11.0,,,&,940,ms,30,4+*,,8.0,,1977,B-=100;B-n ?,False,39,61,1.1705437173944156e-07,1.10e+3,7.003065458786462
100Y,100,391,m,-67177.0,11.0,144.0,16.0,MD &,727,ms,6,1+.0,,8.0,,1977,B-=100;B-n=1.08 6,False,39,61,1.1705455110776513e-07,1.10e+3,7.003065458786462
100Zr,100,400,,-76373.0,8.0,,,,7.1,s,0.4,0+,,8.0,,1970,B-=100,False,40,60,8.51234241833e-08,,
100Nb,100,410,,-79791.0,8.0,,,,1.5,s,0.2,1+,,8.0,,1967,B-=100,False,41,59,8.512149980979531e-08,,
100Nb,100,411,m,-79478.5,2.0,313.0,8.0,MD,2.99,s,0.11,(5+),,8.0,,1967,B-=100,False,41,59,2.128044571117756e-08,,
100Nb,100,412,n,-79444.0,11.0,347.0,8.0,,460,ns,60,"(4-,5-)",,8.0,,1986,IT=100,False,41,59,1.170424943763353e-07,,
100Nb,100,413,p,-79057.0,11.0,734.0,8.0,,12.43,us,0.26,(8-),,8.0,,1980,IT=100,False,41,59,1.1704297633212938e-07,,
100Mo,100,420,,-86193.0,0.3,,,,7.07,Ey,0.14,0+,,8.0,,1930,IS=9.744 65;2B-=100,False,42,58,3.1918827411180183e-09,,
100Tc,100,430,,-86021.0,1.4,,,,15.46,s,0.19,1+,,8.0,,1952,B-~100;EC=0.0018 9,False,43,57,1.489568502400832e-08,,
100Tc,100,431,m,-85820.3,1.4,200.67,0.04,,8.32,us,0.14,(4)+,,8.0,,1958,IT=100,False,43,57,1.4895716832364438e-08,,
100Tc,100,432,n,-85777.1,1.4,243.95,0.04,,3.2,us,0.2,(6)+,,8.0,,1967,IT=100,False,43,57,1.489572367902388e-08,,
100Ru,100,440,,-89227.4,0.3,,,,stbl,,,0+,,8.0,,1931,IS=12.60 7,False,44,56,3.1918675359280647e-09,,
100Rh,100,450,,-85591.0,18.0,,,,20.8,h,0.1,1-*,,8.0,,1948,B+=100;EC=95.1 5;e+=4.9 5,False,45,55,1.9152209752333078e-07,,
100Rh,100,451,m,-85516.0,18.0,74.782,0.014,,214.0,ns,2.0,(2)+,,8.0,,1965,IT=100,False,45,55,1.915222503597604e-07,,
100Rh,100,452,n,-85483.0,18.0,107.6,0.2,,4.6,m,0.2,(5+),,8.0,,1973,IT~98.3;B+~1.7,False,45,55,1.9152231760786673e-07,,
100Rh,100,453,p,-85371.0,18.0,219.61,0.22,,130,ns,10,(7+),,8.0,,1984,IT=100,False,45,55,1.9152254584421604e-07,,
100Pd,100,460,,-85213.0,18.0,,,,3.63,d,0.09,0+,,8.0,,1948,EC=100,False,46,54,1.915255034541228e-07,,
100Ag,100,470,,-78138.0,5.0,,,,2.01,m,0.09,(5)+*,,8.0,,1970,B+=100,False,47,53,5.3206266309131654e-08,2.30e+3,7.7406644019172415
100Ag,100,471,m,-78122.0,5.0,15.52,0.16,,2.24,m,0.13,(2)+,,8.0,,1980,B+=?;IT ?,False,47,53,5.3206275368034874e-08,2.30e+3,7.7406644019172415
100Cd,100,480,,-74194.6,1.7,,,,49.1,s,0.5,0+,,10.0,,1970,B+=100,False,48,52,1.8091138680959317e-08,1.00e+5,11.512925464970229
100In,100,490,,-64178.1,2.2,,,,5.62,s,0.06,6+.0,,14.0,,1982,B+=100;B+p=1.66 3,False,49,51,2.3414879978775528e-08,7.50e+1,4.31748811353631
100Sn,100,500,,-57150.0,240.0,,,,1.18,s,0.08,0+,,14.0,,1994,B+=100;B+p<17,False,50,50,2.5545767919498224e-06,,
100Sn,100,501,m,-52650.0,310.0,4500.0,200.0,,100.0,ns,,6+.0,,,,9999,p ?,True,50,50,3.2998197454069647e-06,,
101Kr,101,360,,-28580.0,500.0,,,,9.0,ms,>400ns,5/2+.0,,10.0,,2010,B- ?;B-n ?;B-2n ?,True,36,65,5.269918506350786e-06,,
101Rb,101,370,,-42567.0,20.0,,,,31.8,ms,3.3,3/2+.0,,6.0,,1992,B-=100;B-n=28 4;B-2n ?,False,37,64,2.107685417019772e-07,,
101Sr,101,380,,-55325.0,8.0,,,,113.7,ms,1.7,(5/2-),,6.0,,1983,B-=100;B-n=2.75 35,False,38,63,8.429723192598494e-08,,
101Y,101,390,,-65055.0,7.0,,,,426,ms,20,5/2+*,,6.0,,1983,B-=100;B-n=2.3 8,False,39,62,7.375352136031905e-08,,
101Y,101,391,m,-63850.0,7.0,1205.0,1.0,,870,ns,90,13/2-.0,,,,2009,IT=100,False,39,62,7.375445775737986e-08,,
101Zr,101,400,,-73161.0,8.0,,,,2.29,s,0.08,3/2+*,,6.0,,1972,B-=100,False,40,61,8.428368883565496e-08,,
101Nb,101,410,,-78891.0,4.0,,,,7.1,s,0.3,5/2+*,,6.0,,1970,B-=100,False,41,60,4.213987470150383e-08,,
101Mo,101,420,,-83520.0,0.3,,,,14.61,m,0.03,1/2+,,6.0,,1941,B-=100,False,42,59,3.1603795432282475e-09,,
101Mo,101,421,m,-83506.5,0.3,13.497,0.009,,226,ns,7,3/2+,,6.0,,1977,IT=100,False,42,59,3.16037999268826e-09,,
101Mo,101,422,n,-83463.0,0.3,57.015,0.011,,133,ns,70,5/2+,,6.0,,1977,IT=100,False,42,59,3.16038144094917e-09,,
101Tc,101,430,,-86345.0,24.0,,,,14.22,m,0.01,9/2+,,6.0,,1941,B-=100,False,43,58,2.5282628397884746e-07,,
101Tc,101,431,m,-86137.0,24.0,207.526,0.02,,636,us,8,1/2-,,6.0,,1964,IT=100,False,43,58,2.528268379631869e-07,,
101Ru,101,440,,-87958.1,0.4,,,,stbl,,,5/2+*,,6.0,,1931,IS=17.06 2,False,44,57,4.21375720531413e-09,,
101Ru,101,441,m,-87430.5,0.4,527.56,0.1,,17.5,us,0.4,11/2-,,6.0,,1974,IT=100,False,44,57,4.213780625278264e-09,,
101Rh,101,450,,-87412.0,6.0,,,,4.07,y,0.05,1/2-,,6.0,,1948,EC=100,False,45,56,6.320758287222254e-08,,
101Rh,101,451,m,-87255.0,6.0,157.32,0.03,,4.343,d,0.010,9/2+*,,6.0,,1944,EC=92.80 25;IT=7.20 25,False,45,56,6.320768741342371e-08,,
101Pd,101,460,,-85432.0,5.0,,,,8.47,h,0.06,5/2+,,6.0,,1948,B+=100,False,46,55,5.2674802124576454e-08,,
101Ag,101,470,,-81334.0,5.0,,,,11.1,m,0.3,9/2+*,,6.0,,1966,B+=100,False,47,54,5.2677794090166635e-08,7.80e+4,11.26446410567173
101Ag,101,471,m,-81060.0,5.0,274.1,0.3,,3.10,s,0.10,(1/2)-*,,6.0,,1975,IT=100,False,47,54,5.267794615786508e-08,7.80e+4,11.26446410567173
101Cd,101,480,,-75836.5,1.5,,,,1.36,m,0.05,5/2+*,,6.0,,1969,B+=100,False,48,53,1.5804468961160056e-08,8.90e+5,13.698976741708323
101In,101,490,,-68545.0,12.0,,,,15.1,s,1.1,(9/2+),,6.0,,1988,B+=100;B+p<1.7,False,49,52,1.2644718915083906e-07,6.48e+3,8.776475789346321
101In,101,491,m,-67910.0,40.0,640.0,40.0,MD,10.0,s,,1/2-.0,,,,2019,B+ ?;IT ?,False,49,52,4.214934507844995e-07,6.48e+3,8.776475789346321
101Sn,101,500,,-60310.0,300.0,,,,2.22,s,0.05,(7/2+),,7.0,,1994,B+=100;B+p=21.0 7,False,50,51,3.1614971512111167e-06,,
102Rb,102,370,,-37250.0,80.0,,,,37,ms,4,(4+),,9.0,,1995,B-=100;B-n=65 22;B-2n ?,False,37,65,8.348545984627511e-07,2.50e+2,5.521460917862246
102Sr,102,380,,-52160.0,70.0,,,,69,ms,6,0+,,9.0,,1986,B-=100;B-n=5.5 15,False,38,64,7.303939852393578e-07,3.00e+1,3.4011973816621555
102Y,102,390,,-61173.0,4.0,,,*,360,ms,40,(5-),,9.0,,1980,B-=100;B-n<2.6,False,39,63,4.173343758846427e-08,,
102Y,102,391,m,-61070.0,100.0,100.0,100.0,*,300,ms,100,"(0-,1-)",,9.0,,1983,B-=100;B-n<2.6;IT ?,True,39,63,1.0433370609191913e-06,,
102Zr,102,400,,-71581.0,9.0,,,,2.01,s,0.08,0+,,9.0,,1970,B-=100,False,40,62,9.389130582978329e-08,,
102Nb,102,410,,-76298.3,2.5,,,,4.3,s,0.4,(4+),,9.0,,1972,B-=100,False,41,61,2.6079986706628288e-08,,
102Nb,102,411,m,-76204.0,8.0,94.0,7.0,MD,1.31,s,0.16,(1+),,9.0,,1976,B-=100; IT ?,False,41,61,8.345603956001273e-08,,
102Mo,102,420,,-83561.0,8.0,,,,11.3,m,0.2,0+,,9.0,,1954,B-=100,False,42,60,8.34507607810969e-08,,
102Tc,102,430,,-84573.0,9.0,,,*,5.28,s,0.15,1+,,9.0,,1954,B-=100,False,43,59,9.388238139300545e-08,,
102Tc,102,431,m,-84520.0,50.0,50.0,50.0,*,4.35,m,0.07,(4+),,9.0,,1954,B-~100;IT ?,True,43,59,5.215690738728943e-07,,
102Ru,102,440,,-89106.4,0.4,,,,stbl,,,0+,,9.0,,1931,IS=31.55 14,False,44,58,4.172409263531204e-09,,
102Rh,102,450,,-86783.0,6.0,,,,207.0,d,1.5,2-*,,9.0,,1941,B+=78 5;B-=22 5,False,45,57,6.258850018043315e-08,,
102Rh,102,451,m,-86642.0,6.0,140.73,0.09,,3.742,y,0.010,6+*,,9.0,,1962,B+~100;IT=0.233 24,False,45,57,6.258859223759689e-08,,
102Pd,102,460,,-87903.0,0.4,,,,stbl,,>7.6Ey,0+,,9.0,,1935,IS=1.02 1;2B+ ?,False,46,56,4.1725742231356514e-09,,
102Ag,102,470,,-82247.0,8.0,,,,12.9,m,0.3,5+*,,9.0,,1960,B+=100,False,47,55,8.345753442562836e-08,3.60e+5,12.793859310432293
102Ag,102,471,m,-82238.0,8.0,9.4,0.07,,7.7,m,0.5,2+*,,9.0,,1967,B+=51 5;IT=49 5,False,47,55,8.345754226143415e-08,3.60e+5,12.793859310432293
102Cd,102,480,,-79659.7,1.7,,,,5.5,m,0.5,0+,,9.0,,1969,B+=100,False,48,54,1.7735444058315018e-08,6.30e+6,15.65606019136176
102In,102,490,,-70695.0,5.0,,,,23.3,s,0.1,(6+),,9.0,,1981,B+=100;B+p=0.0093 13,False,49,53,5.216865374961846e-08,3.16e+5,12.66349749256905
102Sn,102,500,,-64930.0,100.0,,,,3.8,s,0.2,0+,,9.0,,1994,B+=100,False,50,52,1.0434499195897615e-06,,
102Sn,102,501,m,-62910.0,100.0,2017.0,2.0,,367,ns,8,(6+),,9.0,,1996,IT=100,False,50,52,1.0434719135655846e-06,,
102Sb,102,510,,-51100.0,400.0,,,,,,,,,,,9999,p ?,True,51,51,4.174458426263613e-06,,
103Rb,103,370,,-33160.0,400.0,,,,26,ms,11,3/2+.0,,15.0,,2010,B-=100;B-n ?;B-2n ?,True,37,66,4.133916359533374e-06,,
103Sr,103,380,,-47280.0,200.0,,,,53,ms,10,5/2+.0,,15.0,,1997,B-=100;B-n ?;B-2n ?,True,38,65,2.0666842181888652e-06,,
103Y,103,390,,-58457.0,11.0,,,,239,ms,12,5/2+.0,,9.0,,1994,B-=100;B-n=8.0 17,False,39,64,1.1365602407201157e-07,,
103Zr,103,400,,-67809.0,9.0,,,,1.38,s,0.07,(5/2-),,9.0,,1987,B-=100;B-n<1,False,40,63,9.298355013775756e-08,,
103Nb,103,410,,-75029.0,4.0,,,,1.34,s,0.07,5/2+*,,9.0,,1971,B-=100;B-n ?,False,41,62,4.132349198819125e-08,,
103Mo,103,420,,-80954.0,9.0,,,,67.5,s,1.5,3/2+,,9.0,,1963,B-=100,False,42,61,9.297340827299812e-08,,
103Tc,103,430,,-84604.0,10.0,,,,54.2,s,0.8,5/2+,,9.0,,1957,B-=100,False,43,60,1.0330127207272225e-07,,
103Ru,103,440,,-87267.2,0.4,,,,39.245,d,0.008,3/2+,,9.0,,1945,B-=100,False,44,59,4.1319924114686394e-09,,
103Ru,103,441,m,-87029.0,0.8,238.2,0.7,,1.69,ms,0.07,11/2-,,9.0,,1964,IT=100,False,44,59,8.264005157360608e-09,,
103Rh,103,450,,-88031.7,2.3,,,,stbl,,,1/2-*,,9.0,,1934,IS=100,False,45,58,2.375908615775164e-08,,
103Rh,103,451,m,-87991.9,2.3,39.753,0.006,,56.114,m,0.009,7/2+,,9.0,,1943,IT=100,False,45,58,2.3759095925959204e-08,,
103Pd,103,460,,-87457.0,0.9,,,,16.991,d,0.019,5/2+,,9.0,,1950,EC=100,False,46,57,9.297213120776415e-09,,
103Ag,103,470,,-84803.0,4.0,,,,65.7,m,0.7,7/2+*,,9.0,,1954,B+=100,False,47,56,4.1322632211383485e-08,1.70e+6,14.346138809026444
103Ag,103,471,m,-84669.0,4.0,134.45,0.04,,5.7,s,0.3,1/2-,,9.0,,1962,IT=100,False,47,56,4.132268941472042e-08,1.70e+6,14.346138809026444
103Cd,103,480,,-80651.6,1.8,,,,7.3,m,0.1,5/2+*,,9.0,,1960,B+=100,False,48,55,1.8596230489724937e-08,4.50e+7,17.622173047734595
103In,103,490,,-74632.0,9.0,,,,60,s,1,(9/2+),,9.0,,1978,B+=100,False,49,54,9.298817785918803e-08,2.65e+7,17.09265529095645
103In,103,491,m,-74000.0,9.0,631.7,0.1,,34,s,2,(1/2-),,9.0,,1988,B+=67;IT=33,False,49,54,9.298878506074985e-08,2.65e+7,17.09265529095645
103Sn,103,500,,-67090.0,100.0,,,,7.0,s,0.2,5/2+.0,,9.0,,1981,B+=100;B+p=1.2 1,True,50,53,1.0332963025556115e-06,,
103Sb,103,510,,-56670.0,300.0,,,,,,<49ns,5/2+.0,,15.0,,2010,p ?,True,51,52,3.100264143270566e-06,,
104Rb,104,370,,-27450.0,500.0,,,,35.0,ms,>550ns,,,,,2018,B- ?;B-n ?;B-2n ?,True,37,67,5.1180005994679545e-06,,
104Sr,104,380,,-43760.0,300.0,,,,50.6,ms,4.2,0+,,15.0,,1997,B-=100;B-n ?;B-2n ?,True,38,66,3.070328417571642e-06,,
104Y,104,390,,-54080.0,200.0,,,,197,ms,4,"(0+,1+).0",,15.0,,1994,B-=100;B-n=34 10;B-2n ?,True,39,65,2.0466965321978003e-06,,
104Zr,104,400,,-65718.0,9.0,,,,920,ms,28,0+,,7.0,,1990,B-=100;B-n<1,False,40,64,9.209159495060113e-08,,
104Nb,104,410,,-71811.0,1.8,,,*,0.98,s,0.05,(5-),,7.0,,1976,B-=100;B-n=0.05 3,False,41,63,1.8417414471915663e-08,,
104Nb,104,411,m,-71801.2,1.9,9.8,2.6,MD*,4.9,s,0.3,"(0-,1-)",,7.0,,1971,B-=100;B-n=0.06 3,False,41,63,1.9440606114159787e-08,,
104Mo,104,420,,-80344.0,9.0,,,,60,s,2,0+,,7.0,,1962,B-=100,False,42,62,9.208025146586379e-08,,
104Tc,104,430,,-82499.0,25.0,,,,18.3,m,0.3,(3-),,7.0,,1956,B-=100,False,43,61,2.5577622141145365e-07,,
104Tc,104,431,m,-82429.0,25.0,69.7,0.2,,3.5,us,0.3,(5-),,7.0,,1981,IT=100,False,43,61,2.557764045917161e-07,,
104Tc,104,432,n,-82393.0,25.0,106.1,0.3,,400,ns,20,4.0,,7.0,,1999,IT=100,False,43,61,2.5577649879881034e-07,,
104Ru,104,440,,-88095.8,2.5,,,,stbl,,,0+,,7.0,,1931,IS=18.62 27;2B- ?,False,44,60,2.5576496033916668e-08,,
104Rh,104,450,,-86959.3,2.3,,,,42.3,s,0.4,1+,,7.0,,1939,B-=99.55 10;B+=0.45 10,False,45,59,2.3530961298877645e-08,,
104Rh,104,451,m,-86830.3,2.3,128.9679,0.0005,,4.34,m,0.03,5+,,7.0,,1939,IT=99.87 1;B-=0.13 1,False,45,59,2.3530992354610815e-08,,
104Pd,104,460,,-89395.1,1.3,,,,stbl,,,0+,,7.0,,1935,IS=11.14 8,False,46,58,1.329995310482148e-08,,
104Ag,104,470,,-85116.0,4.0,,,,69.2,m,1.0,5+*,,7.0,,1955,B+=100,False,47,57,4.092526578242614e-08,2.50e+6,14.73180128983843
104Ag,104,471,m,-85109.0,4.0,6.9,0.22,,33.5,m,2.0,2+*,,7.0,,1959,B+~100;IT<0.07,False,47,57,4.0925268713461764e-08,2.50e+6,14.73180128983843
104Cd,104,480,,-83968.4,1.7,,,,57.7,m,1.0,0+,,7.0,,1955,B+=100,False,48,56,1.7393672346258904e-08,8.90e+7,18.304146927696415
104In,104,490,,-76183.0,6.0,,,,1.80,m,0.03,(5+)*,,7.0,,1977,B+=100,False,49,55,6.139513478619361e-08,4.90e+5,13.102160670086809
104In,104,491,m,-76090.0,6.0,93.48,0.1,,15.7,s,0.5,(3+),,7.0,,1988,IT=80 5;B+=20 5,False,49,55,6.139519321136913e-08,4.90e+5,13.102160670086809
104Sn,104,500,,-71627.0,6.0,,,,20.8,s,0.5,0+,,7.0,,1985,B+=100,False,50,54,6.139880971523217e-08,,
104Sb,104,510,,-59300.0,100.0,,,,470,ms,130,,,7.0,,1995,B+=?;B+p<7;p<7;A ?,True,51,53,1.0234561432397396e-06,,
104Te,104,520,,-49630.0,320.0,,,,<4,ns,,0+,,,,2018,A=100,False,52,52,3.275427177341283e-06,,
105Sr,105,380,,-38190.0,500.0,,,,39,ms,5,5/2+.0,,19.0,,1997,B-=100;B-n ?;B-2n ?,True,38,67,5.0687621930525415e-06,,
105Y,105,390,,-50570.0,400.0,,,,95,ms,9,5/2+.0,,19.0,,1994,B-=100;B-n<82;B-2n ?,True,39,66,4.0545540575828686e-06,,
105Zr,105,400,,-61458.0,12.0,,,,670,ms,28,1/2+.0,,19.0,,1992,B-=100;B-n<2,False,40,65,1.2162479307825141e-07,,
105Nb,105,410,,-69916.0,4.0,,,,2.91,s,0.05,(5/2+),,19.0,,1984,B-=100;B-n=1.7 9,False,41,64,4.0538653906713924e-08,,
105Mo,105,420,,-77331.0,9.0,,,,36.3,s,0.8,(5/2-),,19.0,,1962,B-=100,False,42,63,9.120631275547637e-08,,
105Tc,105,430,,-82290.0,40.0,,,,7.64,m,0.06,(3/2-),,19.0,,1955,B-=100,False,43,62,4.0534633221747375e-07,,
105Ru,105,440,,-85934.5,2.5,,,,4.439,h,0.011,3/2+,,19.0,,1945,B-=100,False,44,61,2.533354216840286e-08,,
105Ru,105,441,m,-85913.9,2.5,20.606,0.014,,340,ns,15,5/2+,,19.0,,1974,IT=100,False,44,61,2.5333547456740036e-08,,
105Rh,105,450,,-87851.3,2.5,,,,35.341,h,0.019,7/2+,,19.0,,1945,B-=100,False,45,60,2.5333382115704676e-08,,
105Rh,105,451,m,-87721.6,2.5,129.742,0.004,,42.8,s,0.3,1/2-,,19.0,,1950,IT=100,False,45,60,2.5333415411307777e-08,,
105Pd,105,460,,-88417.9,1.1,,,,stbl,,,5/2+*,,19.0,,1935,IS=22.33 8,False,46,59,1.1146770218350214e-08,,
105Pd,105,461,m,-87928.8,1.1,489.1,0.3,,35.5,us,0.5,11/2-,,19.0,,1970,IT=100,False,46,59,1.1146825464908442e-08,,
105Ag,105,470,,-87071.0,5.0,,,,41.29,d,0.07,1/2-*,,19.0,,1939,B+=100,False,47,58,5.066849297155785e-08,2.90e+7,17.182806387950748
105Ag,105,471,m,-87046.0,5.0,25.468,0.016,,7.23,m,0.16,7/2+,,19.0,,1969,IT=99.66 7;B+=0.34 7,False,47,58,5.0668505808042e-08,2.90e+7,17.182806387950748
105Cd,105,480,,-84333.8,1.4,,,,55.5,m,0.4,5/2+*,,19.0,,1950,B+=100,False,48,57,1.4187757519643455e-08,3.50e+8,19.67344371244773
105Cd,105,481,m,-81816.2,1.5,2517.6,0.5,,4.5,us,0.5,(21/2+),,19.0,,1976,IT=100,False,48,57,1.520155661811487e-08,3.50e+8,19.67344371244773
105In,105,490,,-79641.0,10.0,,,,5.07,m,0.07,9/2+*,,19.0,,1975,B+=100,False,49,56,1.0134727328537007e-07,1.30e+6,14.077874822431765
105In,105,491,m,-78967.0,10.0,674.09,0.25,,48,s,6,(1/2)-,,19.0,,1975,IT~100;B+ ?,False,49,56,1.0134796557368363e-07,1.30e+6,14.077874822431765
105Sn,105,500,,-73338.0,4.0,,,,32.7,s,0.5,(5/2+),,19.0,,1981,B+=100;B+p=0.011 4,False,50,55,4.054203051360617e-08,8.00e+4,11.289781913656018
105Sb,105,510,,-64015.0,22.0,,,,1.12,s,0.16,(5/2+),,5.0,,1994,B+=100;p<0.1;B+p ?,False,51,54,2.2300516360807745e-07,,
105Te,105,520,,-52810.0,300.0,,,,633,ns,66,(7/2+),,6.0,,2006,A~100,False,52,53,3.041364816004218e-06,,
106Sr,106,380,,-34300.0,600.0,,,,21,ms,8,0+,,15.0,,2010,B-=100;B-n ?;B-2n ?,True,38,68,6.025361472769702e-06,,
106Y,106,390,,-45790.0,500.0,,,,75,ms,6,2+.0,,15.0,,1997,B-=100;B-n ?;B-2n ?,True,39,67,5.020620460751159e-06,,
106Zr,106,400,,-58750.0,200.0,,,,179,ms,6,0+,,15.0,,1994,B-=100;B-n<7,True,40,66,2.008012949959791e-06,,
106Nb,106,410,,-66202.7,1.4,,,,900,ms,20,1-.0,,15.0,,1976,B-=100;B-n=4.5 3,False,41,65,1.4055221468499151e-08,,
106Nb,106,411,m,-66100.0,50.0,100.0,50.0,,1.20,s,0.06,(4-),,,,1976,B-=100; IT ?,True,41,65,5.019727128629531e-07,,
106Nb,106,412,n,-65997.9,1.5,204.8,0.5,,820,ns,38,(3+),,,,1999,IT=100,False,41,65,1.5059196821991205e-08,,
106Mo,106,420,,-76128.0,9.0,,,,8.73,s,0.12,0+,,8.0,,1969,B-=100,False,42,64,9.034716565526507e-08,,
106Tc,106,430,,-79776.0,12.0,,,,35.6,s,0.6,"(1,2)(+.0",),8.0,,1965,B-=100,False,43,63,1.2046004016552048e-07,,
106Ru,106,440,,-86323.0,5.0,,,,371.8,d,1.8,0+,,8.0,,1948,B-=100,False,44,62,5.018903652864688e-08,,
106Rh,106,450,,-86363.0,5.0,,,,30.07,s,0.35,1+,,8.0,,1947,B-=100,False,45,61,5.0189667950240105e-08,,
106Rh,106,451,m,-86231.0,10.0,132.0,11.0,BD,131,m,2,(6)+,,8.0,,1955,B-=100,False,45,61,1.0037946890400264e-07,,
106Pd,106,460,,-89907.5,1.1,,,,stbl,,,0+,,8.0,,1935,IS=27.33 3,False,46,60,1.1041477444000092e-08,,
106Ag,106,470,,-86942.0,3.0,,,,23.96,m,0.04,1+*,,8.0,,1937,B+~100;B- ?,False,47,59,3.011440765993325e-08,,
106Ag,106,471,m,-86852.0,3.0,89.66,0.07,,8.28,d,0.02,6+*,,8.0,,1938,B+=100;IT ?,False,47,59,3.011443486628429e-08,,
106Cd,106,480,,-87132.2,1.1,,,,stbl,,>1.1Zy,0+,,8.0,,1935,IS=1.245 22;2B+ ?,False,48,58,1.1042071748503683e-08,,
106In,106,490,,-80608.0,12.0,,,,6.2,m,0.1,7+*,,8.0,,1962,B+=100,False,49,57,1.204684182064644e-07,3.70e+6,15.123843377614453
106In,106,491,m,-80579.0,12.0,28.6,0.3,,5.2,m,0.1,(2)+,,8.0,,1966,B+=100,False,49,57,1.204684532786874e-07,3.70e+6,15.123843377614453
106Sn,106,500,,-77354.0,5.0,,,,1.92,m,0.08,0+,,8.0,,1975,B+=100,False,50,56,5.019746580857312e-08,1.60e+6,14.28551418721001
106Sb,106,510,,-66473.0,7.0,,,,600,ms,200,(2+),,8.0,,1981,B+=100,False,51,55,7.028504265994587e-08,,
106Sb,106,511,m,-66370.0,7.0,103.5,0.3,,226,ns,14,(4+),,8.0,,1998,IT=100,False,51,55,7.028511534840444e-08,,
106Te,106,520,,-58220.0,100.0,,,,78,us,11,0+,,8.0,,1981,A=100,False,52,54,1.0041682895922263e-06,,
106I,106,530,,-43300.0,400.0,,,,,,,,,,,9999,A ?,True,53,53,4.017327215967056e-06,,
107Sr,107,380,,-28250.0,700.0,,,,25.0,ms,>400ns,1/2+.0,,10.0,,2010,B- ?;B-n ?;B-2n ?,True,38,69,6.96430075988923e-06,,
107Y,107,390,,-41970.0,500.0,,,,33.5,ms,0.3,5/2+.0,,15.0,,1997,B-=100;B-n ?;B-2n ?,True,39,68,4.973885606727771e-06,,
107Zr,107,400,,-54020.0,300.0,,,,145.7,ms,2.4,5/2+.0,,15.0,,1994,B-=100;B-n<23,True,40,67,2.9840120602179546e-06,,
107Nb,107,410,,-63724.0,8.0,,,,286,ms,8,(5/2+),,8.0,,1992,B-=100;B-n=7.4 8,False,41,66,7.956699848773296e-08,,
107Mo,107,420,,-72545.0,9.0,,,,3.5,s,0.5,(1/2+),,8.0,,1972,B-=100,False,42,65,8.950617203962671e-08,,
107Mo,107,421,m,-72480.0,9.0,65.4,0.2,,445,ns,21,(5/2+),,8.0,,1976,IT=100,False,42,65,8.950622989944902e-08,,
107Tc,107,430,,-78750.0,9.0,,,,21.2,s,0.2,(3/2-),,8.0,,1965,B-=100,False,43,64,8.950180012959476e-08,,
107Tc,107,431,m,-78720.0,9.0,30.1,0.1,,3.85,us,0.05,(1/2+),,8.0,,2007,IT=100,False,43,64,8.950182683151015e-08,,
107Tc,107,432,n,-78684.0,9.0,65.72,0.14,,184,ns,3,(5/2+),,8.0,,1974,IT=100,False,43,64,8.950185887382965e-08,,
107Ru,107,440,,-83863.0,9.0,,,,3.75,m,0.05,(5/2)+,,8.0,,1951,B-=100,False,44,63,8.949840051167323e-08,,
107Rh,107,450,,-86864.0,12.0,,,,21.7,m,0.4,7/2+,,8.0,,1951,B-=100,False,45,62,1.1932917429356094e-07,,
107Rh,107,451,m,-86596.0,12.0,268.36,0.04,,>10,us,,1/2-,,8.0,,1986,IT=100,False,45,62,1.1932949230883283e-07,,
107Pd,107,460,,-88372.7,1.2,,,,6.5,My,0.3,5/2+,,8.0,,1958,B-=100,False,46,61,1.193289187343468e-08,,
107Pd,107,461,m,-88257.0,1.2,115.74,0.12,,850,ns,100,1/2+,,8.0,,1969,IT=100,False,46,61,1.1932905602596483e-08,,
107Pd,107,462,n,-88158.1,1.2,214.6,0.3,,21.3,s,0.5,11/2-,,8.0,,1952,IT=100,False,46,61,1.1932917338266318e-08,,
107Ag,107,470,,-88406.7,2.4,,,,stbl,,,1/2-*,,8.0,,1924,IS=51.839 8,False,47,60,2.3866082619373433e-08,1.50e+6,14.22097566607244
107Ag,107,471,m,-88313.6,2.4,93.125,0.019,,44.3,s,0.2,7/2+,,8.0,,1940,IT=100,False,47,60,2.3866104714735414e-08,1.50e+6,14.22097566607244
107Cd,107,480,,-86990.3,1.7,,,,6.50,h,0.02,5/2+*,,8.0,,1946,B+=100,False,48,59,1.6905597395704643e-08,1.00e+8,18.420680743952367
107In,107,490,,-83567.0,10.0,,,,32.4,m,0.3,9/2+*,,8.0,,1949,B+=100,False,49,58,9.944935517575628e-08,1.60e+7,16.588099280204055
107In,107,491,m,-82889.0,10.0,678.5,0.3,,50.4,s,0.6,1/2-,,8.0,,1973,IT=100,False,49,58,9.945002573409142e-08,1.60e+7,16.588099280204055
107Sn,107,500,,-78512.0,5.0,,,,2.90,m,0.05,(5/2+),,8.0,,1976,B+=100,False,50,57,4.9727817091747054e-08,2.00e+7,16.811242831518264
107Sb,107,510,,-70653.0,4.0,,,,4.0,s,0.2,5/2+.0,,8.0,,1994,B+=100,False,51,56,3.978587518674118e-08,,
107Te,107,520,,-60660.0,100.0,,,,3.22,ms,0.09,5/2+.0,,8.0,,1979,A=70 30;B+ ?;B+p ?,True,52,55,9.947585504204887e-07,,
107I,107,530,,-49430.0,300.0,,,,20.0,us,,5/2+.0,,,,9999,A ?,True,53,54,2.9846474694488507e-06,,
108Y,108,390,,-36780.0,600.0,,,,30,ms,5,6-.0,,15.0,,2010,B-=100;B-n ?;B-2n ?,True,39,69,5.913695209571481e-06,,
108Zr,108,400,,-50950.0,400.0,,,,78.5,ms,2.0,0+,,15.0,,1997,B-=100;B-n ?,True,40,68,3.941963180842099e-06,,
108Zr,108,401,m,-48880.0,400.0,2074.5,0.8,,540,ns,30,(6+),,15.0,,2011,IT=100,True,40,68,3.942043597189062e-06,,
108Nb,108,410,,-59545.0,8.0,,,,201,ms,4,(2+),,15.0,,1994,B-=100;B-n=6.3 5;B-2n ?,False,41,67,7.88335909674438e-08,,
108Nb,108,411,m,-59378.0,8.0,166.6,0.5,,109,ns,2,6-.0,,15.0,,2012,IT=100,False,41,67,7.883372070025178e-08,,
108Mo,108,420,,-70749.0,9.0,,,,1.105,s,0.010,0+,,8.0,,1972,B-=100;B-n<0.5,False,42,66,8.867912928475227e-08,,
108Tc,108,430,,-75923.0,9.0,,,,5.17,s,0.07,(2)+,,8.0,,1970,B-=100,False,43,65,8.867573857844328e-08,,
108Ru,108,440,,-83661.0,9.0,,,,4.55,m,0.05,0+,,8.0,,1955,B-=100,False,44,64,8.867010816782737e-08,,
108Rh,108,450,,-85031.0,14.0,,,,16.8,s,0.5,1+,,8.0,,1955,B-=100,False,45,63,1.3793117518620094e-07,,
108Rh,108,451,m,-84917.0,12.0,115.0,18.0,MD,6.0,m,0.3,(5+),,8.0,,1969,B-=100,False,45,63,1.182268543751195e-07,,
108Pd,108,460,,-89524.2,1.1,,,,stbl,,,0+,,8.0,,1935,IS=26.46 9,False,46,62,1.0837107830186419e-08,,
108Ag,108,470,,-87606.8,2.4,,,,2.382,m,0.011,1+*,,8.0,,1937,B-=97.15 20;B+=2.85 20,False,47,61,2.364534684867223e-08,3.00e+7,17.216707939626428
108Ag,108,471,m,-87497.3,2.4,109.466,0.007,,439,y,9,6+*,,8.0,,1969,B+=91.3 9;IT=8.7 9,False,47,61,2.364537235774801e-08,3.00e+7,17.216707939626428
108Cd,108,480,,-89252.4,1.1,,,,stbl,,>410Py,0+,,8.0,,1935,IS=0.888 11;2B+ ?,False,48,60,1.0837413026420945e-08,5.60e+8,20.14344734169347
108In,108,490,,-84120.0,9.0,,,,58.0,m,1.2,7+*,,8.0,,1949,B+=100,False,49,59,8.86753567638793e-08,3.00e+7,17.216707939626428
108In,108,491,m,-84090.0,9.0,29.75,0.05,,39.6,m,0.7,2+*,,8.0,,1955,B+=100,False,49,59,8.867538297495004e-08,3.00e+7,17.216707939626428
108Sn,108,500,,-82070.0,5.0,,,,10.30,m,0.08,0+,,8.0,,1968,B+=100,False,50,58,4.926570996478291e-08,1.40e+8,18.75715298057358
108Sb,108,510,,-72445.0,5.0,,,,7.4,s,0.3,(4+),,8.0,,1976,B+=100,False,51,57,4.92710105341378e-08,,
108Te,108,520,,-65782.0,5.0,,,,2.1,s,0.1,0+,,8.0,,1974,B+=51 4;A=49 4;B+p=2.4 10;B+A<0.065,False,52,56,4.9274873847204576e-08,,
108I,108,530,,-52770.0,100.0,,,,26.4,ms,0.8,1+.0,,8.0,,1991,A~99.50 21;p=0.50 21;B+ ?;B+p ?,True,53,55,9.856364306763884e-07,,
108Xe,108,540,,-42630.0,380.0,,,,72,us,35,0+,,,,2018,A=100,False,54,54,3.7458405594220647e-06,,
109Y,109,390,,-32480.0,700.0,,,,25,ms,5,5/2+.0,,16.0,,2010,B-=100;B-n ?;B-2n ?,True,39,70,6.836293276014312e-06,,
109Zr,109,400,,-45730.0,500.0,,,,56,ms,3,5/2+.0,,16.0,,1997,B-=100;B-n ?;B-2n ?,True,40,69,4.882496494609864e-06,,
109Nb,109,410,,-56690.0,430.0,,,,106.9,ms,4.9,3/2-.0,,16.0,,1994,B-=100;B-n=31 5,False,41,68,4.1985506634192425e-06,,
109Nb,109,411,m,-56380.0,430.0,312.5,0.4,,115,ns,8,7/2+.0,,16.0,,2011,IT=100,False,41,68,4.198563371891614e-06,,
109Mo,109,420,,-66659.0,11.0,,,,700,ms,14,(1/2+),,16.0,,1992,B-=100;B-n=1.3 6,False,42,67,1.0739568694186124e-07,,
109Mo,109,421,m,-66589.0,11.0,69.7,0.5,,210,ns,60,5/2+.0,,16.0,,2012,IT=100,False,42,67,1.0739576033903414e-07,,
109Tc,109,430,,-74283.0,10.0,,,,905,ms,21,(5/2+),,16.0,,1976,B-=100;B-n=0.08 2,False,43,66,9.762640859555705e-08,,
109Ru,109,440,,-80738.0,9.0,,,,34.4,s,0.2,(5/2+),,16.0,,1967,B-=100,False,44,65,8.785934037140036e-08,,
109Ru,109,441,m,-80642.0,9.0,96.14,0.15,,680,ns,30,(5/2-),,16.0,,1976,IT=100,False,44,65,8.785942271029023e-08,,
109Rh,109,450,,-84999.0,4.0,,,,80.8,s,0.7,7/2+,,16.0,,1972,B-=100,False,45,64,3.904746448381208e-08,,
109Rh,109,451,m,-84773.0,4.0,225.873,0.019,,1.66,us,0.04,3/2+,,16.0,,1987,IT=100,False,45,64,3.9047550629805394e-08,,
109Pd,109,460,,-87606.5,1.1,,,,13.59,h,0.12,5/2+,,16.0,,1937,B-=100,False,46,63,1.0737914979251729e-08,,
109Pd,109,461,m,-87493.1,1.1,113.4,0.0014,,380,ns,50,1/2+,,16.0,,1978,IT=100,False,46,63,1.0737926865937227e-08,,
109Pd,109,462,n,-87417.5,1.1,188.9903,0.001,,4.703,m,0.009,11/2-,,16.0,,1957,IT=100,False,46,63,1.0737934790408845e-08,,
109Ag,109,470,,-88719.4,1.3,,,,stbl,,,1/2-*,,16.0,,1924,IS=48.161 8,False,47,62,1.2690285509128155e-08,6.00e+8,20.21244021318042
109Ag,109,471,m,-88631.4,1.3,88.0337,0.001,,39.79,s,0.21,7/2+*,,16.0,,1967,IT=100,False,47,62,1.269029641053327e-08,6.00e+8,20.21244021318042
109Cd,109,480,,-88504.3,1.5,,,,461.3,d,0.5,5/2+*,,16.0,,1950,EC=100,False,48,61,1.4642852741217702e-08,4.00e+8,19.806975105072254
109Cd,109,481,m,-88444.7,1.5,59.6,0.07,,11.8,us,1.6,1/2+,,16.0,,1956,IT=100,False,48,61,1.4642861260571278e-08,4.00e+8,19.806975105072254
109Cd,109,482,n,-88041.2,1.5,463.1,0.11,,10.6,us,0.4,11/2-,,16.0,,1964,IT=100,False,48,61,1.4642918937999271e-08,4.00e+8,19.806975105072254
109In,109,490,,-86490.0,4.0,,,,4.159,h,0.010,9/2+*,,16.0,,1948,B+=100,False,49,60,3.904886815031975e-08,2.00e+9,21.416413017506358
109In,109,491,m,-85840.0,4.0,649.79,0.1,,1.34,m,0.06,1/2-,,16.0,,1966,IT=100,False,49,60,3.904911593418392e-08,2.00e+9,21.416413017506358
109In,109,492,n,-84388.0,4.0,2101.86,0.11,,210.0,ms,0.9,19/2+,,16.0,,1963,"IT=100[gs=100,m=0]",False,49,60,3.9049669456574256e-08,2.00e+9,21.416413017506358
109Sn,109,500,,-82630.0,8.0,,,,18.1,m,0.2,5/2+*,,16.0,,1966,B+=100,False,50,59,7.810166543523831e-08,1.00e+9,20.72326583694641
109Sb,109,510,,-76251.0,5.0,,,,17.2,s,0.5,5/2+.0,,16.0,,1976,B+=100,False,51,58,4.881719743896332e-08,,
109Te,109,520,,-67715.0,4.0,,,,4.4,s,0.2,(5/2+),,16.0,,1967,B+=96.1 13;A=3.9 13;B+p=9.4 31;B+A<0.0049,False,52,57,3.905750622550976e-08,,
109I,109,530,,-57673.0,7.0,,,,92.8,us,0.8,"(1/2+,3/",2+),16.0,,1984,p=99.986 4;A=0.014 4,False,53,56,6.835820194815429e-08,,
109Xe,109,540,,-46170.0,300.0,,,,13,ms,2,(7/2+),,16.0,,2006,A~100;B+ ?;B+p ?,False,54,55,2.9300033655437445e-06,,
110Zr,110,400,,-42220.0,500.0,,,,37.5,ms,2.0,0+,,12.0,,1997,B-=100;B-n ?;B-2n ?,True,40,70,4.838271909197323e-06,,
110Nb,110,410,,-52310.0,840.0,,,*,75,ms,1,5+.0,,12.0,,1994,B-=100;B-n=40 8;B-2n ?,False,41,69,8.127604974826076e-06,,
110Nb,110,411,m,-52210.0,840.0,100.0,50.0,*,94,ms,9,2+.0,,12.0,,2020,B-=100;IT ?;B-n=40 8;B-2n ?,True,41,69,8.127612838876855e-06,,
110Mo,110,420,,-64536.0,24.0,,,,292,ms,7,0+,,12.0,,1992,B-=100;B-n=2.0 7,False,42,68,2.3219272331597674e-07,,
110Tc,110,430,,-71035.0,9.0,,,,900,ms,13,"(2+,3+)",,12.0,,1976,B-=100;B-n=0.04 2,False,43,67,8.706788622124084e-08,,
110Ru,110,440,,-80073.0,9.0,,,,12.04,s,0.17,0+,,12.0,,1970,B-=100,False,44,66,8.706136327589174e-08,,
110Rh,110,450,,-82829.0,18.0,,,*,3.35,s,0.12,(1+),,12.0,,1963,B-=100,False,45,65,1.741202629079564e-07,,
110Rh,110,451,m,-82610.0,150.0,220.0,150.0,*,28.5,s,1.3,(6+),,12.0,,1969,B-=100,True,45,65,1.4510052648008915e-06,,
110Pd,110,460,,-88330.9,0.6,,,,stbl,,>290Ey,0+,,12.0,,1935,IS=11.72 9;2B- ?,False,46,64,5.803772486570249e-09,,
110Ag,110,470,,-87457.3,1.3,,,,24.56,s,0.11,1+*,,12.0,,1937,B-~100;EC=0.30 6,False,47,63,1.257510396976285e-08,1.00e+8,18.420680743952367
110Ag,110,471,m,-87456.2,1.3,1.112,0.016,,660,ns,40,2-,,12.0,,1975,IT=100,False,47,63,1.25751041035679e-08,1.00e+8,18.420680743952367
110Ag,110,472,n,-87339.7,1.3,117.59,0.05,,249.863,d,0.024,6+*,,12.0,,1938,B-=98.67 8;IT=1.33 8,False,47,63,1.2575118274755281e-08,1.00e+8,18.420680743952367
110Cd,110,480,,-90348.0,0.4,,,,stbl,,,0+,,12.0,,1925,IS=12.470 61,False,48,62,3.86920297459752e-09,5.60e+8,20.14344734169347
110In,110,490,,-86470.0,12.0,,,,4.92,h,0.08,7+*,,12.0,,1939,B+=100,False,49,61,1.1608189592557062e-07,4.00e+8,19.806975105072254
110In,110,491,m,-86408.0,12.0,62.08,0.04,,69.1,m,0.5,2+*,,12.0,,1962,B+=100,False,49,61,1.1608196554647961e-07,4.00e+8,19.806975105072254
110Sn,110,500,,-85842.0,14.0,,,,4.154,h,0.004,0+,,12.0,,1965,EC=100,False,50,60,1.3543139570665883e-07,1.80e+9,21.31105250184853
110Sb,110,510,,-77450.0,6.0,,,,23.6,s,0.3,(3+),,12.0,,1972,B+=100,False,51,59,5.804746535634107e-08,,
110Te,110,520,,-72230.0,7.0,,,,18.6,s,0.8,0+,,12.0,,1977,B+~100;A ?,False,52,58,6.772631060379695e-08,,
110I,110,530,,-60470.0,60.0,,,,664,ms,24,(1+),,12.0,,1977,B+=83 4;A=17 4;B+p=11 3;B+A=1.1 3,False,53,57,5.80584557764676e-07,,
110Xe,110,540,,-51920.0,100.0,,,,93,ms,3,0+,,12.0,,1981,A=64 35;B+=36 35;B+p ?,False,54,56,9.677331043596316e-07,,
111Zr,111,400,,-36480.0,600.0,,,,24.0,ms,0.5,5/2+.0,,15.0,,2010,B-=100;B-n ?;B-2n ?,True,40,71,5.753932590400923e-06,,
111Nb,111,410,,-48960.0,300.0,,,,54,ms,2,3/2-.0,,15.0,,1997,B-=100;B-n ?;B-2n ?,True,41,70,2.8766576905684366e-06,,
111Mo,111,420,,-59940.0,13.0,,,,193.6,ms,4.4,1/2+.0,,15.0,,1994,B-=100;B-n<12,False,42,69,1.246435891849587e-07,,
111Mo,111,421,m,-59840.0,50.0,100.0,50.0,,~200,ms,,7/2-.0,,15.0,,2011,B-=100;B-n ?,True,42,69,4.793988795882796e-07,,
111Tc,111,430,,-69025.0,11.0,,,,350,ms,11,5/2+.0,,9.0,,1988,B-=100;B-n=0.85 20,False,43,68,1.0545977388165798e-07,,
111Ru,111,440,,-76785.0,10.0,,,,2.12,s,0.07,5/2+,,9.0,,1971,B-=100,False,44,67,9.58665782153814e-08,,
111Rh,111,450,,-82304.0,7.0,,,,11,s,1,(7/2+),,9.0,,1975,B-=100,False,45,66,6.710388637033498e-08,,
111Pd,111,460,,-85985.9,0.7,,,,23.56,m,0.09,5/2+,,9.0,,1937,B-=100,False,46,65,6.7102349897427195e-09,,
111Pd,111,461,m,-85813.7,0.7,172.18,0.08,,5.563,h,0.013,11/2-,,9.0,,1952,IT=76.8 10;B-=23.2 10,False,46,65,6.710246066465394e-09,,
111Ag,111,470,,-88215.4,1.5,,,,7.433,d,0.010,1/2-*,,9.0,,1937,B-=100,False,47,64,1.4378945939205408e-08,3.00e+10,24.124463218608568
111Ag,111,471,m,-88155.6,1.5,59.82,0.04,,64.8,s,0.8,7/2+,,9.0,,1957,IT=99.3 2;B-=0.7 2,False,47,64,1.4378954181806377e-08,3.00e+10,24.124463218608568
111Cd,111,480,,-89252.2,0.4,,,,stbl,,,1/2+*,,9.0,,1925,IS=12.795 12,False,48,63,3.834395012987066e-09,5.60e+8,20.14344734169347
111Cd,111,481,m,-88856.0,0.4,396.214,0.021,,48.50,m,0.09,11/2-*,,9.0,,1945,IT=100,False,48,63,3.834409575952933e-09,5.60e+8,20.14344734169347
111In,111,490,,-88392.0,3.0,,,,2.8048,d,0.0001,9/2+*,,9.0,,1947,EC=100,False,49,62,2.8758556281399268e-08,3.50e+5,12.765688433465597
111In,111,491,m,-87855.0,3.0,536.99,0.07,,7.7,m,0.2,1/2-,,9.0,,1966,IT=100,False,49,62,2.8758704324927494e-08,3.50e+5,12.765688433465597
111Sn,111,500,,-85939.0,5.0,,,,35.3,m,0.6,7/2+*,,9.0,,1949,B+=100,False,50,61,4.793264854263046e-08,1.60e+5,11.982929094215963
111Sn,111,501,m,-85684.0,5.0,254.71,0.04,,12.5,us,1.0,1/2+,,9.0,,1972,IT=100,False,50,61,4.793276571739551e-08,1.60e+5,11.982929094215963
111Sb,111,510,,-80837.0,9.0,,,,75,s,1,(5/2+),,9.0,,1972,B+=100,False,51,60,8.628405736977573e-08,,
111Te,111,520,,-73587.0,6.0,,,,26.2,s,0.6,(5/2)+,,9.0,,1967,B+=100;B+p=?,False,52,59,5.75274167498138e-08,,
111I,111,530,,-64954.0,5.0,,,,2.5,s,0.2,5/2+.0,,9.0,,1977,B+~100;A~0.088 9;B+p ?,False,53,58,4.7944076925895434e-08,,
111Xe,111,540,,-54520.0,120.0,,,,740,ms,200,5/2+.0,,9.0,,1979,B+=89.6 1.9;A=10.4 1.9;B+p ?,True,54,57,1.1507872536578334e-06,,
111Cs,111,550,,-42900.0,200.0,,,,1.0,us,,3/2+.0,,,,9999,p ?,True,55,56,1.9182163031803736e-06,,
112Zr,112,400,,-32420.0,700.0,,,,43,ms,21,0+,,15.0,,2010,B-=100;B-n ?;B-2n ?,True,40,72,6.653232598561397e-06,,
112Nb,112,410,,-44070.0,300.0,,,,38,ms,2,1+.0,,15.0,,1997,B-=100;B-n ?;B-2n ?,True,41,71,2.851104747552836e-06,,
112Mo,112,420,,-57480.0,200.0,,,,125,ms,5,0+,,15.0,,1994,B-=100;B-n ?,True,42,70,1.900517648131833e-06,,
112Tc,112,430,,-65259.0,6.0,,,,323,ms,6,(2+),,15.0,,1990,B-=100;B-n=1.5 2,False,43,69,5.7012015757560535e-08,,
112Tc,112,431,m,-64907.0,6.0,352.3,0.7,,150,ns,17,,,15.0,,2010,IT=100,False,43,69,5.701220644656819e-08,,
112Ru,112,440,,-75631.0,10.0,,,,1.75,s,0.07,0+,,15.0,,1970,B-=100,False,44,68,9.50118300173212e-08,,
112Rh,112,450,,-79730.0,40.0,,,,3.4,s,0.4,(1+),,15.0,,1972,B-=100,False,45,67,3.800371893564801e-07,,
112Rh,112,451,m,-79390.0,60.0,340.0,70.0,BD,6.73,s,0.15,(6+),,15.0,,1987,B-=100,False,45,67,5.700576255010512e-07,,
112Pd,112,460,,-86321.0,7.0,,,,21.04,h,0.17,0+,,15.0,,1951,B-=100,False,46,66,6.650316084921764e-08,,
112Ag,112,470,,-86583.7,2.4,,,,3.130,h,0.008,2-*,,15.0,,1938,B-=100,False,47,65,2.2801306978108886e-08,1.00e+9,20.72326583694641
112Cd,112,480,,-90574.86,0.25,,,,stbl,,,0+,,15.0,,1925,IS=24.109 7,False,48,64,2.3750752683984177e-09,,
112In,112,490,,-87990.0,4.0,,,,14.88,m,0.15,1+*,,15.0,,1947,B+=62 4;B-=38 4,False,49,63,3.800260446214503e-08,4.20e+8,19.855765269241687
112In,112,491,m,-87833.0,4.0,156.592,0.025,,20.67,m,0.08,4+*,,15.0,,1953,IT=100,False,49,63,3.800266114699896e-08,4.20e+8,19.855765269241687
112In,112,492,n,-87639.0,4.0,350.8,0.05,,690,ns,50,(7)+,,15.0,,1976,IT=100,False,49,63,3.8002731190937396e-08,4.20e+8,19.855765269241687
112In,112,493,p,-87376.0,4.0,613.82,0.06,,2.81,us,0.03,8-*,,15.0,,1976,IT=100,False,49,63,3.8002826147822916e-08,4.20e+8,19.855765269241687
112Sn,112,500,,-88655.05,0.29,,,,stbl,,,0+,,15.0,,1927,IS=0.97 1;2B+ ?,False,50,62,2.755205269577883e-09,,
112Sb,112,510,,-81599.0,18.0,,,,53.5,s,0.6,(3+),,15.0,,1959,B+=100,False,51,61,1.7102630753943665e-07,2.50e+4,10.126631103850338
112Sb,112,511,m,-80773.0,18.0,825.9,0.4,,536,ns,22,(8-),,15.0,,1976,IT=100,False,51,61,1.7102764979987326e-07,2.50e+4,10.126631103850338
112Te,112,520,,-77568.0,8.0,,,,2.0,m,0.2,0+,,15.0,,1976,B+=100,False,52,60,7.601553778516063e-08,,
112I,112,530,,-67063.0,10.0,,,,3.34,s,0.08,1+.0,,15.0,,1977,B+~100;A~0.0012;B+p=0.88 10;B+A=0.104 12,False,53,59,9.503007577503722e-08,,
112Xe,112,540,,-60026.0,8.0,,,,2.7,s,0.8,0+,,15.0,,1978,B+=98.8 8;A=1.2 8;B+p ?,False,54,58,7.603007940528915e-08,4.20e+1,3.7376696182833684
112Cs,112,550,,-46420.0,120.0,,,,490,us,30,1+.0,,15.0,,1994,p~100;A<0.26,True,55,57,1.1406127014703624e-06,,
113Zr,113,400,,-26340.0,300.0,,,,15.0,ms,>550 ns,3/2+,,,,2018,B- ?;B-n ?;B-2n ?,True,40,73,2.8263091906128707e-06,,
113Nb,113,410,,-40210.0,400.0,,,,32,ms,4,3/2-.0,,15.0,,1997,B-=100;B-n ?;B-2n ?,True,41,72,3.7679658060771592e-06,,
113Mo,113,420,,-52650.0,300.0,,,,80,ms,2,5/2+.0,,15.0,,1994,B-=100;B-n ?,True,42,71,2.8256776565494446e-06,,
113Tc,113,430,,-62812.0,3.0,,,,152,ms,8,5/2+.0,,15.0,,1992,B-=100;B-n=2.1 3,False,43,70,2.8254416380290135e-08,,
113Tc,113,431,m,-62698.0,3.0,114.4,0.5,,527,ns,16,5/2-.0,,15.0,,2010,IT=100,False,43,70,2.8254446716180415e-08,,
113Ru,113,440,,-71870.0,40.0,,,,800,ms,50,(1/2+),,10.0,,1988,B-=100,False,44,69,3.7669800429525593e-07,,
113Ru,113,441,m,-71740.0,50.0,131.0,33.0,,510,ms,30,(7/2-),,10.0,,1998,B-= ?;IT= ?,False,44,69,4.708730818441581e-07,,
113Rh,113,450,,-78767.0,7.0,,,,2.80,s,0.12,(7/2+),,10.0,,1971,B-=100,False,45,68,6.591867207434068e-08,,
113Pd,113,460,,-83590.0,7.0,,,,93,s,5,(5/2+),,10.0,,1954,B-=100,False,46,67,6.591648109522406e-08,,
113Pd,113,461,m,-83509.0,7.0,81.1,0.3,,300,ms,100,(9/2-),,10.0,,1993,IT=100,False,46,67,6.591653137291682e-08,,
113Ag,113,470,,-87027.0,17.0,,,,5.37,h,0.05,1/2-*,,10.0,,1949,B-=100,False,47,66,1.600796512684927e-07,2.80e+9,21.75288525412757
113Ag,113,471,m,-86984.0,17.0,43.5,0.1,,68.7,s,1.6,7/2+,,10.0,,1958,IT=64 7;B-=36 7,False,47,66,1.6007971608594684e-07,2.80e+9,21.75288525412757
113Cd,113,480,,-89043.29,0.24,,,,8.04,Py,0.05,1/2+*,,10.0,,1925,IS=12.227 7;B-=100,False,48,65,2.259932632977124e-09,,
113Cd,113,481,m,-88779.75,0.24,263.54,0.03,,13.89,y,0.11,11/2-*,,10.0,,1965,B-=99.9036 19;IT=0.0964 19,False,48,65,2.2599382412271146e-09,,
113In,113,490,,-89367.12,0.19,,,,stbl,,,9/2+*,,10.0,,1934,IS=4.281 52,False,49,64,1.789129667777853e-09,7.20e+8,20.394761769974377
113In,113,491,m,-88975.42,0.19,391.699,0.003,,1.6579,h,0.0004,1/2-*,,10.0,,1939,IT=100,False,49,64,1.7891362668854146e-09,7.20e+8,20.394761769974377
113Sn,113,500,,-88328.1,1.6,,,,115.08,d,0.04,1/2+*,,10.0,,1939,B+=100,False,50,63,1.5066685999628094e-08,6.00e+9,22.515025306174465
113Sn,113,501,m,-88250.7,1.6,77.389,0.019,,21.4,m,0.4,7/2+*,,10.0,,1961,IT=91.1 23;B+=8.9 23,False,50,63,1.5066696981004278e-08,6.00e+9,22.515025306174465
113Sb,113,510,,-84417.0,17.0,,,,6.67,m,0.07,5/2+,,10.0,,1958,B+=100,False,51,62,1.6009138457948413e-07,1.10e+7,16.213405830762646
113Te,113,520,,-78347.0,28.0,,,,1.7,m,0.2,(7/2+),,10.0,,1974,B+=100,False,52,61,2.6369821278118374e-07,,
113I,113,530,,-71120.0,8.0,,,,6.6,s,0.2,5/2+.0,,10.0,,1977,B+=100;A=3.310e-5.0;B+A ?,False,53,60,7.5348392669573e-08,,
113Xe,113,540,,-62204.0,7.0,,,,2.74,s,0.08,5/2+.0,,10.0,,1973,B+~100;A=?;B+p=7 4;B+A~0.007 4,False,54,59,6.593618381796183e-08,1.30e+3,7.170119543449628
113Xe,113,541,m,-61800.0,7.0,403.6,1.4,,6.9,us,0.3,(11/2-),,,,2013,IT=100,False,54,59,6.59364347364104e-08,1.30e+3,7.170119543449628
113Cs,113,550,,-51765.0,9.0,,,,16.94,us,0.09,(3/2+),,15.0,,1984,p=100,False,55,58,8.478446319564762e-08,,
113Ba,113,560,,-39710.0,300.0,,,,30.0,ms,,5/2+.0,,,,9999,p ?;A ?,True,56,57,2.8265042001851952e-06,,
114Nb,114,410,,-34960.0,500.0,,,,17,ms,5,2-.0,,15.0,,2010,B-=100;B-n ?;B-2n ?,True,41,73,4.66886576975283e-06,,
114Mo,114,420,,-49680.0,300.0,,,,58,ms,2,0+,,15.0,,1997,B-=100;B-n ?,True,42,72,2.8009682915224197e-06,,
114Tc,114,430,,-58600.0,430.0,,,*,121,ms,9,5+.0,,12.0,,1994,B-=100;B-n=1.3 4,False,43,71,4.014435362562413e-06,,
114Tc,114,431,m,-58437.0,13.0,160.0,430.0,MD*,90,ms,20,1+.0,,12.0,,2011,B-~100;IT ?;B-n=1.3 4,False,43,71,1.213668351861854e-07,,
114Ru,114,440,,-70221.0,4.0,,,,540,ms,30,0+,,12.0,,1991,B-=100;B-n ?;B-2n ?,False,44,70,3.733998452016304e-08,,
114Rh,114,450,,-75710.0,70.0,,,*,1.85,s,0.05,1+,,12.0,,1988,B-=100,False,45,69,6.534241367394921e-07,,
114Rh,114,451,m,-75510.0,170.0,200.0,150.0,*,1.85,s,0.05,(7-),,12.0,,1987,B-=100,True,45,69,1.5868901518311311e-06,,
114Pd,114,460,,-83490.0,7.0,,,,2.42,m,0.06,0+,,12.0,,1958,B-=100,False,46,68,6.53384573881616e-08,,
114Ag,114,470,,-84931.0,5.0,,,,4.6,s,0.1,1+,,12.0,,1958,B-=100,False,47,67,4.6670262378368246e-08,1.70e+9,21.253894088008582
114Ag,114,471,m,-84732.0,5.0,198.9,1.0,,1.50,ms,0.05,(6+),,12.0,,1990,IT=100,False,47,67,4.667034906744221e-08,1.70e+9,21.253894088008582
114Cd,114,480,,-90014.93,0.28,,,,stbl,,>92Py,0+,,12.0,,1925,IS=28.754 81;2B- ?,False,48,66,2.6134422253237377e-09,,
114In,114,490,,-88569.8,0.3,,,,71.9,s,0.1,1+,,12.0,,1937,B-=99.50 15;B+=0.50 15,False,49,65,2.800188242932858e-09,8.00e+8,20.5001222856322
114In,114,491,m,-88379.5,0.3,190.2682,0.0008,,49.51,d,0.01,5+*,,12.0,,1939,IT=96.75 24;B+=3.25 24,False,49,65,2.8001932167837376e-09,8.00e+8,20.5001222856322
114In,114,492,n,-88067.9,0.3,501.948,0.003,,43.1,ms,0.6,8-,,12.0,,1958,"IT=100[gs=0,m=100]",False,49,65,2.800201361077982e-09,8.00e+8,20.5001222856322
114Sn,114,500,,-90559.735,0.029,,,,stbl,,,0+,,12.0,,1927,IS=0.66 1,False,50,64,2.706831034852583e-10,,
114Sn,114,501,m,-87472.37,0.08,3087.37,0.07,,733,ns,14,7-,,12.0,,1980,IT=100,False,50,64,7.467335283514892e-10,,
114Sb,114,510,,-84497.0,20.0,,,,3.49,m,0.03,3+,,12.0,,1959,B+=100,False,51,63,1.8669082074436088e-07,6.00e+7,17.909855120186375
114Sb,114,511,m,-84002.0,20.0,495.5,0.7,,219,us,12,(8-),,12.0,,1973,IT=100,False,51,63,1.8669168337154486e-07,6.00e+7,17.909855120186375
114Te,114,520,,-81890.0,24.0,,,,15.2,m,0.7,0+,,12.0,,1968,B+=100,False,52,62,2.240371415954713e-07,,
114I,114,530,,-72639.0,20.0,,,,2.01,s,0.15,1+,,12.0,,1977,B+=100;B+p ?;A~7.7e-9.0,False,53,61,1.867159964679558e-07,1.00e+1,2.302585092994046
114I,114,531,m,-72373.0,20.0,265.9,0.5,,6.2,s,0.5,(7-),,12.0,,1995,B+= ?;IT= ?,False,53,61,1.8671646014518962e-07,1.00e+1,2.302585092994046
114Xe,114,540,,-67086.0,11.0,,,,10.0,s,0.4,0+,,12.0,,1977,B+=100,False,54,60,1.0270036225254195e-07,6.50e+4,11.082142548877775
114Cs,114,550,,-54690.0,90.0,,,,570,ms,20,(1+),,12.0,,1978,B+~100;A=0.018 6;B+p=8.7 13;B+A=0.19 3,False,55,59,8.403830997107285e-07,8.40e+0,2.128231705849268
114Ba,114,560,,-45910.0,100.0,,,,460,ms,125,0+,,12.0,,1995,B+~100;B+p=20 10;A=0.9 3;12C<0.0034,False,56,58,9.338468379168078e-07,,
115Nb,115,410,,-30880.0,500.0,,,,23,ms,8,3/2-.0,,15.0,,2010,B-=100;B-n ?;B-2n ?,True,41,74,4.628434947727492e-06,,
115Mo,115,420,,-44550.0,400.0,,,,45.5,ms,2.0,3/2+.0,,15.0,,2010,B-=100;B-n ?;B-2n ?,True,42,73,3.702323785899992e-06,,
115Tc,115,430,,-55800.0,200.0,,,,78,ms,2,5/2+.0,,15.0,,1994,B-=100;B-n ?,True,43,72,1.8509913111093472e-06,,
115Ru,115,440,,-66105.0,25.0,,,,318,ms,19,(1/2+),,12.0,,1992,B-=100;B-n ?,False,44,71,2.3135461831371386e-07,,
115Ru,115,441,m,-66110.0,90.0,82.0,6.0,,76,ms,6,(7/2-),,12.0,,2010,IT= ?;B-= ?,False,44,71,8.328765873914009e-07,,
115Rh,115,450,,-74229.0,7.0,,,,1.03,s,3,(7/2+),,12.0,,1988,B-=100;B-n ?,False,45,70,6.477519854113602e-08,,
115Pd,115,460,,-80426.0,14.0,,,,25,s,2,(1/2)+,,12.0,,1958,B-=100,False,46,69,1.295445187953297e-07,1.80e+5,12.100712129872347
115Pd,115,461,m,-80337.0,14.0,89.21,0.16,,50,s,3,(7/2-),,12.0,,1987,B-=92.0 20;IT=8.0 20,False,46,69,1.2954462547960536e-07,1.80e+5,12.100712129872347
115Ag,115,470,,-84983.0,18.0,,,,20.0,m,0.5,1/2-,,12.0,,1949,B-=100,False,47,68,1.6655220869038067e-07,,
115Ag,115,471,m,-84942.0,18.0,41.16,0.1,,18.0,s,0.7,7/2+,,12.0,,1958,B-=79.0 3;IT=21.0 3,False,47,68,1.6655227187513612e-07,,
115Cd,115,480,,-88084.5,0.7,,,,53.46,h,0.05,1/2+*,,12.0,,1939,B-=100,False,48,67,6.4769219739039876e-09,1.10e+8,18.51599092375669
115Cd,115,481,m,-87903.5,0.9,181.0,0.5,,44.56,d,0.24,11/2-*,,12.0,,1959,B-~100;IT ?,False,48,67,8.327485055735472e-09,1.10e+8,18.51599092375669
115In,115,490,,-89536.357,0.012,,,,441,Ty,25,9/2+*,,12.0,,1924,IS=95.719 52;B-=100,False,49,66,1.1103278526249163e-10,,
115In,115,491,m,-89200.113,0.021,336.244,0.017,,4.486,h,0.004,1/2-*,,12.0,,1961,IT=95.0 7;B-=5.0 7,False,49,66,1.9430797873561315e-10,,
115Sn,115,500,,-90033.846,0.015,,,,stbl,,,1/2+*,,12.0,,1927,IS=0.34 1,False,50,65,1.3879200360431788e-10,,
115Sn,115,501,m,-89421.04,0.04,612.81,0.04,,3.26,us,0.08,7/2+,,12.0,,1967,IT=100,False,50,65,3.7011410822198405e-10,,
115Sn,115,502,n,-89320.21,0.12,713.64,0.12,,159,us,1,11/2-,,12.0,,1958,IT=100,False,50,65,1.1103433605775991e-09,,
115Sb,115,510,,-87003.0,16.0,,,,32.1,m,0.3,5/2+,,12.0,,1958,B+=100,False,51,64,1.4805072746651832e-07,,
115Sb,115,511,m,-84207.0,16.0,2796.26,0.09,,159,ns,3,(19/2)-,,12.0,,1977,IT=100,False,51,64,1.4805455791399775e-07,,
115Te,115,520,,-82063.0,28.0,,,*,5.8,m,0.2,7/2+,,12.0,,1961,B+=100,False,52,63,2.5910371767315166e-07,,
115Te,115,521,m,-82053.0,30.0,10.0,6.0,*,6.7,m,0.4,(1/2+),,12.0,,1974,B+~100;IT ?,False,52,63,2.776111517676916e-07,,
115Te,115,522,n,-81783.0,28.0,280.05,0.2,,7.5,us,0.2,11/2-,,12.0,,1972,IT=100,False,52,63,2.591043890222563e-07,,
115I,115,530,,-76338.0,29.0,,,,1.3,m,0.2,5/2+.0,,12.0,,1969,B+=100,False,53,62,2.683748516339215e-07,8.00e+4,11.289781913656018
115Xe,115,540,,-68657.0,12.0,,,,18,s,3,(5/2+),,12.0,,1969,B+=100;B+p=0.34 6,False,54,61,1.1106088648617545e-07,7.60e+5,13.541073712262515
115Cs,115,550,,-59700.0,100.0,,,,1.4,s,0.8,9/2+.0,,12.0,,1978,B+=100;B+p~0.07,True,55,60,9.255951963641177e-07,3.20e+2,5.768320995793772
115Ba,115,560,,-48920.0,200.0,,,,450,ms,50,5/2+.0,,12.0,,1997,B+=100;B+p>15,True,56,59,1.8513972867163591e-06,,
116Nb,116,410,,-25230.0,300.0,,,,12.0,ms,>550ns,1-.0,,,,2018,B- ?;B-n ?;B-2n ?,True,41,75,2.7532586796774558e-06,,
116Mo,116,420,,-41210.0,500.0,,,,32,ms,4,0+,,15.0,,2010,B-=100;B-n ?;B-2n ?,True,42,74,4.58814604223321e-06,,
116Tc,116,430,,-51210.0,300.0,,,,57,ms,3,2+.0,,15.0,,1997,B-=100;B-n ?;B-2n ?,True,43,73,2.752667701159437e-06,,
116Ru,116,440,,-64069.0,4.0,,,,204,ms,6,0+,,15.0,,1994,B-=100;B-n ?,False,44,72,3.6698341533661344e-08,,
116Rh,116,450,,-70740.0,70.0,,,*,685,ms,39,1+,,10.0,,1970,B-=100;B-n<2.1,False,45,71,6.421892925866453e-07,,
116Rh,116,451,m,-70540.0,170.0,200.0,150.0,*,570,ms,50,(6-),,10.0,,1987,B-=100;B-n<2.1,True,45,71,1.5596054293158738e-06,,
116Pd,116,460,,-79831.0,7.0,,,,11.8,s,0.4,0+,,10.0,,1970,B-=100,False,46,70,6.421433556813862e-08,,
116Ag,116,470,,-82543.0,3.0,,,,3.83,m,0.08,(0-),,10.0,,1958,B-=100,False,47,69,2.7520071379848594e-08,5.90e+6,15.590462908875947
116Ag,116,471,m,-82495.0,3.0,47.9,0.1,,20,s,1,(3+),,10.0,,2005,B-=93 4;IT=7 4,False,47,69,2.752008349752319e-08,5.90e+6,15.590462908875947
116Ag,116,472,n,-82413.0,3.0,129.8,0.22,,9.3,s,0.3,(6-),,10.0,,1970,B-=92 4;IT=8 4,False,47,69,2.7520104198575308e-08,5.90e+6,15.590462908875947
116Cd,116,480,,-88712.49,0.16,,,,26.9,Ey,0.9,0+,,10.0,,1925,IS=7.512 54;2B-=100,False,48,68,1.4676714902334529e-09,,
116In,116,490,,-88249.76,0.22,,,,14.10,s,0.03,1+,,10.0,,1937,B-~100;EC=0.0237 43,False,49,67,2.018080806854716e-09,1.60e+8,18.890684373198102
116In,116,491,m,-88122.49,0.22,127.267,0.006,,54.29,m,0.17,5+*,,10.0,,1945,B-=100,False,49,67,2.0180831628855746e-09,1.60e+8,18.890684373198102
116In,116,492,n,-87960.1,0.22,289.66,0.006,,2.18,s,0.04,8-*,,10.0,,1950,"IT=100[gs=0,m=100]",False,49,67,2.0180861690682386e-09,1.60e+8,18.890684373198102
116Sn,116,500,,-91525.98,0.1,,,,stbl,,,0+,,10.0,,1922,IS=14.54 9,False,50,66,9.17292772824986e-10,,
116Sn,116,501,m,-89160.0,0.1,2365.975,0.021,,348,ns,19,5-,,10.0,,1964,IT=100,False,50,66,9.173126812286674e-10,,
116Sn,116,502,n,-87978.82,0.2,3547.16,0.17,,833,ns,30,10+,,10.0,,1978,IT=100,False,50,66,1.8346452410475394e-09,,
116Sb,116,510,,-86822.0,5.0,,,,15.8,m,0.8,3+*,,10.0,,1949,B+=100,False,51,65,4.5867161927430725e-08,,
116Sb,116,511,m,-86728.0,5.0,93.99,0.05,,194,ns,4,1+,,10.0,,1976,IT=100,False,51,65,4.5867201478839846e-08,,
116Sb,116,512,n,-86440.0,40.0,390.0,40.0,BD,60.3,m,0.6,8-*,,10.0,,1949,B+=100,False,51,65,3.6693858126439897e-07,,
116Te,116,520,,-85264.0,24.0,,,,2.49,h,0.04,0+,,10.0,,1958,B+=100,False,52,64,2.2016813608053452e-07,1.00e+6,13.815510557964274
116I,116,530,,-77420.0,80.0,,,,2.91,s,0.15,1+,,10.0,,1976,B+=100,False,53,63,7.339553091925391e-07,5.00e+4,10.819778284410283
116I,116,531,m,-76990.0,80.0,430.4,0.5,,3.27,us,0.16,(7-),,10.0,,1990,IT=100,False,53,63,7.339582046648397e-07,5.00e+4,10.819778284410283
116Xe,116,540,,-73047.0,13.0,,,,59,s,2,0+,,10.0,,1969,B+=100,False,54,62,1.192739382512314e-07,6.50e+6,15.687312734865866
116Cs,116,550,,-62040.0,100.0,,,*,700,ms,40,(1+),,10.0,,1975,B+=100;B+p=0.28 7;B+A=0.049 25,True,55,61,9.175953875115466e-07,2.80e+3,7.937374696163295
116Cs,116,551,m,-61940.0,120.0,100.0,60.0,*,3.85,s,0.13,(7+),,10.0,,1975,B+=100;B+p=0.44 7;B+A=0.0034 23,True,55,61,1.1011154753923372e-06,2.80e+3,7.937374696163295
116Ba,116,560,,-54380.0,200.0,,,,1.3,s,0.2,0+,,10.0,,1997,B+=100;B+p=3 1,True,56,60,1.8353415581782716e-06,,
116La,116,570,,-40050.0,320.0,,,,10.0,ms,,,,10.0,,9999,B+ ?;B+p ?;p ?,True,57,59,2.9369675683452325e-06,,
117Mo,117,420,,-35690.0,500.0,,,,22,ms,5,3/2+.0,,15.0,,2010,B-=100;B-n ?;B-2n ?,True,42,75,4.549154900766174e-06,,
117Tc,117,430,,-48140.0,400.0,,,,44.5,ms,3.0,5/2+.0,,15.0,,1997,B-=100;B-n ?;B-2n ?,True,43,74,3.6389545419145736e-06,,
117Ru,117,440,,-59490.0,430.0,,,,151,ms,3,3/2+.0,,15.0,,1994,B-=100;B-n ?,False,44,73,3.911518270133892e-06,,
117Ru,117,441,m,-59310.0,430.0,185.0,0.4,,2.49,us,0.06,7/2-.0,,15.0,,2012,IT=100,False,44,73,3.911524674785151e-06,,
117Rh,117,450,,-68897.0,9.0,,,,421,ms,30,7/2+.0,,11.0,,1991,B-=100;B-n<7.6,False,45,72,8.186294503867437e-08,,
117Rh,117,451,m,-68576.0,9.0,321.2,1.0,,138,ns,17,3/2+.0,,,,2013,IT=100,False,45,72,8.186318406102874e-08,,
117Pd,117,460,,-76424.0,7.0,,,,4.3,s,0.3,(3/2+),,11.0,,1968,B-=100,False,46,71,6.36675694781212e-08,,
117Pd,117,461,m,-76221.0,7.0,203.3,0.3,,19.1,ms,0.7,(9/2-),,11.0,,1990,IT=100,False,46,71,6.366768703156095e-08,,
117Ag,117,470,,-82182.0,14.0,,,,73.6,s,1.4,1/2-.0,,11.0,,1958,B-=100,False,47,70,1.273299683674959e-07,,
117Ag,117,471,m,-82153.0,14.0,28.6,0.2,,5.34,s,0.05,7/2+.0,,11.0,,1990,B-=94.0 15;IT=6.0 15,False,47,70,1.273300019514122e-07,,
117Cd,117,480,,-86418.4,1.0,,,,2.503,h,0.005,1/2+*,,11.0,,1939,B-=100,False,48,69,9.094754299486922e-09,6.20e+7,17.942644943009366
117Cd,117,481,m,-86282.0,1.0,136.4,0.2,,3.441,h,0.009,11/2-*,,11.0,,1966,B-=100,False,48,69,9.094765581766325e-09,6.20e+7,17.942644943009366
117In,117,490,,-88943.0,5.0,,,,43.2,m,0.3,9/2+*,,11.0,,1937,B-=100,False,49,68,4.547326228435745e-08,3.50e+8,19.67344371244773
117In,117,491,m,-88628.0,5.0,315.303,0.011,,116.2,m,0.3,1/2-*,,11.0,,1940,B-=52.9 15;IT=47.1 15,False,49,68,4.547339255723837e-08,3.50e+8,19.67344371244773
117Sn,117,500,,-90397.7,0.5,,,,stbl,,,1/2+*,,11.0,,1923,IS=7.68 7,False,50,67,4.547319554868673e-09,,
117Sn,117,501,m,-90083.1,0.5,314.58,0.04,,13.939,d,0.024,11/2-*,,12.0,,1950,IT=100,False,50,67,4.547332565575942e-09,,
117Sn,117,502,n,-87991.3,0.6,2406.4,0.4,,1.75,us,0.07,(19/2+),,11.0,,1979,IT=100,False,50,67,5.456902892015111e-09,,
117Sb,117,510,,-88640.0,8.0,,,,2.97,h,0.02,5/2+*,,11.0,,1947,B+=100,False,51,66,7.275913180106931e-08,,
117Sb,117,511,m,-85509.0,8.0,3130.76,0.19,,355,us,17,(25/2)+,,11.0,,1970,IT=100,False,51,66,7.276120375676259e-08,,
117Sb,117,512,n,-85409.0,8.0,3230.7,0.2,,290,ns,5,(23/2-),,11.0,,1987,IT=100,False,51,66,7.276126993423243e-08,,
117Te,117,520,,-85096.0,13.0,,,,62,m,2,1/2+*,,11.0,,1958,B+=100;EC=75 1;e+=25 1,False,52,65,1.1823879109387038e-07,1.00e+6,13.815510557964274
117Te,117,521,m,-84800.0,13.0,296.1,0.5,,103,ms,3,(11/2-),,11.0,,1963,IT=100,False,52,65,1.1823910941794806e-07,1.00e+6,13.815510557964274
117I,117,530,,-80439.0,26.0,,,,2.22,m,0.04,(5/2)+,,11.0,,1969,B+=100;e+~77,False,53,64,2.3649038104907055e-07,2.50e+6,14.73180128983843
117Xe,117,540,,-74185.0,10.0,,,,61,s,2,5/2+*,,11.0,,1969,B+=100;B+p=0.0029 6,False,54,63,9.096408344966534e-08,5.00e+7,17.72753356339242
117Cs,117,550,,-66490.0,60.0,,,*,8.4,s,0.6,9/2+.0,,11.0,,1972,B+=100,False,55,62,5.45829128528929e-07,1.20e+5,11.695247021764184
117Cs,117,551,m,-66340.0,100.0,150.0,80.0,*,6.5,s,0.4,3/2+.0,,11.0,,1978,B+=100,True,55,62,9.09716455589232e-07,1.20e+5,11.695247021764184
117Ba,117,560,,-57460.0,250.0,,,,1.75,s,0.07,(3/2+),,11.0,,1977,B+=100;B+p=13 3;B+A=0.024 8,False,56,61,2.2745016406394053e-06,,
117La,117,570,,-46270.0,200.0,,,,21.7,ms,1.8,(3/2+),,11.0,,2001,p~100;B+ ?;B+p ?,True,57,60,1.8198079943650993e-06,,
117La,117,571,m,,,,,RN,10,ms,5,(9/2+),,11.0,,9999,,False,57,60,,,
118Mo,118,420,,-32370.0,500.0,,,,21,ms,6,0+,,15.0,,2015,B-=100;B-n ?;B-2n ?,True,42,76,4.510731359367031e-06,,
118Tc,118,430,,-43290.0,400.0,,,,30,ms,4,2+.0,,15.0,,2010,B-=100;B-n ?;B-2n ?,True,43,75,3.6082717212789716e-06,,
118Ru,118,440,,-57000.0,200.0,,,,99,ms,3,0+,,15.0,,1994,B-=100;B-n ?,True,44,74,1.8039338078281199e-06,,
118Rh,118,450,,-64887.0,24.0,,,*,282,ms,9,1+.0,,6.0,,1994,B-=100;B-n=3.1 14,False,45,73,2.1645918352731906e-07,,
118Rh,118,451,m,-64690.0,150.0,200.0,150.0,*,310,ms,30,6-.0,,6.0,,1994,B-~100;IT ?;B-n=3.1 14,True,45,73,1.3528723007874868e-06,,
118Pd,118,460,,-75388.4,2.5,,,,1.9,s,0.1,0+,,6.0,,1969,B-=100,False,46,72,2.2545959202945153e-08,,
118Ag,118,470,,-79553.8,2.5,,,,3.76,s,0.15,(2-),,95.0,,1967,B-=100,False,47,71,2.2545375245983842e-08,1.00e+8,18.420680743952367
118Ag,118,471,m,-79508.0,2.5,45.79,0.09,,~0.1,us,,"(1,2)-",,95.0,,1989,IT=100,False,47,71,2.254538455793276e-08,1.00e+8,18.420680743952367
118Ag,118,472,n,-79426.2,2.5,127.63,0.1,,2.0,s,0.2,(5+),,95.0,,1971,B-=59 3;IT=41 3,False,47,71,2.2545401189336646e-08,1.00e+8,18.420680743952367
118Ag,118,473,p,-79274.4,2.5,279.37,0.2,,~0.1,us,,(3+),,95.0,,1989,IT=100,False,47,71,2.2545432053058266e-08,1.00e+8,18.420680743952367
118Cd,118,480,,-86702.0,20.0,,,,50.3,m,0.2,0+,,95.0,,1961,B-=100,False,48,70,1.8035347929060453e-07,6.00e+8,20.21244021318042
118In,118,490,,-87228.0,8.0,,,*,5.0,s,0.5,1+,,95.0,,1949,B-=100,False,49,69,7.21418909058827e-08,7.90e+8,20.487543503425343
118In,118,491,m,-87130.0,50.0,100.0,50.0,*,4.364,m,0.007,5+*,,95.0,,1964,B-=100,True,49,69,4.508872166280077e-07,7.90e+8,20.487543503425343
118In,118,492,n,-86990.0,50.0,240.0,50.0,,8.5,s,0.3,8-*,,95.0,,1969,"IT=98.6 3[gs=0,m=98.6];B-=1.4 3",True,49,69,4.5088778586671624e-07,7.90e+8,20.487543503425343
118Sn,118,500,,-91652.8,0.5,,,,stbl,,,0+,,95.0,,1924,IS=24.22 9,False,50,68,4.508740860413466e-09,,
118Sn,118,501,m,-89077.9,0.5,2574.91,0.04,,230,ns,10,7-,,95.0,,1961,IT=100,False,50,68,4.508845551810912e-09,,
118Sn,118,502,n,-88544.7,0.5,3108.06,0.22,,2.52,us,0.06,(10+),,95.0,,1973,IT=100,False,50,68,4.508867231494661e-09,,
118Sb,118,510,,-87996.0,3.0,,,,3.6,m,0.1,1+*,,95.0,,1947,B+=100,False,51,67,2.7053652776076772e-08,,
118Sb,118,511,m,-87945.0,3.0,50.814,0.021,,20.6,us,0.6,3+,,95.0,,1975,IT=100,False,51,67,2.705366521838468e-08,,
118Sb,118,512,n,-87746.0,5.0,250.0,6.0,BD,5.01,h,0.03,8-*,,95.0,,1947,B+=100,False,51,67,4.508952294648609e-08,,
118Te,118,520,,-87691.0,18.0,,,,6.00,d,0.02,0+,,95.0,,1948,EC=100,False,52,66,1.623242563295031e-07,,
118I,118,530,,-80971.0,20.0,,,,13.7,m,0.5,(2-),,95.0,,1957,B+=100,False,53,65,1.803733193703995e-07,1.60e+7,16.588099280204055
118I,118,531,m,-80782.0,20.0,188.8,0.7,,8.5,m,0.5,(7-),,95.0,,1968,B+~100;IT ?,False,53,65,1.8037362682227308e-07,1.60e+7,16.588099280204055
118Xe,118,540,,-78079.0,10.0,,,,3.8,m,0.9,0+,,95.0,,1965,B+=100,False,54,64,9.019006400968461e-08,1.60e+8,18.890684373198102
118Cs,118,550,,-68409.0,13.0,,,*,14,s,2,2+*,,95.0,,1969,B+=100;B+p=0.021 14;B+A=0.0012 5,False,55,63,1.172586775588775e-07,1.60e+7,16.588099280204055
118Cs,118,551,m,-68310.0,60.0,100.0,60.0,*,17,s,3,(7-),,95.0,,1972,B+=100;B+p=0.021 14;B+A=0.0012 5,True,55,63,5.411943796958953e-07,1.60e+7,16.588099280204055
118Ba,118,560,,-62200.0,200.0,,,,5.2,s,0.2,0+,,6.0,,1997,B+=100,True,56,62,1.8041017388122196e-06,,
118La,118,570,,-49620.0,300.0,,,,200.0,ms,,1-.0,,,,9999,B+ ?;B+p ?,True,57,61,2.7064913107612233e-06,,
119Mo,119,420,,-26580.0,300.0,,,,12.0,ms,>550ns,3/2+.0,,,,2018,B- ?;B-n ?;B-2n ?,True,42,77,2.6838301761535178e-06,,
119Tc,119,430,,-40170.0,500.0,,,,22,ms,3,5/2+.0,,15.0,,2010,B-=100;B-n ?;B-2n ?,True,43,76,4.472558279861519e-06,,
119Ru,119,440,,-52080.0,300.0,,,,69.5,ms,2.0,3/2+.0,,15.0,,1997,B-=100;B-n ?;B-2n ?,True,44,75,2.6832801439672962e-06,,
119Ru,119,441,m,-51850.0,300.0,227.1,0.7,,384,ns,22,,,15.0,,2012,IT=100,True,44,75,2.6832856639727724e-06,,
119Rh,119,450,,-62823.0,9.0,,,,190,ms,6,7/2+.0,,9.0,,1994,B-=100;B-n=6.4 16,False,45,74,8.049160114057208e-08,,
119Pd,119,460,,-71407.0,8.0,,,,920,ms,80,3/2+.0,,9.0,,1991,B-=100;B-n ?,False,46,73,7.154342497323166e-08,,
119Pd,119,461,m,-71110.0,150.0,300.0,150.0,,3.0,ms,,11/2-.0,,,,9999,IT ?;B- ?,True,46,73,1.341442781186726e-06,,
119Ag,119,470,,-78646.0,15.0,,,*&,6.0,s,0.5,1/2-.0,,9.0,,1975,B-=100,False,47,72,1.3413678954658203e-07,,
119Ag,119,471,m,-78626.0,25.0,20.0,20.0,*&,2.1,s,0.1,7/2+.0,,9.0,,1975,B-=100,True,47,72,2.2356135589470678e-07,,
119Cd,119,480,,-83980.0,40.0,,,,2.69,m,0.02,1/2+*,,9.0,,1961,B-=100,False,48,71,3.5768518104757753e-07,1.80e+7,16.70588231586044
119Cd,119,481,m,-83830.0,40.0,146.54,0.11,,2.20,m,0.02,11/2-*,,9.0,,1974,B-=100,False,48,71,3.576856608183038e-07,1.80e+7,16.70588231586044
119In,119,490,,-87699.0,7.0,,,,2.4,m,0.1,9/2+*,,9.0,,1949,B-=100,False,49,70,6.259354898955013e-08,1.00e+9,20.72326583694641
119In,119,491,m,-87388.0,7.0,311.37,0.03,,18.0,m,0.3,1/2-*,,9.0,,1973,B-=97.4 4;IT=2.6 4,False,49,70,6.259372305906116e-08,1.00e+9,20.72326583694641
119In,119,492,n,-87045.0,7.0,654.27,0.07,,130,ns,15,(3/2)+,,9.0,,1974,IT=100,False,49,70,6.259391504038414e-08,1.00e+9,20.72326583694641
119In,119,493,p,-85042.0,7.0,2656.9,1.8,,265,ns,10,(25/2+),,9.0,,2002,IT=100,False,49,70,6.259503616766368e-08,1.00e+9,20.72326583694641
119Sn,119,500,,-90065.0,0.7,,,,stbl,,,1/2+*,,9.0,,1925,IS=8.59 4,False,50,69,6.259294861520478e-09,,
119Sn,119,501,m,-89975.5,0.7,89.531,0.013,,293.1,d,0.7,11/2-*,,9.0,,1950,IT=100,False,50,69,6.259299870810357e-09,,
119Sn,119,502,n,-87938.0,1.2,2127.0,1.0,,9.6,us,1.2,(19/2+),,9.0,,1992,IT=100,False,50,69,1.073042384791273e-08,,
119Sn,119,503,p,-87696.0,0.8,2369.0,0.3,,96,ns,9,23/2+,,,,2016,IT=100,False,50,69,7.1536313788436646e-09,,
119Sb,119,510,,-89476.0,7.0,,,,38.19,h,0.22,5/2+*,,9.0,,1947,EC=100,False,51,68,6.259400216823296e-08,,
119Sb,119,511,m,-86922.0,7.0,2553.6,0.3,,130,ns,3,19/2-,,9.0,,1991,IT=100,False,51,68,6.259543171448938e-08,,
119Sb,119,512,n,-86634.0,7.0,2841.7,0.4,,835,ms,81,25/2+,,9.0,,1979,IT=100,False,51,68,6.259559292035662e-08,,
119Te,119,520,,-87183.0,7.0,,,,16.05,h,0.05,1/2+*,,9.0,,1948,B+=100;EC=97.94 5;e+=2.06 5,False,52,67,6.25960095587292e-08,,
119Te,119,521,m,-86922.0,7.0,260.96,0.05,,4.70,d,0.04,11/2-*,,9.0,,1960,B+=100;EC=99.59 4;e+=0.41 4,False,52,67,6.259615565420842e-08,,
119I,119,530,,-83778.0,22.0,,,,19.1,m,0.4,5/2+,,9.0,,1954,B+=100;e+=51 4;EC=49 4,False,53,66,1.9673858149865342e-07,3.40e+7,17.341871082580436
119Xe,119,540,,-78794.0,10.0,,,,5.8,m,0.3,5/2+*,,9.0,,1965,B+=100;e+=79 5;EC=21 5,False,54,65,8.943164829489375e-08,8.20e+8,20.524814898222573
119Cs,119,550,,-72305.0,14.0,,,*,43.0,s,0.2,9/2+*,,9.0,,1969,B+=100;B+A<2e-6,False,55,64,1.2521302227405221e-07,1.30e+3,7.170119543449628
119Cs,119,551,m,-72260.0,30.0,50.0,30.0,*,30.4,s,0.1,3/2+*,,9.0,,1978,B+=100,True,55,64,2.6831372714702413e-07,1.30e+3,7.170119543449628
119Ba,119,560,,-64590.0,200.0,,,,5.4,s,0.3,(5/2+),,9.0,,1974,B+=100;B+p=25 2,False,56,63,1.7889015903699528e-06,,
119La,119,570,,-55020.0,300.0,,,,1.0,s,,11/2-.0,,,,9999,B+ ?,True,57,62,2.6836131446299175e-06,,
119Ce,119,580,,-43820.0,500.0,,,,200.0,ms,,5/2+.0,,,,9999,B+ ?;B+p ?,True,58,61,4.473188487057789e-06,,
120Tc,120,430,,-35000.0,500.0,,,,21,ms,5,3+.0,,17.0,,2010,B-=100;B-n ?;B-2n ?,True,43,77,4.435485270005215e-06,,
120Ru,120,440,,-49720.0,400.0,,,,45,ms,2,0+,,17.0,,2010,B-=100;B-n ?,True,44,76,3.547965626429019e-06,,
120Rh,120,450,,-58620.0,200.0,,,,129.6,ms,4.2,8-.0,,17.0,,1994,B-=100;B-n<9.3;B-2n ?,True,45,75,1.7738631298029716e-06,,
120Rh,120,451,m,-58460.0,200.0,157.2,0.7,,295,ns,16,6.0,,17.0,,2012,IT=100,True,45,75,1.7738656470788665e-06,,
120Pd,120,460,,-70279.6,2.3,,,,492,ms,33,0+,,17.0,,1993,B-=100;B-n<0.7,False,46,74,2.039755060725956e-08,,
120Ag,120,470,,-75652.0,4.0,,,*,1.52,s,0.07,4(+),,2.0,,1971,B-=100;B-n<0.003,False,47,73,3.547271782300043e-08,,
120Ag,120,471,m,-75650.0,50.0,0.0,50.0,*,940,ms,100,"(0-,1-)",,,,2012,B-=?;IT ?;B-n ?,True,47,73,4.434089806519662e-07,,
120Ag,120,472,n,-75449.0,4.0,203.2,0.2,,384,ms,22,7(-),,2.0,,1971,IT=68 10;B-=32 10;B-n ?,False,47,73,3.547278168253616e-08,,
120Cd,120,480,,-83957.0,4.0,,,,50.80,s,0.21,0+,,2.0,,1973,B-=100,False,48,72,3.547051224076523e-08,1.10e+8,18.51599092375669
120In,120,490,,-85730.0,40.0,,,*,3.08,s,0.08,1+,,2.0,,1958,B-=100,False,49,71,3.547036136707862e-07,6.30e+8,20.261230377349854
120In,120,491,m,-85680.0,50.0,50.0,60.0,*&,46.2,s,0.8,5+*,,2.0,,1960,B-=100,True,49,71,4.4337971367396607e-07,6.30e+8,20.261230377349854
120In,120,492,n,-85430.0,200.0,300.0,200.0,*&,47.3,s,0.5,8-*,,2.0,,1960,B-=100,True,49,71,1.7735227864159905e-06,6.30e+8,20.261230377349854
120Sn,120,500,,-91097.7,0.9,,,,stbl,,,0+,,2.0,,1926,IS=32.58 9,False,50,70,7.980542971986604e-09,,
120Sn,120,501,m,-88616.1,0.9,2481.63,0.06,,11.8,us,0.5,7-,,2.0,,1960,IT=100,False,50,70,7.980718587836036e-09,,
120Sn,120,502,n,-88195.5,0.9,2902.22,0.22,,6.26,us,0.11,10+,,2.0,,1987,IT=100,False,50,70,7.98074835328058e-09,,
120Sb,120,510,,-88417.0,7.0,,,*,15.89,m,0.04,1+*,,2.0,,1937,B+=100,False,51,69,6.207307716397457e-08,,
120Sb,120,511,m,-88420.0,100.0,0.0,100.0,*,5.76,d,0.02,8-*,,2.0,,1958,B+=100,True,51,69,8.867582216094318e-07,,
120Sb,120,512,n,-88339.0,7.0,78.16,0.05,,246,ns,2,(3+),,2.0,,1976,IT=100,False,51,69,6.20731200981784e-08,,
120Sb,120,513,p,-86090.0,100.0,2328.0,100.0,,400,ns,8,13+,,2.0,,1983,IT=100,True,51,69,8.867765437133391e-07,,
120Te,120,520,,-89362.2,1.8,,,,stbl,,>1.6Zy,0+,,2.0,,1936,IS=0.09 1;2B+ ?,False,52,68,1.596169768882919e-08,,
120I,120,530,,-83747.0,15.0,,,,81.67,m,0.18,2-,,2.0,,1957,B+=100,False,53,67,1.3302229664138695e-07,1.30e+8,18.683045008419857
120I,120,531,m,-83674.0,15.0,72.61,0.09,,242,ns,5,3+,,2.0,,1974,IT=100,False,53,67,1.3302238275677552e-07,1.30e+8,18.683045008419857
120I,120,532,n,-83430.0,150.0,320.0,150.0,BD,53,m,4,(7-),,2.0,,1967,B+=100,False,53,67,1.3302267059532189e-06,1.30e+8,18.683045008419857
120Xe,120,540,,-82172.0,12.0,,,,46.0,m,0.6,0+,,2.0,,1965,B+=100,False,54,66,1.064205443123325e-07,1.80e+9,21.31105250184853
120Cs,120,550,,-73889.0,10.0,,,*,60.4,s,0.6,2+*,,2.0,,1969,B+=100;B+A<2.0e-5 4;B+p<7e-6 3,False,55,65,8.869131917397381e-08,1.30e+9,20.985630101413904
120Cs,120,551,m,-73790.0,60.0,100.0,60.0,*,57,s,6,(7-),,2.0,,1977,B+=100;B+A<2.0e-5 4;B+p<7e-6 3,True,55,65,5.321483822935688e-07,1.30e+9,20.985630101413904
120Ba,120,560,,-68890.0,300.0,,,,24,s,2,0+,,2.0,,1974,B+=100,False,56,64,2.660888072798905e-06,,
120La,120,570,,-57570.0,300.0,,,,2.8,s,0.2,1-.0,,2.0,,1984,B+=100;B+p=?,True,57,63,2.6611857944289417e-06,,
120Ce,120,580,,-49730.0,500.0,,,,250.0,ms,,0+,,,,9999,B+ ?;B+p ?,True,58,62,4.43566902780962e-06,,
121Tc,121,430,,-31540.0,500.0,,,,22,ms,6,5/2+.0,,15.0,,2015,B-=100;B-n ?;B-2n ?,True,43,78,4.39895562281005e-06,,
121Ru,121,440,,-44620.0,400.0,,,,29,ms,2,3/2+.0,,15.0,,2010,B-=100;B-n ?;B-2n ?,True,44,77,3.518799605570268e-06,,
121Rh,121,450,,-56250.0,620.0,,,,74,ms,4,7/2+.0,,10.0,,1994,B-=100;B-n>11,False,45,76,5.45364347980632e-06,,
121Pd,121,460,,-66182.0,3.0,,,,290,ms,1,3/2+.0,,10.0,,1994,B-=100;B-n<0.8,False,46,75,2.638659243329685e-08,,
121Pd,121,461,m,-66047.0,3.0,135.5,0.5,,460,ns,90,7/2+.0,,10.0,,2007,IT=100,False,46,75,2.6386623764685763e-08,,
121Pd,121,462,n,-66022.0,14.0,160.0,14.0,,460,ns,90,11/2-.0,,,,2007,IT=100,False,46,75,1.231376046450806e-07,,
121Ag,121,470,,-74403.0,12.0,,,*,777,ms,10,7/2+.0,,10.0,,1982,B-=100;B-n=0.080 13,False,47,74,1.0553993891936299e-07,,
121Ag,121,471,m,-74383.0,23.0,20.0,20.0,*,200.0,ms,,1/2-.0,,,,9999,B- ?;IT ?;B-n ?,True,47,74,2.0228491851067564e-07,,
121Cd,121,480,,-81073.8,1.9,,,,13.5,s,0.3,3/2+*,,10.0,,1965,B-=100,False,48,73,1.670970004696863e-08,1.80e+8,19.008467408854486
121Cd,121,481,m,-80858.9,1.9,214.86,0.15,,8.3,s,0.8,11/2-*,,10.0,,1982,B-=100,False,48,73,1.6709731627609822e-08,1.80e+8,19.008467408854486
121In,121,490,,-85835.0,27.0,,,,23.1,s,0.6,9/2+*,,10.0,,1960,B-=100,False,49,72,2.374463905028938e-07,7.00e+8,20.36659089300768
121In,121,491,m,-85521.0,27.0,313.68,0.07,,3.88,m,0.10,1/2-*,,10.0,,1974,B-=98.8 2;IT=1.2 2,False,49,72,2.374470461923913e-07,7.00e+8,20.36659089300768
121In,121,492,n,-83290.0,100.0,2550.0,100.0,,7.3,us,2,(25/2+),,,,2002,IT=100,True,49,72,8.7945075938218e-07,7.00e+8,20.36659089300768
121Sn,121,500,,-89196.6,1.0,,,,27.03,h,0.04,3/2+*,,10.0,,1948,B-=100,False,50,71,8.794150802659855e-09,,
121Sn,121,501,m,-89190.3,1.0,6.31,0.06,,43.9,y,0.5,11/2-*,,10.0,,1962,IT=77.6 20;B-=22.4 20,False,50,71,8.794151289883538e-09,,
121Sn,121,502,n,-87197.9,1.0,1998.68,0.13,,5.3,us,0.5,19/2+,,10.0,,1995,IT=100,False,50,71,8.794305379015287e-09,,
121Sn,121,503,p,-86974.6,1.0,2222.0,0.2,,520,ns,50,23/2+,,,,2012,IT=100,False,50,71,8.794322649028128e-09,,
121Sn,121,504,q,-86362.7,1.0,2833.9,0.2,,167,ns,25,27/2-,,10.0,,1995,IT=100,False,50,71,8.794369973696624e-09,,
121Sb,121,510,,-89599.2,2.5,,,,stbl,,,5/2+*,,10.0,,1922,IS=57.21 5,False,51,70,2.1985549224616688e-08,,
121Sb,121,511,m,-86848.0,17.0,2751.0,17.0,,179,us,6,(25/2+),,10.0,,2008,IT=100,False,51,70,1.4950535195813528e-07,,
121Te,121,520,,-88543.0,26.0,,,,19.31,d,0.07,1/2+,,10.0,,1939,B+=100,False,52,69,2.286544364634318e-07,,
121Te,121,521,m,-88249.0,26.0,293.974,0.022,,164.7,d,0.5,11/2-,,10.0,,1940,IT=88.6 11;B+=11.4 11,False,52,69,2.28655027663356e-07,,
121I,121,530,,-86246.0,5.0,,,,2.12,h,0.01,5/2+*,,10.0,,1950,B+=100,False,53,68,4.397339546441834e-08,1.10e+8,18.51599092375669
121I,121,531,m,-83869.0,5.0,2376.9,0.4,,9.0,us,1.4,21/2+.0,,10.0,,1982,IT=100,False,53,68,4.3974314745366284e-08,1.10e+8,18.51599092375669
121Xe,121,540,,-82481.0,10.0,,,,40.1,m,2.0,5/2+*,,10.0,,1952,B+=100,False,54,67,8.795070353988107e-08,2.80e+9,21.75288525412757
121Cs,121,550,,-77102.0,14.0,,,,155,s,4,3/2+*,,10.0,,1969,B+=100,False,55,66,1.2313821115336738e-07,7.30e+9,22.711140185100756
121Cs,121,551,m,-77034.0,14.0,68.5,0.3,,122,s,3,9/2+*,,10.0,,1981,B+~83;IT~17,False,55,66,1.231382848023611e-07,7.30e+9,22.711140185100756
121Ba,121,560,,-70740.0,140.0,,,,29.7,s,1.5,5/2+*,,10.0,,1975,B+=100;B+p=0.02 1,False,56,65,1.2314650299385293e-06,,
121La,121,570,,-62190.0,300.0,,,,5.3,s,0.2,11/2-.0,,10.0,,1988,B+=100;B+p ?,True,57,64,2.63908213710837e-06,,
121Ce,121,580,,-52690.0,400.0,,,,1.1,s,0.1,5/2(+.0),,10.0,,1997,B+=100;B+p~1,True,58,63,3.5191103163606146e-06,,
121Pr,121,590,,-41550.0,500.0,,,,12,ms,5,(3/2)(+.0,),10.0,,2005,p~100,True,59,62,4.399369123391831e-06,,
122Tc,122,430,,-26310.0,300.0,,,,13.0,ms,>550ns,1+.0,,,,2018,B- ?;B-n ?;B-2n ?,True,43,79,2.6178540892311144e-06,,
122Ru,122,440,,-41780.0,500.0,,,,25,ms,1,0+,,15.0,,2010,B-=100;B-n ?;B-2n ?,True,44,78,4.36255046563692e-06,,
122Rh,122,450,,-51880.0,300.0,,,,51,ms,6,7-.0,,13.0,,1997,B-=100;B-n<3.9;B-2n ?,True,45,77,2.6173291662587656e-06,,
122Rh,122,451,m,-51610.0,300.0,271.0,0.7,,830,ns,120,4+.0,,13.0,,2012,IT=100,True,45,77,2.617335331644057e-06,,
122Pd,122,460,,-64616.0,20.0,,,,193,ms,5,0+,,14.0,,1994,B-=100;B-n<2.5,False,46,76,1.7447119349221636e-07,,
122Ag,122,470,,-71110.0,40.0,,,*,529,ms,13,(3+),,7.0,,1978,B-=100;B-n=0.186 10,False,47,75,3.4892655676768744e-07,,
122Ag,122,471,m,-71030.0,60.0,80.0,50.0,*,550,ms,50,(1-),,7.0,,2000,B-=100;IT ?;B-n=?,True,47,75,5.233902004010121e-07,,
122Ag,122,472,n,-71030.0,60.0,80.0,50.0,*,200,ms,50,(9-),,7.0,,2000,B-=100;IT ?;B-n ?,True,47,75,5.233902004010121e-07,,
122Ag,122,473,p,-70940.0,60.0,171.0,50.0,,6.3,us,1.0,(1+),,,,2013,IT=100,True,47,75,5.233906113072875e-07,,
122Cd,122,480,,-80612.4,2.3,,,,5.24,s,0.03,0+,,7.0,,1973,B-=100,False,48,74,2.0061840404956883e-08,3.50e+7,17.37085861945369
122In,122,490,,-83570.0,50.0,,,*,1.5,s,0.3,1+,,7.0,,1963,B-=100,False,49,73,4.3612063431894553e-07,2.50e+8,19.33697147582652
122In,122,491,m,-83530.0,80.0,40.0,60.0,*,10.3,s,0.6,5+*,,7.0,,1979,B-=100,True,49,73,6.977932583679436e-07,2.50e+8,19.33697147582652
122In,122,492,n,-83280.0,130.0,290.0,140.0,BD,10.8,s,0.4,8-*,,7.0,,1979,B-=100,False,49,73,1.1339165174707254e-06,2.50e+8,19.33697147582652
122Sn,122,500,,-89940.0,2.4,,,,stbl,,,0+,,7.0,,1928,IS=4.63 3;2B- ?,False,50,72,2.093286352357083e-08,,
122Sn,122,501,m,-87531.0,2.4,2409.03,0.04,,7.5,us,0.9,7-,,7.0,,1979,IT=100,False,50,72,2.0933303360780615e-08,,
122Sn,122,502,n,-87174.5,2.4,2765.5,0.3,,62,us,3,10+,,7.0,,1992,IT=100,False,50,72,2.0933368452415135e-08,,
122Sn,122,503,p,-85218.8,2.4,4721.2,0.3,,139,ns,9,15-,,,,2012,IT=100,False,50,72,2.0933725541551182e-08,,
122Sb,122,510,,-88334.2,2.5,,,,2.7238,d,0.0002,2-*,,7.0,,1939,B-=97.59 12;B+=2.41 12,False,51,71,2.1805617553973584e-08,,
122Sb,122,511,m,-88272.8,2.5,61.4131,0.0005,,1.86,us,0.08,3+,,7.0,,1962,IT=100,False,51,71,2.1805629231890378e-08,,
122Sb,122,512,n,-88196.7,2.5,137.4726,0.0008,,530,us,30,5+,,7.0,,1963,IT=100,False,51,71,2.1805643705677577e-08,,
122Sb,122,513,p,-88170.6,2.5,163.5591,0.0017,,4.191,m,0.003,8-,,7.0,,1947,IT=100,False,51,71,2.1805648669753564e-08,,
122Te,122,520,,-90313.3,1.4,,,,stbl,,,0+,,7.0,,1932,IS=2.55 12,False,52,70,1.2211072790490015e-08,,
122I,122,530,,-86079.0,5.0,,,,3.63,m,0.06,1+,,7.0,,1950,B+=100;e+=78 2;EC=22 2,False,53,69,4.36130769728029e-08,1.50e+7,16.523560759066484
122I,122,531,m,-85764.0,5.0,314.9,0.4,,193.3,ns,0.9,7-,,7.0,,2004,IT=100,False,53,69,4.3613196805462586e-08,1.50e+7,16.523560759066484
122I,122,532,n,-85700.0,5.0,379.4,0.5,,79.1,us,1.2,7-,,7.0,,2004,IT=100,False,53,69,4.3613221152496155e-08,1.50e+7,16.523560759066484
122I,122,533,p,-85685.0,5.0,394.1,0.5,,78.2,us,0.4,(8+),,7.0,,2004,IT=100,False,53,69,4.361322685883608e-08,1.50e+7,16.523560759066484
122I,122,534,q,-85635.0,5.0,444.1,0.5,,146.5,ns,1.2,8-,,7.0,,2004,IT=100,False,53,69,4.3613245879979945e-08,1.50e+7,16.523560759066484
122Xe,122,540,,-85355.0,11.0,,,,20.1,h,0.1,0+,,7.0,,1952,EC=100,False,54,68,9.595045772417268e-08,9.30e+9,22.95328023710562
122Cs,122,550,,-78140.0,30.0,,,,21.18,s,0.19,1+*,,7.0,,1969,B+=100;B+A<2e-7,False,55,67,2.617024890891291e-07,1.00e+10,23.025850929940457
122Cs,122,551,m,-78090.0,30.0,45.87,0.12,,>1,us,,3+,,7.0,,1987,IT=100,False,55,67,2.6170260323616685e-07,1.00e+10,23.025850929940457
122Cs,122,552,n,-78005.0,9.0,140.0,30.0,MD,3.70,m,0.11,8-*,,7.0,,1969,B+=100,False,55,67,7.851083918590788e-08,1.00e+10,23.025850929940457
122Cs,122,553,p,-78010.0,30.0,127.07,0.16,,360,ms,20,5-,,7.0,,1969,IT=100,False,55,67,2.6170278587163445e-07,1.00e+10,23.025850929940457
122Ba,122,560,,-74609.0,28.0,,,,1.95,m,0.15,0+,,7.0,,1974,B+=100,False,56,66,2.442659363319598e-07,7.90e+7,18.184958410431296
122La,122,570,,-64540.0,300.0,,,,8.6,s,0.5,(1-),,7.0,,1984,B+=100;B+p=?,True,57,65,2.617394474882351e-06,,
122Ce,122,580,,-57870.0,400.0,,,,2.0,s,,0+,,7.0,,2005,B+ ?;B+p ?,True,58,64,3.4901017826000497e-06,,
122Pr,122,590,,-44780.0,500.0,,,,500.0,ms,,,,,,9999,B+ ?;B+p ?,True,59,63,4.363174798985343e-06,,
123Ru,123,440,,-36550.0,500.0,,,,19,ms,2,3/2+.0,,15.0,,2010,B-=100;B-n ?;B-2n ?,True,44,79,4.327273790392858e-06,,
123Rh,123,450,,-49190.0,400.0,,,,42,ms,4,7/2+.0,,15.0,,2010,B-=100;B-n>24;B-2n ?,True,45,78,3.4614791141134648e-06,,
123Pd,123,460,,-60430.0,790.0,,,,108,ms,1,3/2+.0,,15.0,,1994,B-=100;B-n=10 6,False,46,77,6.8358328529459994e-06,,
123Pd,123,461,m,-60330.0,790.0,100.0,50.0,,100.0,ms,,11/2-.0,,15.0,,2019,B-~100; IT ?,True,46,77,6.835838767965143e-06,,
123Ag,123,470,,-69570.0,30.0,,,,294,ms,5,(7/2+)*,,17.0,,1976,B-=100;B-n=0.56 5,False,47,76,2.595709653024898e-07,,
123Ag,123,471,m,-69510.0,30.0,59.5,0.5,,100.0,ms,,(1/2-)*,,,,2019,B-=100;B-n ?,False,47,76,2.5957110005673184e-07,,
123Ag,123,472,n,-68120.0,30.0,1450.0,14.0,,202,ns,20,,,17.0,,2013,IT=100,True,47,76,2.595742219025049e-07,,
123Ag,123,473,p,-68100.0,30.0,1472.8,0.8,,393,ns,16,(17/2-),,17.0,,2009,IT=100,False,47,76,2.5957426682169714e-07,,
123Cd,123,480,,-77414.2,2.7,,,,2.10,s,0.02,3/2+*,,4.0,,1983,B-=100,False,48,75,2.336006281715485e-08,3.00e+6,14.914122846632385
123Cd,123,481,m,-77271.0,3.0,143.0,4.0,,1.82,s,0.03,11/2-*,,4.0,,1986,B-=?;IT ?,False,48,75,2.5955657510117656e-08,3.00e+6,14.914122846632385
123In,123,490,,-83429.0,20.0,,,,6.17,s,0.05,9/2+*,,4.0,,1960,B-=100,False,49,74,1.7303043413420268e-07,5.00e+8,20.030118656386467
123In,123,491,m,-83102.0,20.0,327.21,0.04,,47.4,s,0.4,1/2-*,,4.0,,1960,B-=100,False,49,74,1.7303092364692162e-07,5.00e+8,20.030118656386467
123In,123,492,n,-81351.0,20.0,2078.1,0.6,,1.4,us,0.2,(17/2-),,,,2004,IT=100,False,49,74,1.7303354490741284e-07,5.00e+8,20.030118656386467
123In,123,493,p,-81326.0,24.0,2103.0,14.0,,>100,us,,(21/2-),,10.0,,2010,IT=100,True,49,74,2.0764029879981663e-07,5.00e+8,20.030118656386467
123Sn,123,500,,-87814.7,2.5,,,,129.2,d,0.4,11/2-*,,4.0,,1948,B-=100,False,50,73,2.162822563202318e-08,5.00e+8,20.030118656386467
123Sn,123,501,m,-87790.1,2.5,24.6,0.4,,40.06,m,0.01,3/2+*,,4.0,,1948,B-=100,False,50,73,2.1628230234980774e-08,5.00e+8,20.030118656386467
123Sn,123,502,n,-85869.8,2.5,1944.9,0.12,,7.4,us,2.6,19/2+,,4.0,,1992,IT=100,False,50,73,2.162858955238728e-08,5.00e+8,20.030118656386467
123Sn,123,503,p,-85662.0,2.5,2152.66,0.19,,6,us,,23/2+,,4.0,,1994,IT=100,False,50,73,2.162862843565123e-08,5.00e+8,20.030118656386467
123Sn,123,504,q,-85102.2,2.5,2712.47,0.21,,34,us,,27/2-,,4.0,,1994,IT=100,False,50,73,2.162873318538997e-08,5.00e+8,20.030118656386467
123Sb,123,510,,-89222.9,1.4,,,,stbl,,,7/2+*,,4.0,,1922,IS=42.79 5,False,51,72,1.2111794317797474e-08,,
123Sb,123,511,m,-86985.1,1.4,2237.8,0.3,,214,ns,3,19/2-,,,,2005,IT=100,False,51,72,1.2112028804714063e-08,,
123Sb,123,512,n,-86609.5,1.5,2613.4,0.4,,65,us,1,23/2+,,,,2007,IT=100,False,51,72,1.2977215888595775e-08,,
123Te,123,520,,-89171.0,1.4,,,,stbl,,>2Py,1/2+*,,4.0,,1932,IS=0.89 3;EC=100,False,52,71,1.2111935276306894e-08,,
123Te,123,521,m,-88923.5,1.4,247.47,0.04,,119.2,d,0.1,11/2-,,4.0,,1951,IT=100,False,52,71,1.2111961210645706e-08,,
123I,123,530,,-87943.0,4.0,,,,13.2232,h,0.0015,5/2+*,,4.0,,1949,B+=100,False,53,70,3.4606284228109536e-08,8.50e+8,20.560746907448635
123Xe,123,540,,-85248.0,10.0,,,,2.08,h,0.02,1/2+*,,4.0,,1952,B+=100,False,54,69,8.65186959273634e-08,1.20e+10,23.208172486734412
123Xe,123,541,m,-85063.0,10.0,185.18,0.11,,5.49,us,0.26,7/2-,,4.0,,1981,IT=100,False,54,69,8.651883440905283e-08,1.20e+10,23.208172486734412
123Cs,123,550,,-81044.0,12.0,,,,5.88,m,0.03,1/2+*,,4.0,,1954,B+=100,False,55,68,1.0382737337141277e-07,5.00e+10,24.635288842374557
123Cs,123,551,m,-80888.0,12.0,156.27,0.05,,1.64,s,0.12,11/2-,,4.0,,1972,IT=100,False,55,68,1.0382751351320693e-07,5.00e+10,24.635288842374557
123Cs,123,552,n,-80792.0,13.0,252.0,6.0,,114,ns,5,(9/2+),,4.0,,2000,IT=100,False,55,68,1.1247989973404065e-07,5.00e+10,24.635288842374557
123Ba,123,560,,-75655.0,12.0,,,,2.7,m,0.4,5/2+*,,4.0,,1962,B+=100,False,56,67,1.0383337674916672e-07,3.80e+8,19.755681810684706
123Ba,123,561,m,-75534.0,12.0,120.95,0.08,,830,ns,60,1/2+.0,,4.0,,1991,IT=100,False,56,67,1.0383348546142932e-07,3.80e+8,19.755681810684706
123La,123,570,,-68650.0,200.0,,,,17,s,3,11/2-.0,,4.0,,1978,B+=100,True,57,66,1.7306805483432762e-06,,
123Ce,123,580,,-60290.0,300.0,,,,3.8,s,0.2,(5/2)(+.0,),4.0,,1984,B+=100;B+p=?,True,58,65,2.5962376970831008e-06,,
123Pr,123,590,,-50230.0,400.0,,,,800.0,ms,,3/2+.0,,,,9999,B+ ?;B+p ?,True,59,64,3.4619904142924163e-06,,
124Ru,124,440,,-33590.0,600.0,,,,15,ms,3,0+,,15.0,,2010,B-=100;B-n ?;B-2n ?,True,44,80,5.150975277663935e-06,,
124Rh,124,450,,-44710.0,400.0,,,,30,ms,2,2+.0,,15.0,,2010,B-=100;B-n<31;B-2n ?,True,45,79,3.433693846752837e-06,,
124Pd,124,460,,-58400.0,300.0,,,,88,ms,15,0+,,14.0,,1997,B-=100;B-n=17 5,True,46,78,2.574996364500018e-06,,
124Pd,124,461,m,-57400.0,850.0,1000.0,800.0,,>20,us,,,,14.0,,2012,IT~100,True,46,78,7.295885655680181e-06,,
124Ag,124,470,,-66230.0,250.0,,,*,177.9,ms,2.6,(2-),,15.0,,1984,B-=100;B-n=1.3 9,False,47,77,2.145709915867075e-06,,
124Ag,124,471,m,-66180.0,260.0,50.0,50.0,*,144,ms,20,9-.0,,15.0,,1995,B-=100;B-n ?,True,47,77,2.231539270148946e-06,,
124Ag,124,472,n,-66070.0,250.0,155.6,0.5,,140,ns,50,(1+),,15.0,,2012,IT=100,False,47,77,2.1457128624765894e-06,,
124Ag,124,473,p,-66000.0,250.0,231.1,0.7,,1.48,us,0.15,(1-),,15.0,,2012,IT=100,False,47,77,2.1457141516207966e-06,,
124Cd,124,480,,-76699.4,2.6,,,,1.25,s,0.02,0+,,8.0,,1974,B-=100,False,48,76,2.2313625777100425e-08,7.70e+6,15.856730886823913
124In,124,490,,-80870.0,30.0,,,*,3.12,s,0.09,3+*,,8.0,,1964,B-=100,False,49,75,2.574585553417149e-07,1.40e+8,18.75715298057358
124In,124,491,m,-80890.0,50.0,-20.0,60.0,BD*,3.67,s,0.03,8-*,,8.0,,1974,B-~100;IT ?,False,49,75,4.2909751858630667e-07,1.40e+8,18.75715298057358
124Sn,124,500,,-88231.5,1.3,,,,stbl,,>100Py,0+,,8.0,,1922,IS=5.79 5;2B- ?,False,50,74,1.1155956432493934e-08,,
124Sn,124,501,m,-86026.9,1.3,2204.62,0.023,,270,ns,60,5-,,8.0,,1979,IT=100,False,50,74,1.1156167493637189e-08,,
124Sn,124,502,n,-85906.5,1.3,2324.96,0.04,,3.1,us,0.5,7-,,8.0,,1979,IT=100,False,50,74,1.1156179020566643e-08,,
124Sn,124,503,p,-85574.9,1.3,2656.6,0.3,,51,us,3,10+,,8.0,,1992,IT=100,False,50,74,1.1156210767615093e-08,,
124Sn,124,504,q,-83679.1,1.3,4552.4,0.3,,260,ns,25,15-,,,,2012,IT=100,False,50,74,1.1156392273058157e-08,,
124Sb,124,510,,-87619.1,1.4,,,,60.20,d,0.03,3-*,,8.0,,1939,B-=100,False,51,73,1.2014303409839987e-08,,
124Sb,124,511,m,-87608.2,1.4,10.8627,0.0008,,93,s,5,5+,,8.0,,1947,IT=75 5;B-=25 5,False,51,73,1.2014304533657235e-08,,
124Sb,124,512,n,-87582.3,1.4,36.844,0.0014,,20.2,m,0.2,(8)-,,8.0,,1947,"IT=100[gs=0,m=100]",False,51,73,1.2014307204012828e-08,,
124Sb,124,513,p,-87578.3,1.4,40.8038,0.0007,,3.2,us,0.3,(3+),,8.0,,1989,IT=100,False,51,73,1.2014307616423064e-08,,
124Te,124,520,,-90524.1,1.4,,,,stbl,,,0+,,8.0,,1932,IS=4.74 14,False,52,72,1.2014137245190946e-08,,
124I,124,530,,-87364.6,2.3,,,,4.1760,d,0.0003,2-*,,8.0,,1938,B+=100,False,53,71,1.9738265429087736e-08,4.50e+7,17.622173047734595
124Xe,124,540,,-87667.4,1.4,,,,stbl,,>200Ty,0+,,8.0,,1922,IS=0.095 5;2B+ ?,False,54,70,1.2014698480341833e-08,2.60e+10,23.981362374967894
124Cs,124,550,,-81741.0,9.0,,,,30.9,s,0.4,1+*,,8.0,,1969,B+=100,False,55,69,7.724213323592019e-08,3.20e+10,24.18900173974614
124Cs,124,551,m,-81278.0,9.0,462.63,0.14,,6.41,s,0.07,(7)+,,8.0,,1983,IT=99.89 2;B+=0.11 2,False,55,69,7.724244017255418e-08,3.20e+10,24.18900173974614
124Ba,124,560,,-79090.0,12.0,,,,11.0,m,0.5,0+,,8.0,,1967,B+=100,False,56,68,1.0299299750756746e-07,2.50e+9,21.639556568820566
124La,124,570,,-70260.0,60.0,,,*&,29.21,s,0.17,"(7,8-)",,8.0,,1978,B+=100,False,57,67,5.150097346884314e-07,,
124La,124,571,m,-70160.0,120.0,100.0,100.0,*&,21,s,4,2-.0,,8.0,,1992,B+=100,True,57,67,1.0300203534943779e-06,,
124Ce,124,580,,-64920.0,300.0,,,,9.1,s,1.2,0+,,8.0,,1978,B+=100,True,58,66,2.5751952977977374e-06,,
124Pr,124,590,,-53150.0,400.0,,,,1.2,s,0.2,,,8.0,,1986,B+=100;B+p=?,True,59,65,3.433978801121565e-06,,
124Nd,124,600,,-44830.0,500.0,,,,500.0,ms,,0+,,,,9999,B+ ?;B+p ?,True,60,64,4.2928277882596616e-06,,
125Ru,125,440,,-28370.0,300.0,,,,12.0,ms,>550ns,3/2+.0,,,,2018,B- ?;B-n ?;B-2n ?,True,44,81,2.5549932283765605e-06,,
125Rh,125,450,,-41830.0,500.0,,,,26.5,ms,2.0,7/2+.0,,15.0,,2010,B-=100;B-n ?;B-2n ?,True,45,80,4.257880849180198e-06,,
125Pd,125,460,,-53960.0,400.0,,,,60,ms,6,3/2+.0,,15.0,,2008,B-=100;B-n=12 4,True,46,79,3.405990366108952e-06,,
125Pd,125,461,m,-53860.0,400.0,100.0,50.0,,50.0,ms,,11/2-.0,,,,2019,B-~100;IT ?,True,46,79,3.405993266304015e-06,,
125Pd,125,462,n,-52160.0,400.0,1805.23,0.18,,144,ns,4,(23/2+),,15.0,,2019,IT=100,True,46,79,3.4060425703757677e-06,,
125Ag,125,470,,-64520.0,430.0,,,,160,ms,5,(9/2+)*,,15.0,,1994,B-=100;B-n=11.8 10,False,47,78,3.6611507588125033e-06,,
125Ag,125,471,m,-64420.0,430.0,97.1,0.5,,50.0,ms,,(1/2-)*,,,,2019,B- ?;IT ?;B-n ?,False,47,78,3.6611538760302456e-06,,
125Ag,125,472,n,-63020.0,430.0,1501.2,0.6,,491,ns,20,(17/2-),,15.0,,2009,IT=100,False,47,78,3.6611975176360027e-06,,
125Cd,125,480,,-73348.1,2.9,,,,680,ms,40,3/2+*,,11.0,,1986,B-=100,False,48,77,2.4689897923257804e-08,6.00e+4,11.002099841204238
125Cd,125,481,m,-73162.0,3.0,186.0,4.0,MD,480,ms,30,11/2-*,,11.0,,1986,B-=100,False,48,77,2.554131418163741e-08,6.00e+4,11.002099841204238
125Cd,125,482,n,-71700.0,5.0,1648.0,4.0,,19,us,3,(19/2+),,,,2011,IT=100,False,48,77,4.256938683624848e-08,6.00e+4,11.002099841204238
125In,125,490,,-80412.3,1.8,,,,2.36,s,0.04,9/2+*,,11.0,,1967,B-=100,False,49,76,1.532401133242893e-08,7.00e+7,18.064005800013632
125In,125,491,m,-80060.0,12.0,352.0,12.0,,12.2,s,0.2,1/2-*,,11.0,,1974,B-=100,False,49,76,1.0216038195400593e-07,7.00e+7,18.064005800013632
125In,125,492,n,-78402.9,1.9,2009.4,0.7,,9.4,us,0.6,(19/2+),,11.0,,1998,IT=100,False,49,76,1.6175622006929862e-08,7.00e+7,18.064005800013632
125In,125,493,p,-78251.1,2.0,2161.2,0.9,,5.0,ms,1.5,(23/2-),,11.0,,1998,IT=100,False,49,76,1.702699253839419e-08,7.00e+7,18.064005800013632
125Sn,125,500,,-85893.7,1.3,,,,9.634,d,0.015,11/2-*,,11.0,,1939,B-=100,False,50,75,1.1066946932045518e-08,1.30e+8,18.683045008419857
125Sn,125,501,m,-85866.2,1.3,27.5,0.14,,9.77,m,0.25,3/2+*,,11.0,,1939,B-=100,False,50,75,1.1066949522912391e-08,1.30e+8,18.683045008419857
125Sn,125,502,n,-84000.9,1.3,1892.8,0.3,,6.2,us,0.2,19/2+,,11.0,,2000,IT=100,False,50,75,1.1067125261888792e-08,1.30e+8,18.683045008419857
125Sn,125,503,p,-83834.2,1.4,2059.5,0.4,,650,ns,60,23/2+,,11.0,,2008,IT=100,False,50,75,1.1918459503760349e-08,1.30e+8,18.683045008419857
125Sn,125,504,q,-83270.2,1.4,2623.5,0.5,,230,ns,17,27/2-,,11.0,,2000,IT=100,False,50,75,1.1918516729762113e-08,1.30e+8,18.683045008419857
125Sb,125,510,,-88255.1,2.5,,,,2.7576,y,0.0011,7/2+*,,11.0,,1951,B-=100,False,51,74,2.128239674377581e-08,,
125Sb,125,511,m,-86283.9,2.5,1971.25,0.2,,4.1,us,0.2,15/2-,,11.0,,2007,IT=100,False,51,74,2.128275388422428e-08,,
125Sb,125,512,n,-86143.0,2.5,2112.1,0.3,,28.5,us,0.5,19/2-,,11.0,,2007,IT=100,False,51,74,2.128277941283325e-08,,
125Sb,125,514,q,-85784.1,2.5,2471.0,0.4,,277.0,ns,6.4,(23/2)+,,11.0,,2007,IT=100,False,51,74,2.1282844439495713e-08,,
125Te,125,520,,-89021.8,1.4,,,,stbl,,,1/2+*,,11.0,,1931,IS=7.07 15,False,52,73,1.1918195608163395e-08,,
125Te,125,521,m,-88877.0,1.4,144.775,0.008,,57.40,d,0.15,11/2-,,11.0,,1949,IT=100,False,52,73,1.1918210299526057e-08,,
125I,125,530,,-88836.0,1.4,,,,59.392,d,0.008,5/2+*,,11.0,,1947,EC=100,False,53,72,1.191834568217423e-08,2.10e+7,16.860032995687696
125Xe,125,540,,-87199.4,1.4,,,,16.87,h,0.08,1/2+*,,11.0,,1950,B+=100,False,54,71,1.1918642966729257e-08,2.80e+10,24.055470347121616
125Xe,125,541,m,-86946.8,1.4,252.61,0.14,,56.9,s,0.9,9/2-*,,11.0,,1954,IT=100,False,54,71,1.1918668597393714e-08,2.80e+10,24.055470347121616
125Xe,125,542,n,-86903.5,1.4,295.89,0.15,,140,ns,30,7/2+,,11.0,,1979,IT=100,False,54,71,1.1918672990943066e-08,2.80e+10,24.055470347121616
125Cs,125,550,,-84090.0,8.0,,,,44.35,m,0.29,1/2+*,,11.0,,1954,B+=100,False,55,70,6.810908409317351e-08,1.10e+11,25.423746202738826
125Cs,125,551,m,-83824.0,8.0,266.1,1.1,,900,us,30,(11/2-),,11.0,,1998,IT=100,False,55,70,6.810923833519674e-08,1.10e+11,25.423746202738826
125Ba,125,560,,-79669.0,11.0,,,,3.3,m,0.3,1/2+*,,11.0,,1968,B+=100,False,56,69,9.365454689774208e-08,1.00e+7,16.11809565095832
125Ba,125,561,m,-79549.0,23.0,120.0,20.0,,2.76,us,0.14,(7/2-),,11.0,,1989,IT=100,True,56,69,1.9582334358342268e-07,1.00e+7,16.11809565095832
125La,125,570,,-73759.0,26.0,,,&,64.8,s,1.2,11/2-.0,,11.0,,1973,B+=100,False,57,68,2.213788697293892e-07,,
125La,125,571,m,-73652.0,26.0,107.0,0.1,&,390,ms,40,(3/2+),,11.0,,1998,IT=100,False,57,68,2.213790714188277e-07,,
125Ce,125,580,,-66660.0,200.0,,,,9.7,s,0.3,(7/2-),,11.0,,1978,B+=100;B+p=?,True,58,67,1.7030360765826139e-06,,
125Ce,125,581,m,-66570.0,200.0,93.6,0.4,,13,s,10,(1/2+),,11.0,,2007,IT=100,True,58,67,1.7030373817329592e-06,,
125Pr,125,590,,-58070.0,300.0,,,,3.3,s,0.7,3/2+.0,,11.0,,2002,B+=100;B+p ?,True,59,66,2.554769120047698e-06,,
125Nd,125,600,,-48070.0,400.0,,,,650,ms,150,(5/2)(+.0,),11.0,,1999,B+=100;B+p>0,True,60,65,3.4066864574961028e-06,,
126Rh,126,450,,-37200.0,500.0,,,,19,ms,3,1-.0,,15.0,,2010,B-=100;B-n ?;B-2n ?,True,45,81,4.224248702170511e-06,,
126Pd,126,460,,-51790.0,400.0,,,,48.6,ms,0.8,0+,,15.0,,2008,B-=100;B-n=22 9,True,46,80,3.37901937330323e-06,,
126Pd,126,461,m,-49770.0,400.0,2023.5,0.7,,330,ns,40,(5-),,15.0,,2013,IT=100,True,46,80,3.3790770340353775e-06,,
126Pd,126,462,n,-49680.0,400.0,2109.7,0.9,,440,ns,30,(7-),,15.0,,2013,IT=100,True,46,80,3.379079603123691e-06,,
126Pd,126,463,p,-49380.0,400.0,2406.0,1.0,,23.0,ms,0.8,(10+),,15.0,,2014,B=72 8;IT=28 8,True,46,80,3.379088166779617e-06,,
126Ag,126,470,,-60720.0,200.0,,,,52,ms,10,3+.0,,15.0,,1994,B-=100;B-n=13.7 11,True,47,79,1.6894007015206408e-06,,
126Ag,126,471,m,-60620.0,220.0,100.0,100.0,,108.4,ms,2.4,9-.0,,15.0,,1995,B-=100;IT ?;B-n ?,True,47,79,1.8583423414151326e-06,,
126Ag,126,472,n,-60470.0,200.0,254.8,0.5,,27,us,6,1-.0,,15.0,,2012,IT=100,True,47,79,1.6894042691215876e-06,,
126Cd,126,480,,-72255.7,2.3,,,,512,ms,5,0+,,3.0,,1978,B-=100,False,48,78,1.9426427345146013e-08,8.90e+5,13.698976741708323
126In,126,490,,-77809.0,4.0,,,,1.53,s,0.01,3+*,,3.0,,1974,B-=100,False,49,77,3.3783875462527367e-08,3.20e+7,17.281246460764002
126In,126,491,m,-77719.0,5.0,90.0,7.0,MD,1.64,s,0.05,8-*,,3.0,,1970,B-=100,False,49,77,4.2229876428659143e-08,3.20e+7,17.281246460764002
126In,126,492,n,-77566.0,4.0,243.3,0.2,,22,us,2,1-,,,,2003,IT=100,False,49,77,3.378394479969683e-08,3.20e+7,17.281246460764002
126Sn,126,500,,-86015.0,11.0,,,,230,ky,14,0+,,3.0,,1962,B-=100,False,50,76,9.290023361839127e-08,,
126Sn,126,501,m,-83796.0,11.0,2218.99,0.08,,6.1,us,0.7,7-,,3.0,,1979,IT=100,False,50,76,9.290197464884713e-08,,
126Sn,126,502,n,-83451.0,11.0,2564.5,0.5,,7.6,us,0.3,10+,,3.0,,2000,IT=100,False,50,76,9.29022453421839e-08,,
126Sn,126,503,p,-81668.0,11.0,4347.4,0.4,,114,ns,2,15-,,,,2012,IT=100,False,50,76,9.290364434187626e-08,,
126Sb,126,510,,-86390.0,30.0,,,,12.35,d,0.06,8-,,3.0,,1956,B-=100,False,51,75,2.533662385508475e-07,,
126Sb,126,511,m,-86370.0,30.0,17.7,0.3,,19.15,m,0.08,5+,,3.0,,1956,B-=86 4;IT=14 4,False,51,75,2.533662813471553e-07,,
126Sb,126,512,n,-86350.0,30.0,40.4,0.3,,~11,s,,3-,,3.0,,1976,"IT=100[gs=0,m=100]",False,51,75,2.5336632414347754e-07,,
126Sb,126,513,p,-86290.0,30.0,104.6,0.3,,553,ns,5,3+,,3.0,,1976,IT=100,False,51,75,2.53366452532531e-07,,
126Sb,126,514,q,-84580.0,30.0,1810.7,1.7,,90,ns,16,(13+),,,,2019,IT=100,False,51,75,2.5337011167525427e-07,,
126Te,126,520,,-90064.2,1.4,,,,stbl,,,0+,,3.0,,1924,IS=8.84 25,False,52,74,1.1823520055056777e-08,,
126I,126,530,,-87910.0,4.0,,,,12.93,d,0.05,2-*,,3.0,,1938,B+=52.7 5;B-=47.3 5,False,53,73,3.378246947154761e-08,3.50e+7,17.37085861945369
126I,126,531,m,-87799.0,4.0,111.0,0.23,,128,ns,,3+,,,,2012,IT=100,False,53,73,3.3782501141410306e-08,3.50e+7,17.37085861945369
126Xe,126,540,,-89146.387,0.006,,,,stbl,,,0+,,3.0,,1922,IS=0.089 3;2B+ ?,False,54,72,5.0673728578279644e-11,3.10e+10,24.157253041431556
126Cs,126,550,,-84351.0,10.0,,,,1.64,m,0.02,1+*,,3.0,,1954,B+=100,False,55,71,8.446055751396171e-08,6.90e+10,24.95737234154367
126Cs,126,551,m,-84078.0,10.0,273.0,0.7,,~1,us,,(4-),,3.0,,1993,IT=100,False,55,71,8.446075226130243e-08,6.90e+10,24.95737234154367
126Cs,126,552,n,-83755.0,10.0,596.1,1.1,,171,us,14,8-.0,,3.0,,1993,IT=100,False,55,71,8.446098267781414e-08,6.90e+10,24.95737234154367
126Ba,126,560,,-82670.0,12.0,,,,100,m,2,0+,,3.0,,1954,B+=100,False,56,70,1.0135521519931947e-07,1.60e+10,23.495854559186192
126La,126,570,,-74970.0,90.0,,,*,54,s,2,5-.0,,3.0,,1961,B+=100,False,57,69,7.602218605194337e-07,,
126La,126,571,m,-74760.0,400.0,210.0,410.0,BD*,20,s,20,1-.0,,3.0,,1997,B+=100,False,57,69,3.3787698179650634e-06,,
126Ce,126,580,,-70821.0,28.0,,,,51.0,s,0.3,0+,,3.0,,1978,B+=100,False,58,68,2.3652434095143934e-07,,
126Pr,126,590,,-60320.0,200.0,,,,3.12,s,0.18,"(4,5)",,3.0,,1983,B+=100;B+p=?,True,59,67,1.6896279162574685e-06,,
126Nd,126,600,,-53380.0,300.0,,,,1.0,s,>200ns,0+,,3.0,,2000,B+ ?;B+p ?,True,60,66,2.5346181731521496e-06,,
126Pm,126,610,,-39750.0,500.0,,,,500.0,ms,,,,,,9999,B+ ?;B+p ?,True,61,65,4.224896310217482e-06,,
127Rh,127,450,,-33730.0,600.0,,,,28,ms,14,7/2+.0,,15.0,,2015,B-=100;B-n ?;B-2n ?,True,45,82,5.029323535844543e-06,,
127Pd,127,460,,-47220.0,500.0,,,,38,ms,2,11/2-.0,,15.0,,2010,B-=100;B-n<19;B-2n ?,True,46,81,4.190674513014743e-06,,
127Pd,127,461,m,-45500.0,500.0,1717.91,0.23,,39,us,6,(19/2+),,15.0,,2019,IT=100,True,46,81,4.190734926315544e-06,,
127Ag,127,470,,-58650.0,200.0,,,*,89,ms,2,(9/2+)*,,11.0,,1995,B-=100;B-n=14.6 15,True,47,80,1.676127403182576e-06,,
127Ag,127,471,m,-58630.0,200.0,20.0,20.0,*,20.0,ms,,(1/2-)*,,,,9999,B- ?;IT ?,True,47,80,1.6761276841229303e-06,,
127Ag,127,472,n,-56710.0,200.0,1938.0,17.0,,67.5,ms,0.9,(27/2+),,,,2021,B-=91.2 8;IT=8.8 8,True,47,80,1.6761546548354406e-06,,
127Cd,127,480,,-68741.0,6.0,,,,480,ms,100,3/2+*,,11.0,,1986,B-=100;B-n ?,False,48,79,5.0280114939632363e-08,1.00e+4,9.210340371976184
127Cd,127,481,m,-68456.0,4.0,285.0,8.0,MD,360,ms,40,11/2-*,,,,2019,B-=100,False,48,79,3.352015668279479e-08,1.00e+4,9.210340371976184
127Cd,127,482,n,-66896.0,10.0,1845.0,8.0,,17.5,us,0.3,(19/2+),,,,2010,IT=100,False,48,79,8.380148723219005e-08,1.00e+4,9.210340371976184
127In,127,490,,-76880.0,10.0,,,,1.086,s,0.007,9/2+*,,11.0,,1975,B-=100;B-n<0.03,False,49,78,8.379538449081534e-08,2.00e+7,16.811242831518264
127In,127,491,m,-76486.0,15.0,394.0,18.0,,3.618,s,0.021,1/2-.0,,11.0,,1974,B-=100;B-n=0.70 4,False,49,78,1.25693491718081e-07,2.00e+7,16.811242831518264
127In,127,492,n,-75110.0,40.0,1770.0,40.0,MD,1.04,s,0.10,(21/2-),,11.0,,2004,B-=100;B-n ?,False,49,78,3.351865093768514e-07,2.00e+7,16.811242831518264
127In,127,493,p,-74515.0,10.0,2364.7,0.9,,9,us,2,(29/2+),,11.0,,2004,IT=100,False,49,78,8.379704514784385e-08,2.00e+7,16.811242831518264
127Sn,127,500,,-83470.0,9.0,,,,2.10,h,0.04,11/2-*,,11.0,,1951,B-=100,False,50,77,7.541249896127186e-08,6.00e+7,17.909855120186375
127Sn,127,501,m,-83465.0,9.0,5.07,0.06,,4.13,m,0.03,3/2+*,,11.0,,1962,B-=100,False,50,77,7.541250212074144e-08,6.00e+7,17.909855120186375
127Sn,127,502,n,-81643.0,9.0,1826.67,0.16,,4.52,us,0.15,19/2+,,11.0,,2000,IT=100,False,50,77,7.541365344908052e-08,6.00e+7,17.909855120186375
127Sn,127,503,p,-81539.0,9.0,1930.97,0.17,,1.26,us,0.15,(23/2+),,11.0,,2004,IT=100,False,50,77,7.541371916811438e-08,6.00e+7,17.909855120186375
127Sn,127,504,q,-80918.0,9.0,2552.4,1.0,,250,ns,30,(27/2-),,11.0,,2008,IT=100,False,50,77,7.541411158896003e-08,6.00e+7,17.909855120186375
127Sb,127,510,,-86698.0,5.0,,,,3.85,d,0.05,7/2+,,11.0,,1939,B-=100,False,51,76,4.189515359801712e-08,,
127Sb,127,511,m,-84778.0,5.0,1920.19,0.21,,11.7,us,0.1,15/2-,,11.0,,1974,IT=100,False,51,76,4.1895827607156077e-08,,
127Sb,127,512,n,-84373.0,5.0,2324.7,0.4,,269,ns,5,23/2+,,11.0,,2005,IT=100,False,51,76,4.1895969783728603e-08,,
127Te,127,520,,-88280.5,1.4,,,,9.35,h,0.07,3/2+,,11.0,,1938,B-=100,False,52,75,1.1730614584816245e-08,,
127Te,127,521,m,-88192.3,1.4,88.23,0.07,,106.1,d,0.7,11/2-,,11.0,,1940,IT=97.86 3;B-=2.14 3,False,52,75,1.173062325408372e-08,,
127I,127,530,,-88983.0,4.0,,,,stbl,,,5/2+*,,11.0,,1920,IS=100,False,53,74,3.3516207595922477e-08,,
127Xe,127,540,,-88321.0,4.0,,,,36.342,d,0.003,1/2+*,,11.0,,1950,EC=100,False,54,73,3.351675672881125e-08,3.10e+10,24.157253041431556
127Xe,127,541,m,-88024.0,4.0,297.1,0.08,,69.2,s,0.9,9/2-*,,11.0,,1940,IT=100,False,54,73,3.3516840139462714e-08,3.10e+10,24.157253041431556
127Cs,127,550,,-86240.0,6.0,,,,6.25,h,0.10,1/2+*,,11.0,,1950,B+=100,False,55,72,5.027655662108598e-08,1.30e+11,25.590800287401994
127Cs,127,551,m,-85788.0,6.0,452.23,0.21,,55,us,3,(11/2)-,,11.0,,1980,IT=100,False,55,72,5.027674704429552e-08,1.30e+11,25.590800287401994
127Ba,127,560,,-82818.0,11.0,,,,12.7,m,0.4,1/2+*,,11.0,,1952,B+=100,False,56,71,9.217732922892484e-08,6.30e+9,22.563815470343897
127Ba,127,561,m,-82738.0,11.0,80.32,0.11,,1.93,s,0.07,7/2-,,11.0,,1992,IT=100,False,56,71,9.217739102285734e-08,6.30e+9,22.563815470343897
127La,127,570,,-77896.0,26.0,,,,5.1,m,0.1,(11/2-),,11.0,,1963,B+=100,False,57,70,2.1788503536945977e-07,,
127La,127,571,m,-77882.0,26.0,14.2,0.4,,3.7,m,0.4,(3/2+),,11.0,,1963,B+~100,False,57,70,2.1788506093232588e-07,,
127Ce,127,580,,-71979.0,29.0,,,,34,s,2,(1/2+),,11.0,,1978,B+=100,False,58,69,2.430403018363515e-07,,
127Ce,127,581,m,-71972.0,29.0,7.3,1.1,,28.6,s,0.7,(5/2+),,11.0,,1978,B+=100,False,58,69,2.4304031609428744e-07,,
127Ce,127,582,n,-71942.0,29.0,36.9,1.1,,>10,us,,(7/2-),,11.0,,1995,IT=100,False,58,69,2.430403771997462e-07,,
127Pr,127,590,,-64540.0,200.0,,,,4.2,s,0.3,3/2+.0,,11.0,,1995,B+=100,True,59,68,1.6762626866945241e-06,,
127Pr,127,591,m,-63940.0,280.0,600.0,200.0,,2.0,us,,(11/2-),,11.0,,1998,IT ?,True,59,68,2.346779562829379e-06,,
127Nd,127,600,,-55910.0,300.0,,,,1.8,s,0.4,5/2+.0,,11.0,,1983,B+=100;B+p=?,True,60,67,2.5146031709927123e-06,,
127Pm,127,610,,-45310.0,400.0,,,,1.0,s,,3/2+.0,,,,9999,B+ ?;p ?,True,61,66,3.3531385024935198e-06,,
128Rh,128,450,,-27340.0,300.0,,,,8.0,ms,>550ns,,,,,2018,B- ?;B-n ?;B-2n ?,True,45,83,2.4951445761077112e-06,,
128Pd,128,460,,-44390.0,500.0,,,,35,ms,3,0+,,16.0,,2010,B-=100;B-n ?,True,46,82,4.158029381492131e-06,,
128Pd,128,461,m,-42240.0,500.0,2151.0,1.0,,5.8,us,0.8,(8+),,16.0,,2013,IT=100,True,46,82,4.158103726417233e-06,,
128Ag,128,470,,-54710.0,300.0,,,,60,ms,3,3+.0,,15.0,,2000,B-=100;B-n=20 5;B-2n ?,True,47,81,2.4946303662274894e-06,,
128Cd,128,480,,-67238.0,6.0,,,,246,ms,2,0+,,15.0,,1986,B-=100;B-n ?,False,48,80,4.988794673551903e-08,1.30e+5,11.77528972943772
128Cd,128,481,m,-65368.0,6.0,1870.5,0.3,,270,ns,7,(5-),,15.0,,2009,IT=100,False,48,80,4.9888722425832965e-08,1.30e+5,11.77528972943772
128Cd,128,482,n,-64523.0,6.0,2714.6,0.4,,3.56,us,0.06,(10+),,15.0,,2009,IT=100,False,48,80,4.988907294621378e-08,1.30e+5,11.77528972943772
128Cd,128,483,p,-62951.0,6.0,4286.6,1.5,,6.3,ms,0.8,(15-),,,,2016,IT=100,False,48,80,4.9889725051672464e-08,1.30e+5,11.77528972943772
128In,128,490,,-74190.1,1.3,,,,816,ms,27,(3)+,,15.0,,1975,B-=100;B-n=0.038 3,False,49,79,1.0808546576169087e-08,1.90e+4,9.852194258148577
128In,128,491,m,-73942.2,1.3,247.87,0.1,,23,us,2,(1)-,,15.0,,1988,IT=100,False,49,79,1.0808568853782656e-08,1.90e+4,9.852194258148577
128In,128,492,n,-73905.0,2.0,285.1,2.2,MD,720,ms,100,(8-),,15.0,,1986,B-=100;IT ?;B-n ?,False,49,79,1.6628572610431683e-08,1.90e+4,9.852194258148577
128In,128,493,p,-72392.5,1.4,1797.6,1.6,MD,>0.3,s,,(16+),,,,2020,B-~100;IT ?;B-n ?,False,49,79,1.1640147206320897e-08,1.90e+4,9.852194258148577
128Sn,128,500,,-83361.0,18.0,,,,59.07,m,0.14,0+,,15.0,,1956,B-=100,False,50,78,1.4964699743765785e-07,,
128Sn,128,501,m,-81270.0,18.0,2091.5,0.11,,6.5,s,0.5,7-,,15.0,,1979,IT=100,False,50,78,1.4964959894521875e-07,,
128Sn,128,502,n,-80869.0,18.0,2491.91,0.17,,2.91,us,0.14,10+,,15.0,,1981,IT=100,False,50,78,1.4965009785777028e-07,,
128Sn,128,503,p,-79262.0,18.0,4099.5,0.4,,220,ns,30,(15-),,15.0,,2011,IT=100,False,50,78,1.4965209727386804e-07,,
128Sb,128,510,,-84630.0,19.0,,,*,9.05,h,0.04,8-*,,15.0,,1956,B-=100,False,51,77,1.5796075147179965e-07,,
128Sb,128,511,m,-84620.0,18.0,10.0,6.0,*,10.41,m,0.18,5+,,15.0,,1955,B-=96.4 10;IT=3.6 10,False,51,77,1.4964704015136752e-07,,
128Sb,128,512,n,-83013.0,19.0,1617.3,0.7,,500,ns,20,(11+),,,,2019,IT=100,False,51,77,1.5796287501274662e-07,,
128Sb,128,513,p,-82860.0,19.0,1769.9,1.2,,217,ns,7,(13+),,,,2019,IT=100,False,51,77,1.5796307594443862e-07,,
128Te,128,520,,-88993.8,0.7,,,,2.25,Yy,0.09,0+,,15.0,,1924,IS=31.74 8;2B-=100,False,52,76,5.819458079750066e-09,,
128Te,128,521,m,-86203.0,0.8,2790.8,0.3,,363,ns,27,(10+),,15.0,,1998,IT=100,False,52,76,6.650963545319912e-09,,
128I,128,530,,-87738.0,4.0,,,,24.99,m,0.02,1+*,,15.0,,1934,B-=93.1 8;B+=6.9 8,False,53,75,3.3254750912706034e-08,7.70e+7,18.159315979817958
128I,128,531,m,-87600.0,4.0,137.851,0.003,,845,ns,20,4-,,15.0,,1982,IT=100,False,53,75,3.3254789065556616e-08,7.70e+7,18.159315979817958
128I,128,532,n,-87571.0,4.0,167.368,0.004,,175,ns,15,(6)-,,15.0,,1991,IT=100,False,53,75,3.325479708319577e-08,7.70e+7,18.159315979817958
128Xe,128,540,,-89860.534,0.005,,,,stbl,,,0+,,15.0,,1922,IS=1.910 13,False,54,74,4.1568152081535747e-11,2.30e+10,23.85876005287556
128Xe,128,541,m,-87073.3,0.3,2787.2,0.3,,83,ns,2,8-,,15.0,,1981,IT=100,False,54,74,2.4941469193477636e-09,2.30e+10,23.85876005287556
128Cs,128,550,,-85932.0,5.0,,,,3.640,m,0.014,1+*,,15.0,,1951,B+=100,False,55,73,4.15699567442251e-08,6.40e+10,24.882148920306083
128Ba,128,560,,-85369.2,1.6,,,,2.43,d,0.05,0+,,15.0,,1950,EC=100,False,56,72,1.3302591441992322e-08,2.40e+10,23.901319667294356
128La,128,570,,-78630.0,50.0,,,*,5.18,m,0.14,(5+),,15.0,,1961,B+=100,False,57,71,4.157337466899691e-07,1.10e+7,16.213405830762646
128La,128,571,m,-78530.0,110.0,100.0,100.0,*,<1.4,m,,"(1+,2-)",,15.0,,1995,B+=100;IT ?,True,57,71,9.146150031905762e-07,1.10e+7,16.213405830762646
128Ce,128,580,,-75534.0,28.0,,,,3.93,m,0.02,0+,,15.0,,1968,B+=100,False,58,70,2.328193950931669e-07,,
128Pr,128,590,,-66331.0,30.0,,,,2.85,s,0.09,(3+),,15.0,,1985,B+=100;B+p=?,False,59,69,2.4947112492122686e-07,,
128Nd,128,600,,-60530.0,200.0,,,,5.0,s,,0+,,15.0,,1985,B+ ?,True,60,68,1.6632389545410432e-06,,
128Pm,128,610,,-48220.0,300.0,,,,1.0,s,0.3,4+.0,,15.0,,1999,B+~100;B+p= ?;p=0,True,61,67,2.495140701992746e-06,,
128Sm,128,620,,-39150.0,500.0,,,,500.0,ms,,0+,,,,9999,B+ ?;B+p ?,True,62,66,4.1589263079932486e-06,,
129Pd,129,460,,-37880.0,600.0,,,,31,ms,7,7/2-.0,,15.0,,2015,B-=100;B-n ?;B-2n ?,True,46,83,4.95121706283618e-06,,
129Ag,129,470,,-51870.0,400.0,,,*,49.9,ms,3.5,9/2+.0,,14.0,,2000,B-=100;B-n<20,True,47,82,3.3004655746783106e-06,,
129Ag,129,471,m,-51850.0,400.0,20.0,20.0,*,10.0,ms,,1/2-.0,,14.0,,9999,B- ?;B-n ?,True,47,82,3.300466119332051e-06,,
129Cd,129,480,,-63122.0,5.0,,,,147,ms,3,11/2-*,,14.0,,2003,B-=100;B-n=?,False,48,81,4.125242994658806e-08,2.00e+2,5.298317366548036
129Cd,129,481,m,-62779.0,6.0,343.0,8.0,MD,157,ms,8,3/2+*,,14.0,,1986,B-=100;B-n=?,False,48,81,4.950305602543033e-08,2.00e+2,5.298317366548036
129Cd,129,482,n,-60839.0,9.0,2283.0,8.0,,3.6,ms,0.2,(21/2+),,14.0,,2014,IT=100,False,48,81,7.42557725751588e-08,2.00e+2,5.298317366548036
129In,129,490,,-72834.9,2.0,,,,570,ms,10,9/2+,,14.0,,1975,B-=100;B-n=0.23 7,False,49,80,1.6499825809575426e-08,1.10e+3,7.003065458786462
129In,129,491,m,-72384.2,2.0,450.73,0.16,,1.23,s,0.03,1/2-,,14.0,,1976,B-~100;IT ?;B-n=3.6 4,False,49,80,1.6499887160045674e-08,1.10e+3,7.003065458786462
129In,129,492,n,-71146.9,2.0,1687.97,0.25,,11.2,us,0.2,(17/2-),,14.0,,2003,IT=100,False,49,80,1.6500055586923747e-08,1.10e+3,7.003065458786462
129In,129,493,p,-71180.0,50.0,1650.0,50.0,BD,670,ms,100,(23/2-),,14.0,,2004,B-~100;IT ?,False,49,80,4.1250127702892797e-07,1.10e+3,7.003065458786462
129In,129,494,q,-70890.0,50.0,1941.0,50.0,,110,ms,15,(29/2+),,14.0,,2004,IT~100;B- ?,False,49,80,4.1250226394364973e-07,1.10e+3,7.003065458786462
129Sn,129,500,,-80591.0,17.0,,,,2.23,m,0.04,3/2+*,,14.0,,1962,B-=100,False,50,79,1.402410421118622e-07,5.00e+7,17.72753356339242
129Sn,129,501,m,-80556.0,17.0,35.15,0.05,,6.9,m,0.1,11/2-*,,14.0,,1962,B-=100,False,50,79,1.4024108260388838e-07,5.00e+7,17.72753356339242
129Sn,129,502,n,-78829.0,17.0,1761.6,1.0,,3.49,us,0.11,(19/2+),,14.0,,2000,IT=100,False,50,79,1.402430806251938e-07,5.00e+7,17.72753356339242
129Sn,129,503,p,-78788.0,17.0,1802.6,1.0,,2.22,us,0.13,23/2+,,14.0,,2000,IT=100,False,50,79,1.402431280600915e-07,5.00e+7,17.72753356339242
129Sn,129,504,q,-78038.0,17.0,2552.9,1.1,,221,ns,18,(27/2-),,14.0,,2008,IT=100,False,50,79,1.4024399577729705e-07,5.00e+7,17.72753356339242
129Sb,129,510,,-84629.0,21.0,,,,4.366,h,0.026,7/2+,,14.0,,1939,B-=100,False,51,78,1.73235011975635e-07,,
129Sb,129,511,m,-82778.0,21.0,1851.31,0.06,,17.7,m,0.1,19/2-,,14.0,,1982,B-=85;IT=15,False,51,78,1.7323765721572686e-07,,
129Sb,129,512,n,-82768.0,21.0,1861.06,0.05,,2.23,us,0.17,15/2-,,14.0,,1987,IT=100,False,51,78,1.7323767150681656e-07,,
129Sb,129,513,p,-82490.0,21.0,2139.4,0.3,,0.89,us,0.03,23/2+,,14.0,,2003,IT=100,False,51,78,1.732380688000539e-07,,
129Te,129,520,,-87004.9,0.7,,,,69.6,m,0.3,3/2+,,14.0,,1939,B-=100,False,52,77,5.7744488309900264e-09,,
129Te,129,521,m,-86899.4,0.7,105.51,0.03,,33.6,d,0.1,11/2-,,14.0,,1940,IT=64 7;B-=36 7,False,52,77,5.774453856450623e-09,,
129I,129,530,,-88507.0,3.0,,,,16.14,My,0.12,7/2+*,,14.0,,1951,B-=100,False,53,76,2.474759522756746e-08,,
129Xe,129,540,,-88696.07,0.005,,,,stbl,,,1/2+*,,14.0,,1920,IS=26.401 138,False,54,75,4.1246367770630044e-11,1.80e+10,23.613637594842576
129Xe,129,541,m,-88459.93,0.03,236.14,0.03,,8.88,d,0.02,11/2-*,,14.0,,1951,IT=100,False,54,75,2.474786887081718e-10,1.80e+10,23.613637594842576
129Cs,129,550,,-87499.0,5.0,,,,32.06,h,0.06,1/2+*,,14.0,,1950,B+=100,False,55,74,4.1247215153844144e-08,8.50e+10,25.16591709343673
129Cs,129,551,m,-86924.0,5.0,575.4,0.14,,718,ns,21,(11/2-),,14.0,,1977,IT=100,False,55,74,4.124741080803938e-08,8.50e+10,25.16591709343673
129Ba,129,560,,-85061.0,11.0,,,,2.23,h,0.11,1/2+,,14.0,,1950,B+=100,False,56,73,9.074666664914811e-08,1.20e+10,23.208172486734412
129Ba,129,561,m,-85053.0,11.0,8.42,0.06,,2.135,h,0.010,7/2+,,14.0,,1950,B+~100;IT=?,False,56,73,9.074667263820851e-08,1.20e+10,23.208172486734412
129La,129,570,,-81324.0,21.0,,,,11.6,m,0.2,(3/2+),,14.0,,1963,B+=100,False,57,72,1.7325082601729795e-07,7.10e+6,15.775605342011543
129La,129,571,m,-81152.0,21.0,172.33,0.2,,560,ms,50,(11/2-),,14.0,,1969,IT=100,False,57,72,1.7325107186174105e-07,7.10e+6,15.775605342011543
129Ce,129,580,,-76288.0,28.0,,,,3.5,m,0.3,(5/2+),,14.0,,1977,B+=100,False,58,71,2.3101316422645144e-07,,
129Pr,129,590,,-69774.0,30.0,,,,30,s,4,(3/2+),,14.0,,1977,B+=100,False,59,70,2.475300489691622e-07,,
129Pr,129,591,m,-69390.0,30.0,382.57,0.24,,26.0,us,11.0,(11/2-),,14.0,,1997,IT=100,False,59,70,2.4753083324204893e-07,,
129Nd,129,600,,-62380.0,200.0,,,,6.8,s,0.6,7/2-.0,,14.0,,1977,B+=100;B+p=?,True,60,69,1.6503186199687503e-06,,
129Nd,129,601,m,-62330.0,220.0,50.0,100.0,,2.6,s,0.4,1/2+.0,,14.0,,2010,B+=100;B+p=?,True,60,69,1.8153512309426097e-06,,
129Pm,129,610,,-53180.0,300.0,,,,2.4,s,0.9,5/2+.0,,14.0,,2004,B+=100;B+p ?;p ?,True,61,68,2.4756922920009295e-06,,
129Sm,129,620,,-42330.0,500.0,,,,550,ms,100,"(1/2+,3/",2+),14.0,,1999,B+=100;B+p=?,True,62,67,4.126567345437981e-06,,
130Pd,130,460,,-32730.0,300.0,,,,27.0,ms,>550ns,0+,,,,2018,B- ?;B-n ?;B-2n ?,True,46,84,2.4566656185889e-06,,
130Ag,130,470,,-45900.0,420.0,,,,40.6,ms,4.5,1-.0,,15.0,,2000,B-=100;B-n ?;B-2n ?,True,47,83,3.438997400588514e-06,,
130Cd,130,480,,-61118.0,22.0,,,,126.8,ms,1.8,0+,,8.0,,1986,B-=100;B-n=3.5 10,False,48,82,1.8011742273497567e-07,2.61e+5,12.47227568630483
130Cd,130,481,m,-58988.0,22.0,2129.6,1.0,,240,ns,16,(8+),,8.0,,2007,IT=100,False,48,82,1.8012056379289336e-07,2.61e+5,12.47227568630483
130In,130,490,,-69906.5,1.8,,,*,273,ms,5,1(-),,8.0,,1973,B-=100;B-n=0.93 13,False,49,81,1.4735975782008636e-08,2.50e+6,14.73180128983843
130In,130,491,m,-69840.0,2.0,66.5,2.7,MD*,540,ms,10,(10-),,8.0,,1973,B-=100;B-n=1.80 7,False,49,81,1.637331533829057e-08,2.50e+6,14.73180128983843
130In,130,492,n,-69521.1,2.1,385.4,2.6,MD,540,ms,10,(5+),,8.0,,1986,B-=100;B-n=1.80 7,False,49,81,1.7192025988859397e-08,2.50e+6,14.73180128983843
130In,130,493,p,-69518.2,1.8,388.3,0.2,,4.6,us,0.2,(3+),,8.0,,2003,IT=100,False,49,81,1.473602262601855e-08,2.50e+6,14.73180128983843
130Sn,130,500,,-80132.2,1.9,,,,3.72,m,0.07,0+,,1.0,,1972,B-=100,False,50,80,1.5553503734665128e-08,,
130Sn,130,501,m,-78185.3,1.9,1946.88,0.1,,1.7,m,0.1,7-,,1.0,,1974,B-=100,False,50,80,1.5553751621488093e-08,,
130Sn,130,502,n,-77697.4,1.9,2434.79,0.12,,1.501,us,0.017,(10+),,1.0,,1981,IT=100,False,50,80,1.5553813744037557e-08,,
130Sb,130,510,,-82286.0,14.0,,,,39.5,m,0.8,8-,,1.0,,1962,B-=100,False,51,79,1.1460395710931704e-07,,
130Sb,130,511,m,-82281.0,14.0,4.8,0.2,,6.3,m,0.2,4+,,1.0,,1962,B-=100,False,51,79,1.1460396180005544e-07,,
130Sb,130,512,n,-82201.0,14.0,84.67,0.04,,800,ns,100,6-,,1.0,,2002,IT=100,False,51,79,1.1460403685192207e-07,,
130Sb,130,513,p,-80778.0,14.0,1508.0,1.0,,600,ns,15,(11+),,,,2019,IT=100,False,51,79,1.1460537185342514e-07,,
130Sb,130,514,q,-80741.0,14.0,1544.7,0.5,,1.25,us,0.01,(13+),,,,2002,IT=100,False,51,79,1.1460540656575541e-07,,
130Te,130,520,,-87352.96,0.011,,,,791,Ey,21,0+,,1.0,,1924,IS=34.08 62;2B-=100,False,52,78,9.004318478477359e-11,,
130Te,130,521,m,-85206.55,0.04,2146.41,0.04,,186,ns,11,7-,,1.0,,1972,IT=100,False,52,78,3.274355158835989e-10,,
130Te,130,522,n,-84685.8,0.8,2667.2,0.8,,1.90,us,0.08,(10+),,1.0,,1998,IT=100,False,52,78,6.548738233640671e-09,,
130Te,130,523,p,-82979.1,0.9,4373.9,0.9,,53,ns,8,(15-),,1.0,,1998,IT=100,False,52,78,7.367433442627945e-09,,
130I,130,530,,-86936.0,3.0,,,,12.36,h,0.01,5+*,,1.0,,1938,B-=100,False,53,77,2.4557576020475223e-08,1.50e+5,11.918390573078392
130I,130,531,m,-86896.0,3.0,39.9525,0.0013,,8.84,m,0.06,2+,,1.0,,1966,IT=84 2;B-=16 2,False,53,77,2.4557584061471722e-08,1.50e+5,11.918390573078392
130I,130,532,n,-86866.0,3.0,69.5865,0.0007,,133,ns,7,6-,,1.0,,1989,IT=100,False,53,77,2.455759009222255e-08,1.50e+5,11.918390573078392
130I,130,533,p,-86854.0,3.0,82.396,0.0019,,315,ns,15,(8-),,1.0,,1989,IT=100,False,53,77,2.4557592504523713e-08,1.50e+5,11.918390573078392
130I,130,534,q,-86851.0,3.0,85.1099,0.001,,254,ns,4,6-,,1.0,,1975,IT=100,False,53,77,2.4557593107599078e-08,1.50e+5,11.918390573078392
130Xe,130,540,,-89880.474,0.009,,,,stbl,,,0+,,1.0,,1922,IS=4.071 22,False,54,76,7.367173231339919e-11,6.60e+9,22.61033548597879
130Cs,130,550,,-86900.0,8.0,,,,29.21,m,0.04,1+*,,1.0,,1952,B+=98.4;B-=1.6,False,55,75,6.548827534017984e-08,5.90e+10,24.80080328085213
130Cs,130,551,m,-86737.0,8.0,163.25,0.11,,3.46,m,0.06,5-*,,1.0,,1977,IT~100;B+=0.16 2,False,55,75,6.54883627228484e-08,5.90e+10,24.80080328085213
130Ba,130,560,,-87256.78,0.29,,,,stbl,,~1Zy,0+,,1.0,,1936,IS=0.11 1;2B+ ?,False,56,74,2.373968181464328e-09,3.20e+10,24.18900173974614
130Ba,130,561,m,-84781.7,0.3,2475.12,0.18,,9.54,ms,0.14,8-,,1.0,,1969,IT=100,False,56,74,2.4558789124042822e-09,3.20e+10,24.18900173974614
130La,130,570,,-81627.0,26.0,,,,8.7,m,0.1,3(+),,1.0,,1961,B+=100,False,57,73,2.1285058955309163e-07,,
130La,130,571,m,-81413.0,26.0,214.0,0.5,,742,ns,28,(5+),,,,2012,IT=100,False,57,73,2.128509624518189e-07,,
130Ce,130,580,,-79423.0,28.0,,,,22.9,m,0.5,0+,,1.0,,1965,B+=100,False,58,72,2.2923027494710347e-07,,
130Ce,130,581,m,-76969.0,28.0,2453.6,0.3,,100,ns,8,7-,,1.0,,1999,IT=100,False,58,72,2.2923488036668206e-07,,
130Pr,130,590,,-71180.0,60.0,,,,40.0,s,0.4,"(6,7)(+.0",),1.0,,1977,B+=100,False,59,71,4.912460845953831e-07,,
130Pr,130,591,m,-71080.0,120.0,100.0,100.0,,10.0,s,,2+.0,,1.0,,1988,B+ ?,True,59,71,9.82492973600477e-07,,
130Nd,130,600,,-66596.0,28.0,,,,21,s,3,0+,,1.0,,1977,B+=100,False,60,70,2.2925920482719845e-07,,
130Pm,130,610,,-55470.0,200.0,,,,2.6,s,0.2,"(5+,6+,4",+),1.0,,1985,B+=100;B+p=?,True,61,69,1.6377322854488041e-06,,
130Sm,130,620,,-47700.0,400.0,,,,1.0,s,,0+,,1.0,,1999,B+ ?,True,62,68,3.275707682653703e-06,,
130Eu,130,630,,-33510.0,540.0,,,,1.0,ms,0.4,(1+),,8.0,,2004,p~100;B+ ?;B+p ?,True,63,67,4.422766165846471e-06,,
131Pd,131,460,,-25740.0,300.0,,,,20.0,ms,>550ns,7/2-.0,,,,2018,B- ?;B-n ?;B-2n ?,True,46,85,2.4380468563566436e-06,,
131Ag,131,470,,-40750.0,500.0,,,,35,ms,8,9/2+.0,,15.0,,2013,B-=100;B-n ?;B-2n=10,True,47,84,4.062958517378536e-06,,
131Cd,131,480,,-55212.0,19.0,,,,98,ms,2,7/2-.0,,6.0,,2000,B-=100;B-n=3.5 10;B-2n ?,False,48,83,1.5437590428069886e-07,1.00e+3,6.907755278982137
131In,131,490,,-68024.4,2.2,,,,261.5,ms,2.8,9/2+,,6.0,,1976,B-=100;B-n=2.25 21,False,49,82,1.7873431878562345e-08,5.00e+5,13.122363377404328
131In,131,491,m,-67648.4,2.5,376.0,3.0,MD,328,ms,15,1/2-,,6.0,,1984,B-=100;B-n=2.25 21;IT ?,False,49,82,2.0310780087810597e-08,5.00e+5,13.122363377404328
131In,131,492,n,-64280.0,90.0,3750.0,90.0,BD,322,ms,41,(21/2+),,6.0,,1984,B-=100;B-n=12 7;IT ?,False,49,82,7.31208093352624e-07,5.00e+5,13.122363377404328
131In,131,493,p,-64240.8,2.3,3783.6,0.5,,669,ns,34,(17/2+),,,,2009,IT=100,False,49,82,1.8686435003633307e-08,5.00e+5,13.122363377404328
131Sn,131,500,,-77265.0,4.0,,,,56.0,s,0.5,3/2+*,,6.0,,1963,B-=100,False,50,81,3.249505079840362e-08,1.50e+7,16.523560759066484
131Sn,131,501,m,-77200.0,4.0,65.1,0.3,,58.4,s,0.5,11/2-*,,6.0,,1977,B-=100;IT ?,False,50,81,3.249506795724798e-08,1.50e+7,16.523560759066484
131Sn,131,502,n,-72595.0,4.0,4670.0,0.4,,316,ns,5,(23/2-),,6.0,,2001,IT=100,False,50,81,3.249628364149624e-08,1.50e+7,16.523560759066484
131Sb,131,510,,-81981.4,2.1,,,,23.03,m,0.04,7/2+,,6.0,,1956,B-=100,False,51,80,1.7059427277380322e-08,3.20e+9,21.886416646752092
131Sb,131,511,m,-80305.3,2.1,1676.06,0.06,,64.2,us,2.6,15/2-,,6.0,,1969,IT=100,False,51,80,1.7059659559317017e-08,3.20e+9,21.886416646752092
131Sb,131,512,n,-80294.2,2.3,1687.2,0.9,,4.3,us,0.8,19/2-,,6.0,,2000,IT=100,False,51,80,1.8684390725974693e-08,3.20e+9,21.886416646752092
131Sb,131,513,p,-79815.8,2.6,2165.6,1.5,,0.97,us,0.03,23/2+,,6.0,,2000,IT=100,False,51,80,2.1121567254365125e-08,3.20e+9,21.886416646752092
131Te,131,520,,-85211.02,0.06,,,,25.0,m,0.1,3/2+,,6.0,,1939,B-=100,False,52,79,4.874045412935206e-10,1.00e+8,18.420680743952367
131Te,131,521,m,-85028.76,0.06,182.258,0.018,,32.48,h,0.11,11/2-,,6.0,,1940,B-=74.1 5;IT=25.9 5,False,52,79,4.874052629323631e-10,1.00e+8,18.420680743952367
131Te,131,522,n,-83271.0,0.4,1940.0,0.4,,93,ms,12,(23/2+),,6.0,,1998,IT=100,False,52,79,3.249414818023154e-09,1.00e+8,18.420680743952367
131I,131,530,,-87442.7,0.6,,,,8.0249,d,0.0006,7/2+*,,6.0,,1939,B-=100,False,53,78,4.874008260409112e-09,,
131I,131,531,m,-85524.3,0.7,1918.4,0.4,,24,us,1,19/2-,,,,2009,IT=100,False,53,78,5.686431586855211e-09,,
131Xe,131,540,,-88413.575,0.005,,,,stbl,,,3/2+*,,6.0,,1920,IS=21.232 51,False,54,77,4.061684189650774e-11,9.80e+8,20.70306312962889
131Xe,131,541,m,-88249.645,0.009,163.93,0.008,,11.948,d,0.012,11/2-*,,6.0,,1966,IT=100,False,54,77,7.311041277220244e-11,9.80e+8,20.70306312962889
131Cs,131,550,,-88055.57,0.18,,,,9.689,d,0.016,5/2+*,,6.0,,1947,EC=100,False,55,76,1.462225923189424e-09,5.00e+10,24.635288842374557
131Ba,131,560,,-86679.0,0.4,,,,11.52,d,0.01,1/2+*,,6.0,,1947,B+=100,False,56,75,3.2494614176365785e-09,8.90e+9,22.909317113684505
131Ba,131,561,m,-86491.0,0.4,187.995,0.009,,14.26,m,0.09,9/2-*,,6.0,,1963,IT=100,False,56,75,3.249466380373925e-09,8.90e+9,22.909317113684505
131La,131,570,,-83769.0,28.0,,,,59,m,2,3/2+*,,6.0,,1951,B+=100,False,57,74,2.274700665220393e-07,,
131La,131,571,m,-83464.0,28.0,304.6,0.24,,170,us,7,11/2-,,6.0,,1966,IT=100,False,57,74,2.2747063014852532e-07,,
131Ce,131,580,,-79710.0,30.0,,,,10.3,m,0.3,7/2+,,6.0,,1966,B+=100,False,58,73,2.437285262150072e-07,,
131Ce,131,581,m,-79650.0,30.0,63.09,0.09,,5.4,m,0.4,(1/2+),,6.0,,1966,B+=100,False,58,73,2.4372864502225413e-07,,
131Pr,131,590,,-74300.0,50.0,,,,1.50,m,0.03,(3/2+),,6.0,,1977,B+=100,False,59,72,4.0623633389859126e-07,,
131Pr,131,591,m,-74150.0,50.0,152.4,0.3,,5.73,s,0.20,(11/2-),,6.0,,1996,IT=96.4 12;B+=3.6 12,False,59,72,4.0623682898307157e-07,,
131Nd,131,600,,-67768.0,28.0,,,,25.4,s,0.9,(5/2+),,6.0,,1977,B+=100;B+p=?,False,60,71,2.2750681156748066e-07,,
131Pm,131,610,,-59770.0,200.0,,,,6.3,s,0.8,(11/2-),,6.0,,1998,B+=100,True,61,70,1.625171345284593e-06,,
131Sm,131,620,,-50280.0,400.0,,,,1.2,s,0.2,5/2+.0,,6.0,,1986,B+=100;B+p=?,True,62,69,3.25062752294996e-06,,
131Eu,131,630,,-39460.0,400.0,,,,17.8,ms,1.9,3/2+,,6.0,,1998,p=89 9;B+ ?;B+p ?,True,63,68,3.2509475456701518e-06,,
132Ag,132,470,,-34400.0,500.0,,,,30,ms,14,6-.0,,15.0,,2015,B-=100;B-n ?;B-2n ?,True,47,85,4.0323800476638255e-06,,
132Cd,132,480,,-50470.0,60.0,,,,84,ms,5,0+,,18.0,,2000,B-=100;B-n=60 15;B-2n ?,False,48,84,4.838279478078769e-07,1.00e+1,2.302585092994046
132In,132,490,,-62410.0,60.0,,,,202.2,ms,0.2,(7-),,18.0,,1973,B-=100;B-n=12.3 4;B-2n ?,False,49,83,4.837864134916326e-07,1.00e+5,11.512925464970229
132Sn,132,500,,-76546.6,2.0,,,,39.7,s,0.8,0+,,18.0,,1963,B-=100,False,50,82,1.6124543979461315e-08,3.00e+8,19.519293032620475
132Sn,132,501,m,-71698.1,2.0,4848.52,0.2,,2.080,us,0.016,8+,,18.0,,1986,IT=100,False,50,82,1.6125174311327724e-08,3.00e+8,19.519293032620475
132Sb,132,510,,-79635.3,2.5,,,,2.79,m,0.07,(4)+,,18.0,,1956,B-=100,False,51,81,2.0155388230277357e-08,1.00e+8,18.420680743952367
132Sb,132,511,m,-79490.0,50.0,150.0,50.0,,4.10,m,0.05,(8-),,18.0,,1956,B-=100,True,51,81,4.031082368190982e-07,1.00e+8,18.420680743952367
132Sb,132,512,n,-79380.8,2.5,254.5,0.3,,102,ns,4,(6-),,18.0,,1974,IT=100,False,51,81,2.0155429585561095e-08,1.00e+8,18.420680743952367
132Te,132,520,,-85188.0,3.0,,,,3.204,d,0.013,0+,,5.0,,1948,B-=100,False,52,80,2.4185635349273075e-08,7.00e+8,20.36659089300768
132Te,132,521,m,-83413.0,3.0,1774.8,0.09,,145,ns,8,6+,,5.0,,1973,IT=100,False,52,80,2.418598144665871e-08,7.00e+8,20.36659089300768
132Te,132,522,n,-83263.0,3.0,1925.47,0.09,,28.5,us,0.9,7-,,5.0,,1979,IT=100,False,52,80,2.418601069477901e-08,7.00e+8,20.36659089300768
132Te,132,523,p,-82465.0,3.0,2723.3,0.8,,3.62,us,0.06,(10+),,5.0,,1979,IT=100,False,52,80,2.418616629596821e-08,7.00e+8,20.36659089300768
132I,132,530,,-85704.0,4.0,,,,2.295,h,0.013,4+*,,5.0,,1948,B-=100,False,53,79,3.224771588769458e-08,2.70e+8,19.41393251696265
132I,132,531,m,-85594.0,10.0,110.0,11.0,BD,1.387,h,0.015,(8-),,5.0,,1973,IT=86 2;B-=14 2,False,53,79,8.061936121346848e-08,2.70e+8,19.41393251696265
132Xe,132,540,,-89278.975,0.005,,,,stbl,,,0+,,5.0,,1920,IS=26.909 55,False,54,78,4.030890339987678e-11,1.80e+9,21.31105250184853
132Xe,132,541,m,-86526.77,0.17,2752.21,0.17,,8.39,ms,0.11,(10+),,5.0,,1976,IT=100,False,54,78,1.3705331245367453e-09,1.80e+9,21.31105250184853
132Cs,132,550,,-87152.7,1.0,,,,6.480,d,0.006,2+*,,5.0,,1953,B+=98.13 9;B-=1.87 9,False,55,77,8.062002934276352e-09,3.90e+10,24.386827483076058
132Ba,132,560,,-88434.9,1.1,,,,stbl,,>300Ey,0+,,5.0,,1936,IS=0.10 1;2B+ ?,False,56,76,8.868204023617486e-09,5.00e+10,24.635288842374557
132La,132,570,,-83720.0,40.0,,,,4.59,h,0.04,2-*,,5.0,,1951,B+=100,False,57,75,3.224957674895296e-07,,
132La,132,571,m,-83530.0,40.0,188.2,0.11,,24.3,m,0.5,6-*,,5.0,,1969,IT=76;B+=24,False,57,75,3.224962615070066e-07,,
132Ce,132,580,,-82469.0,20.0,,,,3.51,h,0.11,0+,,5.0,,1960,B+=100,False,58,74,1.6125119155663948e-07,,
132Ce,132,581,m,-80128.0,20.0,2341.15,0.21,,9.4,ms,0.3,8-,,5.0,,1969,IT=100,False,58,74,1.612542351419559e-07,,
132Pr,132,590,,-75227.0,29.0,,,*,1.49,m,0.11,(2+),,5.0,,1974,B+=100,False,59,73,2.338303191706717e-07,,
132Pr,132,591,m,-75200.0,40.0,30.0,30.0,*,1.0,s,,(5+),,5.0,,1990,B+ ?;IT ?,True,59,73,3.225246483813789e-07,,
132Pr,132,592,n,-74980.0,40.0,250.0,30.0,,2.46,us,0.04,(8+),,,,2012,IT=100,True,59,73,3.2252522050421223e-07,,
132Pr,132,593,p,-74930.0,40.0,300.0,30.0,,486,ns,70,(8-),,,,2012,IT=100,True,59,73,3.22525350532412e-07,,
132Nd,132,600,,-71426.0,24.0,,,,1.56,m,0.10,0+,,5.0,,1977,B+=100,False,60,72,1.9352269607390983e-07,,
132Pm,132,610,,-61630.0,150.0,,,,6.2,s,0.6,(3+),,5.0,,1977,B+=100;B+p~5e-5,True,61,71,1.2096250129883504e-06,,
132Sm,132,620,,-55140.0,300.0,,,,4.0,s,0.3,0+,,5.0,,1989,B+=100;B+p ?,True,62,70,2.4194018823731095e-06,,
132Eu,132,630,,-42200.0,400.0,,,,100.0,ms,,1+.0,,5.0,,9999,B+ ?;B+p ?;p=0,True,63,69,3.226239507401397e-06,,
133Ag,133,470,,-29080.0,500.0,,,,,,,9/2+.0,,,,9999,B- ?;B-n ?,True,47,86,4.002225419570934e-06,,
133Cd,133,480,,-44140.0,200.0,,,,61,ms,6,7/2-.0,,11.0,,2010,B-=100;B-n=?;B-2n ?,True,48,85,1.600713777790956e-06,,
133In,133,490,,-57690.0,200.0,,,,163.0,ms,1.6,(9/2+),,11.0,,1996,B-=100;B-n=90 3;B-2n ?,True,49,84,1.6005567678395655e-06,1.10e+3,7.003065458786462
133In,133,491,m,-57360.0,200.0,330.0,40.0,,167,ms,11,(1/2-),,11.0,,1996,B-=100;B-n=93 3,True,49,84,1.6005609947909741e-06,1.10e+3,7.003065458786462
133Sn,133,500,,-70873.9,1.9,,,,1.37,s,0.07,7/2-*,,11.0,,1973,B-=100;B-n=0.0294 24,False,50,83,1.5203842532662788e-08,1.50e+7,16.523560759066484
133Sb,133,510,,-78924.0,3.0,,,,2.34,m,0.05,(7/2+),,11.0,,1966,B-=100,False,51,82,2.4004769271630097e-08,1.30e+7,16.38045991542581
133Sb,133,511,m,-74383.0,9.0,4541.0,9.0,,16.54,us,0.19,(21/2+),,11.0,,1978,IT=100,False,51,82,7.201692456562239e-08,1.30e+7,16.38045991542581
133Te,133,520,,-82937.1,2.1,,,,12.5,m,0.3,3/2+.0,,11.0,,1940,B-=100,False,52,81,1.6802972816035108e-08,6.60e+8,20.307750392984744
133Te,133,521,m,-82602.8,2.1,334.26,0.04,,55.4,m,0.4,(11/2-),,11.0,,1957,B-=83.5 20;IT=16.5 20,False,52,81,1.6803017761977737e-08,6.60e+8,20.307750392984744
133Te,133,522,n,-81326.7,2.2,1610.4,0.5,,100,ns,5,(19/2-),,11.0,,2001,IT=100,False,52,81,1.7603341206199654e-08,6.60e+8,20.307750392984744
133I,133,530,,-85857.0,6.0,,,,20.83,h,0.08,7/2+*,,11.0,,1940,B-=100,False,53,80,4.800786894518805e-08,6.00e+8,20.21244021318042
133I,133,531,m,-84223.0,6.0,1634.148,0.01,,9,s,2,(19/2-),,11.0,,1970,IT=100,False,53,80,4.800849661513687e-08,6.00e+8,20.21244021318042
133I,133,532,n,-84128.0,6.0,1729.137,0.01,,~170,ns,,(15/2-),,11.0,,1984,IT=100,False,53,80,4.80085331080806e-08,6.00e+8,20.21244021318042
133I,133,533,p,-83363.0,6.0,2493.7,0.4,,469,ns,15,(23/2+),,11.0,,2009,IT=100,False,53,80,4.800882697433391e-08,6.00e+8,20.21244021318042
133Xe,133,540,,-87643.6,2.4,,,,5.2474,d,0.0005,3/2+*,,11.0,,1940,B-=100,False,54,79,1.920307178762124e-08,3.10e+8,19.552082855443466
133Xe,133,541,m,-87410.4,2.4,233.221,0.015,,2.198,d,0.013,11/2-*,,11.0,,1951,IT=100,False,54,79,1.9203107618670464e-08,3.10e+8,19.552082855443466
133Xe,133,542,n,-85497.0,20.0,2147.0,20.0,,8.64,ms,0.13,(23/2+),,11.0,,2017,IT=100,True,54,79,1.6002834680464214e-07,3.10e+8,19.552082855443466
133Cs,133,550,,-88070.943,0.008,,,,stbl,,,7/2+*,,11.0,,1921,IS=100,False,55,78,6.401068282358158e-11,2.80e+10,24.055470347121616
133Ba,133,560,,-87553.5,1.0,,,,10.5379,y,0.0016,1/2+*,,11.0,,1941,EC=100,False,56,77,8.00145128294202e-09,,
133Ba,133,561,m,-87265.2,1.0,288.252,0.009,,38.90,h,0.06,11/2-*,,11.0,,1941,IT=99.9896 4;EC=0.0104 5,False,56,77,8.001469740879684e-09,,
133La,133,570,,-85494.0,28.0,,,,3.912,h,0.008,5/2+*,,11.0,,1950,B+=100,False,57,76,2.2404664653934035e-07,,
133Ce,133,580,,-82418.0,16.0,,,,97,m,4,1/2+*,,11.0,,1951,B+=100,False,58,75,1.2803113138180962e-07,1.90e+6,14.457364444136669
133Ce,133,581,m,-82381.0,16.0,37.2,0.7,,5.1,h,0.3,9/2-*,,11.0,,1951,B+=100,False,58,75,1.2803116928825288e-07,1.90e+6,14.457364444136669
133Pr,133,590,,-77938.0,12.0,,,,6.5,m,0.3,5/2+*,,11.0,,1970,B+=100,False,59,74,9.60277848176006e-08,1.50e+7,16.523560759066484
133Pr,133,591,m,-77746.0,12.0,192.12,0.14,,1.1,s,0.2,(11/2-),,11.0,,1995,IT=100,False,59,74,9.60279323591946e-08,1.50e+7,16.523560759066484
133Nd,133,600,,-72330.0,50.0,,,,70,s,10,(7/2+),,11.0,,1977,B+=100,False,60,73,4.0013786834263497e-07,,
133Nd,133,601,m,-72200.0,50.0,127.97,0.12,,~70,s,,(1/2)+,,11.0,,1993,B+=?;IT=?,False,60,73,4.001382846298836e-07,,
133Nd,133,602,n,-72150.0,50.0,176.1,0.1,,301,ns,18,(9/2-),,11.0,,1993,IT=100,False,60,73,4.001384447405945e-07,,
133Pm,133,610,,-65410.0,50.0,,,,13.5,s,2.1,(3/2+),,11.0,,1977,B+=100,False,61,72,4.001641708558915e-07,,
133Pm,133,611,m,-65280.0,50.0,129.7,0.7,,8.0,s,,(11/2-),,11.0,,1996,B+ ?;IT ?,False,61,72,4.0016458719787015e-07,,
133Sm,133,620,,-57230.0,300.0,,,,2.89,s,0.16,(5/2+),,11.0,,1977,B+=100;B+p=?,True,62,71,2.4011670762535364e-06,,
133Sm,133,621,m,-57110.0,310.0,120.0,60.0,,3.5,s,0.4,(1/2-),,11.0,,1993,B+=?;IT ?;B+p ?,True,62,71,2.4812083619136523e-06,,
133Eu,133,630,,-47240.0,300.0,,,,200.0,ms,,5/2+.0,,,,9999,B+ ?;B+p ?,True,63,70,2.401383946567904e-06,,
133Gd,133,640,,-36060.0,500.0,,,,10.0,ms,,5/2+.0,,,,9999,B+ ?;B+p ?,True,64,69,4.0027062246151995e-06,,
134Cd,134,480,,-39460.0,300.0,,,,65,ms,15,0+,,15.0,,2015,B-=100;B-n ?;B-2n ?,True,48,86,2.3832382772543146e-06,,
134In,134,490,,-51970.0,200.0,,,,136,ms,4,7-.0,,4.0,,1996,B-=100;B-n~65;B-2n<4,True,49,85,1.5886839558819977e-06,9.50e+1,4.553876891600541
134In,134,491,m,-51910.0,200.0,56.7,0.1,,3.5,us,0.4,(5-),,,,2019,IT=100,True,49,85,1.5886847130573721e-06,9.50e+1,4.553876891600541
134Sn,134,500,,-66434.0,3.0,,,,0.93,s,0.08,0+,,4.0,,1974,B-=100;B-n=17 13,False,50,84,2.382776647392174e-08,2.00e+6,14.508657738524219
134Sn,134,501,m,-65187.0,3.0,1247.4,0.5,,87,ns,8,6+,,4.0,,2000,IT=100,False,50,84,2.382800247618639e-08,2.00e+6,14.508657738524219
134Sb,134,510,,-74019.0,3.0,,,,674,ms,4,(0-),,11.0,,1967,B-=100;B-n ?,False,51,83,2.3826575809199737e-08,6.00e+6,15.60727002719233
134Sb,134,511,m,-73740.0,3.0,279.0,1.0,,10.01,s,0.04,(7-),,11.0,,1968,B-=100;B-n=0.088 4,False,51,83,2.3826628605948202e-08,6.00e+6,15.60727002719233
134Te,134,520,,-82533.8,2.7,,,,41.8,m,0.8,0+,,4.0,,1948,B-=100,False,52,82,2.1442688398281253e-08,4.00e+8,19.806975105072254
134Te,134,521,m,-80842.5,2.7,1691.34,0.16,,164.5,ns,0.7,6+,,4.0,,1970,IT=100,False,52,82,2.144297641731376e-08,4.00e+8,19.806975105072254
134I,134,530,,-84043.0,5.0,,,,52.5,m,0.2,(4)+,,4.0,,1948,B-=100,False,53,81,3.97086141440246e-08,4.00e+8,19.806975105072254
134I,134,531,m,-83727.0,5.0,316.49,0.22,,3.52,m,0.04,(8)-,,4.0,,1970,IT=97.7 10;B-=2.3 10,False,53,81,3.970871379639384e-08,4.00e+8,19.806975105072254
134Xe,134,540,,-88125.834,0.006,,,,stbl,,>11Py,0+,,4.0,,1920,IS=10.436 35;2B- ?,False,54,80,4.764928137691155e-11,,
134Xe,134,541,m,-86160.3,0.5,1965.5,0.5,,290,ms,17,7-,,4.0,,1968,IT=100,False,54,80,3.970835430356848e-09,,
134Xe,134,542,n,-85100.6,1.5,3025.2,1.5,,5,us,1,(10+),,4.0,,2001,IT=100,False,54,80,1.1912606545049035e-08,,
134Cs,134,550,,-86891.165,0.016,,,,2.0650,y,0.0004,4+*,,4.0,,1940,B-=100;EC=0.00030 12,False,55,79,1.2706730137224135e-10,1.90e+10,23.667704816112852
134Cs,134,551,m,-86752.421,0.016,138.7441,0.0026,,2.912,h,0.002,8-*,,4.0,,1975,IT=100,False,55,79,1.2706744138329378e-10,1.90e+10,23.667704816112852
134Ba,134,560,,-88950.0,0.25,,,,stbl,,,0+,,4.0,,1936,IS=2.42 15,False,56,78,1.9854145138179023e-09,5.60e+10,24.74861752768156
134Ba,134,561,m,-85992.8,0.6,2957.2,0.5,,2.61,us,0.13,10+,,4.0,,1982,IT=100,False,56,78,4.765106742034082e-09,5.60e+10,24.74861752768156
134La,134,570,,-85219.0,20.0,,,,6.45,m,0.16,1+,,4.0,,1951,B+=100,False,57,77,1.5883949904439844e-07,,
134La,134,571,m,-84780.0,100.0,440.0,100.0,,29,us,4,(6-),,4.0,,1985,IT=100,True,57,77,7.9420026422266e-07,,
134Ce,134,580,,-84833.0,20.0,,,,3.16,d,0.04,0+,,4.0,,1951,EC=100,False,58,76,1.5884161754928837e-07,,
134Ce,134,581,m,-81624.0,20.0,3208.6,0.4,,308,ns,5,10+,,4.0,,1980,IT=100,False,58,76,1.5884566591177675e-07,,
134Pr,134,590,,-78528.0,20.0,,,,17,m,2,2-*,,4.0,,1967,B+=100,False,59,75,1.5885120367459225e-07,,
134Pr,134,591,m,-78460.0,20.0,67.7,0.4,,~11,m,,6-,,4.0,,1973,B+=100,False,59,75,1.5885128946923528e-07,,
134Nd,134,600,,-75646.0,12.0,,,,8.5,m,1.5,0+,,4.0,,1970,B+=100,False,60,74,9.531388308271907e-08,1.00e+7,16.11809565095832
134Nd,134,601,m,-73353.0,12.0,2293.0,0.4,,389,us,17,8-,,4.0,,1969,IT=100,False,60,74,9.53156190560324e-08,1.00e+7,16.11809565095832
134Pm,134,610,,-66760.0,40.0,,,*&,22,s,1,(5+),,4.0,,1977,B+=100,False,61,73,3.1773863361680336e-07,,
134Pm,134,611,m,-66710.0,60.0,50.0,50.0,*&,~5,s,,(2+),,4.0,,1988,B+=100,True,61,73,4.7660813972122886e-07,,
134Pm,134,612,n,-66640.0,60.0,120.0,50.0,,20,us,1,(7-),,,,2009,IT=100,True,61,73,4.766084047359149e-07,,
134Sm,134,620,,-61380.0,200.0,,,,9.5,s,0.8,0+,,4.0,,1977,B+=100,True,62,72,1.588777388200467e-06,,
134Eu,134,630,,-49800.0,300.0,,,,500,ms,200,,,4.0,,1989,B+=100;B+p=?,True,63,71,2.3834098200299837e-06,,
134Gd,134,640,,-41530.0,400.0,,,,400.0,ms,,0+,,4.0,,9999,B+ ?;B+p ?,True,64,70,3.1781212267016603e-06,,
135Cd,135,480,,-32820.0,400.0,,,,,,,5/2-.0,,,,9999,B- ?;B-n ?,True,48,87,3.1542738342567617e-06,,
135In,135,490,,-47110.0,300.0,,,,103,ms,3,9/2+.0,,16.0,,2002,B-=100;B-n= ?;B-2n ?,True,49,86,2.365462945021179e-06,2.40e+0,0.8754687373538999
135Sn,135,500,,-60632.0,3.0,,,,515,ms,5,7/2-.0,,16.0,,1994,B-=100;B-n=21 3;B-2n ?,False,50,85,2.365234885445495e-08,1.00e+5,11.512925464970229
135Sb,135,510,,-69690.3,2.6,,,,1.668,s,0.009,(7/2+),,16.0,,1964,B-=100;B-n=19.1 5,False,51,84,2.0497447488681794e-08,,
135Te,135,520,,-77728.8,1.7,,,,19.0,s,0.2,(7/2-),,8.0,,1969,B-=100,False,52,83,1.3401464562088163e-08,4.00e+6,15.201804919084164
135Te,135,521,m,-76173.9,1.7,1554.89,0.16,,511,ns,20,(19/2-),,8.0,,1980,IT=100,False,52,83,1.3401628834029726e-08,4.00e+6,15.201804919084164
135I,135,530,,-83779.2,2.1,,,,6.58,h,0.03,7/2+*,,8.0,,1940,B-=100,False,53,82,1.6554129545250003e-08,2.80e+9,21.75288525412757
135Xe,135,540,,-86413.0,4.0,,,,9.14,h,0.02,3/2+,,8.0,,1940,B-=100,False,54,81,3.153134213897522e-08,3.43e+9,21.95582609812426
135Xe,135,541,m,-85886.0,4.0,526.551,0.013,,15.29,m,0.05,11/2-*,,8.0,,1960,IT~100;B-=0.30 17,False,54,81,3.1531473128733895e-08,3.43e+9,21.95582609812426
135Cs,135,550,,-87582.0,0.4,,,,1.33,My,0.19,7/2+*,,8.0,,1949,B-=100,False,55,80,3.1531373042607363e-09,1.30e+10,23.288215194407947
135Cs,135,551,m,-85949.1,1.6,1632.9,1.5,,53,m,2,19/2-*,,8.0,,1962,IT=100,False,55,80,1.2612711566538873e-08,1.30e+10,23.288215194407947
135Ba,135,560,,-87850.65,0.25,,,,stbl,,,3/2+*,,8.0,,1932,IS=6.59 10,False,56,79,1.9707267335316435e-09,,
135Ba,135,561,m,-87582.43,0.25,268.218,0.02,,28.11,h,0.02,11/2-,,8.0,,1948,IT=100,False,56,79,1.970730900353022e-09,,
135Ba,135,562,n,-85462.7,0.6,2388.0,0.5,,1.06,ms,0.04,(23/2+),,,,2018,IT=100,False,56,79,4.729833194797417e-09,,
135La,135,570,,-86643.0,9.0,,,,18.91,h,0.02,5/2+*,,8.0,,1948,B+=100,False,57,78,7.094756113910077e-08,,
135Ce,135,580,,-84616.0,10.0,,,,17.7,h,0.3,1/2+*,,8.0,,1948,B+=100,False,58,77,7.883268688514551e-08,,
135Ce,135,581,m,-84170.0,10.0,445.81,0.21,,20,s,1,(11/2-),,8.0,,1963,IT=100,False,58,77,7.883296405694649e-08,,
135Pr,135,590,,-80936.0,12.0,,,,24,m,1,3/2+*,,8.0,,1954,B+=100,False,59,76,9.460293327568161e-08,2.70e+7,17.111347423968603
135Pr,135,591,m,-80578.0,12.0,358.06,0.06,,105,us,10,(11/2-),,8.0,,1973,IT=100,False,59,76,9.460320027626554e-08,2.70e+7,17.111347423968603
135Nd,135,600,,-76214.0,19.0,,,,12.4,m,0.6,9/2-*,,8.0,,1970,B+=100,False,60,75,1.49795081319846e-07,2.10e+7,16.860032995687696
135Nd,135,601,m,-76149.0,19.0,64.95,0.24,,5.5,m,0.5,(1/2+),,8.0,,1970,B+~100;IT ?,False,60,75,1.4979515808340192e-07,2.10e+7,16.860032995687696
135Pm,135,610,,-70060.0,80.0,,,,49,s,3,"(3/2+,5/",2+),8.0,,1975,B+=100,False,61,74,6.307531661719306e-07,6.00e+6,15.60727002719233
135Pm,135,611,m,-69830.0,50.0,240.0,100.0,,40,s,3,(11/2-),,8.0,,1989,B+=100,True,61,74,3.942214437446751e-07,6.00e+6,15.60727002719233
135Sm,135,620,,-62860.0,150.0,,,,10.3,s,0.5,(7/2+),,8.0,,1977,B+=100;B+p=0.02 1,False,62,73,1.1827413887944349e-06,,
135Eu,135,630,,-54150.0,200.0,,,,1.5,s,0.2,5/2+.0,,16.0,,1989,B+=100;B+p ?,True,63,72,1.57711291427986e-06,,
135Gd,135,640,,-44250.0,400.0,,,,1.1,s,0.2,(5/2+),,16.0,,1996,B+=100;B+p~2,True,64,71,3.1545042632289157e-06,,
135Tb,135,650,,-33050.0,400.0,,,,1.01,ms,0.28,(7/2-),,16.0,,2004,p~100;B+ ?,True,65,70,3.1548150935170152e-06,,
136In,136,490,,-40970.0,300.0,,,,86,ms,9,7-.0,,18.0,,2015,B-=100;B-n ?;B-2n ?,True,49,87,2.3481804679295088e-06,,
136Sn,136,500,,-56170.0,200.0,,,,355,ms,18,0+,,18.0,,1994,B-=100;B-n=28 3;B-2n ?,True,50,86,1.565283262297108e-06,4.00e+3,8.294049640102028
136Sb,136,510,,-64507.0,6.0,,,,923,ms,14,(1-),,18.0,,1976,B-=100;B-n=24.7 5;B-2n=0.14 3,False,51,85,4.695590934574483e-08,,
136Sb,136,511,m,-64238.0,6.0,269.3,0.5,,570,ns,5,(6-),,18.0,,2001,IT=100,False,51,85,4.69560081970607e-08,,
136Te,136,520,,-74425.3,2.3,,,,17.63,s,0.09,0+,,18.0,,1974,B-=100;B-n=1.37 4,False,52,84,1.7998550367454897e-08,4.00e+7,17.50439001207821
136I,136,530,,-79545.0,14.0,,,,83.4,s,0.4,(1-),,18.0,,1949,B-=100,False,53,83,1.0955311318403133e-07,1.30e+8,18.683045008419857
136I,136,531,m,-79339.0,5.0,206.0,15.0,BD,46.6,s,1.1,(6-),,18.0,,1959,B-=100,False,53,83,3.9126174922669725e-08,1.30e+8,18.683045008419857
136Xe,136,540,,-86429.17,0.007,,,,2.18,Zy,0.05,0+,,18.0,,1920,IS=8.857 72;2B-=100,False,54,82,5.477416024727541e-11,,
136Xe,136,541,m,-84537.43,0.07,1891.74,0.07,,2.92,us,0.03,6+,,18.0,,1969,IT=100,False,54,82,5.477497106137406e-10,,
136Cs,136,550,,-86338.9,1.9,,,,13.01,d,0.05,5+*,,18.0,,1951,B-=100,False,55,81,1.486743302971558e-08,1.23e+10,23.232865099324783
136Cs,136,551,m,-85821.0,1.9,517.9,0.1,,17.5,s,0.2,8-*,,18.0,,1981,IT=?;B- ?,False,55,81,1.4867493280964255e-08,1.23e+10,23.232865099324783
136Ba,136,560,,-88887.08,0.24,,,,stbl,,,0+,,18.0,,1932,IS=7.85 24,False,56,80,1.8779731005175798e-09,5.60e+10,24.74861752768156
136Ba,136,561,m,-86856.55,0.24,2030.535,0.018,,308.4,ms,1.9,7-,,19.0,,1965,IT=100,False,56,80,1.878002939485917e-09,5.60e+10,24.74861752768156
136Ba,136,562,n,-85529.9,0.3,3357.19,0.25,,91,ns,2,10+,,19.0,,2004,IT=100,False,56,80,2.3475280441692645e-09,5.60e+10,24.74861752768156
136La,136,570,,-86040.0,50.0,,,,9.87,m,0.03,1+*,,19.0,,1950,B+=100,False,57,79,3.9125707199054636e-07,,
136La,136,571,m,-85780.0,50.0,259.5,0.3,,114,ms,5,(7-),,19.0,,1966,IT=100,False,57,79,3.912578680190671e-07,,
136La,136,572,n,-83520.0,50.0,2520.6,0.4,,187,ns,27,(14+),,19.0,,2015,IT=100,False,57,79,3.9126478748034854e-07,,
136Ce,136,580,,-86508.5,0.3,,,,stbl,,>32Py,0+,,19.0,,1936,IS=0.186 2;2B+ ?,False,58,78,2.3475575840890963e-09,,
136Ce,136,581,m,-83413.5,0.7,3095.0,0.6,,1.96,us,0.09,10+,,19.0,,1991,IT=100,False,58,78,5.477767028744832e-09,,
136Pr,136,590,,-81340.0,11.0,,,,13.1,m,0.1,2+*,,19.0,,1968,B+=100,False,59,77,8.608146413259543e-08,,
136Nd,136,600,,-79199.0,12.0,,,,50.65,m,0.33,0+,,19.0,,1968,B+=100,False,60,76,9.390957566367499e-08,,
136Pm,136,610,,-71170.0,70.0,,,*,107,s,6,7+.0,,19.0,,1988,B+=100,False,61,75,5.478458259603278e-07,1.00e+7,16.11809565095832
136Pm,136,611,m,-71070.0,90.0,100.0,120.0,MD*,90,s,35,2+.0,,19.0,,1982,B+=100,False,61,75,7.043737560750246e-07,1.00e+7,16.11809565095832
136Pm,136,612,n,-71130.0,70.0,42.7,0.2,,1.5,us,0.1,7-.0,,19.0,,1987,IT=100,False,61,75,5.478459974661239e-07,1.00e+7,16.11809565095832
136Sm,136,620,,-66811.0,12.0,,,,47,s,2,0+,,19.0,,1982,B+=100,False,62,74,9.392058209466873e-08,,
136Sm,136,621,m,-64546.0,12.0,2264.7,1.1,,15,us,1,(8-),,19.0,,1994,IT=100,False,62,74,9.392224710223129e-08,,
136Eu,136,630,,-56240.0,200.0,,,*,3.3,s,0.3,6+.0,,19.0,,1987,B+=100;B+p~0.09,True,63,73,1.5654884042076848e-06,,
136Eu,136,631,m,-56140.0,220.0,100.0,100.0,*,3.8,s,0.3,1+.0,,19.0,,1987,B+=100;B+p~0.09,True,63,73,1.7220385925441774e-06,,
136Gd,136,640,,-49090.0,300.0,,,,1.0,s,>200ns,0+,,19.0,,2000,B+ ?;B+p ?,True,64,72,2.348387810544522e-06,,
136Tb,136,650,,-35900.0,500.0,,,,200.0,ms,,5-.0,,19.0,,9999,B+ ?;B+p ?,True,65,71,3.914423481757423e-06,,
137In,137,490,,-35830.0,400.0,,,,70,ms,40,9/2+.0,,15.0,,2015,B-=100;B-n ?;B-2n ?,True,49,88,3.1081741100920907e-06,,
137Sn,137,500,,-50150.0,300.0,,,,249,ms,15,5/2-.0,,7.0,,1994,B-=100;B-n=48 6;B-2n ?,True,50,87,2.3308946427056045e-06,1.00e+2,4.605170185988092
137Sb,137,510,,-60060.0,50.0,,,,497,ms,21,7/2+.0,,7.0,,1994,B-=100;B-n=49 6;B-2n ?,False,51,86,3.8845643388256964e-07,,
137Te,137,520,,-69303.8,2.1,,,,2.49,s,0.05,3/2-.0,,7.0,,1975,B-=100;B-n=2.94 14,False,52,85,1.6314162526513945e-08,,
137I,137,530,,-76356.0,8.0,,,,24.13,s,0.12,7/2+.0,,7.0,,1943,B-=100;B-n=7.51 11,False,53,84,6.214641023254505e-08,1.30e+7,16.38045991542581
137Xe,137,540,,-82383.41,0.1,,,,3.818,m,0.013,7/2-*,,7.0,,1943,B-=100,False,54,83,7.768015604535178e-10,7.50e+8,20.43558376449463
137Cs,137,550,,-86545.8,0.3,,,,30.04,y,0.04,7/2+*,,7.0,,1951,B-=100,False,55,82,2.330352745058038e-09,1.69e+10,23.55057945887544
137Ba,137,560,,-87721.4,0.25,,,,stbl,,,3/2+*,,7.0,,1932,IS=11.23 23,False,56,81,1.9419623968576316e-09,3.60e+8,19.70161458941443
137Ba,137,561,m,-87059.74,0.25,661.659,0.003,,2.552,m,0.001,11/2-*,,7.0,,1965,IT=100,False,56,81,1.941972377965209e-09,3.60e+8,19.70161458941443
137Ba,137,562,n,-85372.3,0.6,2349.1,0.5,,589,ns,20,(19/2-),,7.0,,1973,IT=100,False,56,81,4.660794800103866e-09,3.60e+8,19.70161458941443
137La,137,570,,-87140.9,1.6,,,,60,ky,20,7/2+*,,7.0,,1948,EC=100,False,57,80,1.2428740248256043e-08,,
137La,137,571,m,-85271.4,1.6,1869.5,0.21,,342,ns,25,19/2-,,7.0,,1982,IT=100,False,57,80,1.2428920743605724e-08,,
137Ce,137,580,,-85918.8,0.4,,,,9.0,h,0.3,3/2+*,,7.0,,1948,B+=100,False,58,79,3.1072457769772982e-09,,
137Ce,137,581,m,-85664.5,0.4,254.29,0.05,,34.4,h,0.3,11/2-*,,7.0,,1958,IT=99.21 4;B+=0.79 4,False,58,79,3.107251915140618e-09,,
137Pr,137,590,,-83202.0,8.0,,,,1.28,h,0.03,5/2+*,,7.0,,1958,B+=100,False,59,78,6.214685148650147e-08,,
137Pr,137,591,m,-82641.0,8.0,561.22,0.23,,2.66,us,0.07,11/2-,,7.0,,1987,IT=100,False,59,78,6.214712232664118e-08,,
137Nd,137,600,,-79584.0,12.0,,,,38.5,m,1.5,1/2+*,,7.0,,1970,B+=100,False,60,77,9.322383399685857e-08,7.10e+6,15.775605342011543
137Nd,137,601,m,-79065.0,12.0,519.43,0.2,,1.60,s,0.15,11/2-,,7.0,,1970,IT=100,False,60,77,9.322420987042356e-08,7.10e+6,15.775605342011543
137Pm,137,610,,-74073.0,13.0,,,&,2.0,m,,5/2-.0,,,,1975,B+ ?,False,61,76,1.0099782562507403e-07,3.30e+7,17.312018119430753
137Pm,137,611,m,-73910.0,40.0,160.0,50.0,BD &,2.4,m,0.1,11/2-,,7.0,,1973,B+=100,False,61,76,3.1076293392176927e-07,3.30e+7,17.312018119430753
137Sm,137,620,,-67992.0,29.0,,,,45,s,1,(9/2-),,7.0,,1986,B+=100,False,62,75,2.2531575049158028e-07,,
137Sm,137,621,m,-67890.0,60.0,100.0,50.0,,20.0,s,,1/2+.0,,,,9999,B+ ?,True,62,75,4.661708876941533e-07,,
137Eu,137,630,,-60146.0,4.0,,,,8.4,s,0.5,5/2+.0,,7.0,,1982,B+=100,False,63,74,3.108024150013412e-08,,
137Gd,137,640,,-51210.0,300.0,,,,2.2,s,0.2,(7/2)(+.0,),7.0,,1999,B+=100;B+p=?,True,64,73,2.331203402454509e-06,,
137Tb,137,650,,-40970.0,400.0,,,,600.0,ms,,3/2+.0,,,,9999,p ?;B+ ?,True,65,72,3.1085497971385967e-06,,
138Sn,138,500,,-45510.0,400.0,,,,148,ms,9,0+,,17.0,,2010,B-=100;B-n=36 12;B-2n ?,True,50,88,3.085446708572064e-06,2.50e+0,0.9162907318741551
138Sn,138,501,m,-44170.0,400.0,1344.0,2.0,,210,ns,45,(6+),,17.0,,2014,IT=100,True,50,88,3.0854786008393718e-06,2.50e+0,0.9162907318741551
138Sb,138,510,,-54650.0,300.0,,,,333,ms,7,(3-),,17.0,,1994,B-=100;B-n=72 8;B-2n ?,True,51,87,2.3139449771624037e-06,,
138Te,138,520,,-65696.0,4.0,,,,1.46,s,0.25,0+,,17.0,,1975,B-=100;B-n=4.80 23,False,52,86,3.085027902066025e-08,,
138I,138,530,,-71980.0,6.0,,,,6.26,s,0.03,(1-),,17.0,,1949,B-=100;B-n=5.33 11,False,53,85,4.627363741832173e-08,3.30e+6,15.009433026436708
138I,138,531,m,-71912.0,6.0,67.9,0.3,,1.26,us,0.16,(3-),,17.0,,2007,IT=100,False,53,85,4.6273661685829014e-08,3.30e+6,15.009433026436708
138Xe,138,540,,-79972.2,2.8,,,,14.14,m,0.07,0+,,17.0,,1943,B-=100,False,54,84,2.159324854585363e-08,5.70e+8,20.16114691879287
138Cs,138,550,,-82887.0,9.0,,,,33.5,m,0.2,3-*,,17.0,,1943,B-=100,False,55,83,6.940600243478929e-08,,
138Cs,138,551,m,-82807.0,9.0,79.9,0.3,,2.91,m,0.10,6-*,,17.0,,1971,IT=81 3;B-=19 3,False,55,83,6.940604525431059e-08,,
138Ba,138,560,,-88261.81,0.25,,,,stbl,,,0+,,17.0,,1925,IS=71.70 29,False,56,82,1.9278838310669878e-09,2.40e+10,23.901319667294356
138Ba,138,561,m,-86171.27,0.25,2090.536,0.021,,850,ns,100,6+,,17.0,,1971,IT=100,False,56,82,1.9279149115097067e-09,2.40e+10,23.901319667294356
138La,138,570,,-86513.4,0.4,,,,103,Gy,1,5+*,,17.0,,1947,IS=0.0 8881;B+=65.5 4;B-=34.5 4,False,57,81,3.0846864856670107e-09,,
138La,138,571,m,-86440.8,0.4,72.57,0.03,,116,ns,5,(3)+,,17.0,,1975,IT=100,False,57,81,3.0846882126932423e-09,,
138La,138,572,n,-85774.6,0.4,738.8,0.2,,2.0,us,0.3,7-,,17.0,,2014,IT=100,False,57,81,3.0847040605090922e-09,,
138Ce,138,580,,-87565.9,0.5,,,,stbl,,>44Py,0+,,17.0,,1936,IS=0.251 2;2B+ ?,False,58,80,3.8558652683155605e-09,,
138Ce,138,581,m,-85436.6,0.5,2129.28,0.12,,8.73,ms,0.20,7-,,17.0,,1960,IT=100,False,58,80,3.855928584929562e-09,,
138Pr,138,590,,-83129.0,10.0,,,,1.45,m,0.05,1+,,17.0,,1951,B+=100,False,59,79,7.712071333124046e-08,,
138Pr,138,591,m,-82779.0,16.0,350.0,19.0,BD,2.12,h,0.04,7-*,,17.0,,1958,B+=100,False,59,79,1.2339347439673154e-07,,
138Nd,138,600,,-82017.0,12.0,,,,5.04,h,0.09,0+,,17.0,,1965,B+=100,False,60,78,9.254657274518085e-08,,
138Nd,138,601,m,-78843.0,12.0,3174.5,0.4,,370,ns,5,10+,,17.0,,1975,IT=100,False,60,78,9.25488382082557e-08,,
138Pm,138,610,,-74914.0,12.0,,,,3.24,m,0.05,3-.0,,17.0,,1973,B+=100,False,61,77,9.255256592321606e-08,5.60e+7,17.840862248699423
138Pm,138,611,m,,,,,EU,10,s,2,1+.0,,17.0,,9999,B+=100,False,61,77,,5.60e+7,17.840862248699423
138Sm,138,620,,-71498.0,12.0,,,,3.1,m,0.2,0+,,17.0,,1982,B+=100,False,62,76,9.255592771489238e-08,5.10e+6,15.444751097694555
138Eu,138,630,,-61750.0,28.0,,,*&,5.0,s,,2-.0,,17.0,,1982,B+ ?,False,63,75,2.1598222475465442e-07,,
138Eu,138,631,m,-61650.0,60.0,100.0,50.0,*&,12.1,s,0.6,7-.0,,17.0,,1982,B+=100,True,63,75,4.6281941004842317e-07,,
138Gd,138,640,,-55660.0,200.0,,,,4.7,s,0.9,0+,,17.0,,1985,B+=100,True,64,74,1.5428180440836768e-06,,
138Gd,138,641,m,-53430.0,200.0,2232.6,1.1,,6.2,us,0.2,(8-),,17.0,,1997,IT=100,True,64,74,1.5428445847460567e-06,,
138Tb,138,650,,-43600.0,300.0,,,,800.0,ms,>200ns,2+.0,,17.0,,1993,B+ ?;B+p ?;p=0,True,65,73,2.314465476461347e-06,,
138Dy,138,660,,-34930.0,500.0,,,,200.0,ms,,0+,,,,9999,B+ ?;B+p ?,True,66,72,3.8577389895897766e-06,,
139Sn,139,500,,-39310.0,400.0,,,,120,ms,38,5/2-.0,,16.0,,2015,B-=100;B-n ?;B-2n ?,True,50,89,3.0633914445746696e-06,,
139Sb,139,510,,-50050.0,400.0,,,,182,ms,9,7/2+.0,,16.0,,1994,B-=100;B-n=90 10;B-2n ?,True,51,88,3.063169833114095e-06,,
139Te,139,520,,-60205.0,4.0,,,,724,ms,81,5/2-.0,,16.0,,1994,B-=100;B-n ?,False,52,87,3.0629619744422944e-08,,
139I,139,530,,-68471.0,4.0,,,,2.280,s,0.011,7/2+.0,,16.0,,1949,B-=100;B-n=9.74 24,False,53,86,3.062798443855081e-08,9.00e+5,13.710150042306449
139Xe,139,540,,-75644.6,2.1,,,,39.68,s,0.14,3/2-*,,16.0,,1951,B-=100,False,54,85,1.6078967871712937e-08,5.50e+8,20.125428836190792
139Cs,139,550,,-80701.0,3.0,,,,9.27,m,0.05,7/2+*,,16.0,,1939,B-=100,False,55,84,2.2969292299781764e-08,3.81e+9,22.06089502608502
139Ba,139,560,,-84913.92,0.25,,,,82.93,m,0.09,7/2-*,,16.0,,1937,B-=100,False,56,83,1.9140649053677196e-09,,
139La,139,570,,-87222.4,0.6,,,,stbl,,,7/2+*,,16.0,,1924,IS=99.9 1119,False,57,82,4.59372006941574e-09,,
139La,139,571,m,-85422.0,0.7,1800.4,0.4,,315,ns,35,(17/2+),,,,2012,IT=100,False,57,82,5.359413956340483e-09,,
139Ce,139,580,,-86957.7,2.1,,,,137.642,d,0.020,3/2+*,,16.0,,1948,EC=100,False,58,81,1.6078212033636302e-08,,
139Ce,139,581,m,-86203.5,2.1,754.24,0.08,,57.58,s,0.32,11/2-,,16.0,,1967,IT=100,False,58,81,1.607830487579814e-08,,
139Pr,139,590,,-84829.0,4.0,,,,4.41,h,0.04,5/2+*,,16.0,,1951,B+=100,False,59,80,3.062596818108189e-08,,
139Nd,139,600,,-82017.0,28.0,,,,29.7,m,0.5,3/2+*,,16.0,,1951,B+=100,False,60,79,2.1438851602271686e-07,,
139Nd,139,601,m,-81786.0,28.0,231.16,0.05,,5.50,h,0.20,11/2-*,,16.0,,1951,B+=87.0 10;IT=13.0 10,False,60,79,2.1438889521348292e-07,,
139Nd,139,602,n,-79400.0,28.0,2616.9,0.6,,276.8,ns,1.8,23/2+,,16.0,,1980,IT=100,False,60,79,2.143928119550293e-07,,
139Pm,139,610,,-77501.0,14.0,,,,4.15,m,0.05,(5/2)+,,16.0,,1967,B+=100,False,61,78,1.0719902627819713e-07,5.90e+7,17.893048001869992
139Pm,139,611,m,-77312.0,14.0,188.7,0.3,,180,ms,20,(11/2)-,,16.0,,1975,IT~100;B+ ?,False,61,78,1.0719918141544331e-07,5.90e+7,17.893048001869992
139Sm,139,620,,-72380.0,11.0,,,,2.57,m,0.10,1/2+*,,16.0,,1971,B+=100,False,62,77,8.423194341444373e-08,7.60e+7,18.146243898250606
139Sm,139,621,m,-71923.0,11.0,457.38,0.23,,10.7,s,0.6,11/2-,,16.0,,1973,IT=93.7 5;B+=6.3 5,False,62,77,8.423223818131828e-08,7.60e+7,18.146243898250606
139Eu,139,630,,-65398.0,13.0,,,,17.9,s,0.6,(11/2)-,,16.0,,1975,B+=100,False,63,76,9.955315069503302e-08,7.00e+5,13.458835614025542
139Eu,139,631,m,-65250.0,13.0,148.3,0.3,,10,us,2,(7/2+),,16.0,,2011,IT=100,False,63,76,9.955326352614647e-08,7.00e+5,13.458835614025542
139Gd,139,640,,-57630.0,200.0,,,*,5.7,s,0.3,9/2-.0,,16.0,,1983,B+=100;B+p=?,True,64,75,1.531693219633672e-06,,
139Gd,139,641,m,-57380.0,250.0,250.0,150.0,*,4.8,s,0.9,1/2+.0,,16.0,,1983,B+=100;B+p=?,True,64,75,1.9146201903055447e-06,,
139Tb,139,650,,-48130.0,300.0,,,,1.6,s,0.2,5/2-.0,,16.0,,1999,B+=100;B+p ?,True,65,74,2.2977297606426032e-06,,
139Dy,139,660,,-37700.0,500.0,,,,600,ms,200,(7/2+),,1.0,,1999,B+=100;B+p~11,True,66,73,3.829893487841222e-06,,
140Sn,140,500,,-34490.0,300.0,,,,50.0,ms,>550ns,0+,,,,2018,B- ?;B-n ?;B-2n ?,True,50,90,2.2812130004834724e-06,,
140Sb,140,510,,-44390.0,600.0,,,,170,ms,6,(3-),,18.0,,2010,B-=100;B-n=23 4;B-2n=7.6 25,True,51,89,4.562127430376165e-06,,
140Sb,140,511,m,-44060.0,600.0,330.0,30.0,,41,us,8,"(6-,7-)",,18.0,,2016,IT=100,True,51,89,4.5621388775585685e-06,,
140Te,140,520,,-56367.0,14.0,,,,351,ms,5,0+,,18.0,,1994,B-=100;B-n=?,False,52,88,1.064409934404924e-07,,
140I,140,530,,-63606.0,12.0,,,,588,ms,10,(2-),,18.0,,1972,B-=100;B-n=7.60 28;B-2n ?,False,53,87,9.123101318386935e-08,1.00e+5,11.512925464970229
140Xe,140,540,,-72986.5,2.3,,,,13.60,s,0.10,0+,,18.0,,1951,B-=100,False,54,86,1.748486916481079e-08,3.50e+8,19.67344371244773
140Cs,140,550,,-77050.0,8.0,,,,63.7,s,0.3,1-*,,18.0,,1950,B-=100,False,55,85,6.08156555001114e-08,3.43e+9,21.95582609812426
140Cs,140,551,m,-77036.0,8.0,13.931,0.021,,471,ns,51,(2)-,,18.0,,1974,IT=100,False,55,85,6.0815661972564e-08,3.43e+9,21.95582609812426
140Ba,140,560,,-83268.0,8.0,,,,12.7534,d,0.0021,0+,,18.0,,1939,B-=100,False,56,84,6.0813378822878e-08,3.40e+8,19.644456175574483
140La,140,570,,-84312.1,0.6,,,,40.289,h,0.004,3-*,,18.0,,1935,B-=100,False,57,83,4.561012052930564e-09,,
140Ce,140,580,,-88074.2,1.3,,,,stbl,,,0+,,18.0,,1925,IS=88.449 51,False,58,82,9.882007327711536e-09,,
140Ce,140,581,m,-85966.3,1.3,2107.854,0.024,,7.3,us,1.5,6+,,18.0,,1966,IT=100,False,58,82,9.882165672565417e-09,,
140Pr,140,590,,-84686.0,6.0,,,,3.39,m,0.01,1+*,,18.0,,1938,B+=100;e+=48.7 22;EC=51.3 22,False,59,81,4.5610887738383936e-08,,
140Pr,140,591,m,-84558.0,6.0,127.8,0.3,,350,ns,20,5+,,18.0,,1964,IT=100,False,59,81,4.5610932119292833e-08,,
140Pr,140,592,n,-83922.0,6.0,763.7,0.5,,3.05,us,0.20,(7)-,,18.0,,1964,IT=100,False,59,81,4.5611152638214635e-08,,
140Nd,140,600,,-84257.0,3.0,,,,3.37,d,0.02,0+,,18.0,,1949,EC=100,False,60,80,2.2805742461387257e-08,,
140Nd,140,601,m,-82035.0,3.0,2221.65,0.09,,600,us,50,7-,,18.0,,1962,IT=100,False,60,80,2.280612769002694e-08,,
140Nd,140,602,n,-76822.0,3.0,7435.1,0.4,,1.22,us,0.06,20+,,,,2008,IT=100,False,60,80,2.2807031520093923e-08,,
140Pm,140,610,,-78212.0,24.0,,,,9.2,s,0.2,1+,,18.0,,1966,B+=100,False,61,79,1.8245611807363393e-07,1.70e+8,18.951308995014536
140Pm,140,611,m,-77783.0,13.0,429.0,28.0,BD,5.95,m,0.05,8-,,18.0,,1966,B+=100,False,61,79,9.883071961670143e-08,1.70e+8,18.951308995014536
140Sm,140,620,,-75456.0,12.0,,,,14.82,m,0.12,0+,,18.0,,1967,B+=100,False,62,78,9.123086752381513e-08,2.00e+8,19.11382792451231
140Eu,140,630,,-66990.0,50.0,,,,1.51,s,0.02,1+,,18.0,,1982,B+=100;e+=95.1 7;EC=4.9 7,False,63,77,3.8015682080937025e-07,2.00e+6,14.508657738524219
140Eu,140,631,m,-66780.0,50.0,210.0,14.0,,125,ms,2,(5-),,18.0,,1988,IT~100;B+<1,False,63,77,3.801574277910147e-07,2.00e+6,14.508657738524219
140Eu,140,632,n,-66320.0,50.0,669.0,14.0,,299.8,ns,2.1,(8+),,18.0,,2002,IT=100,False,63,77,3.80158757376628e-07,2.00e+6,14.508657738524219
140Gd,140,640,,-61782.0,28.0,,,,15.8,s,0.4,0+,,18.0,,1985,B+=100;e+=67 8;EC=33 8,False,64,76,2.128983433283882e-07,,
140Tb,140,650,,-50480.0,800.0,,,,2.29,s,0.15,(7+),,18.0,,1986,B+=100;EC<3;B+p=0.26 13,False,65,75,6.083392408354637e-06,,
140Dy,140,660,,-42830.0,400.0,,,,700.0,ms,,0+,,18.0,,2002,B+ ?;B+p ?,True,66,74,3.04190307564096e-06,,
140Dy,140,661,m,-40660.0,400.0,2166.1,0.5,,7.0,us,0.5,8-,,18.0,,2002,IT=100,True,66,74,3.0419532749400596e-06,,
140Ho,140,670,,-29320.0,500.0,,,,6,ms,3,8+.0,,18.0,,1999,p=?;B+ ?;B+p ?,True,67,73,3.8028069484167775e-06,,
141Sb,141,510,,-39540.0,500.0,,,,103,ms,29,7/2+.0,,18.0,,2018,B-=100;B-n ?;B-2n ?,True,51,90,3.774943761683038e-06,,
141Te,141,520,,-50670.0,400.0,,,,193,ms,16,5/2-.0,,14.0,,1994,B-=100;B-n ?;B-2n ?,True,52,89,3.019730746825169e-06,,
141I,141,530,,-59927.0,16.0,,,,420,ms,7,7/2+.0,,14.0,,1974,B-=100;B-n=21.2 30,False,53,88,1.2078196842119816e-07,2.00e+4,9.903487552536127
141Xe,141,540,,-68197.3,2.9,,,,1.73,s,0.01,5/2-*,,14.0,,1951,B-=100;B-n=0.044 5,False,54,87,2.189057883802039e-08,1.10e+8,18.51599092375669
141Cs,141,550,,-74477.0,9.0,,,,24.84,s,0.16,7/2+*,,14.0,,1962,B-=100;B-n=0.0342 14,False,55,86,6.793372216292348e-08,1.50e+9,21.128730945054574
141Ba,141,560,,-79732.0,5.0,,,,18.27,m,0.07,3/2-*,,14.0,,1945,B-=100,False,56,85,3.773982820704165e-08,,
141La,141,570,,-82930.0,4.0,,,,3.92,h,0.03,(7/2+),,14.0,,1951,B-=100,False,57,84,3.0191428522609686e-08,,
141Ce,141,580,,-85431.1,1.3,,,,32.505,d,0.010,7/2-*,,14.0,,1948,B-=100,False,58,83,9.812124821953156e-09,,
141Pr,141,590,,-86014.5,1.5,,,,stbl,,,5/2+*,,14.0,,1924,IS=100,False,59,82,1.1321743153514668e-08,,
141Nd,141,600,,-84192.0,3.0,,,,2.49,h,0.03,3/2+*,,14.0,,1949,B+=100;EC=97.28 16;e+=2.72 16,False,60,81,2.2644018843836592e-08,1.20e+5,11.695247021764184
141Nd,141,601,m,-83435.0,3.0,756.51,0.05,,62.0,s,0.8,11/2-,,14.0,,1960,IT~100;B+=0.032 8,False,60,81,2.2644148228893602e-08,1.20e+5,11.695247021764184
141Pm,141,610,,-80523.0,14.0,,,,20.90,m,0.05,5/2+*,,14.0,,1952,B+=100,False,61,80,1.056760461098565e-07,9.10e+7,18.326370064481125
141Pm,141,611,m,-79894.0,14.0,628.62,0.07,,630,ns,20,11/2-,,14.0,,1970,IT=100,False,61,80,1.0567654784876783e-07,9.10e+7,18.326370064481125
141Pm,141,612,n,-77992.0,14.0,2530.75,0.17,,>2,us,,(23/2+),,14.0,,1985,IT=100,False,61,80,1.0567806505964454e-07,9.10e+7,18.326370064481125
141Sm,141,620,,-75934.0,9.0,,,,10.2,m,0.2,1/2+*,,14.0,,1967,B+=100,False,62,79,6.793761760578654e-08,2.60e+8,19.3761921889798
141Sm,141,621,m,-75758.0,9.0,175.9,0.3,,22.6,m,0.2,11/2-*,,14.0,,1967,B+=99.69 3;IT=0.31 3,False,62,79,6.7937707864962e-08,2.60e+8,19.3761921889798
141Eu,141,630,,-69926.0,13.0,,,,40.7,s,0.7,5/2+,,14.0,,1977,B+=100,False,63,78,9.813752317043166e-08,8.40e+7,18.246327356807587
141Eu,141,631,m,-69830.0,13.0,96.45,0.07,,2.7,s,0.3,11/2-,,14.0,,1973,IT=86 3;B+=14 3,False,63,78,9.813759429151794e-08,8.40e+7,18.246327356807587
141Gd,141,640,,-63224.0,20.0,,,,14,s,4,(1/2+),,14.0,,1986,B+=100;B+p=0.03 1,False,64,77,1.509899181890265e-07,,
141Gd,141,641,m,-62846.0,20.0,377.76,0.09,,24.5,s,0.5,(11/2-),,14.0,,1986,B+=89 2;IT=11 2,False,64,77,1.5099034907161306e-07,,
141Tb,141,650,,-54540.0,110.0,,,*,3.5,s,0.2,(5/2-),,14.0,,1986,B+=100,False,65,76,8.305071070156547e-07,,
141Tb,141,651,m,-54540.0,230.0,0.0,200.0,EU*,7.9,s,0.6,11/2-.0,,14.0,,1988,B+=100,True,65,76,1.7365148601236415e-06,,
141Dy,141,660,,-45380.0,300.0,,,,900,ms,140,(9/2-),,14.0,,1984,B+=100;B+p=?,True,66,75,2.2651981597624916e-06,,
141Ho,141,670,,-34360.0,400.0,,,,4.1,ms,0.1,(7/2-),,14.0,,1998,p~100;B+ ?;B+p ?,True,67,74,3.020545044545392e-06,,
141Ho,141,671,m,-34290.0,400.0,66.0,2.0,,7.3,us,0.3,(1/2+),,14.0,,1998,p=100,True,67,74,3.0205466411924e-06,,
142Sb,142,510,,-33610.0,300.0,,,,80,ms,50,,,,,2018,B-=100;B-n ?;B-2n ?,True,51,91,2.2491126166068184e-06,,
142Te,142,520,,-46550.0,500.0,,,,147,ms,8,0+,,11.0,,1994,B-=100;B-n ?;B-2n ?,True,52,90,3.7481937520524446e-06,,
142I,142,530,,-54803.0,5.0,,,,235,ms,11,2-.0,,11.0,,1975,B-=100;B-n ?;B-2n ?,False,53,89,3.7479982101198245e-08,2.30e+3,7.7406644019172415
142Xe,142,540,,-65229.6,2.7,,,,1.23,s,0.02,0+,,11.0,,1960,B-=100;B-n=0.37 3,False,54,88,2.0237804795000583e-08,4.80e+7,17.686711568872166
142Cs,142,550,,-70515.0,7.0,,,,1.687,s,0.010,0-*,,11.0,,1962,B-=100;B-n=0.089 3,False,55,87,5.2466812864896325e-08,3.43e+9,21.95582609812426
142Ba,142,560,,-77842.0,6.0,,,,10.6,m,0.2,0+,,11.0,,1959,B-=100,False,56,86,4.496952018704247e-08,7.40e+7,18.119575651168443
142La,142,570,,-80024.0,6.0,,,,91.1,m,0.5,2-,,11.0,,1953,B-=100,False,57,85,4.496922066986765e-08,,
142La,142,571,m,-79878.0,6.0,145.82,0.08,,870,ns,170,(4)-,,11.0,,1983,IT=100,False,57,85,4.4969269877537813e-08,,
142Ce,142,580,,-84532.9,2.4,,,,stbl,,>2.9Ey,0+,,11.0,,1925,IS=11.114 51;A ?;2B- ?,False,58,84,1.7987254770398084e-08,,
142Pr,142,590,,-83786.4,1.5,,,,19.12,h,0.04,2-*,,11.0,,1935,B-~100;EC=0.0164 8,False,59,83,1.1242206101335515e-08,1.00e+7,16.11809565095832
142Pr,142,591,m,-83782.7,1.5,3.694,0.003,,14.6,m,0.5,5-*,,11.0,,1967,IT=100,False,59,83,1.1242206413090612e-08,1.00e+7,16.11809565095832
142Nd,142,600,,-85950.1,1.3,,,,stbl,,,0+,,11.0,,1924,IS=27.153 40,False,60,82,9.743181730760731e-09,,
142Nd,142,601,m,,,,,EU,16.5,us,,6+,,14.0,,1964,IT=100,False,60,82,,,
142Pm,142,610,,-81142.0,24.0,,,,40.5,s,0.5,1+,,11.0,,1959,B+=100;e+=77.1 27;EC=22.9 27,False,61,81,1.7988235005373275e-07,,
142Pm,142,611,m,-80259.0,24.0,883.17,0.16,,2.0,ms,0.2,(8)-,,11.0,,1971,IT=100,False,61,81,1.798835405538474e-07,,
142Pm,142,612,n,-78313.0,24.0,2828.7,0.6,,67,us,5,(13-),,11.0,,1974,IT=100,False,61,81,1.798861642937646e-07,,
142Sm,142,620,,-78981.9,1.9,,,,72.49,m,0.05,0+,,11.0,,1959,B+=100;e+<5,False,62,80,1.4241054658726109e-08,2.80e+8,19.450300161133523
142Sm,142,621,m,-76609.8,1.9,2372.1,0.4,,170,ns,2,7-,,11.0,,1975,IT=100,False,62,80,1.4241307863226722e-08,2.80e+8,19.450300161133523
142Sm,142,622,n,-75319.7,2.0,3662.2,0.7,,480,ns,60,10+,,11.0,,1979,IT=100,False,62,80,1.4990995342990838e-08,2.80e+8,19.450300161133523
142Eu,142,630,,-71310.0,30.0,,,,2.36,s,0.10,1+,,11.0,,1966,B+=100;e+=89.9 16;EC=10.1 16,False,63,79,2.2487386862629235e-07,2.00e+8,19.11382792451231
142Eu,142,631,m,-70856.0,12.0,450.0,30.0,BD,1.223,m,0.008,8-,,11.0,,1966,B+=100,False,63,79,8.994985355807309e-08,2.00e+8,19.11382792451231
142Gd,142,640,,-66960.0,28.0,,,,70.2,s,0.6,0+,,11.0,,1986,B+=100;EC=52 5;e+=48 5,False,64,78,2.0989115604616064e-07,1.20e+6,13.997832114758229
142Tb,142,650,,-56560.0,700.0,,,,597,ms,17,1+,,11.0,,1991,B+=100;e+=96.8 4;EC=3.2 4;B+p=0.0022 11,False,65,77,5.247738889278727e-06,,
142Tb,142,651,m,-56280.0,700.0,279.7,0.4,,303,ms,17,5-,,11.0,,1986,IT=100,False,65,77,5.2477499048072295e-06,,
142Tb,142,652,n,-55910.0,700.0,652.1,0.6,,26,us,1,8+,,11.0,,1989,IT=100,False,65,77,5.247764461112254e-06,,
142Dy,142,660,,-50120.0,730.0,,,,2.3,s,0.3,0+,,11.0,,1986,B+=100;e+=90 4;EC=10 4;B+p=0.06 3,True,66,76,5.472959279417881e-06,,
142Ho,142,670,,-37250.0,400.0,,,,400,ms,100,"(7-,8+)",,11.0,,2001,B+~100;B+p=?;p~0,True,67,75,2.999200268218454e-06,,
142Er,142,680,,-27930.0,500.0,,,,10.0,us,,0+,,,,9999,p ?,True,68,74,3.7492986998637837e-06,,
143Te,143,520,,-40530.0,500.0,,,,120,ms,8,7/2+.0,,12.0,,2010,B-=100;B-n ?;B-2n ?,True,52,91,3.722145366512786e-06,,
143I,143,530,,-50790.0,200.0,,,,182,ms,8,7/2+.0,,12.0,,1994,B-=100;B-n ?;B-2n ?,True,53,90,1.4887587712413115e-06,,
143Xe,143,540,,-60203.0,5.0,,,,511,ms,6,5/2-*,,12.0,,1951,B-=100;B-n=1.00 15,False,54,89,3.7216719860351635e-08,6.60e+6,15.702580206996654
143Cs,143,550,,-67676.0,8.0,,,,1.802,s,0.008,3/2+*,,12.0,,1962,B-=100;B-n=1.62 6,False,55,88,5.954401290726696e-08,1.50e+9,21.128730945054574
143Ba,143,560,,-73937.0,7.0,,,,14.5,s,0.3,5/2-*,,12.0,,1962,B-=100,False,56,87,5.2099084963626155e-08,,
143La,143,570,,-78171.0,7.0,,,,14.2,m,0.1,(7/2)+,,12.0,,1951,B-=100,False,57,86,5.209794471754397e-08,,
143Ce,143,580,,-81606.4,2.4,,,,33.039,h,0.006,3/2-*,,12.0,,1948,B-=100,False,58,85,1.7861867712216006e-08,,
143Pr,143,590,,-83068.2,1.8,,,,13.57,d,0.02,7/2+*,,12.0,,1948,B-=100,False,59,84,1.3396383987626731e-08,,
143Nd,143,600,,-84002.3,1.3,,,,stbl,,>3.1Ey,7/2-*,,12.0,,1933,IS=12.173 26,False,60,83,9.675192080528174e-09,,
143Pm,143,610,,-82960.7,2.9,,,,265,d,7,5/2+,,12.0,,1952,EC=100;e+<5.7e-6,False,61,82,2.1583495865030936e-08,,
143Sm,143,620,,-79517.1,2.7,,,,8.75,m,0.06,3/2+*,,12.0,,1956,B+=100;e+=40.0 20;EC=60.0 20,False,62,81,2.0095687382696394e-08,1.30e+9,20.985630101413904
143Sm,143,621,m,-78763.1,2.7,753.99,0.16,,66,s,2,11/2-,,12.0,,1960,IT~100;B+=0.24 5,False,62,81,2.0095800158453407e-08,1.30e+9,20.985630101413904
143Sm,143,622,n,-76723.3,3.0,2793.8,1.3,,30,ms,3,23/2-,,12.0,,1969,IT=100,False,62,81,2.2329005841801552e-08,1.30e+9,20.985630101413904
143Eu,143,630,,-74241.0,11.0,,,,2.59,m,0.02,5/2+*,,12.0,,1965,B+=100,False,63,80,8.18753222834396e-08,4.00e+8,19.806975105072254
143Eu,143,631,m,-73851.0,11.0,389.51,0.04,,50.0,us,0.5,11/2-,,12.0,,1978,IT=100,False,63,80,8.187555995610005e-08,4.00e+8,19.806975105072254
143Gd,143,640,,-68230.0,200.0,,,,39,s,2,1/2+,,12.0,,1975,B+=100;B+p=?;B+A=?,False,64,79,1.488723161771378e-06,1.00e+6,13.815510557964274
143Gd,143,641,m,-68080.0,200.0,152.6,0.5,,110.0,s,1.4,11/2-,,12.0,,1973,B+=100;B+p=?;B+A=?,False,64,79,1.4887248239957232e-06,1.00e+6,13.815510557964274
143Tb,143,650,,-60420.0,50.0,,,*,12,s,1,(11/2-),,12.0,,1985,B+=100,False,65,78,3.7220601175817777e-07,,
143Tb,143,651,m,-60420.0,110.0,0.0,100.0,*,17,s,4,5/2+.0,,12.0,,1986,B+ ?,True,65,78,8.188532258679911e-07,,
143Dy,143,660,,-52169.0,13.0,,,,5.6,s,1.0,(1/2+),,12.0,,1983,B+=100;B+p=?,False,66,77,9.678043922581042e-08,,
143Dy,143,661,m,-51858.0,13.0,310.7,0.6,,3.0,s,0.3,(11/2-),,12.0,,2003,B+=100;B+p=?,False,66,77,9.678066330071481e-08,,
143Dy,143,662,n,-51763.0,13.0,406.3,0.8,,1.2,us,0.3,(7/2-),,12.0,,2005,IT=100,False,66,77,9.678073174823975e-08,,
143Ho,143,670,,-42050.0,300.0,,,,300.0,ms,>200ns,11/2-.0,,12.0,,2000,B+ ?;B+p ?,True,67,76,2.233584518516194e-06,,
143Er,143,680,,-31160.0,400.0,,,,200.0,ms,,9/2-.0,,12.0,,2005,B+ ?;B+p ?,True,68,75,2.978382855525028e-06,,
144Te,144,520,,-36220.0,300.0,,,,93,ms,60,0+,,18.0,,2015,B-=100;B-n ?;B-2n ?,True,52,92,2.2178458821140174e-06,,
144I,144,530,,-45330.0,400.0,,,,94,ms,8,1-.0,,1.0,,1994,B-=100;B-n ?;B-2n ?,True,53,91,2.9569569685141803e-06,,
144Xe,144,540,,-56872.0,5.0,,,,388,ms,7,0+,,1.0,,2003,B-=100;B-n=3.0 3,False,54,90,3.6959162000002236e-08,9.90e+5,13.805460222110773
144Cs,144,550,,-63271.0,20.0,,,,994,ms,6,1-*,,10.0,,1967,B-=100;B-n=2.98 6,False,55,89,1.4783106882006837e-07,,
144Cs,144,551,m,-63179.0,20.0,92.2,0.5,,1.1,us,0.1,(4-),,10.0,,2009,IT=100,False,55,89,1.478311693486513e-07,,
144Cs,144,552,n,,,,,EU,<1,s,,(>3-),,10.0,,1978,B-=?;IT ?;B-n ?,False,55,89,,,
144Ba,144,560,,-71767.0,7.0,,,,11.73,s,0.08,0+,,1.0,,1967,B-=100,False,56,88,5.173811960630425e-08,6.70e+6,15.717618084361195
144La,144,570,,-74850.0,13.0,,,,44.0,s,0.7,(3-),,1.0,,1967,B-=100,False,57,87,9.60838082991598e-08,,
144Ce,144,580,,-80431.9,2.8,,,,284.886,d,0.025,0+,,1.0,,1945,B-=100,False,58,86,2.069431814595118e-08,,
144Pr,144,590,,-80750.6,2.7,,,,17.28,m,0.05,0-,,1.0,,1951,B-=100,False,59,85,1.9955379100405794e-08,,
144Pr,144,591,m,-80691.6,2.7,59.03,0.03,,7.2,m,0.3,3-,,1.0,,1970,IT~100;B-~0.07,False,59,85,1.9955387802191867e-08,,
144Nd,144,600,,-83748.0,1.3,,,,2.29,Py,0.16,0+,,1.0,,1924,IS=23.798 19;A=100,False,60,84,9.60802448393372e-09,,
144Pm,144,610,,-81416.1,2.9,,,,363,d,14,5-,,1.0,,1952,EC=100;e+<8e-5,False,61,83,2.1433859671584746e-08,,
144Pm,144,611,m,-80575.2,2.9,840.9,0.05,,780,ns,200,(9)+,,1.0,,1993,IT=100,False,61,83,2.143399288556967e-08,,
144Pm,144,612,n,-72820.0,4.0,8595.8,2.2,,~2.7,us,,(27+),,1.0,,1994,IT=100,False,61,83,2.9565822799401725e-08,,
144Sm,144,620,,-81965.6,1.5,,,,stbl,,,0+,,1.0,,1933,IS=3.08 4;2B+ ?,False,62,82,1.1086540090443312e-08,,
144Sm,144,621,m,-79642.0,1.5,2323.6,0.08,,880,ns,25,6+,,1.0,,1972,IT=100,False,62,82,1.1086730491621266e-08,,
144Eu,144,630,,-75619.0,11.0,,,,10.2,s,0.1,1+,,1.0,,1965,B+=100,False,63,81,8.130588509146616e-08,5.60e+8,20.14344734169347
144Eu,144,631,m,-74491.0,11.0,1127.6,0.6,,1.0,us,0.1,8-,,1.0,,1976,IT=100,False,63,81,8.130656298891454e-08,5.60e+8,20.14344734169347
144Gd,144,640,,-71760.0,28.0,,,,4.47,m,0.06,0+,,1.0,,1968,B+=100,False,64,80,2.0696831678924043e-07,4.00e+7,17.50439001207821
144Gd,144,641,m,-68327.0,28.0,3433.1,0.5,,145,ns,30,(10+),,1.0,,1978,IT=100,False,64,80,2.0697356890788504e-07,4.00e+7,17.50439001207821
144Tb,144,650,,-62368.0,28.0,,,,~1,s,,1+,,1.0,,1982,B+=100,False,65,79,2.069846650683032e-07,,
144Tb,144,651,m,-61971.0,28.0,396.9,0.5,,4.25,s,0.15,6-,,1.0,,1982,IT=66;B+=34,False,65,79,2.0698527251768145e-07,,
144Tb,144,652,n,-61892.0,28.0,476.2,0.5,,2.8,us,0.3,(8-),,1.0,,1996,IT=100,False,65,79,2.0698539339594274e-07,,
144Tb,144,653,p,-61851.0,28.0,517.1,0.5,,670,ns,60,(9+),,1.0,,1996,IT=100,False,65,79,2.069854561302859e-07,,
144Tb,144,654,q,-61824.0,28.0,544.5,0.6,,<300,ns,,(10+),,1.0,,1996,IT=100,False,65,79,2.0698549744316682e-07,,
144Dy,144,660,,-56570.0,7.0,,,,9.1,s,0.4,0+,,1.0,,1986,B+=100;B+p=?,False,66,78,5.174887901179478e-08,,
144Ho,144,670,,-44610.0,8.0,,,,700,ms,100,(5-),,8.0,,1986,B+=100;B+p=?,False,67,77,5.914737114694449e-08,,
144Ho,144,671,m,-44345.0,8.0,265.3,0.3,,519,ns,5,(8+),,8.0,,2001,IT=100,False,67,77,5.914748703205293e-08,,
144Er,144,680,,-36610.0,200.0,,,,400.0,ms,>200ns,0+,,6.0,,2003,B+ ?,True,68,76,1.4787858853453579e-06,,
144Tm,144,690,,-22160.0,400.0,,,,2.3,us,0.9,(10+),,8.0,,2005,p=?;B+ ?,True,69,75,2.9579160871743563e-06,,
145Te,145,520,,-30010.0,300.0,,,,75.0,ms,>550ns,0+,,18.0,,2018,B- ?;B-n ?;B-2n ?,True,52,93,2.2026473330196926e-06,,
145I,145,530,,-41130.0,500.0,,,,89.7,ms,9.3,7/2+.0,,10.0,,2010,B-=100;B-n ?;B-2n ?,True,53,92,3.6708140430084783e-06,,
145Xe,145,540,,-51493.0,11.0,,,,188,ms,4,3/2-.0,,9.0,,2003,B-=100;B-n=5.0 6;B-2n ?,False,54,91,8.075253194786478e-08,2.60e+5,12.468436909997665
145Cs,145,550,,-60054.0,9.0,,,,582,ms,4,3/2+*,,9.0,,1971,B-=100;B-n=12.8 3,False,55,90,6.606672855634364e-08,2.10e+7,16.860032995687696
145Cs,145,551,m,-59291.0,9.0,762.9,0.4,,500,ns,100,13/2.0,,,,2015,IT=100,False,55,90,6.606709859753075e-08,2.10e+7,16.860032995687696
145Ba,145,560,,-67516.0,8.0,,,,4.31,s,0.16,5/2-*,,9.0,,1974,B-=100,False,56,89,5.872332179238509e-08,,
145La,145,570,,-72835.0,12.0,,,,24.8,s,2.0,(5/2+),,9.0,,1974,B-=100,False,57,88,8.808237984790841e-08,,
145Ce,145,580,,-77070.0,30.0,,,,3.01,m,0.06,5/2-.0,,9.0,,1954,B-=100,False,58,87,2.2020119494223293e-07,,
145Pr,145,590,,-79626.0,7.0,,,,5.984,h,0.010,7/2+,,9.0,,1954,B-=100,False,59,86,5.1379802630262556e-08,,
145Nd,145,600,,-81432.0,1.3,,,,stbl,,>60Py,7/2-*,,9.0,,1933,IS=8.293 12;A ?,False,60,85,9.541927439671442e-09,,
145Pm,145,610,,-81267.5,2.8,,,,17.7,y,0.4,5/2+,,9.0,,1951,EC=100;A=2.8e-7,False,61,84,2.0552063631684652e-08,,
145Sm,145,620,,-80651.4,1.5,,,,340,d,3,7/2-,,9.0,,1947,EC=100,False,62,83,1.1010188399241797e-08,2.10e+8,19.162618088681743
145Sm,145,621,m,-71836.4,1.8,8815.0,1.0,,3.52,us,0.16,49/2+,,9.0,,1993,IT=100,False,62,83,1.3213081007807822e-08,2.10e+8,19.162618088681743
145Eu,145,630,,-77992.0,3.0,,,,5.93,d,0.04,5/2+*,,9.0,,1951,B+=100,False,63,82,2.2021015706367526e-08,7.00e+8,20.36659089300768
145Eu,145,631,m,-77276.0,3.0,716.0,0.3,,490,ns,30,11/2-,,9.0,,1975,IT=100,False,63,82,2.2021131442440812e-08,7.00e+8,20.36659089300768
145Gd,145,640,,-72927.0,20.0,,,,23.0,m,0.4,1/2+*,,9.0,,1959,B+=100,False,64,81,1.468136235070631e-07,9.50e+6,16.06680235657077
145Gd,145,641,m,-72178.0,20.0,749.1,0.2,,85,s,3,11/2-,,9.0,,1969,IT=94.3 5;B+=5.7 5,False,64,81,1.4681443071779108e-07,9.50e+6,16.06680235657077
145Tb,145,650,,-66400.0,110.0,,,*&,30.9,s,0.6,(11/2-),,9.0,,1981,B+=100,False,65,80,8.075212863133024e-07,1.70e+7,16.64872390202049
145Tb,145,651,m,-65540.0,200.0,860.0,230.0,BD*&,,,,(3/2+),,9.0,,1993,B+ ?,False,65,80,1.4682297900155992e-06,1.70e+7,16.64872390202049
145Dy,145,660,,-58243.0,7.0,,,,9.5,s,1.0,(1/2+),,9.0,,1982,B+=100;B+p=?,False,66,79,5.1391283534402716e-08,,
145Dy,145,661,m,-58125.0,7.0,118.2,0.2,,14.1,s,0.7,(11/2-),,9.0,,1982,B+=100;B+p~50,False,66,79,5.139132805523482e-08,,
145Ho,145,670,,-49120.0,7.0,,,*,2.4,s,0.1,(11/2-),,9.0,,1987,B+=100,False,67,78,5.139521386362989e-08,,
145Ho,145,671,m,-49020.0,100.0,100.0,100.0,*,100.0,ms,,5/2+.0,,,,9999,B+ ?;IT ?,True,67,78,7.34217879984498e-07,,
145Er,145,680,,-39240.0,200.0,,,,900,ms,200,(1/2+),,9.0,,1989,B+=100;B+p=?,True,68,77,1.4685551570073756e-06,,
145Er,145,681,m,-39040.0,200.0,205.0,4.0,p,1.0,s,0.3,(11/2-),,,,2010,B+=100;IT ?;B+p=?,True,68,77,1.468557313664792e-06,,
145Tm,145,690,,-27580.0,200.0,,,,3.17,us,0.20,(11/2-),,9.0,,1998,p=100,True,69,76,1.4686948495903903e-06,,
146I,146,530,,-35540.0,300.0,,,,94,ms,26,,,,,2018,B-=100;B-n ?;B-2n ?,True,53,93,2.1874890318710234e-06,,
146Xe,146,540,,-47955.0,24.0,,,,146,ms,6,0+,,16.0,,1989,B-=100;B-n=6.9 15,False,54,92,1.7498493213145776e-07,1.80e+3,7.495541943884256
146Cs,146,550,,-55310.4,2.9,,,,321.6,ms,0.9,1-*,,16.0,,1971,B-=100;B-n=14.2 4;B-2n ?,False,55,91,2.1143078134490758e-08,3.80e+6,15.150511624696614
146Cs,146,551,m,-55263.7,2.9,46.7,0.1,,1.25,us,0.05,4-.0,,16.0,,2015,IT=100,False,55,91,2.1143085333213715e-08,3.80e+6,15.150511624696614
146Ba,146,560,,-64866.3,1.8,,,,2.15,s,0.04,0+,,16.0,,1970,B-=100,False,56,90,1.3122499376705769e-08,1.90e+5,12.154779351142624
146La,146,570,,-69221.2,1.7,,,*&,9.9,s,0.1,(5-),,16.0,,1970,B-=100,False,57,89,1.239319502143974e-08,,
146La,146,571,m,-69079.7,1.7,141.5,2.4,MD*&,6.08,s,0.22,"(1-,2-)",,16.0,,1969,B-=100,False,57,89,1.2393207805668529e-08,,
146Ce,146,580,,-75626.0,15.0,,,,13.49,m,0.16,0+,,16.0,,1953,B-=100,False,58,88,1.0934764613579017e-07,,
146Pr,146,590,,-76670.0,30.0,,,,24.09,m,0.10,(2-),,16.0,,1953,B-=100,False,59,87,2.1869568977150543e-07,,
146Nd,146,600,,-80925.9,1.3,,,,stbl,,>1.6Ey,0+,,16.0,,1924,IS=17.189 32;2B- ?;A ?,False,60,86,9.476608560031351e-09,,
146Pm,146,610,,-79454.0,4.0,,,,5.53,y,0.05,3-,,16.0,,1960,EC=66.0 13;B-=34.0 13,False,61,85,2.9159383355757788e-08,,
146Sm,146,620,,-80996.0,3.0,,,,68,My,7,0+,,16.0,,1953,A=100,False,62,84,2.1869497872913174e-08,,
146Eu,146,630,,-77118.0,6.0,,,,4.61,d,0.03,4-*,,16.0,,1957,B+=100,False,63,83,4.37406446870949e-08,5.30e+8,20.08838756451044
146Eu,146,631,m,-76452.0,6.0,666.33,0.11,,235,us,3,9+,,16.0,,1962,IT=100,False,63,83,4.374085705820975e-08,5.30e+8,20.08838756451044
146Gd,146,640,,-76086.0,4.0,,,,48.27,d,0.09,0+,,16.0,,1957,EC=100,False,64,82,2.9160924125129876e-08,4.00e+8,19.806975105072254
146Tb,146,650,,-67760.0,40.0,,,*,8,s,4,1+,,16.0,,1974,B+=100,False,65,81,2.9162969241202014e-07,8.40e+7,18.246327356807587
146Tb,146,651,m,-67610.0,110.0,150.0,100.0,*,24.1,s,0.5,5-,,16.0,,1974,B+=100,True,65,81,8.019825311902513e-07,8.40e+7,18.246327356807587
146Tb,146,652,n,-66830.0,110.0,930.0,100.0,,1.18,ms,0.02,10+,,16.0,,1989,IT=100,True,65,81,8.019870919185931e-07,8.40e+7,18.246327356807587
146Dy,146,660,,-62555.0,7.0,,,,33.2,s,0.7,0+,,16.0,,1981,B+=100,False,66,80,5.103761421517814e-08,5.00e+6,15.424948470398375
146Dy,146,661,m,-59621.0,7.0,2934.5,0.4,,150,ms,20,10+,,16.0,,1982,IT=100,False,66,80,5.103870603780333e-08,5.00e+6,15.424948470398375
146Ho,146,670,,-51238.0,7.0,,,,3.32,s,0.22,(6-),,16.0,,1982,B+=100;B+p=?,False,67,79,5.104230720005698e-08,,
146Er,146,680,,-44322.0,7.0,,,,1.7,s,0.6,0+,,16.0,,1993,B+=100;B+p=?,False,68,78,5.104536279927752e-08,,
146Tm,146,690,,-31060.0,200.0,,,,155,ms,20,(1+),,,,1993,p~100;B+ ?;B+p ?,True,69,77,1.458593752725916e-06,,
146Tm,146,691,m,-30750.0,200.0,304.0,6.0,p,73,ms,7,(5-),,16.0,,1993,p=100;B+ ?;B+p ?,True,69,77,1.4585970503517613e-06,,
146Tm,146,692,n,-30620.0,200.0,437.0,7.0,p,200,ms,3,(10+),,16.0,,1993,p=?;B+ ?;B+p ?,True,69,77,1.4585984332315534e-06,,
147I,147,530,,-31200.0,300.0,,,,60.0,ms,>550ns,3/2-.0,,,,2018,B- ?;B-n ?;B-2n ?,True,53,94,2.1726728849229367e-06,,
147Xe,147,540,,-42400.0,200.0,,,,88,ms,14,3/2-.0,,9.0,,1994,B-=100;B-n<8;B-2n ?,True,54,93,1.448344676296183e-06,1.30e+1,2.5649493574615367
147Cs,147,550,,-51920.0,8.0,,,,230.5,ms,0.9,(3/2+),,9.0,,1978,B-=100;B-n=28.5 15,False,55,92,5.7930335837526095e-08,1.10e+6,13.9108207377686
147Cs,147,551,m,-51219.0,8.0,701.4,0.4,,190,ns,20,13/2.0,,,,2015,IT=100,False,55,92,5.7930629901842684e-08,1.10e+6,13.9108207377686
147Ba,147,560,,-60264.0,20.0,,,,893,ms,1,5/2-,,9.0,,1978,B-=100;B-n=0.07 5,False,56,91,1.448184457514988e-07,,
147La,147,570,,-66678.0,11.0,,,,4.026,s,0.020,(5/2+),,9.0,,1979,B-=100;B-n=0.041 3,False,57,90,7.964719197635067e-08,,
147Ce,147,580,,-72014.0,9.0,,,,56.4,s,1.0,(5/2-),,9.0,,1964,B-=100,False,58,89,6.516397689323111e-08,,
147Pr,147,590,,-75444.0,16.0,,,,13.39,m,0.04,3/2+,,9.0,,1964,B-=100,False,59,88,1.1584527785755555e-07,,
147Nd,147,600,,-78146.8,1.3,,,,10.98,d,0.01,5/2-*,,9.0,,1947,B-=100,False,60,87,9.412332772970205e-09,5.40e+6,15.501909511534503
147Pm,147,610,,-79042.0,1.3,,,,2.6234,y,0.0002,7/2+*,,9.0,,1947,B-=100,False,61,86,9.412359904852504e-09,,
147Sm,147,620,,-79266.0,1.3,,,,106.6,Gy,0.5,7/2-*,,9.0,,1933,IS=15.00 14;A=100,False,62,85,9.412432778376246e-09,,
147Eu,147,630,,-77544.6,2.6,,,,24.1,d,0.6,5/2+*,,9.0,,1951,B+~100;A=0.0022 6,False,63,84,1.8825276468597916e-08,3.40e+8,19.644456175574483
147Eu,147,631,m,-76919.3,2.6,625.27,0.05,,765,ns,15,11/2-,,9.0,,1970,IT=100,False,63,84,1.8825361700027505e-08,3.40e+8,19.644456175574483
147Gd,147,640,,-75356.9,1.9,,,,38.06,h,0.12,7/2-*,,9.0,,1957,B+=100,False,64,83,1.3757279547722248e-08,,
147Gd,147,641,m,-66769.1,2.0,8587.8,0.5,,510,ns,20,49/2+,,9.0,,1982,IT=100,False,64,83,1.4482247419561526e-08,,
147Tb,147,650,,-70743.0,8.0,,,,1.64,h,0.03,(1/2+),,9.0,,1969,B+=100,False,65,82,5.7927865279734405e-08,3.00e+8,19.519293032620475
147Tb,147,651,m,-70692.0,8.0,50.6,0.9,,1.87,m,0.05,(11/2-),,9.0,,1987,B+=100,False,65,82,5.792788667193185e-08,3.00e+8,19.519293032620475
147Dy,147,660,,-64196.0,9.0,,,,67,s,7,(1/2+),,9.0,,1975,B+=100;B+p~0.05,False,66,81,6.517254839701773e-08,,
147Dy,147,661,m,-63446.0,9.0,750.5,0.4,,55.2,s,0.5,(11/2-),,9.0,,1976,B+=68.9 23;IT=31.1 23,False,66,81,6.51729023540288e-08,,
147Dy,147,662,n,-60789.0,9.0,3407.2,0.8,,400,ns,10,(27/2-),,9.0,,1985,IT=100,False,66,81,6.51741563366709e-08,,
147Ho,147,670,,-55757.0,5.0,,,,5.8,s,0.4,(11/2-),,9.0,,1982,B+=100,False,67,80,3.6209523221569944e-08,,
147Ho,147,671,m,-53070.0,5.0,2687.1,0.4,,315,ns,30,(27/2-),,9.0,,1982,IT=100,False,67,80,3.6210227836313e-08,,
147Er,147,680,,-46610.0,40.0,,,*,3.2,s,1.2,(1/2+),,9.0,,1992,B+=100;B+p=?,False,68,79,2.8969808923423093e-07,,
147Er,147,681,m,-46510.0,60.0,100.0,50.0,*,1.6,s,0.2,(11/2-),,9.0,,1982,B+=100;B+p=?,True,68,79,4.345474485702602e-07,,
147Tm,147,690,,-35974.0,7.0,,,,580,ms,30,11/2-,,9.0,,1982,B+=85 5;p=15 5,False,69,78,5.070154610889254e-08,,
147Tm,147,691,m,-35913.0,7.0,62.0,5.0,p,360,us,40,3/2+,,9.0,,1984,p=100,False,69,78,5.0701568510252926e-08,,
148Xe,148,540,,-38650.0,300.0,,,,85,ms,15,0+,,14.0,,2010,B-=100;B-n ?;B-2n ?,True,54,94,2.15789315292191e-06,,
148Cs,148,550,,-46911.0,13.0,,,,151.8,ms,1.0,(2-),,14.0,,1978,B-=100;B-n=28.7 21;B-2n ?,False,55,93,9.350401703330823e-08,2.50e+5,12.429216196844383
148Cs,148,551,m,-46866.0,13.0,45.2,0.1,,4.8,us,0.2,4-.0,,,,2015,IT=100,False,55,93,9.350404729755296e-08,2.50e+5,12.429216196844383
148Ba,148,560,,-57544.9,1.5,,,,620,ms,5,0+,,14.0,,1979,B-=100;B-n=0.4 3,False,56,92,1.0788200257322688e-08,,
148La,148,570,,-62709.0,19.0,,,,1.414,s,0.025,(2-),,14.0,,1969,B-=100;B-n=0.18 7,False,57,91,1.366467324737604e-07,,
148Ce,148,580,,-70398.0,11.0,,,,56.8,s,0.3,0+,,14.0,,1964,B-=100,False,58,90,7.910762743847177e-08,,
148Pr,148,590,,-72535.0,15.0,,,,2.29,m,0.02,1-,,14.0,,1964,B-=100,False,59,89,1.0787338291351568e-07,,
148Pr,148,591,m,-72458.0,15.0,76.8,0.2,,2.01,m,0.07,(4),,14.0,,1964,B-=64 10;IT=36 10,False,59,89,1.0787344264843803e-07,,
148Nd,148,600,,-77408.1,2.1,,,,stbl,,>3.0Ey,0+,,14.0,,1937,IS=5.756 21;2B- ?;A ?,False,60,88,1.5101884823312757e-08,,
148Pm,148,610,,-76866.0,6.0,,,,5.368,d,0.007,1-*,,14.0,,1947,B-=100,False,61,87,4.3148811885574e-08,,
148Pm,148,611,m,-76728.0,6.0,137.9,0.3,,41.29,d,0.11,"5-,6-",,14.0,,1951,B-=95.8 6;IT=4.2 6,False,61,87,4.314885470747574e-08,,
148Sm,148,620,,-79336.1,1.2,,,,6.3,Py,1.3,0+,,14.0,,1933,IS=11.25 9;A=100,False,62,86,8.629689346749871e-09,,
148Eu,148,630,,-76297.0,10.0,,,,54.5,d,0.5,5-*,,14.0,,1951,B+=100;A=9.4e-7 28,False,63,85,7.191631853510141e-08,,
148Eu,148,631,m,-75577.0,10.0,720.4,0.3,,162,ns,8,9+,,14.0,,1980,IT=100,False,63,85,7.191669091792436e-08,,
148Gd,148,640,,-76269.4,1.5,,,,71.3,y,1.0,0+,,14.0,,1953,A=100;2B+ ?,False,64,84,1.0787550258316663e-08,6.00e+8,20.21244021318042
148Tb,148,650,,-70537.0,12.0,,,,60,m,1,2-,,14.0,,1960,B+=100,False,65,83,8.630476278388409e-08,3.00e+8,19.519293032620475
148Tb,148,651,m,-70447.0,12.0,90.1,0.3,,2.20,m,0.05,(9)+,,14.0,,1973,B+=100,False,65,83,8.630481864776084e-08,3.00e+8,19.519293032620475
148Tb,148,652,n,-61918.0,12.0,8618.6,1.0,,1.310,us,0.007,(27+),,14.0,,1980,IT=100,False,65,83,8.631011300933685e-08,3.00e+8,19.519293032620475
148Dy,148,660,,-67859.0,9.0,,,,3.3,m,0.2,0+,,14.0,,1974,B+=100,False,66,82,6.47304209230355e-08,2.90e+8,19.485391480944795
148Dy,148,661,m,-64940.0,9.0,2919.1,1.0,,471,ns,20,10+,,14.0,,1978,IT=100,False,66,82,6.473177991711762e-08,2.90e+8,19.485391480944795
148Ho,148,670,,-57990.0,80.0,,,,2.2,s,1.1,(1+),,14.0,,1979,B+=100,False,67,81,5.754277160897072e-07,,
148Ho,148,671,m,-57740.0,130.0,250.0,100.0,,9.49,s,0.12,(5-),,14.0,,1979,B+=100;B+p=0.08 1,True,67,81,9.350717201026e-07,,
148Ho,148,672,n,-57050.0,130.0,940.0,100.0,,2.36,ms,0.06,(10)+,,14.0,,1984,"IT=100[gs=0,m=100]",True,67,81,9.350763609548175e-07,,
148Er,148,680,,-51479.0,10.0,,,,4.6,s,0.2,0+,,14.0,,1982,B+=100;B+p~0.15,False,68,80,7.193250246844585e-08,,
148Er,148,681,m,-48566.0,10.0,2913.2,0.4,,13,us,3,(10+),,14.0,,1982,IT=100,False,68,80,7.193400976922442e-08,,
148Tm,148,690,,-38765.0,10.0,,,,700,ms,200,(10+),,14.0,,1982,B+=100;B+p ?,False,69,79,7.193975099164222e-08,,
148Yb,148,700,,-30230.0,400.0,,,,250.0,ms,,0+,,,,9999,B+ ?;B+p ?,True,70,78,2.877793513417946e-06,,
149Xe,149,540,,-33000.0,300.0,,,,50.0,ms,>550ns,3/2-.0,,,,2018,B- ?;B-n ?;B-2n ?,True,54,95,2.1434939487274496e-06,,
149Cs,149,550,,-43300.0,400.0,,,,112.3,ms,2.5,3/2+.0,,17.0,,1979,B-=100;B-n=25 4;B-2n ?,True,55,94,2.857808024663963e-06,7.10e+4,11.170435156023453
149Ba,149,560,,-52830.6,2.5,,,,349,ms,4,3/2-.0,,4.0,,1993,B-=100;B-n=3.9 12,False,56,93,1.786024905484758e-08,,
149La,149,570,,-60220.0,200.0,,,,1.071,s,0.022,(3/2-),,7.0,,1979,B-=100;B-n=1.43 28,False,57,92,1.4287577006833104e-06,,
149Ce,149,580,,-66670.0,10.0,,,,4.94,s,0.04,3/2-.0,,4.0,,1974,B-=100,False,58,91,7.143525349208196e-08,,
149Pr,149,590,,-71039.0,10.0,,,,2.26,m,0.07,(5/2+),,4.0,,1964,B-=100,False,59,90,7.143368401477048e-08,,
149Nd,149,600,,-74375.5,2.1,,,,1.728,h,0.001,5/2-*,,4.0,,1938,B-=100,False,60,89,1.5000854704139935e-08,,
149Pm,149,610,,-76064.4,2.2,,,,53.08,h,0.05,7/2+*,,4.0,,1947,B-=100,False,61,88,1.5715136713238828e-08,4.30e+5,12.971540487669746
149Pm,149,611,m,-75824.2,2.2,240.214,0.007,,35,us,3,11/2-,,4.0,,1966,IT=100,False,61,88,1.5715163677429804e-08,4.30e+5,12.971540487669746
149Sm,149,620,,-77135.9,1.2,,,,stbl,,>2Py,7/2-*,,4.0,,1933,IS=13.82 10;A ?,False,62,87,8.571906335741356e-09,,
149Eu,149,630,,-76441.0,4.0,,,,93.1,d,0.4,5/2+*,,4.0,,1959,EC=100,False,63,86,2.8573426931842406e-08,5.30e+8,20.08838756451044
149Eu,149,631,m,-75945.0,4.0,496.386,0.002,,2.45,us,0.05,11/2-,,4.0,,1961,IT=100,False,63,86,2.857352817085121e-08,5.30e+8,20.08838756451044
149Gd,149,640,,-75127.0,3.0,,,,9.28,d,0.10,7/2-*,,4.0,,1951,B+=100;A=4.3e-4 10,False,64,85,2.143046934362715e-08,,
149Tb,149,650,,-71489.0,4.0,,,,4.118,h,0.025,1/2+,,4.0,,1950,B+=83.3 17;A=16.7 17,False,65,84,2.8574965732934408e-08,2.00e+8,19.11382792451231
149Tb,149,651,m,-71453.0,4.0,35.78,0.13,,4.16,m,0.04,11/2-,,4.0,,1962,B+~100;A=0.022 3,False,65,84,2.85749730816943e-08,2.00e+8,19.11382792451231
149Dy,149,660,,-67694.0,9.0,,,,4.20,m,0.14,7/2-,,4.0,,1958,B+=100,False,66,83,6.429601004175293e-08,1.10e+9,20.818576016750736
149Dy,149,661,m,-65033.0,9.0,2661.1,0.4,,490,ms,15,27/2-,,4.0,,1976,IT=99.3 3;B+=0.7 3,False,66,83,6.429723234416139e-08,1.10e+9,20.818576016750736
149Ho,149,670,,-61646.0,12.0,,,,21.1,s,0.2,(11/2-),,4.0,,1979,B+=100,False,67,82,8.573250975792561e-08,5.30e+5,13.180632285528304
149Ho,149,671,m,-61597.0,12.0,48.8,0.2,,56,s,3,(1/2+),,4.0,,1988,B+=100,False,67,82,8.57325397706943e-08,5.30e+5,13.180632285528304
149Er,149,680,,-53742.0,28.0,,,,4,s,2,(1/2+),,4.0,,1984,B+=100;B+p=7 2,False,68,81,2.0005566826618192e-07,,
149Er,149,681,m,-53000.0,28.0,741.8,0.2,,8.9,s,0.2,(11/2-),,4.0,,1984,B+=96.5 7;IT=3.5 7;B+p=0.18 7,False,68,81,2.000567288619704e-07,,
149Er,149,682,n,-51131.0,28.0,2611.1,0.3,,610,ns,80,(19/2+),,4.0,,1987,IT=100,False,68,81,2.0005940041252114e-07,,
149Er,149,683,p,-50440.0,30.0,3302.0,17.0,,4.8,us,0.1,(27/2-),,4.0,,1987,IT=100,False,68,81,2.1435041587147383e-07,,
149Tm,149,690,,-43940.0,200.0,,,,900,ms,200,11/2-,,4.0,,1987,B+=100;B+p=0.26 15,True,69,80,1.429082348737365e-06,,
149Tm,149,691,m,-43840.0,210.0,100.0,50.0,,500.0,ms,,1/2+.0,,,,9999,B+ ?;B+p ?,True,69,80,1.500537538370088e-06,,
149Yb,149,700,,-33330.0,300.0,,,,700,ms,200,(1/2+),,4.0,,2001,B+=100;B+p~100,True,70,79,2.1438058628218917e-06,,
150Xe,150,540,,-28990.0,300.0,,,,40.0,ms,>550ns,0+,,,,2018,B- ?;B-n ?;B-2n ?,True,54,96,2.129260852163011e-06,,
150Cs,150,550,,-38170.0,400.0,,,,81.0,ms,2.6,(2-),,17.0,,1979,B-=100;B-n~44;B-2n ?,True,55,95,2.838855562030456e-06,1.20e+4,9.392661928770137
150Ba,150,560,,-49890.0,6.0,,,,258,ms,5,0+,,17.0,,1994,B-=100;B-n=1.0 5,False,56,94,4.257968255487323e-08,,
150La,150,570,,-56311.1,2.5,,,,504,ms,15,(3+),,13.0,,1993,B-=100;B-n=2.7 3,False,57,93,1.7740888810709697e-08,,
150Ce,150,580,,-64847.0,12.0,,,,6.05,s,0.07,0+,,13.0,,1970,B-=100,False,58,92,8.515188983893648e-08,,
150Pr,150,590,,-68301.0,9.0,,,,6.19,s,0.16,1-,,13.0,,1970,B-=100,False,59,91,6.386293822766883e-08,,
150Nd,150,600,,-73680.0,1.1,,,,9.3,Ey,0.7,0+,,13.0,,1937,IS=5.638 28;2B-=100,False,60,90,7.80524394275544e-09,,
150Pm,150,610,,-73597.0,20.0,,,,2.698,h,0.015,(1-),,13.0,,1952,B-=100,False,61,89,1.4191491217421576e-07,1.00e+5,11.512925464970229
150Sm,150,620,,-77051.3,1.1,,,,stbl,,,0+,,13.0,,1934,IS=7.37 9,False,62,88,7.80520048716147e-09,,
150Eu,150,630,,-74792.0,6.0,,,,36.9,y,0.9,5-,,13.0,,1950,B+=100,False,63,87,4.2574894075036235e-08,3.50e+7,17.37085861945369
150Eu,150,631,m,-74750.0,6.0,41.7,1.0,,12.8,h,0.1,0-*,,13.0,,1953,B-=89 2;B+=11 2;IT ?,False,63,87,4.2574906763391255e-08,3.50e+7,17.37085861945369
150Gd,150,640,,-75764.0,6.0,,,,1.79,My,0.08,0+,,13.0,,1953,A=100;2B+ ?,False,64,86,4.257499115092063e-08,4.00e+8,19.806975105072254
150Tb,150,650,,-71106.0,7.0,,,,3.48,h,0.16,(2)-,,13.0,,1959,B+~100;A ?,False,65,85,4.9672920679648965e-08,3.00e+8,19.519293032620475
150Tb,150,651,m,-70645.0,26.0,461.0,27.0,MD,5.8,m,0.2,9+,,13.0,,1993,B+~100;IT ?,False,65,85,1.8450002322526243e-07,3.00e+8,19.519293032620475
150Dy,150,660,,-69310.0,4.0,,,,7.17,m,0.05,0+,,13.0,,1959,B+=66.4 18;A=33.6 18,False,66,84,2.8385148370643142e-08,2.40e+9,21.598734574300313
150Ho,150,670,,-61946.0,14.0,,,*,76.8,s,1.8,(2)-,,13.0,,1963,B+=100,False,67,83,9.935412310944686e-08,1.00e+6,13.815510557964274
150Ho,150,671,m,-61950.0,50.0,0.0,50.0,BD*,23.3,s,0.3,(9)+,,13.0,,1980,B+=100,False,67,83,3.5483614388961483e-07,1.00e+6,13.815510557964274
150Ho,150,672,n,-54050.0,50.0,7900.0,50.0,,787,ns,36,(28-),,13.0,,2006,IT=100,False,67,83,3.548560385778565e-07,1.00e+6,13.815510557964274
150Er,150,680,,-57831.0,17.0,,,,18.5,s,0.7,0+,,13.0,,1982,B+=100,False,68,82,1.2064892302623332e-07,7.00e+6,15.761420707019587
150Er,150,681,m,-55035.0,17.0,2796.5,0.5,,2.55,us,0.10,10+,,13.0,,1984,IT=100,False,68,82,1.2065131713436984e-07,7.00e+6,15.761420707019587
150Tm,150,690,,-46490.0,200.0,,,*&,3.0,s,,(1+),,,,1982,B+=100,True,69,81,1.4195263773938885e-06,,
150Tm,150,691,m,-46350.0,240.0,140.0,140.0,*&,2.20,s,0.06,(6-),,13.0,,1981,B+=100;B+p=1.1 3,True,69,81,1.7034333455206625e-06,,
150Tm,150,692,n,-45680.0,240.0,811.0,140.0,,5.2,ms,0.3,10+.0,,13.0,,1984,"IT=100[gs=0,m=100]",True,69,81,1.7034414460969299e-06,,
150Yb,150,700,,-38830.0,300.0,,,,700.0,ms,>200ns,0+,,13.0,,2000,B+ ?,True,70,80,2.1294248856277262e-06,,
150Lu,150,710,,-24770.0,300.0,,,,45,ms,3,(5-),,13.0,,1993,p~100;B+ ?,True,71,79,2.129656973997851e-06,,
150Lu,150,711,m,-24750.0,300.0,22.0,5.0,p,40,us,7,(8+),,13.0,,1998,p=100,True,71,79,2.1296572763604825e-06,,
151Cs,151,550,,-34280.0,500.0,,,,59,ms,19,3/2+.0,,17.0,,1979,B-=100;B-n ?;B-2n ?,True,55,96,3.5251602086893224e-06,1.70e+3,7.438383530044307
151Ba,151,560,,-44940.0,400.0,,,,167,ms,5,3/2-.0,,17.0,,1994,B-=100;B-n ?,True,56,95,2.8199419436025306e-06,,
151La,151,570,,-53310.0,440.0,,,,465,ms,24,1/2+.0,,17.0,,1994,B-=100;B-n ?,False,57,94,3.101781391702861e-06,,
151Ce,151,580,,-61225.0,18.0,,,,1.76,s,0.06,(3/2-),,9.0,,1997,B-=100,False,58,93,1.2688513400287692e-07,,
151Pr,151,590,,-66780.0,12.0,,,,18.90,s,0.07,(3/2-),,9.0,,1990,B-=100,False,59,92,8.458754822065112e-08,,
151Pr,151,591,m,-66745.0,12.0,35.1,0.1,,50,us,8,(7/2+),,9.0,,2006,IT=100,False,59,92,8.458756908956177e-08,,
151Nd,151,600,,-70943.2,1.1,,,,12.44,m,0.07,3/2+,,9.0,,1938,B-=100,False,60,91,7.753701732694137e-09,,
151Pm,151,610,,-73386.0,5.0,,,,28.40,h,0.04,5/2+*,,9.0,,1952,B-=100,False,61,90,3.524381322584607e-08,2.10e+6,14.557447902693651
151Sm,151,620,,-74576.5,1.1,,,,94.6,y,0.6,5/2-*,,9.0,,1947,B-=100,False,62,89,7.753644529844798e-09,,
151Sm,151,621,m,-74315.4,1.1,261.13,0.04,,1.4,us,0.1,(11/2)-,,9.0,,1973,IT=100,False,62,89,7.753658799936345e-09,,
151Eu,151,630,,-74653.1,1.2,,,,4.6,Ey,1.2,5/2+*,,9.0,,1933,IS=47.81 6;A=100,False,63,88,8.458593850109398e-09,,
151Eu,151,631,m,-74456.9,1.2,196.245,0.01,,58.9,us,0.5,11/2-,,9.0,,1958,IT=100,False,63,88,8.458605548192499e-09,,
151Gd,151,640,,-74188.9,3.0,,,,123.9,d,1.0,7/2-*,,9.0,,1950,EC=100;A~1.1e-6 6,False,64,87,2.1146746602667395e-08,,
151Tb,151,650,,-71624.0,4.0,,,,17.609,h,0.001,1/2+*,,9.0,,1953,B+=99.9905 15;A=0.0095 15,False,65,86,2.8196428976954335e-08,,
151Tb,151,651,m,-71524.0,4.0,99.53,0.05,,25,s,3,11/2-,,9.0,,1978,IT=93.4 20;B+=6.6 20,False,65,86,2.8196448852933525e-08,,
151Dy,151,660,,-68752.0,3.0,,,,17.9,m,0.3,7/2-*,,9.0,,1959,B+=94.4 6;A=5.6 4,False,66,85,2.1147942675954824e-08,7.30e+9,22.711140185100756
151Ho,151,670,,-63623.0,8.0,,,,35.2,s,0.1,11/2-*,,9.0,,1963,B+=88 3;A=22 3,False,67,84,5.639706706915549e-08,1.00e+8,18.420680743952367
151Ho,151,671,m,-63582.0,8.0,41.0,0.2,,47.2,s,1.3,1/2+*,,9.0,,1963,A=77 18;B+=23 18,False,67,84,5.639708336988472e-08,1.00e+8,18.420680743952367
151Er,151,680,,-58266.0,16.0,,,,23.5,s,2.0,(7/2-),,9.0,,1970,B+=100,False,68,83,1.1279942244651985e-07,5.60e+7,17.840862248699423
151Er,151,681,m,-55680.0,16.0,2586.0,0.5,,580,ms,20,(27/2-),,9.0,,1980,IT=95.3 3;B+=4.7 3,False,68,83,1.128014789535934e-07,5.60e+7,17.840862248699423
151Er,151,682,n,-47979.0,16.0,10286.6,1.0,,420,ns,50,"(65/2-,6",1/2+),9.0,,1990,IT=100,False,68,83,1.1280760358994874e-07,5.60e+7,17.840862248699423
151Tm,151,690,,-50772.0,19.0,,,,4.17,s,0.11,(11/2-),,9.0,,1982,B+=100,False,69,82,1.3395761287972036e-07,,
151Tm,151,691,m,-50679.0,20.0,93.0,6.0,AD,6.6,s,2.0,(1/2+),,9.0,,1987,B+=100,False,69,82,1.4100810601481948e-07,,
151Tm,151,692,n,-48116.0,19.0,2655.67,0.22,,451,ns,34,(27/2-),,9.0,,1982,IT=100,False,69,82,1.3396012139876194e-07,,
151Yb,151,700,,-41540.0,300.0,,,,1.6,s,0.5,(1/2+),,9.0,,1985,B+=100;B+p=?,False,70,81,2.115277173451449e-06,,
151Yb,151,701,m,-40800.0,320.0,740.0,100.0,,1.6,s,0.5,(11/2-),,9.0,,1986,B+~100;B+p=?;IT ?,True,70,81,2.2563074243800037e-06,,
151Yb,151,702,n,-38910.0,330.0,2630.0,141.0,,2.6,us,0.7,19/2-.0,,9.0,,1993,IT=100,True,70,81,2.3268480397035004e-06,,
151Yb,151,703,p,-38250.0,330.0,3287.0,141.0,,20,us,1,27/2-.0,,9.0,,1987,IT=100,True,70,81,2.326858868197493e-06,,
151Lu,151,710,,-30300.0,300.0,,,,78.4,ms,0.9,11/2-,,9.0,,1982,p=?;B+=?,True,71,80,2.115464120343025e-06,,
151Lu,151,711,m,-30240.0,300.0,57.0,4.0,p,16.0,us,0.5,3/2+,,9.0,,1998,p=100,True,71,80,2.1154650153810926e-06,,
152Cs,152,550,,-29130.0,500.0,,,,17.0,ms,,,,18.0,,1987,B- ?;B-n ?,True,55,97,3.5020887000717708e-06,,
152Ba,152,560,,-41610.0,400.0,,,,139,ms,8,0+,,17.0,,2010,B-=100;B-n ?,True,56,96,2.801451456797767e-06,,
152La,152,570,,-49290.0,300.0,,,,287,ms,16,2-.0,,17.0,,1994,B-=100;B-n ?,True,57,95,2.100994615427666e-06,,
152Ce,152,580,,-58980.0,200.0,,,,1.42,s,0.02,0+,,13.0,,1990,B-=100,True,58,94,1.4005807164866985e-06,,
152Pr,152,590,,-63758.0,19.0,,,,3.57,s,0.11,4+,,13.0,,1983,B-=100,False,59,93,1.3305192122794403e-07,,
152Pr,152,591,m,-63643.0,19.0,115.1,0.3,,4.16,us,0.10,(1+),,13.0,,1990,IT=100,False,59,93,1.330520283766398e-07,,
152Nd,152,600,,-70150.0,24.0,,,,11.4,m,0.2,0+,,13.0,,1969,B-=100,False,60,92,1.6805958420764413e-07,,
152Pm,152,610,,-71254.0,26.0,,,*,4.12,m,0.08,1+,,13.0,,1958,B-=100,False,61,91,1.820647909391566e-07,,
152Pm,152,611,m,-71110.0,80.0,140.0,90.0,BD*,7.52,m,0.08,4(-),,13.0,,1971,B-=100,False,61,91,5.601999216184108e-07,,
152Pm,152,612,n,,,,,EU,13.8,m,0.2,(8),,13.0,,1971,B-=100;IT ?,False,61,91,,,
152Sm,152,620,,-74763.0,1.0,,,,stbl,,,0+,,13.0,,1933,IS=26.74 9,False,62,90,7.002383315856888e-09,,
152Eu,152,630,,-72888.5,1.2,,,,13.517,y,0.006,3-*,,13.0,,1938,B+=72.08 13;B-=27.92 13,False,63,89,8.40304637856649e-09,3.20e+8,19.583831553758046
152Eu,152,631,m,-72842.9,1.2,45.5998,0.0004,,9.3116,h,0.0013,0-*,,13.0,,1958,B-=73 3;B+=27 3,False,63,89,8.403049061792508e-09,3.20e+8,19.583831553758046
152Eu,152,632,n,-72823.2,1.2,65.2969,0.0004,,940,ns,80,1-,,13.0,,1978,IT=100,False,63,89,8.403050220993752e-09,3.20e+8,19.583831553758046
152Eu,152,633,p,-72810.3,1.2,78.2331,0.0004,,165,ns,10,1+,,13.0,,1978,IT=100,False,63,89,8.403050980064789e-09,3.20e+8,19.583831553758046
152Eu,152,634,q,-72798.7,1.2,89.8496,0.0004,,384,ns,10,4+,,13.0,,1970,IT=100,False,63,89,8.403051662640415e-09,3.20e+8,19.583831553758046
152Eu,152,635,r,-72740.6,1.2,147.86,0.1,,95.8,m,0.4,8-,,13.0,,1963,IT=100,False,63,89,8.403055081404479e-09,3.20e+8,19.583831553758046
152Gd,152,640,,-74707.3,1.0,,,,108,Ty,8,0+,,13.0,,1938,IS=0.20 3;A=100;2B+ ?,False,64,88,7.002512882306781e-09,2.50e+8,19.33697147582652
152Tb,152,650,,-70720.0,40.0,,,,17.5,h,0.1,2-*,,13.0,,1959,B+=100;A ?,False,65,87,2.8011087314702054e-07,4.30e+6,15.27412558066379
152Tb,152,651,m,-70380.0,40.0,342.15,0.16,,960,ns,10,5-,,13.0,,1972,IT=100,False,65,87,2.8011154007646914e-07,4.30e+6,15.27412558066379
152Tb,152,652,n,-70220.0,40.0,501.74,0.19,,4.2,m,0.1,8+,,13.0,,1971,IT=78.9 6;B+=21.1 6,False,65,87,2.801118539267203e-07,4.30e+6,15.27412558066379
152Dy,152,660,,-70118.0,5.0,,,,2.38,h,0.02,0+,,13.0,,1958,EC=99.900 7;A=0.100 7,False,66,86,3.501432387379431e-08,5.90e+9,22.498218187858086
152Ho,152,670,,-63605.0,13.0,,,,161.8,s,0.3,2-*,,13.0,,1963,B+=88 3;A=12 3,False,67,85,9.10422190486221e-08,1.30e+7,16.38045991542581
152Ho,152,671,m,-63445.0,13.0,160.0,3.0,AD,49.8,s,0.2,9+*,,13.0,,1963,B+=89.2 17;A=10.8 17,False,67,85,9.104232106332902e-08,1.30e+7,16.38045991542581
152Ho,152,672,n,-60585.0,13.0,3019.59,0.19,,8.4,us,0.3,19-,,13.0,,1997,IT=100,False,67,85,9.10441446147829e-08,1.30e+7,16.38045991542581
152Er,152,680,,-60500.0,9.0,,,,10.3,s,0.1,0+,,13.0,,1963,A=90 4;B+=10 4,False,68,84,6.303117009671292e-08,7.00e+7,18.064005800013632
152Tm,152,690,,-51720.0,50.0,,,*,8.0,s,1.0,(2)-,,13.0,,1980,B+=100,False,69,83,3.5019787303842783e-07,,
152Tm,152,691,m,-51820.0,240.0,-100.0,250.0,*,5.2,s,0.6,(9)+,,13.0,,1980,B+=100,False,69,83,1.6809486132551955e-06,,
152Tm,152,692,n,-49270.0,250.0,2455.0,250.0,,301,ns,7,(17+),,13.0,,1986,IT=100,False,69,83,1.7510194121525546e-06,,
152Yb,152,700,,-46270.0,150.0,,,,3.03,s,0.06,0+,,13.0,,1982,B+=100,False,70,82,1.0506432410092075e-06,,
152Yb,152,701,m,-43530.0,150.0,2744.5,1.0,,30,us,1,(10+),,13.0,,1995,IT=100,False,70,82,1.0506634050784743e-06,,
152Lu,152,710,,-33420.0,200.0,,,,650,ms,70,"(4-,5-,6",-),13.0,,1987,B+=100;B+p=15 7,True,71,81,1.4009964429583397e-06,,
153Ba,153,560,,-36470.0,400.0,,,,113,ms,39,5/2-.0,,20.0,,2016,B-=100;B-n ?;B-2n ?,True,56,97,2.7832369283292095e-06,,
153La,153,570,,-46060.0,300.0,,,,245,ms,18,1/2+.0,,20.0,,1994,B-=100;B-n ?;B-2n ?,True,57,96,2.0873071981326767e-06,,
153Ce,153,580,,-54910.0,200.0,,,,865,ms,25,3/2-.0,,20.0,,1994,B-=100;B-n ?,True,58,95,1.3914649730959759e-06,,
153Pr,153,590,,-61568.0,12.0,,,,4.28,s,0.11,3/2-.0,,20.0,,1987,B-=100;B-n ?,False,59,94,8.34847824218156e-08,,
153Nd,153,600,,-67330.4,2.7,,,,31.6,s,1.0,(3/2)-,,20.0,,1987,B-=100,False,60,93,1.878349203618213e-08,,
153Nd,153,601,m,-67138.7,2.7,191.71,0.16,,1.10,us,0.04,(5/2)+,,20.0,,1996,IT=100,False,60,93,1.8783517086405228e-08,,
153Pm,153,610,,-70648.0,9.0,,,,5.25,m,0.02,5/2-,,20.0,,1962,B-=100,False,61,92,6.26107584030924e-08,,
153Sm,153,620,,-72560.1,1.0,,,,46.2846,h,0.0023,3/2+*,,20.0,,1938,B-=100,False,62,91,6.9567209876898024e-09,8.70e+7,18.28141867661886
153Sm,153,621,m,-72461.7,1.0,98.39,0.1,,10.6,ms,0.3,11/2-,,20.0,,1971,IT=100,False,62,91,6.9567257498562055e-09,8.70e+7,18.28141867661886
153Eu,153,630,,-73367.5,1.2,,,,stbl,,>550Py,5/2+*,,20.0,,1933,IS=52.19 6,False,63,90,8.348093405922856e-09,,
153Eu,153,631,m,-71596.5,1.3,1771.0,0.4,,475,ns,10,19/2-,,20.0,,2000,IT=100,False,63,90,9.04387928057714e-09,,
153Gd,153,640,,-72882.9,1.0,,,,240.6,d,0.7,3/2-*,,20.0,,1947,EC=100,False,64,89,6.956830551337386e-09,,
153Gd,153,641,m,-72787.7,1.0,95.1737,0.0008,,3.5,us,0.4,9/2+,,20.0,,1979,IT=100,False,64,89,6.956835158781612e-09,,
153Gd,153,642,n,-72711.7,1.0,171.188,0.004,,76.0,us,1.4,(11/2-),,20.0,,1967,IT=100,False,64,89,6.9568388369977686e-09,,
153Tb,153,650,,-71314.0,4.0,,,,2.34,d,0.01,5/2+*,,20.0,,1957,B+=100,False,65,88,2.7827876315846218e-08,,
153Tb,153,651,m,-71151.0,4.0,163.175,0.005,,186,us,4,11/2-,,20.0,,1965,IT=100,False,65,88,2.782790787230304e-08,,
153Dy,153,660,,-69143.0,4.0,,,,6.4,h,0.1,7/2-*,,20.0,,1958,B+=99.9906 14;A=0.0094 14,False,66,87,2.7828547018701543e-08,,
153Ho,153,670,,-65012.0,5.0,,,,2.01,m,0.03,11/2-*,,20.0,,1963,B+=99.949 25;A=0.051 25,False,67,86,3.478699655886207e-08,,
153Ho,153,671,m,-64943.0,5.0,68.7,0.3,,9.3,m,0.5,1/2+*,,20.0,,1963,B+=99.82 8;A=0.18 8,False,67,86,3.4787013258734876e-08,,
153Ho,153,672,n,-62240.0,5.0,2772.3,1.4,,229,ns,2,31/2+,,20.0,,1980,IT=100,False,67,86,3.4787667470717064e-08,,
153Er,153,680,,-60467.0,9.0,,,,37.1,s,0.2,7/2-*,,20.0,,1963,A=53 3;B+=47 3,False,68,85,6.261913737086167e-08,7.10e+8,20.380775527999635
153Er,153,681,m,-57669.0,9.0,2798.2,1.0,,373,ns,9,(27/2-),,20.0,,1979,IT=100,False,68,85,6.262035643853947e-08,7.10e+8,20.380775527999635
153Er,153,682,n,-55219.0,9.0,5248.1,1.0,,248,ns,32,(41/2-),,20.0,,1979,IT=100,False,68,85,6.262142392419756e-08,7.10e+8,20.380775527999635
153Tm,153,690,,-53973.0,12.0,,,,1.48,s,0.01,(11/2-),,20.0,,1964,A=91 3;B+=9 3,False,69,84,8.349670716150439e-08,1.00e+7,16.11809565095832
153Tm,153,691,m,-53930.0,12.0,43.2,0.2,,2.5,s,0.2,(1/2+),,20.0,,1988,A=92 3;B+=8 3,False,69,84,8.349673214343725e-08,1.00e+7,16.11809565095832
153Yb,153,700,,-47160.0,200.0,,,,4.2,s,0.2,7/2-,,20.0,,1977,B+=?;A ?;B+p=0.008 2,True,70,83,1.391690283394582e-06,2.50e+4,10.126631103850338
153Yb,153,701,m,-44530.0,210.0,2630.0,50.0,,15,us,1,27/2-,,20.0,,1989,IT=100,True,70,83,1.4613015404451988e-06,2.50e+4,10.126631103850338
153Lu,153,710,,-38380.0,150.0,,,,900,ms,200,11/2-,,20.0,,1989,A=?;B+ ?;p=0,False,71,82,1.0438408803572407e-06,,
153Lu,153,711,m,-38300.0,150.0,80.0,5.0,IT,1.0,s,,1/2+,,20.0,,1997,A ?;B+ ?;IT ?;p=0,False,71,82,1.0438414614795822e-06,,
153Lu,153,712,n,-35880.0,150.0,2502.5,0.4,,>100,ns,,23/2-,,20.0,,1993,IT=100,False,71,82,1.0438590407362416e-06,,
153Lu,153,713,p,-35750.0,150.0,2632.9,0.5,,15,us,3,27/2-,,20.0,,1993,IT=100,False,71,82,1.0438599850932332e-06,,
153Hf,153,720,,-27300.0,300.0,,,,400.0,ms,>200ns,1/2+.0,,20.0,,2000,B+ ?,True,72,81,2.0878615365908514e-06,,
153Hf,153,721,m,-26550.0,320.0,750.0,100.0,,500.0,ms,,11/2-.0,,,,9999,B+ ?;IT ?,True,72,81,2.2270639301997067e-06,,
154Ba,154,560,,-32920.0,500.0,,,,53,ms,48,0+,,17.0,,2017,B-=100,True,56,98,3.4565341622870263e-06,,
154La,154,570,,-41530.0,300.0,,,,161,ms,15,2-.0,,17.0,,2017,B-=100;B-n ?;B-2n ?,True,57,97,2.073815602486426e-06,,
154Ce,154,580,,-52220.0,200.0,,,,722,ms,14,0+,,17.0,,1994,B-=100;B-n ?,True,58,96,1.3824539355944034e-06,,
154Pr,154,590,,-57860.0,100.0,,,,2.30,s,0.09,(3+),,9.0,,1988,B-=100;B-n ?,False,59,95,6.912062002726454e-07,,
154Nd,154,600,,-65579.6,1.0,,,,25.9,s,0.2,0+,,9.0,,1970,B-=100,False,60,94,6.9117549911377405e-09,,
154Nd,154,601,m,-64281.7,1.1,1297.9,0.4,,3.2,us,0.3,(4-),,9.0,,1970,IT=100,False,60,94,7.602998694979811e-09,,
154Pm,154,610,,-68267.0,25.0,,,*,2.68,m,0.07,(4+),,9.0,,1958,B-=100,False,61,93,1.7279220984705936e-07,,
154Pm,154,611,m,-68490.0,40.0,-230.0,50.0,IT*,1.73,m,0.10,(1-),,9.0,,1958,B-=100,False,61,93,2.7646710963473857e-07,,
154Sm,154,620,,-72455.6,1.3,,,,stbl,,>2.3Ey,0+,,9.0,,1933,IS=22.74 14;2B- ?,False,62,92,8.985015111222808e-09,,
154Eu,154,630,,-71738.4,1.2,,,,8.592,y,0.003,3-*,,9.0,,1947,B-=99.982 12;EC=0.018 12,False,63,91,8.29397535487874e-09,2.10e+8,19.162618088681743
154Eu,154,631,m,-71670.2,1.2,68.1702,0.0004,,2.2,us,0.1,2+,,9.0,,1964,IT=100,False,63,91,8.293979264447128e-09,2.10e+8,19.162618088681743
154Eu,154,632,n,-71593.1,1.2,145.3,0.3,,46.3,m,0.4,(8-),,9.0,,1975,IT=100,False,63,91,8.293983684212897e-09,2.10e+8,19.162618088681743
154Gd,154,640,,-73706.4,1.0,,,,stbl,,,0+,,9.0,,1938,IS=2.18 2,False,64,90,6.91161389976778e-09,3.00e+7,17.216707939626428
154Tb,154,650,,-70160.0,50.0,,,*&,9.994,h,0.039,3-*,,9.0,,1972,B+=100;B- ?,False,65,89,3.455922551742391e-07,,
154Tb,154,651,m,-70030.0,70.0,130.0,50.0,*&,21.5,h,0.4,0-*,,9.0,,1950,B+~100;IT ?;B- ?,True,65,89,4.838295919841103e-07,,
154Tb,154,652,n,-69960.0,160.0,200.0,150.0,*,22.7,h,0.5,7-,,9.0,,1972,B+~100;IT ?,True,65,89,1.105896745314966e-06,,
154Tb,154,653,p,-69760.0,160.0,405.0,150.0,,513,ns,42,,,9.0,,1982,IT=100,True,65,89,1.1058982740765933e-06,,
154Dy,154,660,,-70394.0,7.0,,,,3.0,My,1.5,0+,,9.0,,1961,A=100;2B+ ?,False,66,88,4.838326998385066e-08,8.50e+9,22.863332000442682
154Ho,154,670,,-64639.0,8.0,,,,11.76,m,0.19,2-*,,9.0,,1966,B+=99.981 5;A=0.019 5,False,67,87,5.5297859660360995e-08,7.90e+8,20.487543503425343
154Ho,154,671,m,-64397.0,27.0,243.0,28.0,AD,3.10,m,0.14,8+*,,9.0,,1968,B+=100;A<0.001;IT~0,False,67,87,1.866305885419492e-07,7.90e+8,20.487543503425343
154Er,154,680,,-62605.0,5.0,,,,3.73,m,0.09,0+,,9.0,,1963,B+~100;A=0.47 13,False,68,86,3.456195718836565e-08,6.00e+8,20.21244021318042
154Tm,154,690,,-54427.0,14.0,,,*,8.1,s,0.3,(2)-,,9.0,,1964,A=54 5;B+=46 5,False,69,85,9.677981625909264e-08,1.10e+8,18.51599092375669
154Tm,154,691,m,-54350.0,50.0,70.0,50.0,BD*,3.30,s,0.07,(9)+,,9.0,,1964,A=58 5;B+=42 5;IT ?,False,69,85,3.456423849069666e-07,1.10e+8,18.51599092375669
154Yb,154,700,,-49932.0,17.0,,,,409,ms,2,0+,,9.0,,1964,A=92.6 12;B+=7.4 12,False,70,84,1.17523050863017e-07,2.00e+3,7.600902459542082
154Lu,154,710,,-39670.0,200.0,,,,1.0,s,,(2-),,9.0,,1981,B+ ?; A ?,True,71,83,1.3827345853493406e-06,,
154Lu,154,711,m,-39600.0,200.0,62.0,12.0,AD,1.12,s,0.08,(9+),,9.0,,1981,B+~100;B+p=?;B+A=?;A ?,True,71,83,1.3827352545338913e-06,,
154Lu,154,712,n,-36950.0,220.0,2724.0,100.0,,35,us,3,(17+),,9.0,,1990,IT=100,True,71,83,1.5210366472679724e-06,,
154Hf,154,720,,-32730.0,300.0,,,,2,s,1,0+,,9.0,,1981,B+~100;A~0,True,72,82,2.0742199479480412e-06,,
154Hf,154,721,m,-30010.0,300.0,2721.0,50.0,,9,us,4,(10+),,9.0,,1989,IT=100,True,72,82,2.074258957003081e-06,,
155La,155,570,,-37930.0,400.0,,,,101,ms,28,1/2+.0,,19.0,,2016,B-=100;B-n ?;B-2n ?,True,57,98,2.747312179840529e-06,,
155Ce,155,580,,-47780.0,300.0,,,,313,ms,7,5/2-.0,,19.0,,1994,B-=100;B-n ?,True,58,97,2.060363048182488e-06,,
155Pr,155,590,,-55415.0,17.0,,,,1.47,s,0.3,3/2-.0,,19.0,,1992,B-=100;B-n ?,False,59,96,1.1674882120977212e-07,,
155Nd,155,600,,-62284.0,9.0,,,,8.9,s,0.2,(3/2-),,19.0,,1986,B-=100,False,60,95,6.180583283640348e-08,,
155Pm,155,610,,-66940.0,5.0,,,,41.5,s,0.2,(5/2-),,19.0,,1982,B-=100,False,61,94,3.433578089908056e-08,,
155Sm,155,620,,-70191.2,1.3,,,,22.18,m,0.06,3/2-*,,19.0,,1951,B-=100,False,62,93,8.927183007938388e-09,,
155Sm,155,621,m,-70174.7,1.3,16.5467,0.0019,,2.8,us,0.5,5/2+,,19.0,,2010,IT=100,False,62,93,8.927184019446841e-09,,
155Sm,155,622,n,-69653.2,1.3,538.03,0.19,,1.00,us,0.08,11/2-,,19.0,,2010,IT=100,False,62,93,8.927215989362463e-09,,
155Eu,155,630,,-71818.3,1.3,,,,4.742,y,0.008,5/2+*,,19.0,,1947,B-=100,False,63,92,8.927162546848836e-09,,
155Gd,155,640,,-72070.3,1.0,,,,stbl,,,3/2-*,,19.0,,1933,IS=14.80 9,False,64,91,6.867097218744804e-09,,
155Gd,155,641,m,-71949.2,1.0,121.1,0.19,,31.97,ms,0.27,11/2-,,19.0,,1967,IT=100,False,64,91,6.867102929465186e-09,,
155Tb,155,650,,-71250.0,10.0,,,,5.32,d,0.06,3/2+*,,19.0,,1957,EC=100,False,65,90,6.867196892803901e-08,,
155Dy,155,660,,-69156.0,10.0,,,,9.9,h,0.2,3/2-*,,19.0,,1958,B+=100,False,66,89,6.867356637671015e-08,,
155Dy,155,661,m,-68922.0,10.0,234.33,0.03,,6,us,1,11/2-,,19.0,,1970,IT=100,False,66,89,6.86736767326615e-08,,
155Ho,155,670,,-66040.0,17.0,,,,48,m,2,5/2+*,,19.0,,1959,B+=100,False,67,88,1.167485980414093e-07,1.10e+10,23.121161109744783
155Ho,155,671,m,-65898.0,17.0,141.87,0.11,,880,us,80,11/2-,,19.0,,1984,IT=100,False,67,88,1.1674871189407272e-07,1.10e+10,23.121161109744783
155Er,155,680,,-62209.0,6.0,,,,5.3,m,0.3,7/2-,,19.0,,1969,B+=99.978 7;A=0.022 7,False,68,87,4.1206837682015164e-08,1.20e+9,20.905587393740365
155Tm,155,690,,-56626.0,10.0,,,,21.6,s,0.2,11/2-,,19.0,,1971,B+=99.17 17;A=0.83 17,False,69,86,6.868130629992827e-08,4.00e+8,19.806975105072254
155Tm,155,691,m,-56585.0,12.0,41.0,6.0,AD,45,s,4,1/2+,,19.0,,1990,B+~100;A ?,False,69,86,8.241759076815989e-08,4.00e+8,19.806975105072254
155Yb,155,700,,-50503.0,17.0,,,,1.793,s,0.020,(7/2-),,19.0,,1964,A=89 5;B+=11 5,False,70,85,1.1676416824918689e-07,7.90e+6,15.88237331743725
155Lu,155,710,,-42545.0,19.0,,,,68,ms,2,11/2-,,19.0,,1965,A=90 2;B+=10 2,False,71,84,1.305094221271348e-07,,
155Lu,155,711,m,-42524.0,20.0,21.0,4.0,AD,138,ms,9,1/2+,,19.0,,1967,A=76 16;B+=24 16,False,71,84,1.3737835889764584e-07,,
155Lu,155,712,n,-40765.0,19.0,1780.3,1.8,AD,2.69,ms,0.03,25/2-.0,,19.0,,1981,A~100;IT ?,False,71,84,1.305110178425656e-07,,
155Hf,155,720,,-34310.0,300.0,,,,843,ms,30,7/2-.0,,19.0,,1981,B+~100;A ?,True,72,83,2.060809964836373e-06,,
155Ta,155,730,,-23990.0,300.0,,,,3.2,ms,1.3,11/2-,,19.0,,2007,p=100,True,73,82,2.0609743816167653e-06,,
156La,156,570,,-33050.0,400.0,,,,84,ms,78,4+.0,,17.0,,2017,B-=100;B-n ?,True,57,99,2.7297878112559277e-06,,
156Ce,156,580,,-44820.0,300.0,,,,233,ms,9,0+,,17.0,,2017,B-=100;B-n ?,True,58,98,2.0471944887464605e-06,,
156Pr,156,590,,-51449.3,1.0,,,,444,ms,6,1+.0,,17.0,,1992,B-=100;B-n ?,False,59,97,6.8237331596631054e-09,,
156Nd,156,600,,-60202.1,1.3,,,,5.06,s,0.13,0+,,12.0,,1987,B-=100,False,60,96,8.870401591554433e-09,,
156Nd,156,601,m,-58770.8,1.4,1431.3,0.4,,365,ns,145,(5-),,12.0,,1998,IT=100,False,60,96,9.552833471473778e-09,,
156Pm,156,610,,-64166.8,1.2,,,,27.4,s,0.5,4+,,12.0,,1986,B-=100,False,61,95,8.187913760162486e-09,,
156Pm,156,611,m,-64016.5,1.2,150.3,0.1,,2.3,s,2.0,1+.0,,12.0,,2007,IT~98;B-~2,False,61,95,8.18792215717305e-09,,
156Sm,156,620,,-69361.0,9.0,,,,9.4,h,0.2,0+,,12.0,,1951,B-=100,False,62,94,6.140771873408481e-08,,
156Sm,156,621,m,-67963.0,9.0,1397.55,0.09,,185,ns,7,5-,,12.0,,1974,IT=100,False,62,94,6.140830448736904e-08,,
156Eu,156,630,,-70083.0,4.0,,,,15.19,d,0.08,0+*,,12.0,,1947,B-=100,False,63,93,2.7292425829969532e-08,1.30e+6,14.077874822431765
156Gd,156,640,,-72535.3,1.0,,,,stbl,,,0+,,12.0,,1933,IS=20.47 3,False,64,92,6.823052502433533e-09,,
156Gd,156,641,m,-70397.7,1.0,2137.6,0.05,,1.3,us,0.1,7-,,12.0,,1969,IT=100,False,64,92,6.823152017812519e-09,,
156Tb,156,650,,-70091.0,4.0,,,,5.35,d,0.10,3-*,,12.0,,1950,B+~100;B- ?,False,65,91,2.7292906035111284e-08,,
156Tb,156,651,m,-70003.0,4.0,88.4,0.2,,5.3,h,0.2,(0+),,12.0,,1950,IT=?;B+=?,False,65,91,2.729292242298096e-08,,
156Tb,156,652,n,-69990.0,50.0,100.0,50.0,,24.4,h,1.0,(7-),,12.0,,1970,IT=?;B- ?,True,65,91,3.4116156054897403e-07,,
156Dy,156,660,,-70529.4,1.0,,,,stbl,,>1Ey,0+,,12.0,,1948,IS=0.056 3;A ?;2B+ ?,False,66,90,6.823266311600022e-09,3.90e+9,22.08424239008201
156Ho,156,670,,-65540.0,40.0,,,,56,m,1,4-*,,12.0,,1957,B+=100,False,67,89,2.729423531631562e-07,,
156Ho,156,671,m,-65490.0,40.0,52.37,0.3,,9.5,s,1.5,1-*,,12.0,,1995,IT~100;B+ ?,False,67,89,2.7294244628509815e-07,,
156Ho,156,672,n,-65304.0,28.0,230.0,50.0,MD,7.6,m,0.3,9+,,12.0,,1975,B+~75;IT ?,False,67,89,1.9105995488949607e-07,,
156Er,156,680,,-64212.0,25.0,,,,19.5,m,1.0,0+,,12.0,,1967,B+=100;A=1.2e-5 3,False,68,88,1.7059202207500903e-07,6.00e+8,20.21244021318042
156Tm,156,690,,-56834.0,14.0,,,,83.8,s,1.8,2-,,12.0,,1971,B+~100;A=0.064 10,False,69,87,9.55371853359401e-08,,
156Tm,156,691,m,-56430.0,200.0,400.0,200.0,EU,~400,ns,,(11-),,12.0,,1985,IT=100,True,69,87,1.3648206960859748e-06,,
156Yb,156,700,,-53266.0,9.0,,,,26.1,s,0.7,0+,,12.0,,1970,B+=90 2;A=10 2,False,70,86,6.141879951775185e-08,3.20e+7,17.281246460764002
156Lu,156,710,,-43700.0,50.0,,,*,494,ms,12,(2)-,,12.0,,1965,A=100;B+ ?,False,71,85,3.4124084136905023e-07,,
156Lu,156,711,m,-43680.0,240.0,10.0,250.0,*,198,ms,2,10+,,12.0,,1979,A~100;B+ ?,False,71,85,1.6379562621464702e-06,,
156Lu,156,712,n,-41090.0,250.0,2611.0,250.0,,179,ns,4,19-,,,,2018,IT=100,False,71,85,1.706234599613015e-06,,
156Hf,156,720,,-37820.0,150.0,,,,23,ms,1,0+,,12.0,,1979,A~100;B+ ?,False,72,84,1.0237726446162905e-06,,
156Hf,156,721,m,-35860.0,150.0,1958.8,1.0,AD,480,us,40,(8+),,12.0,,1979,A~100;IT ?,False,72,84,1.0237863401090898e-06,,
156Ta,156,730,,-26000.0,300.0,,,,106,ms,4,(2-),,12.0,,1992,p=71 3;B+=29 3,True,73,83,2.0477285619074464e-06,,
156Ta,156,731,m,-25910.0,300.0,94.0,8.0,AD,360,ms,40,(9+),,12.0,,1993,B+=95.8 9;p=4.2 9,True,73,83,2.0477298198658982e-06,,
157La,157,570,,-29070.0,300.0,,,,30.0,ms,>550ns,1/2+.0,,,,2018,B- ?;B-n ?,True,57,100,2.0343517782727363e-06,,
157Ce,157,580,,-39930.0,400.0,,,,175,ms,41,7/2+.0,,17.0,,2017,B-=100;B-n ?,True,58,99,2.7122930824991522e-06,,
157Pr,157,590,,-48435.0,3.0,,,,307,ms,21,3/2-.0,,17.0,,2017,B-=100;B-n ?,False,59,98,2.034120342595016e-08,,
157Nd,157,600,,-56494.1,2.1,,,,1.15,s,0.03,5/2-.0,,17.0,,1992,B-=100,False,60,97,1.4238189226664325e-08,,
157Pm,157,610,,-62297.0,7.0,,,,10.56,s,0.10,(5/2-),,16.0,,1987,B-=100,False,61,96,4.745917967808032e-08,,
157Sm,157,620,,-66678.0,4.0,,,,8.03,m,0.07,3/2-.0,,16.0,,1973,B-=100,False,62,95,2.711896353556323e-08,,
157Eu,157,630,,-69459.0,4.0,,,,15.18,h,0.03,5/2+*,,16.0,,1951,B-=100,False,63,94,2.7118690016425342e-08,,
157Gd,157,640,,-70823.9,1.0,,,,stbl,,,3/2-*,,16.0,,1933,IS=15.65 4,False,64,93,6.779669214575842e-09,,
157Gd,157,641,m,-70760.0,1.0,63.916,0.005,,460,ns,40,5/2+,,16.0,,1964,IT=100,False,64,93,6.779672151671261e-09,,
157Gd,157,642,n,-70397.4,1.0,426.539,0.023,,18.5,us,2.3,11/2-,,16.0,,1961,IT=100,False,64,93,6.779688818242129e-09,,
157Tb,157,650,,-70763.8,1.0,,,,71,y,7,3/2+,,16.0,,1960,EC=100,False,65,92,6.779731424196157e-09,8.90e+6,16.00156183470237
157Dy,157,660,,-69425.0,5.0,,,,8.14,h,0.04,3/2-*,,16.0,,1953,B+=100,False,66,91,3.389926205841317e-08,3.70e+8,19.729013563602543
157Dy,157,661,m,-69263.0,5.0,161.99,0.03,,1.3,us,0.2,9/2+,,16.0,,1974,IT=100,False,66,91,3.389929929123703e-08,3.70e+8,19.729013563602543
157Dy,157,662,n,-69226.0,5.0,199.38,0.07,,21.6,ms,1.6,11/2-,,16.0,,1970,IT=100,False,66,91,3.389930779504161e-08,3.70e+8,19.729013563602543
157Ho,157,670,,-66833.0,23.0,,,,12.6,m,0.2,7/2-*,,16.0,,1966,B+=100,False,67,90,1.5594071325584585e-07,6.70e+9,22.625373363343332
157Er,157,680,,-63414.0,27.0,,,,18.65,m,0.10,3/2-*,,16.0,,1966,B+=100,False,68,89,1.8306668623694503e-07,,
157Er,157,681,m,-63259.0,27.0,155.4,0.3,,76,ms,6,9/2+,,16.0,,1971,IT=100,False,68,89,1.8306687862895462e-07,,
157Tm,157,690,,-58709.0,28.0,,,*,3.63,m,0.09,1/2+*,,16.0,,1974,B+=100;A=7.5e-4 25,False,69,88,1.8985465529813082e-07,1.10e+9,20.818576016750736
157Tm,157,691,m,-58610.0,60.0,100.0,50.0,*,1.6,s,,7/2-.0,,,,2008,B+ ?; IT ?,True,69,88,4.0683167730491957e-07,1.10e+9,20.818576016750736
157Yb,157,700,,-53420.0,11.0,,,,38.6,s,1.0,7/2-*,,16.0,,1970,B+~100;A=?,False,70,87,7.458908647319541e-08,2.20e+8,19.209138104316636
157Lu,157,710,,-46440.0,12.0,,,,7.7,s,2.0,(1/2+),,16.0,,1977,B+ ?;A=?,False,71,86,8.13744776266482e-08,1.00e+7,16.11809565095832
157Lu,157,711,m,-46419.0,12.0,20.9,2.0,AD,4.79,s,0.12,(11/2-),,16.0,,1972,B+=92.3 19;A=7.7 19,False,71,86,8.137448921480967e-08,1.00e+7,16.11809565095832
157Hf,157,720,,-38860.0,200.0,,,,115,ms,1,7/2-,,16.0,,1965,A=94 4;B+=14 4,True,72,85,1.3563229063021283e-06,,
157Ta,157,730,,-29600.0,150.0,,,,10.1,ms,0.4,1/2+,,16.0,,1979,A=96.6 12;p=3.4 12;B+ ?,False,73,84,1.0173149875686596e-06,,
157Ta,157,731,m,-29570.0,150.0,22.0,5.0,AD,4.3,ms,0.1,11/2-,,16.0,,1996,A~100;B+ ?;p=0,False,73,84,1.0173151945546584e-06,,
157Ta,157,732,n,-28000.0,150.0,1593.0,9.0,AD,1.7,ms,0.1,25/2-.0,,16.0,,1996,A=100,False,73,84,1.0173260269394804e-06,,
157W,157,740,,-19690.0,400.0,,,,275,ms,40,(7/2-),,16.0,,2010,B+=100;A=0,True,74,83,2.713046109843406e-06,,
157W,157,743,p,-19370.0,400.0,320.0,30.0,AD,,,,(9/2-),,16.0,,2010,IT ?,True,74,83,2.7130519983515416e-06,,
158Ce,158,580,,-36540.0,400.0,,,,99,ms,93,0+,,17.0,,2016,B-=100;B-n ?,True,58,100,2.6951841738578954e-06,,
158Pr,158,590,,-44150.0,300.0,,,,181,ms,14,5-.0,,17.0,,2016,B-=100;B-n ?,True,59,99,2.0213021008317063e-06,,
158Nd,158,600,,-53835.1,1.3,,,,810,ms,30,0+,,17.0,,1992,B-=100,False,60,98,8.758480557092773e-09,,
158Nd,158,601,m,-52187.0,1.9,1648.1,1.4,,339,ns,20,(6-),,17.0,,2016,IT=100,False,60,98,1.2800998337684801e-08,,
158Pm,158,610,,-59106.1,0.9,,,,4.8,s,0.5,"(0+,1+).0",,17.0,,1987,B-=100,False,61,97,6.0634009712705754e-09,,
158Pm,158,611,m,-58960.0,50.0,150.0,50.0,,>16,us,,5+.0,,17.0,,2015,IT=?;B- ?,True,61,97,3.3685594107967055e-07,,
158Sm,158,620,,-65252.0,5.0,,,,5.30,m,0.03,0+,,17.0,,1970,B-=100,False,62,96,3.3684459729289594e-08,,
158Eu,158,630,,-67270.5,2.0,,,,45.9,m,0.2,1-*,,17.0,,1951,B-=100,False,63,95,1.3473718067536508e-08,,
158Gd,158,640,,-70690.0,1.0,,,,stbl,,,0+,,17.0,,1933,IS=24.84 8,False,64,94,6.736762538458781e-09,,
158Tb,158,650,,-69470.9,1.3,,,,180,y,11,3-*,,4.0,,1957,B+=83.4 7;B-=16.6 7,False,65,93,8.757939533905047e-09,8.30e+6,15.931766072766827
158Tb,158,651,m,-69360.6,1.8,110.3,1.2,,10.70,s,0.17,0-,,17.0,,1957,IT~100;B- ?;B+ ?,False,65,93,1.2126386827021246e-08,8.30e+6,15.931766072766827
158Tb,158,652,n,-69082.5,1.3,388.39,0.11,,400,us,40,7-,,17.0,,1961,IT=100,False,65,93,8.757962450014621e-09,8.30e+6,15.931766072766827
158Dy,158,660,,-70407.2,2.3,,,,stbl,,,0+,,17.0,,1938,IS=0.095 3;A ?;2B+ ?,False,66,92,1.549485336795384e-08,2.50e+9,21.639556568820566
158Ho,158,670,,-66187.0,27.0,,,,11.3,m,0.4,5+*,,17.0,,1961,B+~100;A ?,False,67,91,1.8190286136799996e-07,2.80e+10,24.055470347121616
158Ho,158,671,m,-66120.0,27.0,67.2,0.01,,28,m,2,2-*,,17.0,,1960,IT~91 6;B+~9 6,False,67,91,1.8190294347691165e-07,2.80e+10,24.055470347121616
158Ho,158,672,n,-66095.0,27.0,91.595,0.012,,140,ns,25,(2-),,17.0,,2005,IT=100,False,67,91,1.8190297411458426e-07,2.80e+10,24.055470347121616
158Ho,158,673,p,-66010.0,80.0,180.0,70.0,,21.3,m,2.3,(9+),,17.0,,1970,B+~100;IT ?,True,67,91,5.389720838007358e-07,2.80e+10,24.055470347121616
158Er,158,680,,-65304.0,25.0,,,,2.29,h,0.06,0+,,17.0,,1961,EC=100,False,68,90,1.6843104492091e-07,5.80e+8,20.17853866150474
158Tm,158,690,,-58703.0,25.0,,,*,3.98,m,0.06,2-*,,17.0,,1970,B+=100,False,69,89,1.6844000357530846e-07,1.20e+9,20.905587393740365
158Tm,158,691,m,-58600.0,60.0,100.0,50.0,*,~20,s,,5-.0,,17.0,,1981,IT ?; EC ?,True,69,89,4.042562891236152e-07,1.20e+9,20.905587393740365
158Yb,158,700,,-56010.0,8.0,,,,1.49,m,0.13,0+,,17.0,,1967,B+~100;A~0.0021 12,False,70,88,5.390224886759601e-08,9.30e+8,20.650695144111577
158Lu,158,710,,-47212.0,15.0,,,,10.6,s,0.3,(2)-,,17.0,,1979,B+=99.09 20;A=0.91 20,False,71,87,1.0107358894233131e-07,3.10e+5,12.644327576461329
158Hf,158,720,,-42102.0,17.0,,,,2.85,s,0.07,0+,,17.0,,1965,B+=55.7 19;A=44.3 19,False,72,86,1.145550101942527e-07,,
158Ta,158,730,,-31120.0,200.0,,,,49,ms,4,(2)-,,17.0,,1979,A~100;B+ ?,True,73,85,1.347817490642117e-06,,
158Ta,158,731,m,-30980.0,200.0,141.0,11.0,AD,36.0,ms,0.8,(9)+,,17.0,,1979,A=95 5;B+ ?;IT ?,True,73,85,1.3478187622717084e-06,,
158Ta,158,732,n,-28310.0,200.0,2808.0,16.0,,6.1,us,0.1,(19-),,17.0,,2014,IT=98.6 2;A=1.4 2,True,73,85,1.3478430145238912e-06,,
158W,158,740,,-23690.0,300.0,,,,1.43,ms,0.18,0+,,17.0,,1981,A=100,True,74,84,2.0218450947766235e-06,,
158W,158,741,m,-21800.0,300.0,1889.0,8.0,AD,143,us,19,(8+),,17.0,,1995,A=100;IT ?,True,74,84,2.021870848607466e-06,,
159Ce,159,580,,-31340.0,500.0,,,,,,,1/2-.0,,,,9999,B- ?;B-n ?,True,58,101,3.3479027681638564e-06,,
159Pr,159,590,,-40770.0,400.0,,,,134,ms,43,3/2-.0,,17.0,,2017,B-=100;B-n ?,True,59,100,2.678176303350355e-06,,
159Nd,159,600,,-49724.0,30.0,,,,500,ms,30,7/2+.0,,17.0,,2012,B-=100;B-n ?,False,60,99,2.0085292069438465e-07,,
159Pm,159,610,,-56554.0,10.0,,,,1.49,s,0.13,(5/2-),,12.0,,1998,B-=100,False,61,98,6.694849188269004e-08,,
159Pm,159,611,m,-55089.0,10.0,1465.0,0.5,,4.42,us,0.17,17/2+.0,,,,2015,IT=100,False,61,98,6.694914851686311e-08,,
159Sm,159,620,,-62208.0,6.0,,,,11.37,s,0.15,5/2-,,12.0,,1986,B-=100,False,62,97,4.016792246679508e-08,,
159Sm,159,621,m,-60932.0,6.0,1276.5,0.8,,116,ns,8,(15/2+),,12.0,,2009,IT=100,False,62,97,4.016826559931058e-08,,
159Eu,159,630,,-66043.0,4.0,,,,18.1,m,0.1,5/2+*,,12.0,,1961,B-=100,False,63,96,2.6778159331822935e-08,,
159Gd,159,640,,-68561.9,1.0,,,,18.479,h,0.004,3/2-*,,12.0,,1949,B-=100,False,64,95,6.694484907308653e-09,,
159Tb,159,650,,-69532.6,1.1,,,,stbl,,,3/2+*,,12.0,,1933,IS=100,False,65,94,7.363949303120391e-09,,
159Dy,159,660,,-69167.2,1.4,,,,144.4,d,0.2,3/2-*,,12.0,,1951,EC=100,False,66,93,9.372403187814442e-09,,
159Dy,159,661,m,-68814.4,1.4,352.77,0.14,,122,us,3,11/2-,,12.0,,1965,IT=100,False,66,93,9.372425324035985e-09,,
159Ho,159,670,,-67330.0,3.0,,,,33.05,m,0.11,7/2-*,,12.0,,1958,B+=100,False,67,92,2.0084142031751e-08,1.60e+8,18.890684373198102
159Ho,159,671,m,-67124.0,3.0,205.91,0.05,,8.30,s,0.08,1/2+,,12.0,,1966,IT=100,False,67,92,2.008416973005213e-08,1.60e+8,18.890684373198102
159Er,159,680,,-64561.0,4.0,,,,36,m,1,3/2-*,,12.0,,1962,B+=100,False,68,91,2.6779584344017563e-08,1.60e+8,18.890684373198102
159Er,159,681,m,-64378.0,4.0,182.602,0.024,,337,ns,14,9/2+,,12.0,,1971,IT=100,False,68,91,2.677961715349356e-08,1.60e+8,18.890684373198102
159Er,159,682,n,-64132.0,4.0,429.05,0.03,,590,ns,60,11/2-,,12.0,,1971,IT=100,False,68,91,2.6779661258161733e-08,1.60e+8,18.890684373198102
159Tm,159,690,,-60570.0,28.0,,,,9.13,m,0.16,5/2+*,,12.0,,1971,B+=100,False,69,90,1.874637225102023e-07,2.70e+8,19.41393251696265
159Yb,159,700,,-55834.0,18.0,,,,1.67,m,0.09,5/2-*,,12.0,,1975,B+=100,False,70,89,1.2051725798432762e-07,1.80e+9,21.31105250184853
159Lu,159,710,,-49710.0,40.0,,,*,12.1,s,1.0,1/2+,,12.0,,1980,B+~100;A= ?,False,71,88,2.67829429807501e-07,3.50e+5,12.765688433465597
159Lu,159,711,m,-49610.0,90.0,100.0,80.0,*,10.0,s,,11/2-.0,,,,9999,B+ ?;IT ?;A ?,True,71,88,6.02616620563042e-07,3.50e+5,12.765688433465597
159Hf,159,720,,-42853.0,17.0,,,,5.20,s,0.10,7/2-,,12.0,,1973,B+=65 7;A=35 7,False,72,87,1.1383371985564531e-07,,
159Ta,159,730,,-34439.0,20.0,,,,1.04,s,0.09,1/2+,,12.0,,1979,B+=66 5;A=34 5,False,73,86,1.3393072902834112e-07,,
159Ta,159,731,m,-34375.0,19.0,64.0,5.0,AD,560,ms,60,11/2-,,12.0,,1994,A=55 1;B+=45 1,False,73,86,1.2723424710676557e-07,,
159W,159,740,,-25430.0,300.0,,,,8.2,ms,0.7,7/2-.0,,12.0,,1981,A~100;B+ ?,True,74,85,2.0090995430904535e-06,,
159Re,159,750,,-14810.0,310.0,,,,40.0,us,,1/2+.0,,,,2006,p ?;A ?,True,75,84,2.076235177311981e-06,,
159Re,159,751,m,-14600.0,300.0,210.0,50.0,,20,us,4,11/2-,,12.0,,2006,p=92.5 35;A=7.5 35,True,75,84,2.0092626750031677e-06,,
160Pr,160,590,,-36200.0,400.0,,,,170,ms,140,1+.0,,17.0,,2017,B-=100;B-n ?,True,59,101,2.6615146720404794e-06,,
160Nd,160,600,,-46720.0,50.0,,,,439,ms,37,0+,,17.0,,1985,B-=100;B-n ?,False,60,100,3.3266891070273066e-07,,
160Nd,160,601,m,-45610.0,50.0,1107.9,0.9,,1.63,us,0.21,(4-),,17.0,,2016,IT=100,False,60,100,3.326713675638873e-07,,
160Pm,160,610,,-52894.6,2.0,,,,725,ms,57,6-.0,,17.0,,2012,B-=100;B-n ?,False,61,99,1.3306324279683127e-08,,
160Pm,160,611,m,-52704.0,11.0,191.0,11.0,MD,>700,ms,,1-.0,,,,2020,B- ?; IT ?;B-n ?,False,61,99,7.318487634346492e-08,,
160Sm,160,620,,-60233.2,2.0,,,,9.6,s,0.3,0+,,5.0,,1986,B-=100,False,62,98,1.3305789118904942e-08,,
160Sm,160,621,m,-58871.9,2.0,1361.3,0.4,,120,ns,46,(5-),,,,2009,IT=100,False,62,98,1.3305909625011302e-08,,
160Sm,160,622,n,-57475.9,2.0,2757.3,0.4,,1.8,us,0.4,(11+),,,,2016,IT=100,False,62,98,1.3306033205126257e-08,,
160Eu,160,630,,-63493.4,0.9,,,,42.6,s,0.5,(5-),,5.0,,1973,B-=100,False,63,97,5.987526754546041e-09,,
160Eu,160,631,m,-63400.4,0.8,93.0,1.2,MD,30.8,s,0.5,(1-),,5.0,,2016,B-=100,False,63,97,5.322249296975632e-09,,
160Gd,160,640,,-67942.1,1.1,,,,stbl,,>31Ey,0+,,5.0,,1933,IS=21.86 3;2B- ?,False,64,96,7.3179346370807396e-09,,
160Tb,160,650,,-67836.5,1.1,,,,72.3,d,0.2,3-*,,5.0,,1943,B-=100,False,65,95,7.31800274304172e-09,,
160Dy,160,660,,-69672.4,0.7,,,,stbl,,,0+,,5.0,,1938,IS=2.329 18,False,66,94,4.6568940271618345e-09,,
160Ho,160,670,,-66382.0,15.0,,,,25.6,m,0.3,5+*,,5.0,,1950,B+=100,False,67,93,9.979362942547899e-08,2.80e+10,24.055470347121616
160Ho,160,671,m,-66322.0,15.0,59.98,0.03,,5.02,h,0.05,2-*,,5.0,,1955,IT=73 3;B+=27 3,False,67,93,9.979366926056879e-08,2.80e+10,24.055470347121616
160Ho,160,672,n,-66185.0,22.0,197.0,16.0,,~3,s,,(9+),,5.0,,1988,IT=100,False,67,93,1.4636418165229866e-07,2.80e+10,24.055470347121616
160Er,160,680,,-66064.0,24.0,,,,28.58,h,0.09,0+,,5.0,,1954,EC=100,False,68,92,1.5967151876694588e-07,4.00e+8,19.806975105072254
160Tm,160,690,,-60300.0,30.0,,,,9.4,m,0.3,1-*,,5.0,,1970,B+=100,False,69,91,1.9959877007815478e-07,1.50e+8,18.82614585206053
160Tm,160,691,m,-60230.0,30.0,67.0,14.0,,74.5,s,1.5,(5+),,5.0,,1983,IT=85 5;B+=15 5,False,69,91,1.995988630374258e-07,1.50e+8,18.82614585206053
160Tm,160,692,n,-60090.0,60.0,215.0,52.0,,~200,ns,,(8),,5.0,,1986,IT=100,True,69,91,3.991980979124551e-07,1.50e+8,18.82614585206053
160Yb,160,700,,-58163.0,5.0,,,,4.8,m,0.2,0+,,5.0,,1967,B+=100,False,70,90,3.3267220937609006e-08,4.00e+9,22.1095601980663
160Lu,160,710,,-50270.0,60.0,,,*,36.1,s,0.3,2-.0,,5.0,,1979,B+=100;A ?,False,71,89,3.992310525525219e-07,1.00e+8,18.420680743952367
160Lu,160,711,m,-50270.0,120.0,0.0,100.0,*,40,s,1,,,5.0,,1980,B+~100;A ?,True,71,89,7.984621051050438e-07,1.00e+8,18.420680743952367
160Hf,160,720,,-45939.0,10.0,,,,13.6,s,0.2,0+,,5.0,,1973,B+=99.3 2;A=0.7 2,False,72,88,6.654099895375189e-08,,
160Ta,160,730,,-35820.0,50.0,,,*&,1.70,s,0.20,(2)-,,5.0,,1979,B+ ?;A=?,False,73,87,3.3273026190542675e-07,,
160Ta,160,731,m,-35710.0,240.0,110.0,250.0,*&,1.55,s,0.04,"(9,10)+",,5.0,,1979,B+ ?;A=?,False,73,87,1.5971064262384554e-06,,
160W,160,740,,-29330.0,150.0,,,,90,ms,5,0+,,5.0,,1979,A=87 8;B+ ?,False,74,86,9.982424896903188e-07,,
160Re,160,750,,-16880.0,300.0,,,,611,us,7,(4-),,5.0,,1992,p=89 1;A=11 1,True,75,85,1.996667596972585e-06,,
160Re,160,751,m,-16700.0,300.0,177.0,15.0,,2.8,us,0.1,(9+),,,,2011,IT=100,True,75,85,1.996669988984346e-06,,
161Pr,161,590,,-32490.0,500.0,,,,90.0,ms,>550ns,3/2-.0,,,,2018,B- ?;B-n ?,True,59,102,3.306305037002449e-06,,
161Nd,161,600,,-42230.0,400.0,,,,215,ms,76,1/2-.0,,17.0,,2012,B-=100;B-n ?,True,60,101,2.6448963001899103e-06,,
161Pm,161,610,,-50087.0,9.0,,,,1.05,s,0.15,(5/2-),,17.0,,2012,B-=100;B-n ?,False,61,100,5.9507584092356025e-08,,
161Pm,161,611,m,-49121.0,9.0,965.9,0.9,,0.89,us,0.09,(13/2+),,17.0,,2015,IT=100,False,61,100,5.9507964178492276e-08,,
161Sm,161,620,,-56672.0,7.0,,,,4.8,s,0.4,7/2+.0,,11.0,,1998,B-=100,False,62,99,4.628205718753888e-08,,
161Sm,161,621,m,-55284.0,7.0,1388.1,0.6,,2.6,us,0.4,(17/2-),,,,2017,IT=100,False,62,99,4.628248192515083e-08,,
161Eu,161,630,,-61792.0,10.0,,,,26.2,s,2.3,5/2+.0,,11.0,,1986,B-=100,False,63,98,6.611555177301918e-08,,
161Gd,161,640,,-65506.1,1.5,,,,3.646,m,0.003,5/2-,,11.0,,1949,B-=100,False,64,97,9.91717404119733e-09,,
161Tb,161,650,,-67461.8,1.2,,,,6.948,d,0.005,3/2+*,,11.0,,1949,B-=100,False,65,96,7.93370448959895e-09,,
161Dy,161,660,,-68055.5,0.7,,,,stbl,,,5/2+*,,11.0,,1934,IS=18.889 42,False,66,95,4.628015692780608e-09,,
161Dy,161,661,m,-67569.9,0.7,485.56,0.16,,760,ns,170,11/2-,,11.0,,2012,IT=100,False,66,95,4.628030551168032e-09,,
161Ho,161,670,,-67196.3,2.2,,,,2.48,h,0.05,7/2-*,,11.0,,1954,EC=100,False,67,94,1.4545399178154559e-08,,
161Ho,161,671,m,-66985.2,2.2,211.15,0.03,,6.76,s,0.07,1/2+,,11.0,,1965,IT=100,False,67,94,1.4545419479155317e-08,,
161Er,161,680,,-65201.0,9.0,,,,3.21,h,0.03,3/2-*,,11.0,,1954,B+=100,False,68,93,5.9505199546863175e-08,2.90e+8,19.485391480944795
161Er,161,681,m,-64805.0,9.0,396.44,0.04,,7.5,us,0.7,11/2-,,11.0,,1969,IT=100,False,68,93,5.950535534549711e-08,2.90e+8,19.485391480944795
161Tm,161,690,,-61899.0,28.0,,,,30.2,m,0.8,7/2+*,,11.0,,1959,B+=100,False,69,92,1.8513291235531337e-07,1.30e+9,20.985630101413904
161Tm,161,691,m,-61891.0,28.0,7.51,0.24,,5.0,m,,(1/2+),,11.0,,1981,B+ ?;IT ?,False,69,92,1.851329221479411e-07,1.30e+9,20.985630101413904
161Tm,161,692,n,-61821.0,28.0,78.2,0.03,,110,ns,3,7/2-,,11.0,,1981,IT=100,False,69,92,1.8513300783347793e-07,1.30e+9,20.985630101413904
161Yb,161,700,,-57834.0,15.0,,,,4.2,m,0.2,3/2-*,,11.0,,1974,B+=100,False,70,91,9.918185978925434e-08,5.00e+9,22.33270374938051
161Lu,161,710,,-52562.0,28.0,,,,77,s,2,1/2+*,,11.0,,1973,B+=100,False,71,90,1.8514750900653195e-07,7.00e+5,13.458835614025542
161Lu,161,711,m,-52380.0,28.0,182.0,5.0,,7.3,ms,0.4,(9/2-),,11.0,,1973,IT~100;B+ ?,True,71,90,1.8514773182420069e-07,7.00e+5,13.458835614025542
161Hf,161,720,,-46316.0,23.0,,,,18.4,s,0.4,(7/2-),,15.0,,1973,B+=99.71 5;A=0.29 5,False,72,89,1.520930361459445e-07,,
161Hf,161,721,m,-45987.0,23.0,329.0,0.5,,4.8,us,0.2,(13/2+),,15.0,,2014,IT=100,False,72,89,1.5209336703901007e-07,,
161Ta,161,730,,-38779.0,24.0,,,*,3.0,s,,(1/2+),,11.0,,1979,B+ ?;A ?,False,73,88,1.5871504464764547e-07,,
161Ta,161,731,m,-38717.0,12.0,61.0,23.0,AD*,3.08,s,0.11,(11/2-),,11.0,,1979,B+=93 3;A=7 3,False,73,88,7.935755486152056e-08,,
161W,161,740,,-30510.0,200.0,,,,409,ms,16,7/2-.0,,11.0,,1973,A=73 3;B+=27 3,True,74,87,1.3227090161039487e-06,,
161Re,161,750,,-20840.0,150.0,,,,440,us,1,1/2+,,11.0,,1979,p~100;A ?,False,75,86,9.921036960374508e-07,,
161Re,161,751,m,-20720.0,150.0,123.7,1.3,IT,14.7,ms,0.3,11/2-,,11.0,,1979,A=93.0 3;p=7.0 3,False,75,86,9.921044834538706e-07,,
161Os,161,760,,-10200.0,400.0,,,,640,us,60,(7/2-),,11.0,,2010,A~100,True,76,85,2.6458186835684386e-06,,
162Nd,162,600,,-39010.0,400.0,,,,310,ms,200,0+,,17.0,,2012,B-=100,True,60,102,2.6286216065540455e-06,,
162Pm,162,610,,-46040.0,300.0,,,,630,ms,180,2+.0,,17.0,,2012,B-=100;B-n ?,True,61,101,1.9713918857651795e-06,,
162Sm,162,620,,-54379.0,4.0,,,,2.7,s,0.3,0+,,7.0,,2005,B-=100,False,62,100,2.6284008213929925e-08,,
162Sm,162,621,m,-53370.0,4.0,1009.4,0.5,,1.78,us,0.07,(4-),,,,2017,IT=100,False,62,100,2.628418248176774e-08,,
162Eu,162,630,,-58722.9,1.3,,,,~10,s,,1+.0,,7.0,,1987,B-=100,False,63,99,8.542131440057523e-09,,
162Eu,162,631,m,-58565.0,1.3,158.0,1.7,MD,15.0,s,0.5,(6+),,7.0,,2016,B-=100,False,63,99,8.542140302873417e-09,,
162Gd,162,640,,-64281.0,4.0,,,,8.4,m,0.2,0+,,7.0,,1967,B-=100,False,64,98,2.6282744826483533e-08,,
162Tb,162,650,,-65879.5,2.0,,,,7.60,m,0.15,(1-),,16.0,,1965,B-=100,False,65,97,1.3141346062729746e-08,,
162Tb,162,651,m,-65594.0,2.5,286.0,3.0,,10.0,m,,4-.0,,,,2020,B- ?; IT ?,False,65,97,1.642671339372983e-08,,
162Dy,162,660,,-68181.2,0.7,,,,stbl,,,0+,,7.0,,1934,IS=25.475 36,False,66,96,4.59944064765282e-09,,
162Dy,162,661,m,-65993.1,0.8,2188.1,0.3,,8.3,us,0.3,8+,,,,2011,IT=100,False,66,96,5.256579172178155e-09,,
162Ho,162,670,,-66041.0,3.0,,,,15.0,m,1.0,1+*,,7.0,,1957,B+=100,False,67,95,1.9712333209422992e-08,,
162Ho,162,671,m,-65935.0,3.0,105.87,0.06,,67.0,m,0.7,6-*,,7.0,,1961,IT=62;B+=38,False,67,95,1.9712346939120734e-08,,
162Er,162,680,,-66334.2,0.8,,,,stbl,,>140Ty,0+,,7.0,,1938,IS=0.139 5;A ?;2B+ ?,False,68,94,5.256656734074259e-09,,
162Er,162,681,m,-64308.2,0.8,2026.01,0.13,,88,ns,16,7(-),,7.0,,1974,IT=100,False,68,94,5.256726714160218e-09,,
162Tm,162,690,,-61477.0,26.0,,,,21.70,m,0.19,1-*,,7.0,,1963,B+=100,False,69,93,1.7084824852650546e-07,3.00e+8,19.519293032620475
162Tm,162,691,m,-61350.0,50.0,130.0,40.0,,24.3,s,1.7,5+,,7.0,,1974,IT=81 4;B+=19 4,False,69,93,3.2855459827743984e-07,3.00e+8,19.519293032620475
162Yb,162,700,,-59821.0,15.0,,,,18.87,m,0.19,0+,,7.0,,1963,B+=100,False,70,92,9.856820751003641e-08,6.20e+9,22.547815128997456
162Lu,162,710,,-52830.0,80.0,,,*,1.37,m,0.02,1-*,,7.0,,1978,B+=100,False,71,91,5.25725726240056e-07,1.80e+7,16.70588231586044
162Lu,162,711,m,-52710.0,220.0,120.0,200.0,*,1.5,m,,4-.0,,7.0,,1980,B+~100;IT ?,True,71,91,1.4457468872596521e-06,1.80e+7,16.70588231586044
162Lu,162,712,n,-52530.0,220.0,300.0,200.0,EU,1.9,m,,9-.0,,7.0,,1980,B+ ?;IT ?,True,71,91,1.4457485974122712e-06,1.80e+7,16.70588231586044
162Hf,162,720,,-49168.0,9.0,,,,39.4,s,0.9,0+,,7.0,,1982,B+=99.992 1;A=0.008 1,False,72,90,5.9146070253641443e-08,,
162Ta,162,730,,-39780.0,60.0,,,*,3.57,s,0.12,3-.0,,16.0,,1985,B+=99.926 10;A=0.074 10,False,73,89,3.943348155246461e-07,,
162Ta,162,731,m,-39660.0,80.0,120.0,50.0,*,5.0,s,,7+.0,,,,9999,B+ ?;IT ?;A ?,True,73,89,5.257801686997131e-07,,
162W,162,740,,-33999.0,18.0,,,,1.19,s,0.12,0+,,16.0,,1973,B+ ?;A=45.2 16,False,74,88,1.1830594520466352e-07,,
162Re,162,750,,-22450.0,200.0,,,,107,ms,13,(2)-,,7.0,,1979,A=94 6;B+ ?,True,75,87,1.3146214654016087e-06,,
162Re,162,751,m,-22280.0,200.0,175.0,9.0,AD,77,ms,9,(9)+,,7.0,,1979,A=91 5;B+ ?,True,75,87,1.314622934398408e-06,,
162Os,162,760,,-14500.0,300.0,,,,2.1,ms,0.1,0+,,7.0,,1989,A=100,True,76,86,1.9720520148863873e-06,,
163Nd,163,600,,-34080.0,500.0,,,,80.0,ms,>550ns,5/2-.0,,,,2018,B- ?;B-n ?,True,60,103,3.2657189391134915e-06,,
163Pm,163,610,,-42960.0,400.0,,,,255,ms,25,5/2-.0,,17.0,,2012,B-=100;B-n ?,True,61,102,2.612445699777542e-06,,
163Sm,163,620,,-50600.0,7.0,,,,1.3,s,0.5,1/2-.0,,17.0,,2012,B-=100,False,62,101,4.571590478475702e-08,,
163Eu,163,630,,-56573.8,0.9,,,,7.7,s,0.4,5/2+.0,,10.0,,2007,B-=100,False,63,100,5.877579524276369e-09,,
163Eu,163,631,m,-55609.3,1.0,964.5,0.5,,911,ns,24,(13/2-),,,,2017,IT=100,False,63,100,6.530685051381189e-09,,
163Gd,163,640,,-61388.6,0.8,,,,68,s,3,7/2+,,10.0,,1982,B-=100,False,64,99,5.224394984921297e-09,,
163Gd,163,641,m,-61250.4,0.8,138.22,0.2,,23.5,s,1.0,1/2-,,,,2014,IT= ?;B- ?,False,64,99,5.224399700016388e-09,,
163Tb,163,650,,-64596.0,4.0,,,,19.5,m,0.3,3/2+,,10.0,,1966,B-=100,False,65,98,2.6121648409050055e-08,,
163Dy,163,660,,-66380.9,0.7,,,,stbl,,,5/2-*,,10.0,,1934,IS=24.896 42,False,66,97,4.5712737971582504e-09,,
163Ho,163,670,,-66378.0,0.7,,,,4.570,ky,0.025,7/2-*,,10.0,,1957,EC=100,False,67,96,4.571312492881109e-09,,
163Ho,163,671,m,-66080.1,0.7,297.88,0.07,,1.09,s,0.03,1/2+,,10.0,,1957,IT=100,False,67,96,4.571321386021105e-09,,
163Ho,163,672,n,-64268.6,0.8,2109.4,0.4,,800,ns,150,(23/2+),,,,2012,IT=100,False,67,96,5.224429102923177e-09,,
163Er,163,680,,-65167.0,5.0,,,,75.0,m,0.4,5/2-*,,10.0,,1953,B+=100,False,68,95,3.265276610867669e-08,,
163Er,163,681,m,-64722.0,5.0,445.5,0.6,,580,ns,100,(11/2-),,10.0,,1974,IT=100,False,68,95,3.265286100103143e-08,,
163Tm,163,690,,-62728.0,6.0,,,,1.810,h,0.005,1/2+*,,10.0,,1959,B+=100,False,69,94,3.9184274415562196e-08,2.30e+8,19.25358986688747
163Tm,163,691,m,-62641.0,6.0,86.92,0.05,,380,ns,30,(7/2)-,,10.0,,1975,IT=100,False,69,94,3.918429667898159e-08,2.30e+8,19.25358986688747
163Yb,163,700,,-59294.0,15.0,,,,11.05,m,0.35,3/2-*,,10.0,,1967,B+=100,False,70,93,9.796371045765529e-08,1.20e+10,23.208172486734412
163Lu,163,710,,-54791.0,28.0,,,,3.97,m,0.13,1/2+*,,10.0,,1979,B+=100,False,71,92,1.8287251555706722e-07,1.60e+7,16.588099280204055
163Hf,163,720,,-49269.0,26.0,,,,40.0,s,0.6,(5/2-),,15.0,,1982,B+=100;A ?,False,72,91,1.6981775195095287e-07,,
163Ta,163,730,,-42530.0,40.0,,,,10.6,s,1.8,1/2+,,10.0,,1985,B+~100;A ?,False,73,90,2.612717869722829e-07,,
163Ta,163,731,m,-42400.0,40.0,138.0,18.0,AD,10.0,s,,9/2-,,,,9999,B+ ?;A ?;IT ?,True,73,90,2.6127200882704793e-07,,
163W,163,740,,-34910.0,60.0,,,,2.63,s,0.09,7/2-,,10.0,,1973,B+ ?;A=14 2,False,74,89,3.919304986743343e-07,,
163W,163,741,m,-34430.0,60.0,480.3,0.7,,154,ns,3,13/2+,,10.0,,2010,IT=100,False,74,89,3.919317275543137e-07,,
163Re,163,750,,-26002.0,19.0,,,,390,ms,70,1/2+,,10.0,,1979,B+ ?;A=32 3,False,75,88,1.2411959552378928e-07,,
163Re,163,751,m,-25882.0,19.0,120.0,5.0,AD,214,ms,5,11/2-,,10.0,,1979,A=66 4;B+ ?,False,75,88,1.241196928228592e-07,,
163Os,163,760,,-16340.0,300.0,,,,5.7,ms,0.5,7/2-,,10.0,,1981,A~100;B+ ?,True,76,87,1.9599233528894787e-06,,
163Ir,163,770,,-5310.0,400.0,,,,,,,1/2+.0,,,,9999,p ?,True,77,86,2.6134415435080307e-06,,
164Pm,164,610,,-38360.0,400.0,,,,300.0,ms,>550ns,5-.0,,,,2018,B- ?;B-n ?,True,61,103,2.5965899711121277e-06,,
164Sm,164,620,,-47925.0,4.0,,,,1.43,s,0.24,0+,,17.0,,2012,B-=100;B-n ?,False,62,102,2.5964505538607352e-08,,
164Sm,164,621,m,-46440.0,4.0,1485.5,1.2,,600,ns,140,(6-),,17.0,,2014,IT=100,False,62,102,2.5964755821267055e-08,,
164Eu,164,630,,-53232.1,2.1,,,,4.16,s,0.19,3-.0,,17.0,,2007,B-=100,False,63,101,1.3631010267158092e-08,,
164Gd,164,640,,-59693.7,1.0,,,,45,s,3,0+,,17.0,,1988,B-=100,False,64,100,6.490739525207795e-09,,
164Gd,164,641,m,-58597.9,1.1,1095.8,0.4,,589,ns,18,(4-),,17.0,,2017,IT=100,False,64,100,7.139864260387054e-09,,
164Tb,164,650,,-62105.0,1.9,,,,3.0,m,0.1,(5+),,17.0,,1968,B-=100,False,65,99,1.2332315609226625e-08,,
164Tb,164,651,m,-61960.0,12.0,145.0,12.0,MD,2.0,m,,2+.0,,,,2020,B- ?; IT ?,False,65,99,7.788838241558741e-08,,
164Dy,164,660,,-65967.6,0.7,,,,stbl,,,0+,,17.0,,1934,IS=28.260 54,False,66,98,4.5434089307675935e-09,,
164Ho,164,670,,-64980.5,1.4,,,,28.8,m,0.5,1+*,,17.0,,1938,EC=61 1;B+=39 1,False,67,97,9.08695236059042e-09,,
164Ho,164,671,m,-64840.7,1.4,139.78,0.07,,36.6,m,0.3,6-*,,17.0,,1966,IT=100,False,67,97,9.086960606072122e-09,,
164Er,164,680,,-65942.6,0.7,,,,stbl,,,0+,,17.0,,1938,IS=1.601 3;A ?;2B+ ?,False,68,96,4.543485948441694e-09,,
164Tm,164,690,,-61909.0,25.0,,,,2.0,m,0.1,1+*,,17.0,,1960,B+=100;EC=61 1;e+=39 1,False,69,95,1.6227296596864495e-07,3.90e+7,17.47907220409392
164Tm,164,691,m,-61889.0,28.0,20.0,12.0,,5.1,m,0.1,6-*,,17.0,,1971,IT~80;B+~20,False,69,95,1.8174574547881927e-07,3.90e+7,17.47907220409392
164Yb,164,700,,-61012.0,15.0,,,,75.8,m,1.7,0+,,17.0,,1960,EC=100,False,70,94,9.736516384792632e-08,1.40e+10,23.36232316656167
164Lu,164,710,,-54642.0,28.0,,,,3.14,m,0.03,1-*,,17.0,,1977,B+=100,False,71,93,1.8175734696410567e-07,3.00e+7,17.216707939626428
164Hf,164,720,,-51818.0,16.0,,,,111,s,8,0+,,17.0,,1981,B+=100,False,72,92,1.0386411709640152e-07,,
164Ta,164,730,,-43283.0,28.0,,,,14.2,s,0.3,(3+),,17.0,,1982,B+=100,False,73,91,1.817738022129702e-07,,
164W,164,740,,-38236.0,10.0,,,,6.3,s,0.2,0+,,17.0,,1973,B+=96.2 12;A=3.8 12,False,74,90,6.492188732197041e-08,,
164Re,164,750,,-27470.0,50.0,,,*,719,ms,89,(2)-,,17.0,,1979,A=?;B+ ?,False,75,89,3.2463485274698114e-07,,
164Re,164,751,m,-27520.0,240.0,-50.0,250.0,*,890,ms,130,"(9,10)+",,17.0,,2009,B+ ?;A=3 1,False,75,89,1.558246787324293e-06,,
164Os,164,760,,-20420.0,150.0,,,,21,ms,1,0+,,17.0,,1981,A=96 4;B+ ?,False,76,88,9.739573182193168e-07,,
164Ir,164,770,,-7480.0,320.0,,,,1.0,ms,,2-.0,,17.0,,9999,p ?;A ?;B+ ?,True,77,87,2.077967653236929e-06,,
164Ir,164,771,m,-7220.0,300.0,260.0,100.0,,70,us,10,(9+),,17.0,,2001,p=?;A=4 2;B+ ?,True,77,87,1.9480979639783213e-06,,
165Pm,165,610,,-34670.0,500.0,,,,260.0,ms,>550ns,5/2-.0,,,,2018,B- ?;B-n ?,True,61,104,3.2261379922017197e-06,,
165Sm,165,620,,-43510.0,400.0,,,,980,ms,210,5/2-.0,,17.0,,2012,B-=100;B-n ?,True,62,103,2.5807847271399846e-06,,
165Eu,165,630,,-50729.0,5.0,,,,2.53,s,0.25,5/2+.0,,8.0,,2007,B-=100;B-n ?,False,63,102,3.225857577353046e-08,,
165Gd,165,640,,-56525.8,1.3,,,,11.6,s,1.0,1/2-.0,,6.0,,1998,B-=100,False,64,101,8.386986016480844e-09,,
165Tb,165,650,,-60588.8,1.5,,,,2.11,m,0.10,(3/2+),,6.0,,1983,B-=100,False,65,100,9.677118641036585e-09,,
165Tb,165,651,m,-60382.0,5.0,207.0,5.0,,0.81,us,0.08,(7/2-),,,,2017,IT=100,False,65,100,3.22571051726729e-08,,
165Dy,165,660,,-63612.3,0.7,,,,2.332,h,0.004,7/2+*,,20.0,,1935,B-=100,False,66,99,4.515938292134228e-09,,
165Dy,165,661,m,-63504.1,0.7,108.1552,0.0013,,1.257,m,0.006,1/2-,,6.0,,1963,IT=97.76 11;B-=2.24 11,False,66,99,4.515941444419564e-09,,
165Ho,165,670,,-64898.0,0.8,,,,stbl,,,7/2-*,,6.0,,1934,IS=100,False,67,98,5.161072587993497e-09,,
165Ho,165,671,m,-64536.3,0.8,361.675,0.011,,1.512,us,0.004,3/2+,,6.0,,1958,IT=100,False,67,98,5.161084631126139e-09,,
165Ho,165,672,n,-64182.7,0.8,715.33,0.02,,<100,ns,,7/2+,,6.0,,1958,IT=100,False,67,98,5.161096404616198e-09,,
165Er,165,680,,-64521.4,0.9,,,,10.36,h,0.04,5/2-*,,6.0,,1950,EC=100,False,68,97,5.8062692141882475e-09,,
165Er,165,681,m,-63970.1,1.1,551.3,0.6,,250,ns,30,11/2-,,6.0,,1970,IT=100,False,68,97,7.096576501912906e-09,,
165Er,165,682,n,-62698.4,1.1,1823.0,0.6,,370,ns,40,(19/2),,,,2012,IT=100,False,68,97,7.0966347247450336e-09,,
165Tm,165,690,,-62930.0,1.7,,,,30.06,h,0.03,1/2+*,,6.0,,1953,B+=100,False,69,96,1.0967601518133567e-08,1.10e+9,20.818576016750736
165Tm,165,691,m,-62849.6,1.7,80.37,0.06,,80,us,3,7/2+,,6.0,,1967,IT=100,False,69,96,1.096760720706473e-08,1.10e+9,20.818576016750736
165Tm,165,692,n,-62769.5,1.7,160.47,0.06,,9.0,us,0.5,7/2-,,6.0,,1968,IT=100,False,69,96,1.0967612874774404e-08,1.10e+9,20.818576016750736
165Yb,165,700,,-60295.0,27.0,,,,9.9,m,0.3,5/2-*,,6.0,,1964,B+=100,False,70,95,1.7419573300320617e-07,3.60e+10,24.30678477540252
165Yb,165,701,m,-60168.0,27.0,126.8,0.09,,300,ns,30,9/2+,,6.0,,1980,IT=100,False,70,95,1.7419587573322984e-07,3.60e+10,24.30678477540252
165Lu,165,710,,-56442.0,27.0,,,,10.74,m,0.10,1/2+*,,6.0,,1973,B+=100,False,71,94,1.7420151693963883e-07,2.00e+8,19.11382792451231
165Hf,165,720,,-51636.0,28.0,,,,76,s,4,(5/2-),,6.0,,1981,B+=100,False,72,93,1.806605343876713e-07,,
165Ta,165,730,,-45848.0,14.0,,,*,31.0,s,1.5,"(1/2+,3/",2+),6.0,,1982,B+=100,False,73,92,9.03343945635748e-08,,
165Ta,165,731,m,-45823.0,17.0,24.0,18.0,AD*,30.0,s,,(9/2-),,,,9999,B+ ?; A ?,False,73,92,1.0969178252173503e-07,,
165W,165,740,,-38861.0,26.0,,,,5.1,s,0.5,(5/2-),,6.0,,1975,B+=100;A ?,False,74,91,1.6777283946695034e-07,,
165Re,165,750,,-30659.0,24.0,,,*,1.6,s,0.6,(1/2+),,15.0,,1981,B+=86 8;A=14 8,False,75,90,1.5487672595958158e-07,,
165Re,165,751,m,-30632.0,12.0,28.0,22.0,AD*,1.74,s,0.06,(11/2-),,15.0,,1978,B+=87 1;A=13 1,False,75,90,7.743837647236827e-08,,
165Os,165,760,,-21750.0,200.0,,,,71,ms,3,(7/2-),,14.0,,1978,A=90 2;B+=10 2,True,76,89,1.290724361267791e-06,,
165Ir,165,770,,-11600.0,160.0,,,,50.0,ns,,1/2+.0,,6.0,,9999,p ?;A ?,True,77,88,1.032655751611417e-06,,
165Ir,165,771,m,-11420.0,150.0,180.0,50.0,,325,us,33,(11/2-),,6.0,,1997,p=88 2;A=12 2,False,77,88,9.681158918324528e-07,,
165Pt,165,780,,-320.0,400.0,,,,370,us,180,7/2-.0,,,,2019,A=100,True,78,87,2.581848894839634e-06,,
166Sm,166,620,,-40450.0,400.0,,,,800,ms,630,0+,,17.0,,2017,B-=100,True,62,104,2.565284515654326e-06,,
166Eu,166,630,,-46750.0,100.0,,,,1.24,s,0.12,0-.0,,14.0,,2007,B-=100;B-n ?,True,63,103,6.413005375117048e-07,,
166Gd,166,640,,-54370.9,1.6,,,,5.1,s,0.8,0+,,15.0,,2005,B-=100,False,64,102,1.026039224654897e-08,,
166Gd,166,641,m,-52769.4,1.9,1601.5,1.1,,950,ns,60,(6-),,15.0,,2014,IT=100,False,64,102,1.218434092609668e-08,,
166Tb,166,650,,-57808.8,1.5,,,,27.1,s,1.5,(1-),,8.0,,1996,B-=100,False,65,101,9.618985445409958e-09,,
166Tb,166,651,m,-57649.8,2.1,159.0,1.5,,3.5,us,0.4,4-.0,,,,2017,IT=100,False,65,101,1.346659335428028e-08,,
166Dy,166,660,,-62584.5,0.8,,,,81.6,h,0.1,0+,,8.0,,1949,B-=100,False,66,100,5.130011011434149e-09,,
166Ho,166,670,,-63070.3,0.8,,,,26.812,h,0.007,0-*,,8.0,,1936,B-=100,False,67,99,5.130037576371207e-09,,
166Ho,166,671,m,-63064.3,0.8,5.969,0.012,,1.1326,ky,0.0039,7-,,8.0,,1952,B-=100,False,67,99,5.130037773750856e-09,,
166Ho,166,672,n,-62879.4,0.8,190.9021,0.002,,185,us,15,3+,,8.0,,1960,IT=100,False,67,99,5.130043856341155e-09,,
166Er,166,680,,-64924.1,0.3,,,,stbl,,,0+,,8.0,,1934,IS=33.503 36,False,68,98,1.9237571771076855e-09,,
166Tm,166,690,,-61886.0,12.0,,,,7.70,h,0.03,2+*,,8.0,,1948,B+=100,False,69,97,7.695242446972707e-08,,
166Tm,166,691,m,-61764.0,14.0,122.0,7.0,,348,ms,21,(6-),,8.0,,1996,IT=100,False,69,97,8.97778987857225e-08,,
166Tm,166,692,n,-61642.0,14.0,244.0,7.0,,2,us,1,(6-),,8.0,,1995,IT=100,False,69,97,8.977796902353999e-08,,
166Yb,166,700,,-61594.0,7.0,,,,56.7,h,0.1,0+,,8.0,,1954,EC=100,False,70,96,4.488937063120268e-08,2.00e+10,23.7189981105004
166Lu,166,710,,-56021.0,30.0,,,,2.65,m,0.10,6-*,,8.0,,1969,B+=100,False,71,95,1.9239148840966562e-07,3.60e+9,22.004199682408476
166Lu,166,711,m,-55990.0,30.0,34.37,0.22,,1.41,m,0.10,3-*,,8.0,,1974,B+=58 5;IT=42 5,False,71,95,1.923915266579742e-07,3.60e+9,22.004199682408476
166Lu,166,712,n,-55980.0,30.0,43.0,0.4,,2.12,m,0.10,0-*,,8.0,,1974,B+=90 6;IT ?,False,71,95,1.923915389961415e-07,3.60e+9,22.004199682408476
166Hf,166,720,,-53859.0,28.0,,,,6.77,m,0.30,0+,,8.0,,1965,B+=100,False,72,94,1.7956936829910705e-07,5.67e+5,13.248114582709889
166Ta,166,730,,-46098.0,28.0,,,,34.4,s,0.5,(2)+,,8.0,,1977,B+=100,False,73,93,1.7957979598953554e-07,,
166W,166,740,,-41887.0,9.0,,,,19.2,s,0.6,0+,,8.0,,1975,B+=99.965 12;A=0.035 12,False,74,92,5.7724115081495927e-08,,
166Re,166,750,,-31840.0,90.0,,,,2.25,s,0.21,(7+),,8.0,,1978,B+=88 7;A=12 7,False,75,91,5.772831392250842e-07,,
166Re,166,753,p,-31560.0,100.0,280.0,50.0,,3.0,s,,3-.0,,8.0,,9999,B+ ?;A ?;IT ?,True,75,91,6.414268622475994e-07,,
166Os,166,760,,-25432.0,18.0,,,,213,ms,5,0+,,16.0,,1977,A=83 4;B+=17 4,False,76,90,1.1546233149088417e-07,,
166Ir,166,770,,-13310.0,200.0,,,,10.5,ms,2.2,(2)-,,8.0,,1981,A=93 3;p=7 3,True,77,89,1.2830252033343977e-06,,
166Ir,166,771,m,-13130.0,200.0,171.0,6.0,p,15.1,ms,0.9,(9)+,,8.0,,1996,A=98.2 6;p=1.8 6,True,77,89,1.2830266848744136e-06,,
166Pt,166,780,,-4780.0,300.0,,,,294,us,62,0+,,8.0,,1996,A=100,True,78,88,1.92465909300471e-06,,
167Sm,167,620,,-35330.0,500.0,,,,190.0,ms,>550ns,7/2-.0,,,,2018,B- ?;B-n ?,True,62,105,3.1875035860823744e-06,,
167Eu,167,630,,-43770.0,400.0,,,,1.33,s,0.51,5/2+.0,,17.0,,2012,B-=100;B-n ?,True,63,104,2.5498866958815136e-06,,
167Gd,167,640,,-50776.0,5.0,,,,4.2,s,0.3,5/2-.0,,17.0,,2012,B-=100,False,64,103,3.187242301202685e-08,,
167Tb,167,650,,-55883.1,1.9,,,,18.9,s,1.6,(3/2+),,0.0,,1999,B-=100,False,65,102,1.2111226310932078e-08,,
167Tb,167,651,m,-55683.0,6.0,200.0,6.0,,1.2,us,0.1,(7/2-),,,,2017,IT=100,False,65,102,3.82460266069315e-08,,
167Dy,167,660,,-59911.0,4.0,,,,6.20,m,0.08,(1/2-),,0.0,,1960,B-=100,False,66,101,2.549687411241155e-08,,
167Ho,167,670,,-62279.0,5.0,,,,3.1,h,0.1,7/2-,,0.0,,1955,B-=100,False,67,100,3.187087431972259e-08,,
167Ho,167,671,m,-62020.0,5.0,259.34,0.11,,6.0,us,1.0,3/2+,,0.0,,1977,IT=100,False,67,100,3.1870926935795685e-08,,
167Er,167,680,,-63289.26,0.29,,,,stbl,,,7/2+*,,0.0,,1934,IS=22.869 9,False,68,99,1.8485140459152602e-09,,
167Er,167,681,m,-63081.46,0.29,207.801,0.005,,2.269,s,0.006,1/2-,,0.0,,1986,IT=100,False,68,99,1.8485164943787383e-09,,
167Tm,167,690,,-62543.1,1.3,,,,9.25,d,0.02,1/2+*,,0.0,,1948,EC=100,False,69,98,8.286550000807617e-09,6.80e+9,22.640188449128473
167Tm,167,691,m,-62363.6,1.3,179.48,0.019,,1.16,us,0.06,7/2+,,0.0,,1964,IT=100,False,69,98,8.28655948213424e-09,6.80e+9,22.640188449128473
167Tm,167,692,n,-62250.3,1.3,292.82,0.02,,0.9,us,0.1,7/2-,,0.0,,1965,IT=100,False,69,98,8.286565466737647e-09,6.80e+9,22.640188449128473
167Yb,167,700,,-60590.0,4.0,,,,17.5,m,0.2,5/2-*,,0.0,,1954,B+=100,False,70,97,2.5497604563656166e-08,1.20e+10,23.208172486734412
167Yb,167,701,m,-60018.0,4.0,571.548,0.022,,~180,ns,,11/2-,,0.0,,1976,IT=100,False,70,97,2.5497697532276047e-08,1.20e+10,23.208172486734412
167Lu,167,710,,-57530.0,40.0,,,,51.5,m,1.0,7/2+*,,6.0,,1958,B+=100,False,71,96,2.549831213893065e-07,1.20e+9,20.905587393740365
167Lu,167,711,m,-57480.0,60.0,50.0,40.0,,>1,m,,1/2+*,,6.0,,1998,IT ?;B+ ?,True,71,96,3.8247480398973403e-07,1.20e+9,20.905587393740365
167Hf,167,720,,-53468.0,28.0,,,,2.05,m,0.05,(5/2)-,,0.0,,1969,B+=100,False,72,95,1.7849427840734043e-07,2.22e+5,12.310432660854417
167Ta,167,730,,-48351.0,28.0,,,,1.33,m,0.07,(3/2+),,0.0,,1982,B+=100,False,73,94,1.785015727953741e-07,,
167W,167,740,,-42093.0,19.0,,,,19.9,s,0.5,(5/2-),,0.0,,1985,B+=99.96 1;A=0.04 1,False,74,93,1.2113189856394636e-07,,
167W,167,741,m,-41967.0,19.0,125.7,2.2,,>1.0,us,,(13/2+),,,,9999,IT ?;B+ ?,False,74,93,1.2113199586876364e-07,,
167Re,167,750,,-34830.0,40.0,,,,3.4,s,0.4,9/2-,,0.0,,1992,A~100;B+=?,True,75,92,2.5502843502363065e-07,,
167Re,167,751,m,-34700.0,40.0,131.0,13.0,,5.9,s,0.3,1/2+,,0.0,,1984,B+ ?;A=?,False,75,92,2.5502864640218955e-07,,
167Os,167,760,,-26500.0,80.0,,,,839,ms,5,7/2-,,9.0,,1977,A=51 4;B+ ?,False,76,91,5.100881668050285e-07,,
167Os,167,761,m,-26070.0,80.0,434.3,1.1,,672,ns,7,13/2+,,9.0,,2009,IT=100,False,76,91,5.100895653297792e-07,,
167Ir,167,770,,-17072.0,18.0,,,,29.3,ms,0.6,1/2+,,2.0,,1981,A=43.5 19;p=38.6 12;B+ ?,False,77,90,1.147776837691308e-07,,
167Ir,167,771,m,-16897.0,18.0,175.5,2.1,p,28.5,ms,0.5,11/2-,,2.0,,1995,A=89 3;B+ ?;p=0.41 6,False,77,90,1.1477781184901932e-07,,
167Pt,167,780,,-6750.0,310.0,,,,915,us,123,7/2-.0,,0.0,,1996,A=100,True,78,89,1.9768731943390504e-06,,
168Sm,168,620,,-31640.0,300.0,,,,340.0,ms,>550ns,0+.0,,,,2018,B- ?;B-n ?,True,62,106,1.901159430456592e-06,,
168Eu,168,630,,-39250.0,400.0,,,,200,ms,100,6-.0,,17.0,,2012,B-=100;B-n ?,True,63,105,2.5347777735199728e-06,,
168Gd,168,640,,-48150.0,300.0,,,,3.03,s,0.16,0+,,17.0,,1985,B-=100,True,64,104,1.9009916965798938e-06,,
168Tb,168,650,,-52781.0,4.0,,,,9.4,s,0.4,(4-),,10.0,,1999,B-=100,False,65,103,2.534601989634548e-08,,
168Tb,168,651,m,-52570.0,4.0,211.0,1.0,,0.71,us,0.03,(6+),,,,2017,IT=100,False,65,103,2.534605378408401e-08,,
168Dy,168,660,,-58560.0,140.0,,,,8.7,m,0.3,0+,,10.0,,1982,B-=100,False,66,102,8.870854823375258e-07,,
168Dy,168,661,m,-57180.0,140.0,1378.2,0.6,,0.57,us,0.7,(4-),,10.0,,2019,IT=100,False,66,102,8.870932391946464e-07,,
168Ho,168,670,,-60060.0,30.0,,,,2.99,m,0.07,3+,,10.0,,1960,B-=100,False,67,101,1.900894972904577e-07,,
168Ho,168,671,m,-60000.0,30.0,59.0,1.0,,132,s,4,(6+),,10.0,,1990,IT~100;B- ?,False,67,101,1.9008956955851913e-07,,
168Ho,168,672,n,-59920.0,30.0,143.43,0.17,,>4,us,,(1)-,,10.0,,1990,IT=100,False,67,101,1.9008966591601984e-07,,
168Ho,168,673,p,-59870.0,30.0,192.57,0.2,,108,ns,11,1+,,10.0,,1990,IT=100,False,67,101,1.9008972613950743e-07,,
168Er,168,680,,-62989.23,0.26,,,,stbl,,,0+,,10.0,,1934,IS=26.978 18,False,68,100,1.647425233356745e-09,,
168Er,168,681,m,-61895.19,0.26,1094.0383,0.0016,,109.0,ns,0.7,4-,,10.0,,1974,IT=100,False,68,100,1.6474366535720283e-09,,
168Tm,168,690,,-61312.4,1.7,,,,93.1,d,0.2,3+*,,10.0,,1949,B+~100;B-=0.010 7,False,69,99,1.0771829248323507e-08,,
168Yb,168,700,,-61579.87,0.09,,,,stbl,,>130Ty,0+,,10.0,,1938,IS=0.123 3;A ?;2B+ ?,False,70,98,5.702770200861067e-10,2.40e+10,23.901319667294356
168Lu,168,710,,-57070.0,40.0,,,,5.5,m,0.1,6-*,,10.0,,1960,B+=100,False,71,97,2.534657736825233e-07,7.90e+8,20.487543503425343
168Lu,168,711,m,-56908.0,6.0,160.0,40.0,,6.7,m,0.4,3+*,,10.0,,1960,B+~100;IT ?,False,71,97,3.8019905081194353e-08,7.90e+8,20.487543503425343
168Hf,168,720,,-55361.0,28.0,,,,25.95,m,0.20,0+,,10.0,,1961,B+=100;EC~98;e+~2,False,72,96,1.7742941712139157e-07,5.34e+5,13.188151117942333
168Ta,168,730,,-48394.0,28.0,,,,2.0,m,0.1,(3+),,10.0,,1969,B+=100,False,73,95,1.774387049346604e-07,,
168W,168,740,,-44893.0,13.0,,,,50.9,s,1.9,0+,,10.0,,1971,B+~100;A=0.0032 10,False,74,94,8.238475888840246e-08,,
168Re,168,750,,-35790.0,30.0,,,,4.4,s,0.1,(7+),,10.0,,1992,B+~100;A~0.005,False,75,93,1.9013120106917804e-07,,
168Os,168,760,,-29995.0,10.0,,,,2.1,s,0.1,0+,,10.0,,1977,B+=57 4;A=43 4,False,76,92,6.337991428784688e-08,,
168Ir,168,770,,-18670.0,60.0,,,*,230,ms,50,(2)-,,10.0,,1978,A~100;B+ ?;B+p ?,False,77,91,3.803099009666651e-07,,
168Ir,168,771,m,-18620.0,240.0,40.0,250.0,*,163,ms,16,"(9,10)+",,10.0,,1996,A=77 9;B+ ?;B+p ?,False,77,91,1.521240085985549e-06,,
168Pt,168,780,,-11010.0,150.0,,,,2.02,ms,0.10,0+,,10.0,,1981,A~100;B+ ?,False,78,90,9.508287125949345e-07,,
168Au,168,790,,2530.0,400.0,,,,,,,,,,,9999,p ?,True,79,89,2.5357816639789956e-06,,
169Eu,169,630,,-35660.0,500.0,,,,420.0,ms,>550ns,5/2+.0,,,,2018,B- ?,True,63,106,3.149790105502895e-06,,
169Gd,169,640,,-43890.0,400.0,,,,750,ms,210,7/2-.0,,17.0,,2012,B-=100;B-n ?,True,64,105,2.5197219773540032e-06,,
169Tb,169,650,,-50480.0,300.0,,,,5.13,s,0.32,3/2+.0,,17.0,,2012,B-=100;B-n ?,True,65,104,1.889728431612885e-06,,
169Dy,169,660,,-55600.0,300.0,,,,39,s,8,(5/2)-,,8.0,,1990,B-=100,False,66,103,1.8896828816722601e-06,,
169Dy,169,661,m,-55430.0,300.0,166.1,0.5,,1.26,us,0.17,(1/2-),,8.0,,2019,IT=100,False,66,103,1.8896849051852163e-06,,
169Ho,169,670,,-58796.0,20.0,,,,4.72,m,0.10,7/2-,,8.0,,1963,B-=100,False,67,102,1.2597734896546177e-07,2.50e+8,19.33697147582652
169Ho,169,671,m,-57410.0,20.0,1386.2,0.4,,118,us,6,(19/2+),,,,2010,IT=100,False,67,102,1.259784487863304e-07,2.50e+8,19.33697147582652
169Er,169,680,,-60921.2,0.3,,,,9.392,d,0.018,1/2-*,,8.0,,1956,B-=100,False,68,101,1.889650333046762e-09,,
169Er,169,681,m,-60829.2,0.3,92.05,0.1,,285,ns,20,(5/2)-,,8.0,,1969,IT=100,False,68,101,1.8896514280860996e-09,,
169Er,169,682,n,-60677.5,0.3,243.69,0.17,,200,ns,10,7/2+,,8.0,,1969,IT=100,False,68,101,1.889653233713519e-09,,
169Tm,169,690,,-61274.7,0.7,,,,stbl,,,1/2+*,,8.0,,1934,IS=100,False,69,100,4.409210212298643e-09,,
169Tm,169,691,m,-60958.6,0.7,316.1463,0.0001,,659.9,ns,2.3,7/2+,,8.0,,1950,IT=100,False,69,100,4.40921899137709e-09,,
169Yb,169,700,,-60375.53,0.18,,,,32.014,d,0.005,7/2+*,,8.0,,1946,EC=100,False,70,99,1.133812570015624e-09,3.20e+9,21.886416646752092
169Yb,169,701,m,-60351.33,0.18,24.1999,0.0016,,46,s,2,1/2-*,,8.0,,1949,IT=100,False,70,99,1.1338127428481436e-09,3.20e+9,21.886416646752092
169Lu,169,710,,-58083.0,3.0,,,,34.06,h,0.05,7/2+*,,8.0,,1955,B+=100,False,71,98,1.889730300407038e-08,,
169Lu,169,711,m,-58054.0,3.0,29.0,0.5,,160,s,10,1/2-*,,8.0,,1965,IT=100,False,71,98,1.88973064561156e-08,,
169Hf,169,720,,-54717.0,28.0,,,,3.24,m,0.04,(5/2-),,8.0,,1969,B+=100,False,72,97,1.763800047214824e-07,5.59e+5,13.233904752137237
169Ta,169,730,,-50290.0,28.0,,,,4.9,m,0.4,(5/2+),,8.0,,1969,B+=100,False,73,96,1.7638636062916783e-07,,
169W,169,740,,-44918.0,15.0,,,,74,s,6,5/2-.0,,8.0,,1985,B+=100,False,74,95,9.449666095279206e-08,,
169Re,169,750,,-38409.0,11.0,,,,8.1,s,0.5,(9/2-),,15.0,,1978,B+=?;A=0.005 3,False,75,94,6.930095771237842e-08,,
169Re,169,751,m,-38234.0,13.0,175.0,13.0,AD,15.1,s,1.5,"(1/2+,3/",2+),15.0,,1984,B+ ?;A= ?;IT ?,False,75,94,8.190122213924705e-08,,
169Os,169,760,,-30723.0,26.0,,,,3.46,s,0.11,(5/2-),,8.0,,1972,B+=86.3 8;A=13.7 8,False,76,93,1.6381153059638772e-07,,
169Ir,169,770,,-22093.0,23.0,,,,353,ms,4,(1/2+),,8.0,,1978,A=53 7;B+ ?,False,77,92,1.4491926069725777e-07,,
169Ir,169,771,m,-21940.0,12.0,153.0,22.0,AD,280,ms,1,(11/2-),,8.0,,1984,A=79 5;B+ ?;p ?,False,77,92,7.561012194972296e-08,,
169Pt,169,780,,-12460.0,200.0,,,,6.99,ms,0.09,(7/2-),,8.0,,1981,A~100;B+ ?,True,78,91,1.2602542465828043e-06,,
169Au,169,790,,-1790.0,300.0,,,,150.0,us,,1/2+.0,,,,9999,p ?;A ?;B+ ?,True,79,90,1.8905238855087721e-06,,
170Eu,170,630,,-30860.0,500.0,,,,,,,,,,,9999,B- ?;B-n ?,True,63,107,3.131350740390875e-06,,
170Gd,170,640,,-40850.0,500.0,,,,420,ms,130,0+,,18.0,,2012,B-=100;B-n ?,True,64,106,3.1311802018093657e-06,,
170Tb,170,650,,-46710.0,300.0,,,,960,ms,78,2-.0,,18.0,,2012,B-=100;B-n ?,True,65,105,1.8786543951044097e-06,,
170Dy,170,660,,-53710.0,200.0,,,,54.9,s,8.0,0+,,18.0,,2010,B-=100,True,66,104,1.2523915077052253e-06,,
170Dy,170,661,m,-52070.0,200.0,1643.8,0.3,,0.99,us,0.04,(6+),,18.0,,2016,IT=100,True,66,104,1.2524043694101161e-06,,
170Ho,170,670,,-56240.0,50.0,,,*,2.76,m,0.05,(6+),,18.0,,1960,B-=100,False,67,103,3.1309545232756875e-07,1.30e+8,18.683045008419857
170Ho,170,671,m,-56140.0,60.0,100.0,80.0,BD*,43,s,2,(1+),,18.0,,1960,B-=100,False,67,103,3.7571477806225924e-07,1.30e+8,18.683045008419857
170Er,170,680,,-60107.5,1.4,,,,stbl,,>410Py,0+,,18.0,,1934,IS=14.910 36;2B- ?;A ?,False,68,102,8.766531355667853e-09,,
170Tm,170,690,,-59795.3,0.7,,,,128.6,d,0.3,1-*,,18.0,,1936,B-=99.869 10;EC=0.131 10,False,69,101,4.383309745594301e-09,,
170Tm,170,691,m,-59612.1,0.7,183.197,0.004,,4.12,us,0.13,3+,,18.0,,1967,IT=100,False,69,101,4.383314774022459e-09,,
170Yb,170,700,,-60763.929,0.01,,,,stbl,,,0+,,18.0,,1938,IS=2.982 39,False,70,100,6.261883797113546e-11,1.70e+9,21.253894088008582
170Yb,170,701,m,-59505.47,0.14,1258.46,0.14,,370,ns,15,4-,,18.0,,1981,IT=100,False,70,100,8.766706400446001e-10,1.70e+9,21.253894088008582
170Lu,170,710,,-57306.0,17.0,,,,2.012,d,0.030,0+*,,18.0,,1951,B+=100,False,71,99,1.0645519178945829e-07,2.30e+9,21.556174959881517
170Lu,170,711,m,-57213.0,17.0,92.91,0.09,,670,ms,100,4-,,18.0,,1965,IT=100,False,71,99,1.0645525378607269e-07,2.30e+9,21.556174959881517
170Hf,170,720,,-56254.0,28.0,,,,16.01,h,0.13,0+,,18.0,,1961,EC=100,False,72,98,1.7534053810994241e-07,1.41e+8,18.764270448342444
170Ta,170,730,,-50138.0,28.0,,,,6.76,m,0.06,(3+),,18.0,,1969,B+=100,False,73,97,1.7534867401489182e-07,,
170W,170,740,,-47291.0,13.0,,,,2.42,m,0.04,0+,,18.0,,1971,B+=100,False,74,96,8.141399531785247e-08,,
170Re,170,750,,-38904.0,11.0,,,&,>1.0,s,,"(8-,9-).0",,,,1974,B+=100,False,75,95,6.88929418480845e-08,,
170Re,170,751,m,-38831.0,12.0,73.0,17.0,&,9.2,s,0.2,(5+),,18.0,,1974,B+=?;IT ?,False,75,95,7.515597092275248e-08,,
170Re,170,752,n,-38694.0,11.0,210.1,0.1,,130,ns,10,"(6,7,8,9",),18.0,,1974,IT=100,False,75,95,6.88930324581911e-08,,
170Os,170,760,,-33926.0,10.0,,,,7.37,s,0.18,0+,,18.0,,1972,B+=90.5 10;A=9.5 10,False,76,94,6.263240716780974e-08,,
170Ir,170,770,,-23180.0,100.0,,,*,910,ms,150,(3-),,18.0,,1977,B+ ?;A=5.2 17,True,77,93,6.263713033544512e-07,,
170Ir,170,771,m,-23140.0,90.0,40.0,50.0,*,811,ms,18,(8+),,18.0,,1977,A=38 5;B+ ?;IT ?,False,77,93,5.63734314261805e-07,,
170Pt,170,780,,-16299.0,18.0,,,,13.93,ms,0.16,0+,,18.0,,1981,A~100;B+ ?,False,78,92,1.1275260772585536e-07,,
170Au,170,790,,-3700.0,200.0,,,,290,us,50,(2)-,,18.0,,2002,p=89 10;A=11 10,True,79,91,1.2529157837956346e-06,,
170Au,170,791,m,-3420.0,200.0,280.0,13.0,p,620,us,50,(9)+,,18.0,,2002,p=58 5;A=42 5,True,79,91,1.2529179815166353e-06,,
170Hg,170,800,,5420.0,300.0,,,,310,us,250,0+,,,,2019,A=100,True,80,90,1.8794962849011978e-06,,
171Gd,171,640,,-36210.0,500.0,,,,300.0,ms,>550ns,9/2+.0,,,,2018,B- ?;B-n ?,True,64,107,3.112954352355097e-06,,
171Tb,171,650,,-43770.0,400.0,,,,1.23,s,0.10,3/2+.0,,18.0,,2012,B-=100;B-n ?,True,65,106,2.4902663223988053e-06,,
171Dy,171,660,,-50010.0,200.0,,,,4.07,s,0.40,7/2-.0,,18.0,,2012,B-=100,True,66,105,1.2450948168864164e-06,,
171Ho,171,670,,-54520.0,600.0,,,,53,s,2,7/2-.0,,18.0,,1989,B-=100,False,67,104,3.735209652036257e-06,,
171Er,171,680,,-57717.8,1.4,,,,7.516,h,0.002,5/2-*,,18.0,,1938,B-=100,False,68,103,8.715385858674511e-09,,
171Er,171,681,m,-57519.2,1.4,198.61,0.09,,210,ns,10,1/2-,,18.0,,1969,IT=100,False,68,103,8.715396633865692e-09,,
171Tm,171,690,,-59210.3,1.0,,,,1.92,y,0.01,1/2+*,,18.0,,1948,B-=100,False,69,102,6.225267894794541e-09,,
171Tm,171,691,m,-58785.3,1.0,424.9557,0.0015,,2.60,us,0.02,7/2-,,18.0,,1948,IT=100,False,69,102,6.225284365271271e-09,,
171Tm,171,692,n,-57535.9,1.0,1674.43,0.13,,1.7,us,0.2,19/2+,,18.0,,2009,IT=100,False,69,102,6.225332785102161e-09,,
171Yb,171,700,,-59306.818,0.013,,,,stbl,,,1/2-*,,18.0,,1934,IS=14.086 140,False,70,101,8.092908559367288e-11,1.10e+9,20.818576016750736
171Yb,171,701,m,-59211.536,0.013,95.282,0.002,,5.25,ms,0.24,7/2+,,18.0,,1968,IT=100,False,70,101,8.092913359762972e-11,1.10e+9,20.818576016750736
171Yb,171,702,n,-59184.402,0.013,122.416,0.002,,265,ns,20,5/2-,,18.0,,1968,IT=100,False,70,101,8.092914726800143e-11,1.10e+9,20.818576016750736
171Lu,171,710,,-57828.5,1.9,,,,8.247,d,0.023,7/2+*,,18.0,,1951,B+=100,False,71,100,1.1828301215405203e-08,,
171Lu,171,711,m,-57757.4,1.9,71.13,0.08,,79,s,2,1/2-*,,18.0,,1965,IT=100,False,71,100,1.1828306450938707e-08,,
171Hf,171,720,,-55431.0,29.0,,,,12.1,h,0.4,7/2+*,,18.0,,1951,B+=100,False,72,99,1.8054137737426926e-07,1.07e+8,18.48833939242618
171Hf,171,721,m,-55409.0,29.0,21.93,0.09,,29.5,s,0.9,1/2-*,,18.0,,1997,IT~100;B+ ?,False,72,99,1.8054140210165738e-07,1.07e+8,18.48833939242618
171Ta,171,730,,-51720.0,28.0,,,,23.3,m,0.3,(5/2+),,18.0,,1969,B+=100,False,73,98,1.7432124357984606e-07,,
171W,171,740,,-47086.0,28.0,,,,2.38,m,0.04,(5/2-),,18.0,,1983,B+=100,False,74,97,1.743276766443505e-07,,
171Re,171,750,,-41250.0,28.0,,,,15.2,s,0.4,(9/2-),,18.0,,1987,B+=100,False,75,96,1.743354148949824e-07,,
171Os,171,760,,-34297.0,18.0,,,,8.3,s,0.2,(5/2-),,18.0,,1972,B+ ?;A=1.80 21,False,76,95,1.120785212608801e-07,,
171Ir,171,770,,-26410.0,40.0,,,,3.1,s,0.3,1/2+,,18.0,,1967,B+ ?;A=15 2,False,77,94,2.490776183832769e-07,,
171Ir,171,771,m,-26250.0,40.0,164.0,11.0,,1.47,s,0.06,(11/2-),,18.0,,1967,A=54 5;B+ ?;p ?,True,77,94,2.490778665421641e-07,,
171Pt,171,780,,-17470.0,80.0,,,,45.5,ms,2.5,7/2-,,18.0,,1981,A=86 3; B+ ?,False,78,93,4.981869824124647e-07,,
171Pt,171,781,m,-17060.0,80.0,412.6,1.0,,901,ns,9,13/2+,,18.0,,2010,IT=100,False,78,93,4.981882543908431e-07,,
171Au,171,790,,-7562.0,21.0,,,,22.3,us,2.4,1/2+,,18.0,,1997,p~100;A ?,False,79,92,1.3078320559706393e-07,,
171Au,171,791,m,-7308.0,18.0,255.0,10.0,p,1.036,ms,0.016,11/2-,,18.0,,1996,A=60 6;p=40 6,False,79,92,1.1210006783771098e-07,,
171Hg,171,800,,3340.0,310.0,,,,70,us,30,3/2-.0,,4.0,,2004,A~100;B+ ?,True,80,91,1.9307558658974603e-06,,
172Gd,172,640,,-32970.0,300.0,,,,160.0,ms,>550ns,0+.0,,,,2018,B- ?;B-n ?,True,64,108,1.85694757897986e-06,,
172Tb,172,650,,-39690.0,500.0,,,,760,ms,190,6+.0,,17.0,,2012,B-=100;B-n ?,True,65,107,3.0948086766244925e-06,,
172Dy,172,660,,-47760.0,300.0,,,,3.4,s,0.2,0+,,13.0,,2012,B-=100,True,66,106,1.8568073222294032e-06,,
172Dy,172,661,m,-46480.0,300.0,1278.0,1.0,,710,ms,50,(8-),,,,2016,B-=19 3;IT=81 3,True,66,106,1.8568220326752543e-06,,
172Ho,172,670,,-51480.0,200.0,,,,25,s,3,0+.0,,15.0,,1991,B-=100,True,67,105,1.2378529562029542e-06,,
172Er,172,680,,-56483.0,4.0,,,,49.3,h,0.5,0+,,15.0,,1956,B-=100,False,68,104,2.475649071217857e-08,,
172Er,172,681,m,-54982.0,4.0,1500.9,0.3,,579,ns,62,(6+),,15.0,,2006,IT=100,False,68,104,2.4756720698973217e-08,,
172Tm,172,690,,-57374.0,5.0,,,,63.6,h,0.3,2-,,15.0,,1956,B-=100,False,69,103,3.094569044760217e-08,,
172Tm,172,691,m,-56898.0,5.0,476.2,0.2,,132,us,7,(6+),,15.0,,2008,IT=100,False,69,103,3.094578161479485e-08,,
172Yb,172,700,,-59255.456,0.014,,,,stbl,,,0+,,95.0,,1934,IS=21.686 130,False,70,102,8.664761785782681e-11,9.00e+8,20.617905321288585
172Yb,172,701,m,-57705.03,0.06,1550.43,0.06,,3.6,us,0.1,6-,,95.0,,1969,IT=100,False,70,102,3.7135049706875684e-10,9.00e+8,20.617905321288585
172Lu,172,710,,-56736.1,2.3,,,,6.70,d,0.03,4-*,,95.0,,1951,B+=100,False,71,101,1.4235301703746753e-08,,
172Lu,172,711,m,-56694.2,2.3,41.86,0.04,,3.7,m,0.5,1-*,,95.0,,1962,IT=100;B+ ?,False,71,101,1.4235305395389376e-08,,
172Lu,172,712,n,-56670.3,2.3,65.79,0.04,,332,ns,20,(1)+,,95.0,,1965,IT=100,False,71,101,1.4235307501124329e-08,,
172Lu,172,713,p,-56626.7,2.3,109.41,0.1,,440,us,12,(1)+,,95.0,,1965,IT=100,False,71,101,1.4235311342550374e-08,,
172Lu,172,714,q,-56522.5,2.3,213.57,0.17,,150,ns,,(6-),,95.0,,1974,IT=100,False,71,101,1.4235320523214587e-08,,
172Hf,172,720,,-56402.0,24.0,,,,1.87,y,0.03,0+,,95.0,,1951,EC=100,False,72,100,1.485437748705066e-07,,
172Hf,172,721,m,-54396.0,24.0,2005.84,0.11,,163,ns,3,(8-),,95.0,,1976,IT=100,False,72,100,1.4854561918080615e-07,,
172Ta,172,730,,-51330.0,28.0,,,,36.8,m,0.3,(3+),,15.0,,1964,B+=100,False,73,99,1.73307898511567e-07,,
172W,172,740,,-49097.0,28.0,,,,6.6,m,0.9,0+,,95.0,,1964,B+=100,False,74,98,1.733116812943413e-07,,
172Re,172,750,,-41570.0,40.0,,,*,55,s,5,(2+),,16.0,,1977,B+=100,False,75,97,2.476016340046181e-07,,
172Re,172,751,m,-41460.0,60.0,110.0,50.0,*,15,s,3,(7+),,16.0,,1972,B+=100,True,75,97,3.7140270389669715e-07,,
172Os,172,760,,-37244.0,13.0,,,,19.2,s,0.9,0+,,95.0,,1971,B+=98.81 17;A=1.19 17,False,76,96,8.04733302275194e-08,,
172Ir,172,770,,-27380.0,30.0,,,,4.4,s,0.3,"(3-,4-)",,16.0,,1967,B+~98;A~2,False,77,95,1.8572051225178266e-07,,
172Ir,172,771,m,-27240.0,30.0,139.0,10.0,AD,2.19,s,0.07,(7+),,16.0,,1967,B+=90.5 11;A=9.5 11,False,77,95,1.8572067321509597e-07,,
172Pt,172,780,,-21107.0,10.0,,,,97.6,ms,1.3,0+,,10.0,,1981,A=96 3;B+ ?,False,78,94,6.190973731707225e-08,,
172Au,172,790,,-9320.0,60.0,,,*,28,ms,4,(2)-,,10.0,,1993,A~100;p ?;B+ ?,False,79,93,3.7148850703952053e-07,,
172Au,172,791,m,-9160.0,240.0,160.0,250.0,AD*,11.0,ms,1.0,"(9,10)+",,10.0,,1993,A~100;p ?,False,79,93,1.4859555001991228e-06,,
172Hg,172,800,,-1060.0,150.0,,,,231,us,9,0+,,10.0,,1999,A~100;B+ ?,False,80,92,9.28776203986445e-07,,
173Tb,173,650,,-36510.0,500.0,,,,400.0,ms,>550ns,3/2+.0,,,,2018,B- ?;B-n ?,True,65,108,3.076974937743957e-06,,
173Dy,173,660,,-43740.0,400.0,,,,1.43,s,0.20,9/2+.0,,17.0,,2012,B-=100;B-n ?,True,66,107,2.461490022229254e-06,,
173Ho,173,670,,-49350.0,300.0,,,,7.1,s,0.4,7/2-.0,,17.0,,2012,B-=100,True,67,106,1.8460684784734959e-06,,
173Ho,173,671,m,-48950.0,300.0,405.0,1.0,,3.7,us,1.2,1/2+.0,,17.0,,2020,IT=100,True,67,106,1.8460730224431168e-06,,
173Er,173,680,,-53650.0,200.0,,,,1.434,m,0.017,(7/2-),,95.0,,1972,B-=100,True,68,105,1.2306895491156323e-06,,
173Tm,173,690,,-56256.0,4.0,,,,8.24,h,0.08,(1/2+),,95.0,,1961,B-=100,False,69,104,2.4613592167702287e-08,,
173Tm,173,691,m,-55938.0,4.0,317.73,0.2,,10.7,us,1.7,7/2-,,95.0,,1972,IT=100,False,69,104,2.4613640331195625e-08,,
173Tm,173,692,n,-54350.0,4.0,1905.7,0.4,,250,ns,69,19/2-,,95.0,,2012,IT=100,False,69,104,2.4613880848568138e-08,,
173Tm,173,693,p,-52208.0,4.0,4047.9,0.5,,121,ns,28,35/2-,,95.0,,2012,IT=100,False,69,104,2.461420528184075e-08,,
173Yb,173,700,,-57551.234,0.011,,,,stbl,,,5/2-*,,95.0,,1934,IS=16.103 63,False,70,103,6.768737766913419e-11,4.00e+8,19.806975105072254
173Yb,173,701,m,-57152.3,0.5,398.9,0.5,,2.9,us,0.1,1/2-,,95.0,,1963,IT=100,False,70,103,3.0767065376588255e-09,4.00e+8,19.806975105072254
173Lu,173,710,,-56881.0,1.6,,,,1.37,y,0.01,7/2+*,,95.0,,1951,EC=100,False,71,102,9.845555711837232e-09,,
173Lu,173,711,m,-56757.3,1.6,123.672,0.013,,74.2,us,1.0,5/2-,,95.0,,1962,IT=100,False,71,102,9.845563206127594e-09,,
173Hf,173,720,,-55412.0,28.0,,,,23.6,h,0.1,1/2-,,6.0,,1951,B+=100,False,72,101,1.7230015370408798e-07,2.00e+8,19.11382792451231
173Hf,173,721,m,-55305.0,28.0,107.16,0.05,,180,ns,8,5/2-,,6.0,,1973,IT=100,False,72,101,1.723002671522233e-07,2.00e+8,19.11382792451231
173Hf,173,722,n,-55215.0,28.0,197.47,0.1,,160,ns,40,7/2+,,6.0,,1973,IT=100,False,72,101,1.723003625760042e-07,2.00e+8,19.11382792451231
173Ta,173,730,,-52397.0,28.0,,,,3.14,h,0.13,5/2-,,95.0,,1960,B+=100,False,73,100,1.72304721787352e-07,,
173Ta,173,731,m,-52224.0,28.0,173.1,0.21,,205.2,ns,5.6,9/2-,,95.0,,1977,IT=100,False,73,100,1.7230490522264256e-07,,
173Ta,173,732,n,-50680.0,28.0,1717.2,0.4,,132,ns,3,21/2-,,,,2006,IT=100,False,73,100,1.7230654237340067e-07,,
173W,173,740,,-48727.0,28.0,,,,7.6,m,0.2,5/2-,,95.0,,1963,B+=100,False,74,99,1.7230998466106862e-07,,
173Re,173,750,,-43554.0,28.0,,,,2.0,m,0.3,(5/2-),,95.0,,1986,B+=100,False,75,98,1.723168417244146e-07,,
173Os,173,760,,-37438.0,15.0,,,,22.4,s,0.9,5/2-,,15.0,,1971,B+=99.6 2;A=0.4 2,False,76,97,9.231680327138612e-08,,
173Ir,173,770,,-30268.0,11.0,,,,9.0,s,0.8,"(1/2+,3/",2+),15.0,,1967,B+=96.5 20;A=3.5 20,False,77,96,6.770251549919383e-08,,
173Ir,173,771,m,-30042.0,11.0,226.0,9.0,AD,2.20,s,0.05,11/2-,,15.0,,1967,B+=88 1;A=12 1,False,77,96,6.770260967209908e-08,,
173Pt,173,780,,-21940.0,60.0,,,,382,ms,2,(5/2-),,15.0,,1966,A=86 4;B+ ?,False,78,95,3.693083175551728e-07,,
173Au,173,790,,-12832.0,23.0,,,,25.5,ms,0.8,(1/2+),,15.0,,1983,A=86 13;B+ ?,False,79,94,1.4157725240439908e-07,,
173Au,173,791,m,-12618.0,12.0,214.0,21.0,AD,12.2,ms,0.1,(11/2-),,15.0,,1984,A=89 11;B+ ?,False,79,94,7.38664898619622e-08,,
173Hg,173,800,,-2660.0,200.0,,,,800,us,80,(7/2-),,15.0,,1999,A=100,True,80,93,1.2311934344047986e-06,,
174Tb,174,650,,-31970.0,500.0,,,,240.0,ms,>550ns,2-.0,,,,2018,B- ?;B-n ?,True,65,109,3.0593710123169417e-06,,
174Dy,174,660,,-41130.0,500.0,,,,1.0,s,>300ns,0+,,13.0,,2012,B- ?;B-n ?,True,66,108,3.0592237593043556e-06,,
174Ho,174,670,,-45870.0,300.0,,,,3.7,s,0.4,(8-),,17.0,,2012,B-=100,True,67,107,1.8354955481843144e-06,,
174Er,174,680,,-51950.0,300.0,,,,3.2,m,0.2,0+,,99.0,,1989,B-=100,True,68,106,1.8354417947803914e-06,,
174Er,174,681,m,-50840.0,300.0,1111.5,0.7,,3.9,s,0.3,8-,,,,2006,IT=100,True,68,106,1.835454259597395e-06,,
174Tm,174,690,,-53860.0,40.0,,,,5.4,m,0.1,4-,,99.0,,1960,B-=100,False,69,105,2.44724649325904e-07,,
174Tm,174,691,m,-53610.0,40.0,252.4,0.7,,2.29,s,0.01,0+,,,,2006,IT~100; B-<1.5,False,69,105,2.4472502363993894e-07,,
174Tm,174,692,n,-51770.0,40.0,2091.7,0.3,,106,us,7,14-,,,,2013,IT=100,False,69,105,2.447277786264638e-07,,
174Yb,174,700,,-56944.521,0.011,,,,stbl,,,0+,,99.0,,1934,IS=32.025 80,False,70,104,6.729854106008183e-11,5.50e+8,20.125428836190792
174Yb,174,701,m,-55426.373,0.017,1518.148,0.013,,830,us,40,6+,,99.0,,1964,IT=100,False,70,104,1.0400780221906098e-10,5.50e+8,20.125428836190792
174Yb,174,702,n,-55179.3,0.5,1765.2,0.5,,256,ns,11,7-,,,,2005,IT=100,False,70,104,3.0590576305720152e-09,5.50e+8,20.125428836190792
174Lu,174,710,,-55570.3,1.6,,,,3.31,y,0.05,1-*,,99.0,,1951,B+=100,False,71,103,9.789038458935604e-09,,
174Lu,174,711,m,-55399.5,1.6,170.83,0.05,,142,d,2,6-*,,99.0,,1960,IT=99.38 2;EC=0.62 2,False,71,103,9.789048688294289e-09,,
174Lu,174,712,n,-55329.5,1.6,240.818,0.004,,395,ns,15,3+,,99.0,,1980,IT=100,False,71,103,9.789052880660581e-09,,
174Lu,174,713,p,-55205.1,1.6,365.183,0.006,,145,ns,3,4-,,99.0,,1980,IT=100,False,71,103,9.789060331103255e-09,,
174Lu,174,714,q,-53714.6,1.7,1855.7,0.5,,194,ns,24,13+,,,,2009,IT=100,False,71,103,1.0400971449519727e-08,,
174Lu,174,715,r,-51501.9,1.8,4068.4,0.9,,97,ns,10,(21+),,,,2009,IT=100,False,71,103,1.1012942390305553e-08,,
174Lu,174,716,x,-49720.7,1.8,5849.6,0.9,,242,ns,19,(26-),,,,2009,IT=100,False,71,103,1.1013062409760208e-08,,
174Hf,174,720,,-55844.6,2.3,,,,2.0,Py,0.4,0+,,4.0,,1939,IS=0.16 12;A=100;2B+ ?,False,72,102,1.4071830516839813e-08,,
174Hf,174,721,m,-54295.3,2.3,1549.26,0.04,,138,ns,4,6+,,4.0,,1976,IT=100,False,72,102,1.4071963903682589e-08,,
174Hf,174,722,n,-54047.0,2.3,1797.59,0.07,,2.39,us,0.04,8-,,4.0,,1974,IT=100,False,72,102,1.4071985281283648e-08,,
174Hf,174,723,p,-52532.5,2.3,3312.07,0.06,,3.7,us,0.2,14+,,4.0,,1974,IT=100,False,72,102,1.4072115674863974e-08,,
174Ta,174,730,,-51741.0,28.0,,,,1.14,h,0.08,3+,,99.0,,1960,B+=100,False,73,101,1.7131489779696874e-07,,
174W,174,740,,-50227.0,28.0,,,,33.2,m,2.1,0+,,99.0,,1964,B+=100,False,74,100,1.7131784041250163e-07,,
174W,174,741,m,,,,,EU,>187,ns,,,,99.0,,1976,IT=100,False,74,100,,,
174W,174,742,n,,,,,EU,187,ns,25,,,99.0,,1976,IT=100,False,74,100,,,
174W,174,743,p,-47959.0,28.0,2267.8,0.4,,158,ns,3,8-,,,,2006,IT=100,False,74,100,1.713202177794897e-07,,
174W,174,744,q,-46711.0,28.0,3515.6,0.4,,128,ns,8,12+,,,,2006,IT=100,False,74,100,1.7132152598840918e-07,,
174Re,174,750,,-43673.0,28.0,,,,2.40,m,0.04,3+.0,,99.0,,1972,B+=100,False,75,99,1.7132606643798187e-07,,
174Re,174,751,m,-43570.0,60.0,100.0,50.0,,1.0,m,>1us,7+.0,,,,2012,IT ?;B+ ?,True,75,99,3.6712751660092077e-07,,
174Os,174,760,,-39995.0,10.0,,,,44,s,4,0+,,99.0,,1971,B+~100;A=0.024 7,False,76,98,6.118974217266811e-08,,
174Ir,174,770,,-30786.0,11.0,,,,7.9,s,0.6,"(2+,3-)",,99.0,,1967,B+=99.5 3;A=0.5 3,False,77,97,6.731304216168262e-08,,
174Ir,174,771,m,-30662.0,11.0,124.0,16.0,AD,4.9,s,0.3,"(6,7,8,9",),99.0,,1992,B+=97.5 3;A=2.5 3,False,77,97,6.73130932389632e-08,,
174Pt,174,780,,-25318.0,10.0,,,,862,ms,8,0+,,99.0,,1966,A=74.9 24;B+ ?,False,78,96,6.119620669022057e-08,,
174Au,174,790,,-14060.0,100.0,,,,139,ms,3,(3-),,99.0,,1983,A=90 6;B+ ?,True,79,95,6.120090749477225e-07,,
174Au,174,791,m,-13930.0,90.0,130.0,50.0,,162,ms,2,(9+),,,,1995,A=?;B+ ?,False,79,95,5.50808605682775e-07,,
174Hg,174,800,,-6641.0,19.0,,,,2.0,ms,0.4,0+,,99.0,,1997,A~100;B+ ?,False,80,94,1.1628792474299399e-07,,
175Dy,175,660,,-36730.0,500.0,,,,390.0,ms,>550ns,1/2-.0,,,,2018,B- ?;B-n ?,True,66,109,3.0418191982258455e-06,,
175Ho,175,670,,-43300.0,400.0,,,,1.88,s,0.55,7/2-.0,,17.0,,2012,B-=100;B-n ?,True,67,108,2.4333772439156286e-06,,
175Er,175,680,,-48650.0,400.0,,,,1.2,m,0.3,9/2+.0,,4.0,,1996,B-=100,True,68,107,2.4333171932807195e-06,,
175Tm,175,690,,-52310.0,50.0,,,,15.2,m,0.5,(1/2)+,,4.0,,1961,B-=100,False,69,106,3.041602701243347e-07,,
175Tm,175,691,m,-51870.0,50.0,440.0,1.1,,319,ns,35,7/2-,,4.0,,2012,IT=100,False,69,106,3.041610842450491e-07,,
175Tm,175,692,n,-50790.0,50.0,1517.7,1.2,,21,us,14,23/2+,,4.0,,2012,IT=100,False,69,106,3.0416308255982546e-07,,
175Yb,175,700,,-54695.56,0.07,,,,4.185,d,0.001,7/2-*,,4.0,,1945,B-=100,False,70,105,4.2582154891133716e-10,1.00e+8,18.420680743952367
175Yb,175,701,m,-54180.69,0.07,514.866,0.004,,68.2,ms,0.3,1/2-,,4.0,,1972,IT=100,False,70,105,4.2582288260527885e-10,1.00e+8,18.420680743952367
175Lu,175,710,,-55165.7,1.2,,,,stbl,,,7/2+*,,4.0,,1934,IS=97.401 13,False,71,104,7.299834536097691e-09,,
175Lu,175,711,m,-54812.2,1.2,353.48,0.13,,1.49,us,0.07,5/2-,,4.0,,1965,IT=100,False,71,104,7.299850233765643e-09,,
175Lu,175,712,n,-53773.3,1.3,1392.4,0.4,,984,us,30,19/2+,,4.0,,1998,IT=100,False,71,104,7.908221065313491e-09,,
175Hf,175,720,,-54481.8,2.3,,,,70.65,d,0.19,5/2-,,4.0,,1949,EC=100,False,72,103,1.3991517815970238e-08,,
175Hf,175,721,m,-54355.9,2.3,125.89,0.12,,53.7,us,1.5,1/2-,,4.0,,1964,IT=100,False,72,103,1.3991528531851343e-08,,
175Hf,175,722,n,-53048.4,2.3,1433.41,0.12,,1.10,us,0.08,19/2+,,4.0,,1990,IT=100,False,72,103,1.3991639819672767e-08,,
175Hf,175,723,p,-51466.2,2.3,3015.6,0.4,,1.21,us,0.15,35/2-,,4.0,,1980,IT=100,False,72,103,1.3991774490943428e-08,,
175Hf,175,724,q,-49845.6,2.6,4636.2,1.2,,1.9,us,0.1,45/2+,,4.0,,1990,IT=100,False,72,103,1.5816944489900997e-08,,
175Ta,175,730,,-52409.0,28.0,,,,10.5,h,0.2,7/2+*,,4.0,,1960,B+=100,False,73,102,1.7033500920275936e-07,,
175Ta,175,731,m,-52278.0,28.0,131.41,0.17,,222,ns,8,9/2-,,4.0,,1972,IT=100,False,73,102,1.7033514494701083e-07,,
175Ta,175,732,n,-52070.0,28.0,339.2,1.3,,170,ns,20,(1/2+),,4.0,,1969,IT=100,False,73,102,1.7033536048031263e-07,,
175Ta,175,733,p,-50841.0,28.0,1567.6,0.3,,1.95,us,0.15,21/2-,,4.0,,1996,IT=100,False,73,102,1.703366340031181e-07,,
175W,175,740,,-49633.0,28.0,,,,35.2,m,0.6,(1/2-),,4.0,,1963,B+=100,False,74,101,1.7033922600970499e-07,,
175W,175,741,m,-49398.0,28.0,234.96,0.15,,216,ns,6,(7/2+),,4.0,,1978,IT=100,False,74,101,1.70339469532596e-07,,
175Re,175,750,,-45288.0,28.0,,,,5.89,m,0.05,5/2-.0,,4.0,,1967,B+=100,False,75,100,1.703450690230367e-07,,
175Os,175,760,,-40105.0,12.0,,,,1.4,m,0.1,(5/2-),,4.0,,1972,B+=100,False,76,99,7.300790612222191e-08,,
175Ir,175,770,,-33395.0,12.0,,,,9,s,2,(1/2+),,4.0,,1967,B+=99.15 28;A=0.85 28,False,77,98,7.301146121173074e-08,,
175Ir,175,771,m,-33350.0,40.0,50.0,40.0,,33,s,4,9/2-.0,,4.0,,1967,B+= ?;IT ?,True,77,98,2.433716040058724e-07,,
175Ir,175,772,n,-33298.0,12.0,97.4,0.7,,6.58,us,0.15,(5/2-),,,,2019,IT=100,False,77,98,7.301150430136672e-08,,
175Pt,175,780,,-25709.0,19.0,,,,2.43,s,0.04,(7/2-),,4.0,,1966,A=64 5;B+ ?,False,78,97,1.1560779623506932e-07,,
175Au,175,790,,-17400.0,40.0,,,,200,ms,3,1/2+,,4.0,,1975,A=88 4;B+ ?,False,79,96,2.433990551465797e-07,,
175Au,175,791,m,-17240.0,40.0,164.0,11.0,AD,136,ms,1,(11/2-),,4.0,,1975,A=75 4;B+ ?,True,79,96,2.433992921192106e-07,,
175Hg,175,800,,-7970.0,80.0,,,,10.2,ms,0.3,(7/2-),,9.0,,1983,A~100;B+ ?,False,80,95,4.868298765385374e-07,,
175Hg,175,801,m,-7480.0,80.0,494.0,2.0,,340,ns,30,(13/2+),,9.0,,2009,IT=100,False,80,95,4.868313281882542e-07,,
176Dy,176,660,,-33610.0,500.0,,,,440.0,ms,>550ns,0+,,,,2018,B- ?;B-n ?,True,66,110,3.024588133793414e-06,,
176Ho,176,670,,-39390.0,500.0,,,,1.0,s,>300ns,4+.0,,13.0,,2012,B- ?;B-n ?,True,67,109,3.0245060467533123e-06,,
176Er,176,680,,-46630.0,400.0,,,,12.0,s,>300ns,0+,,13.0,,2012,B- ?,True,68,108,2.4195178038039344e-06,,
176Tm,176,690,,-49370.0,100.0,,,,1.85,m,0.03,(4+),,6.0,,1961,B-=100,False,69,107,6.048741579420335e-07,,
176Yb,176,700,,-53491.322,0.014,,,,stbl,,>160Py,0+,,6.0,,1934,IS=12.995 83;2B- ?;A ?,False,70,106,8.468093357858987e-11,1.00e+8,18.420680743952367
176Yb,176,701,m,-52441.5,0.6,1049.8,0.6,,11.4,s,0.3,8-*,,6.0,,1967,IT=?;B-<10.0,False,70,106,3.6292059130873047e-09,1.00e+8,18.420680743952367
176Lu,176,710,,-53382.3,1.2,,,,37.01,Gy,0.17,7-*,,6.0,,1935,IS=2.599 13;B-=100;B+=0.45 26,False,71,105,7.258427303712621e-09,,
176Lu,176,711,m,-53259.5,1.2,122.845,0.004,,3.664,h,0.019,1-*,,6.0,,1935,B-~100;EC=0.095 16,False,71,105,7.258432695124441e-09,,
176Lu,176,712,n,-51867.8,1.3,1514.5,0.5,,312,ns,69,12+,,6.0,,2000,IT=100,False,71,105,7.863368279962004e-09,,
176Lu,176,713,p,-51794.5,1.3,1587.8,0.6,,40,us,3,14+,,6.0,,2000,IT=100,False,71,105,7.863371766368702e-09,,
176Hf,176,720,,-54576.4,1.5,,,,stbl,,,0+,,6.0,,1934,IS=5.26 70,False,72,104,9.073039575512543e-09,,
176Hf,176,721,m,-53243.3,1.5,1333.07,0.07,,9.6,us,0.3,6+,,6.0,,1964,IT=100,False,72,104,9.073112736672373e-09,,
176Hf,176,722,n,-53017.1,1.5,1559.31,0.09,,9.9,us,0.2,8-,,6.0,,1967,IT=100,False,72,104,9.073125150752669e-09,,
176Hf,176,723,p,-51710.6,1.7,2865.8,0.7,,401,us,6,14-,,6.0,,1975,IT=100,False,72,104,1.0282956433890636e-08,,
176Hf,176,724,q,-49712.8,1.7,4863.6,0.9,,43,us,4,22-,,6.0,,1976,IT=100,False,72,104,1.028308069760393e-08,,
176Ta,176,730,,-51370.0,30.0,,,,8.09,h,0.05,(1)-,,6.0,,1948,B+=100,False,73,103,1.8146573055374582e-07,,
176Ta,176,731,m,-51270.0,30.0,103.0,1.0,,1.08,ms,0.07,7+,,6.0,,1971,IT=100,False,73,103,1.814658403198501e-07,,
176Ta,176,732,n,-49900.0,30.0,1474.0,1.4,,3.8,us,0.4,14-,,6.0,,1978,IT=100,False,73,103,1.8146734412885036e-07,,
176Ta,176,733,p,-48500.0,30.0,2874.0,1.4,,970,us,70,20-,,6.0,,1994,IT=100,False,73,103,1.8146888089372372e-07,,
176W,176,740,,-50642.0,28.0,,,,2.5,h,0.1,0+,,6.0,,1950,EC=100,False,74,102,1.693700860294969e-07,,
176Re,176,750,,-45063.0,28.0,,,,5.3,m,0.3,(3+),,6.0,,1967,B+=100,False,75,101,1.6937712708217798e-07,,
176Os,176,760,,-42131.0,11.0,,,,3.6,m,0.5,0+,,6.0,,1970,B+=100,False,76,100,6.654271502995188e-08,,
176Ir,176,770,,-33882.0,8.0,,,*,8.7,s,0.5,(3+),,6.0,,1967,B+=96.9 6;A=3.1 6,False,77,99,4.839749557529061e-08,,
176Ir,176,771,m,-33830.0,50.0,50.0,50.0,*,10.0,s,,(7+),,6.0,,9999,B+= ?;IT ?,True,77,99,3.0248444250224783e-07,,
176Pt,176,780,,-28934.0,13.0,,,,6.33,s,0.15,0+,,6.0,,1966,B+ ?;A=40 2,False,78,98,7.864889994341961e-08,,
176Au,176,790,,-18520.0,30.0,,,*,1.05,s,0.01,"(3-,4-)",,6.0,,1975,A=75 8;B+ ?,False,79,97,1.8151031748783664e-07,,
176Au,176,791,m,-18380.0,30.0,139.0,13.0,AD*,1.36,s,0.02,"(8+,9+)",,6.0,,2002,A=?;B+ ?,False,79,97,1.8151047123594519e-07,,
176Hg,176,800,,-11785.0,11.0,,,,20.3,ms,1.4,0+,,6.0,,1983,A=90 9;B+ ?,False,80,96,6.655701603080807e-08,,
176Tl,176,810,,580.0,80.0,,,,6.2,ms,2.3,"(3-,4-)",,9.0,,2004,p~100;A ?;B+ ?,False,81,95,4.840910317468324e-07,,
177Ho,177,670,,-36280.0,500.0,,,,1.0,s,>550ns,7/2-.0,,19.0,,2018,B-=100;n ?,True,67,110,3.0074698423676518e-06,,
177Er,177,680,,-42860.0,500.0,,,,8.0,s,>300ns,1/2-.0,,19.0,,2012,B- ?,True,68,109,3.0073742109142514e-06,,
177Tm,177,690,,-47570.0,200.0,,,*,95,s,7,1/2+.0,,19.0,,1989,B-=100,True,69,108,1.202924963780981e-06,,
177Tm,177,691,m,-47470.0,220.0,100.0,100.0,*,77,s,11,7/2-.0,,19.0,,1989,B-=100,True,69,108,1.3232182560252156e-06,,
177Yb,177,700,,-50986.4,0.22,,,,1.911,h,0.003,9/2+*,,19.0,,1945,B-=100,False,70,107,1.323200563608603e-09,8.30e+7,18.234351165760874
177Yb,177,701,m,-50654.9,0.4,331.5,0.3,,6.41,s,0.02,1/2-*,,19.0,,1962,IT=100,False,70,107,2.4058240033475283e-09,8.30e+7,18.234351165760874
177Lu,177,710,,-52383.9,1.2,,,,6.6443,d,0.0009,7/2+*,,19.0,,1945,B-=100,False,71,106,7.21745309779539e-09,,
177Lu,177,711,m,-52233.5,1.2,150.3984,0.001,,130.1,ns,2.4,9/2-,,19.0,,1949,IT=100,False,71,106,7.217459626618825e-09,,
177Lu,177,712,n,-51814.2,1.2,569.6721,0.0015,,155,us,7,1/2+,,19.0,,1965,IT=100,False,71,106,7.217477828381101e-09,,
177Lu,177,713,p,-51413.7,1.2,970.1757,0.0024,,160.4,d,0.3,23/2-*,,19.0,,1962,B-=77.30 8;IT=22.70 8,False,71,106,7.217495214123375e-09,,
177Lu,177,714,q,-49612.2,1.3,2771.7,0.5,,625,ns,62,33/2+,,19.0,,2004,IT=100,False,71,106,7.819037869978602e-09,,
177Lu,177,715,r,-48853.5,1.3,3530.4,0.6,,6,us,2,39/2-,,19.0,,2003,IT=100,False,71,106,7.819073550841334e-09,,
177Hf,177,720,,-52880.7,1.4,,,,stbl,,>1.3Ey,7/2-*,,19.0,,1934,IS=18.60 16,False,72,105,8.420402287715453e-09,6.13e+4,11.023535121924303
177Hf,177,721,m,-51565.2,1.4,1315.4502,0.0008,,1.09,s,0.05,23/2+,,19.0,,1966,IT=100,False,72,105,8.420468911904237e-09,6.13e+4,11.023535121924303
177Hf,177,722,n,-51538.3,1.7,1342.4,1.0,,55.9,us,1.2,(19/2-),,19.0,,1976,IT=100,False,72,105,1.0224856761625559e-08,6.13e+4,11.023535121924303
177Hf,177,723,p,-50140.7,1.4,2740.02,0.15,,51.4,m,0.5,37/2-,,19.0,,1971,IT=100,False,72,105,8.420541057644259e-09,6.13e+4,11.023535121924303
177Ta,177,730,,-51715.0,3.0,,,,56.36,h,0.13,7/2+*,,19.0,,1948,B+=100,False,73,104,1.8043986059053077e-08,,
177Ta,177,731,m,-51642.0,3.0,73.16,0.07,,410,ns,7,9/2-,,19.0,,1973,IT=100,False,73,104,1.8043993981635423e-08,,
177Ta,177,732,n,-51529.0,3.0,186.16,0.06,,3.62,us,0.10,5/2-,,19.0,,1971,IT=100,False,73,104,1.80440062453725e-08,,
177Ta,177,733,p,-50360.0,3.0,1354.8,0.3,,5.30,us,0.11,21/2-,,19.0,,1971,IT=100,False,73,104,1.8044133116338766e-08,,
177Ta,177,734,q,-47059.0,3.0,4656.3,0.8,,133,us,4,49/2-,,19.0,,1994,IT=100,False,73,104,1.804449138179613e-08,,
177W,177,740,,-49702.0,28.0,,,,132.4,m,2.0,1/2-,,19.0,,1950,B+=100,False,74,103,1.6841388570912907e-07,,
177Re,177,750,,-46269.0,28.0,,,,14,m,1,5/2-,,19.0,,1957,B+=100,False,75,102,1.6841867349110663e-07,,
177Re,177,751,m,-46170.0,60.0,100.0,50.0,,>100,ns,,9/2-,,19.0,,9999,IT=100,True,75,102,3.6089737238822194e-07,,
177Re,177,752,n,-46184.0,28.0,84.7,0.1,,50,us,10,5/2+,,19.0,,1972,IT=100,False,75,102,1.6841875959872973e-07,,
177Os,177,760,,-41956.0,15.0,,,,3.0,m,0.2,1/2-,,19.0,,1970,B+=100,False,76,101,9.022733200040421e-08,,
177Ir,177,770,,-36047.0,20.0,,,,29.8,s,1.7,5/2-,,19.0,,1967,B+~100;A=0.06 1,False,77,100,1.2030832146919338e-07,,
177Ir,177,771,m,-35950.0,50.0,100.0,50.0,,>100,ns,,(9/2-),,19.0,,9999,IT=100,True,77,100,3.00770979171454e-07,,
177Ir,177,772,n,-35866.0,20.0,180.9,0.4,,>100,ns,,5/2+,,19.0,,1991,IT=100,False,77,100,1.2030845245987056e-07,,
177Pt,177,780,,-29370.0,15.0,,,,10.0,s,0.4,5/2-,,19.0,,1966,B+=94.3 5;A=5.7 5,False,78,99,9.023556743402898e-08,,
177Pt,177,781,m,-29223.0,15.0,147.5,0.4,,2.35,us,0.04,1/2-,,19.0,,1979,IT=100,False,78,99,9.023564723018432e-08,,
177Au,177,790,,-21546.0,10.0,,,,1.501,s,0.020,1/2+*,,19.0,,1968,A=40 6;B+=60 6,False,79,98,6.016034458110294e-08,,
177Au,177,791,m,-21356.0,10.0,190.0,7.0,AD,1.193,s,0.013,11/2-*,,19.0,,1975,A=60 10;B+ ?,False,79,98,6.016041334725568e-08,,
177Hg,177,800,,-12780.0,80.0,,,,117,ms,7,7/2-*,,19.0,,1975,A~100;B+ ?,False,80,97,4.813118843397583e-07,8.90e-1,-0.11653381625595151
177Hg,177,801,m,-12460.0,80.0,323.2,1.3,,1.50,us,0.15,13/2+,,19.0,,2003,IT=100,False,80,97,4.813128109860623e-07,8.90e-1,-0.11653381625595151
177Tl,177,810,,-3340.0,22.0,,,,18,ms,5,(1/2+),,19.0,,1999,A=73 13;p ?,False,81,96,1.3236931607508901e-07,,
177Tl,177,811,m,-2533.0,12.0,807.0,18.0,p,230,us,40,(11/2-),,19.0,,1997,p=51 8;A=49 8,False,81,96,7.220179571109267e-08,,
178Ho,178,670,,-32130.0,500.0,,,,750.0,ms,>550ns,2+.0,,,,2018,B- ?;B-n ?,True,67,111,2.9906430867307167e-06,,
178Er,178,680,,-40260.0,600.0,,,,4.0,s,>300ns,0+,,13.0,,2012,B- ?,True,68,110,3.5886249577895732e-06,,
178Tm,178,690,,-44240.0,300.0,,,,10.0,s,>300ns,1-.0,,11.0,,2008,B- ?;B-n ?,True,69,109,1.794283646423639e-06,,
178Yb,178,700,,-49677.0,7.0,,,,74,m,3,0+,,9.0,,1973,B-=100,False,70,108,4.186558085975631e-08,,
178Lu,178,710,,-50337.9,2.3,,,,28.4,m,0.2,1+*,,9.0,,1957,B-=100,False,71,107,1.375588574200909e-08,,
178Lu,178,711,m,-50214.0,3.0,123.8,2.6,RQ,23.1,m,0.3,9-*,,9.0,,1951,B-=100,False,71,107,1.7942472959285738e-08,,
178Hf,178,720,,-52435.4,1.4,,,,stbl,,,0+,,9.0,,1934,IS=27.28 28,False,72,106,8.373107571816144e-09,1.02e+5,11.532728092266408
178Hf,178,721,m,-51288.0,1.4,1147.416,0.006,,4.0,s,0.2,8-,,9.0,,1960,IT=100,False,72,106,8.373165031486706e-09,1.02e+5,11.532728092266408
178Hf,178,722,n,-49989.3,1.4,2446.09,0.08,,31,y,1,16+,,9.0,,1968,IT=100,False,72,106,8.373230068932998e-09,1.02e+5,11.532728092266408
178Hf,178,723,p,-49863.0,1.4,2572.4,0.3,,68,us,2,14-,,9.0,,1977,IT=100,False,72,106,8.373236393949919e-09,1.02e+5,11.532728092266408
178Ta,178,730,,-50600.0,50.0,,,*,2.36,h,0.08,7-,,9.0,,1950,B+=100,True,73,105,2.990451519573102e-07,,
178Ta,178,731,m,-50498.0,15.0,100.0,50.0,*,9.31,m,0.03,(1+),,9.0,,1950,B+=100,False,73,105,8.971360031716423e-08,,
178Ta,178,732,n,-49130.0,50.0,1467.82,0.16,,59,ms,3,15-,,9.0,,1979,IT=100,True,73,105,2.9904778116371153e-07,,
178Ta,178,733,p,-47700.0,50.0,2901.9,0.7,,290,ms,12,21-,,9.0,,1996,IT=100,True,73,105,2.99050338871444e-07,,
178W,178,740,,-50407.0,15.0,,,,21.6,d,0.3,0+,,9.0,,1950,EC=100,False,74,104,8.971434311269046e-08,,
178W,178,741,m,-43834.0,15.0,6572.7,0.3,,220,ns,10,25+,,9.0,,1998,IT=100,False,74,104,8.971787017563367e-08,,
178Re,178,750,,-45653.0,28.0,,,,13.2,m,0.2,(3+),,9.0,,1957,B+=100,False,75,103,1.674728311067163e-07,,
178Os,178,760,,-43544.0,14.0,,,,5.0,m,0.4,0+,,9.0,,1967,B+=100,False,76,102,8.373811961880701e-08,,
178Ir,178,770,,-36254.0,19.0,,,,12,s,2,3+.0,,9.0,,1972,B+=100,False,77,101,1.1365042566005669e-07,,
178Pt,178,780,,-31997.0,10.0,,,,20.7,s,0.7,0+,,9.0,,1966,B+=92.3 3;A=7.7 3,False,78,100,5.981799945543e-08,,
178Au,178,790,,-22303.0,10.0,,,,3.4,s,0.5,"(2+,3-)*",,9.0,,1968,B+=84 1;A=16 1,False,79,99,5.982193119347823e-08,,
178Au,178,791,m,-22253.0,10.0,50.3,0.2,,300,ns,10,"(4-,5+)",,,,2019,IT=100,False,79,99,5.982194908680083e-08,,
178Au,178,792,n,-22117.0,10.0,186.0,14.0,MD,2.7,s,0.5,"(7+,8-)",,,,2015,B+=82 1;A=18 1,False,79,99,5.982199775669248e-08,,
178Au,178,793,p,-22060.0,17.0,243.0,14.0,,390,ns,10,"(5+,6)",,,,2019,IT=100,False,79,99,1.0169743086371507e-07,,
178Au,178,794,q,-21938.0,24.0,365.0,21.0,AD,,,,,,,,9999,,False,79,99,1.4357294835595062e-07,,
178Hg,178,800,,-16315.0,11.0,,,,266.5,ms,2.4,0+,,9.0,,1971,A=89 4;B+ ?,False,80,98,6.580699075586316e-08,3.80e+1,3.6375861597263857
178Tl,178,810,,-4610.0,100.0,,,,255,ms,9,"(4-,5-)",,9.0,,1997,A=62 2;B+=38 2;B+SF=0.15 6,True,81,97,5.982918948352592e-07,,
178Pb,178,820,,3573.0,23.0,,,,250,us,80,0+,,9.0,,2001,A~100;B+ ?,False,82,96,1.37614938046312e-07,,
179Er,179,680,,-36080.0,500.0,,,,3.0,s,>550ns,3/2-.0,,,,2018,B- ?;B-n ?,True,68,111,2.9738831734838378e-06,,
179Tm,179,690,,-41900.0,400.0,,,,18.0,s,>300ns,1/2+.0,,13.0,,2012,B- ?;B-n ?,True,69,110,2.3790424864904856e-06,,
179Yb,179,700,,-46640.0,200.0,,,,8.0,m,0.4,(1/2-),,9.0,,1982,B-=100,True,70,109,1.1894968592472993e-06,,
179Lu,179,710,,-49059.0,5.0,,,,4.59,h,0.06,7/2+*,,9.0,,1961,B-=100,False,71,108,2.9737222393731458e-08,,
179Lu,179,711,m,-48467.0,5.0,592.4,0.4,,3.1,ms,0.9,1/2+,,9.0,,1982,IT=100,False,71,108,2.973732709550375e-08,,
179Hf,179,720,,-50463.0,1.4,,,,stbl,,,9/2+*,,9.0,,1934,IS=13.62 11,False,72,107,8.3264167898835e-09,1.46e+5,11.891361900690473
179Hf,179,721,m,-50088.0,1.4,375.0352,0.0025,,18.67,s,0.04,1/2-,,9.0,,1962,IT=100,False,72,107,8.326435360250781e-09,1.46e+5,11.891361900690473
179Hf,179,722,n,-49356.6,1.4,1106.412,0.033,,25.00,d,0.17,25/2-,,9.0,,1970,IT=100,False,72,107,8.326471580133464e-09,1.46e+5,11.891361900690473
179Hf,179,723,p,-46687.8,2.5,3775.2,2.1,,15,us,5,(43/2+),,9.0,,2000,IT=100,False,72,107,1.4868935259403046e-08,1.46e+5,11.891361900690473
179Ta,179,730,,-50357.5,1.5,,,,1.82,y,0.03,7/2+,,9.0,,1950,EC=100,False,73,106,8.921235066271949e-09,,
179Ta,179,731,m,-50326.8,1.5,30.7,0.1,,1.42,us,0.08,9/2-,,9.0,,1964,IT=100,False,73,106,8.921236695182218e-09,,
179Ta,179,732,n,-49837.3,1.5,520.23,0.18,,280,ns,80,1/2+,,9.0,,1974,IT=100,False,73,106,8.92126266762664e-09,,
179Ta,179,733,p,-49104.9,1.5,1252.6,0.23,,322,ns,16,21/2-,,9.0,,1982,IT=100,False,73,106,8.92130152841629e-09,,
179Ta,179,734,q,-49040.3,1.6,1317.2,0.4,,9.0,ms,0.2,25/2+,,9.0,,1982,IT=100,False,73,106,9.51605861981577e-09,,
179Ta,179,735,r,-49029.5,1.6,1328.0,0.4,,1.6,us,0.4,23/2-,,9.0,,1982,IT=100,False,73,106,9.516059231064567e-09,,
179Ta,179,736,x,-47718.2,1.6,2639.3,0.5,,54.1,ms,1.7,37/2+,,9.0,,1982,IT=100,False,73,106,9.516133447439698e-09,,
179W,179,740,,-49295.0,15.0,,,,37.05,m,0.16,7/2-,,9.0,,1950,B+=100,False,74,105,8.921360066030628e-08,,
179W,179,741,m,-49073.0,15.0,221.91,0.03,,6.40,m,0.07,1/2-,,9.0,,1950,IT~100;B+=0.29 4,False,74,105,8.921371845464665e-08,,
179W,179,742,n,-47663.0,15.0,1631.9,0.08,,390,ns,30,21/2+,,9.0,,1978,IT=100,False,74,105,8.921446661515147e-08,,
179W,179,743,p,-45947.0,15.0,3348.41,0.14,,750,ns,80,35/2-,,9.0,,1978,IT=100,False,74,105,8.921537715933313e-08,,
179Re,179,750,,-46584.0,25.0,,,,19.5,m,0.1,5/2+,,9.0,,1960,B+=100,False,75,104,1.4869287571237344e-07,,
179Re,179,751,m,-46519.0,25.0,65.35,0.09,,95,us,25,(5/2-),,9.0,,1972,IT=100,False,75,104,1.48692933197281e-07,,
179Re,179,752,n,-44760.0,60.0,1822.0,50.0,,408,ns,12,(23/2+),,9.0,,1972,IT=100,True,75,104,3.5686677322606763e-07,,
179Re,179,753,p,-41176.0,25.0,5408.0,0.5,,466,us,15,"(47/2,49",/2+),9.0,,1989,IT=100,False,75,104,1.486976586086774e-07,,
179Os,179,760,,-43020.0,16.0,,,,6.5,m,0.3,1/2-,,9.0,,1968,B+=100,False,76,103,9.516618980987159e-08,,
179Os,179,761,m,-42875.0,16.0,145.41,0.12,,500,ns,,(7/2)-,,9.0,,1983,IT=100,False,76,103,9.516627188541325e-08,,
179Os,179,762,n,-42777.0,16.0,243.0,0.8,,783,ns,14,(9/2)+,,9.0,,1983,IT=100,False,76,103,9.516632735723882e-08,,
179Ir,179,770,,-38082.0,10.0,,,,79,s,1,(5/2)-,,9.0,,1992,B+=100,False,77,102,5.948107319364367e-08,,
179Pt,179,780,,-32268.0,8.0,,,,21.2,s,0.4,1/2-,,9.0,,1966,B+~100;A=0.24 3,False,78,101,4.758687029821456e-08,,
179Au,179,790,,-24989.0,12.0,,,,7.1,s,0.3,1/2+*,,9.0,,1968,B+=78.0 9;A=22.0 9,False,79,100,7.13839454081056e-08,,
179Au,179,791,m,-24900.0,12.0,89.5,0.3,,327,ns,5,(3/2-),,,,2011,IT=100,False,79,100,7.138398320099409e-08,,
179Au,179,793,p,-24856.0,19.0,133.5,15.0,,,,,(9/2-),,9.0,,1980,IT ?,False,79,100,1.1302466965146142e-07,,
179Hg,179,800,,-16933.0,28.0,,,,1.05,s,0.03,7/2-*,,9.0,,1970,A=75 4;B+=25 4;B+p~0.15,False,80,99,1.665718033461982e-07,1.60e+3,7.3777589082278725
179Hg,179,801,m,-16762.0,28.0,171.4,0.4,,6.4,us,0.9,13/2+,,9.0,,2002,IT=100,False,80,99,1.6657197279616808e-07,1.60e+3,7.3777589082278725
179Tl,179,810,,-8270.0,40.0,,,,437,ms,9,1/2+*,,9.0,,1983,A=60 2;B+ ?,False,81,98,2.379738142910192e-07,3.10e+0,1.1314021114911006
179Tl,179,811,m,-7450.0,40.0,825.0,10.0,,1.41,ms,0.02,(11/2-),,9.0,,1983,A~100;IT ?;B+ ?,True,81,98,2.3797497524317678e-07,3.10e+0,1.1314021114911006
179Tl,179,812,n,-7370.0,40.0,904.5,0.9,,119,ns,14,(9/2-),,9.0,,2018,IT=100,False,81,98,2.3797508850740838e-07,3.10e+0,1.1314021114911006
179Pb,179,820,,2050.0,80.0,,,,2.7,ms,0.2,(9/2-),,10.0,,2010,A=100,False,82,97,4.7598051489685936e-07,,
180Er,180,680,,-33180.0,500.0,,,,2.0,s,>550ns,0+,,,,2018,B- ?;B-n ?,True,68,112,2.957407259299218e-06,,
180Tm,180,690,,-38170.0,400.0,,,,3.0,s,>300ns,,,15.0,,2012,B- ?;B-n ?,True,69,111,2.3658740773579764e-06,,
180Yb,180,700,,-44720.0,300.0,,,,2.4,m,0.5,0+,,15.0,,1987,B-=100,True,70,110,1.7743503907425251e-06,,
180Lu,180,710,,-46680.0,70.0,,,,5.7,m,0.1,5+,,15.0,,1971,B-=100,False,71,109,4.1401345871544525e-07,,
180Lu,180,711,m,-46670.0,70.0,13.9,0.3,,~1,s,,3-,,15.0,,1995,IT ?; B- ?,False,71,109,4.1401348320218154e-07,,
180Lu,180,712,n,-46060.0,70.0,624.0,0.5,,>1,ms,,(9-),,15.0,,2001,IT=100,False,71,109,4.140149768985735e-07,,
180Hf,180,720,,-49779.5,1.4,,,,stbl,,,0+,,15.0,,1934,IS=35.08 33,False,72,108,8.280180720957594e-09,2.82e+6,14.852247442914296
180Hf,180,721,m,-48637.9,1.4,1141.552,0.015,,5.53,h,0.02,8-,,15.0,,1951,IT~100;B-=0.31 8,False,72,108,8.280236628253637e-09,2.82e+6,14.852247442914296
180Hf,180,722,n,-48405.1,1.4,1374.36,0.04,,570,us,20,4-,,15.0,,1990,IT=100,False,72,108,8.280248029203461e-09,2.82e+6,14.852247442914296
180Hf,180,723,p,-47294.0,1.5,2485.5,0.5,,940,ns,110,12+,,15.0,,2000,IT=100,False,72,108,8.871752618255716e-09,2.82e+6,14.852247442914296
180Hf,180,724,q,-46180.5,1.7,3599.0,1.0,,90,us,10,(18-),,15.0,,1999,IT=100,False,72,108,1.00547191857029e-08,2.82e+6,14.852247442914296
180Ta,180,730,,-48933.6,2.1,,,,8.154,h,0.006,1+,,15.0,,1938,EC=85 3;B-=15 3,False,73,107,1.2420428228514021e-08,,
180Ta,180,731,m,-48858.3,1.6,75.3,1.4,RQ,stbl,,>45 Py,9-,,15.0,,1940,IS=0.01201 32;B- ?,False,73,107,9.46318762673652e-09,,
180Ta,180,732,n,-47481.2,2.1,1452.39,0.22,,31.2,us,1.4,15-,,15.0,,1996,IT=100,False,73,107,1.2420534923452024e-08,,
180Ta,180,733,p,-45254.7,2.3,3678.9,1.0,,2.0,us,0.5,(22-),,15.0,,2000,IT=100,False,73,107,1.360362215374931e-08,,
180Ta,180,734,q,-44761.4,2.6,4172.2,1.6,,17,us,5,(24+),,15.0,,2000,IT=100,False,73,107,1.5378052520319492e-08,,
180W,180,740,,-49636.2,1.4,,,,1.59,Ey,0.5,0+,,15.0,,1937,IS=0.12 1;A~100;2B+ ?,False,74,106,8.280314416104415e-09,,
180W,180,741,m,-48107.1,1.4,1529.05,0.04,,5.47,ms,0.09,8-,,15.0,,1978,IT=100,False,74,106,8.280389302932541e-09,,
180W,180,742,n,-46371.5,1.4,3264.7,0.3,,2.33,us,0.19,14-,,15.0,,1966,IT=100,False,74,106,8.280474304625444e-09,,
180Re,180,750,,-45837.0,21.0,,,,2.46,m,0.03,(1)-,,15.0,,1955,B+=100,False,75,105,1.242084573798183e-07,,
180Re,180,751,m,-45750.0,40.0,90.0,30.0,,>1.0,us,,"(4+,5+)",,,,2005,IT~100; B+ ?,True,75,105,2.365876596091004e-07,,
180Re,180,752,n,-42280.0,40.0,3561.0,30.0,,9.0,us,0.7,21-,,15.0,,2005,IT=100,True,75,105,2.3659251542903007e-07,,
180Os,180,760,,-44356.0,16.0,,,,21.5,m,0.4,0+,,15.0,,1967,B+=100,False,76,104,9.463656806745834e-08,,
180Ir,180,770,,-37978.0,22.0,,,,1.5,m,0.1,(5+),,15.0,,1972,B+=100,False,77,103,1.3013118570232001e-07,,
180Pt,180,780,,-34430.0,10.0,,,,56,s,3,0+,,15.0,,1966,B+=99.48 5;A=0.52 5,False,78,102,5.915223288282209e-08,,
180Au,180,790,,-25626.0,5.0,,,,7.9,s,0.3,(1+)*,,15.0,,1977,B+=99.42 10;A=0.58 10,False,79,101,2.9577883068487045e-08,,
180Hg,180,800,,-20251.0,13.0,,,,2.59,s,0.01,0+,,15.0,,1970,B+=52 2;A=48 2,False,80,100,7.690552967287642e-08,4.00e+5,12.89921982609012
180Tl,180,810,,-9390.0,70.0,,,,1.09,s,0.01,(4-)*,,15.0,,1987,B+=93 3;A=7 3;B+SF=0.0032 2,False,81,99,4.1413647577787874e-07,6.10e+2,6.413458957167357
180Pb,180,820,,-1941.0,12.0,,,,4.1,ms,0.3,0+,,15.0,,1996,A=100,False,82,98,7.099849658171515e-08,,
181Tm,181,690,,-35440.0,500.0,,,,7.0,s,>300ns,1/2+.0,,13.0,,2012,B- ?;B-n ?,True,69,112,2.941046006111265e-06,,
181Yb,181,700,,-41090.0,300.0,,,,1.0,m,>300ns,3/2-.0,,13.0,,2000,B- ?,True,70,111,1.7645823839140548e-06,,
181Lu,181,710,,-44800.0,130.0,,,,3.5,m,0.3,7/2+.0,,6.0,,1982,B-=100,False,71,110,7.646414972154451e-07,,
181Hf,181,720,,-47403.0,1.4,,,,42.39,d,0.06,1/2-,,6.0,,1935,B-=100,False,72,109,8.234537306307792e-09,,
181Hf,181,721,m,-46807.7,1.4,595.27,0.04,,80,us,5,9/2+,,6.0,,2001,IT=100,False,72,109,8.234566139170926e-09,,
181Hf,181,722,n,-46359.5,1.6,1043.5,0.8,,~100,us,,(17/2+),,6.0,,2001,IT=100,False,72,109,9.410957540000529e-09,,
181Hf,181,723,p,-45661.1,1.9,1741.9,1.3,,1.5,ms,0.5,(25/2-),,6.0,,2001,IT=100,False,72,109,1.1175557986634919e-08,,
181Ta,181,730,,-48439.1,1.6,,,,stbl,,,7/2+*,,6.0,,1932,IS=99.98799 32,False,73,108,9.410914017279565e-09,,
181Ta,181,731,m,-48432.9,1.6,6.237,0.02,,6.05,us,0.12,9/2-*,,6.0,,1979,IT=100,False,73,108,9.410914360470125e-09,,
181Ta,181,732,n,-47823.9,1.6,615.19,0.03,,18,us,1,1/2+,,6.0,,1948,IT=100,False,73,108,9.410948070761653e-09,,
181Ta,181,733,p,-47011.0,14.0,1428.0,14.0,,140,ns,36,19/2+.0,,,,1998,IT=100,False,73,108,8.234618934510076e-08,,
181Ta,181,734,q,-46955.7,1.6,1483.43,0.21,,25.2,us,1.8,21/2-,,6.0,,1998,IT=100,False,73,108,9.410996129102209e-09,,
181Ta,181,735,r,-46211.2,1.8,2227.9,0.9,,210,us,20,29/2-,,6.0,,1998,IT=100,False,73,108,1.0587417008112228e-08,,
181W,181,740,,-48233.9,1.4,,,,120.956,d,0.019,9/2+,,6.0,,1947,EC=100,False,74,107,8.23462234590028e-09,,
181W,181,741,m,-47868.4,1.4,365.55,0.13,,14.59,us,0.15,5/2-,,6.0,,1968,IT=100,False,74,107,8.23464004893219e-09,,
181W,181,742,n,-46580.9,1.4,1653.0,0.3,,200,ns,13,21/2+,,6.0,,1973,IT=100,False,74,107,8.234702409739835e-09,,
181Re,181,750,,-46517.0,13.0,,,,19.9,h,0.7,5/2+*,,6.0,,1957,B+=100,False,75,106,7.646570424161814e-08,,
181Re,181,751,m,-46254.0,13.0,262.91,0.11,,156.7,ns,1.9,9/2-,,6.0,,1967,IT=100,False,75,106,7.646582253118823e-08,,
181Re,181,752,n,-44861.0,13.0,1656.37,0.14,,250,ns,10,21/2-,,6.0,,1974,IT=100,False,75,106,7.646644906721931e-08,,
181Re,181,753,p,-44636.0,13.0,1880.57,0.16,,11.5,us,0.9,25/2+,,6.0,,2000,IT=100,False,75,106,7.646655026746958e-08,,
181Re,181,754,q,-42648.0,13.0,3869.4,0.18,,1.2,us,0.2,(35/2-),,6.0,,2000,IT=100,False,75,106,7.64674444395425e-08,,
181Os,181,760,,-43550.0,25.0,,,,105,m,3,1/2-,,6.0,,1966,B+=100,False,76,105,1.4705311626409932e-07,,
181Os,181,761,m,-43501.0,25.0,49.2,0.14,,2.7,m,0.1,7/2-,,6.0,,1966,B+=100,False,76,105,1.470531586483648e-07,,
181Os,181,762,n,-43393.0,25.0,156.91,0.15,,262,ns,6,9/2+,,6.0,,1974,IT=100,False,76,105,1.4705325206683207e-07,,
181Ir,181,770,,-39463.0,5.0,,,,4.90,m,0.15,5/2-,,6.0,,1972,B+=100,False,77,104,2.9411554063377112e-08,,
181Ir,181,771,m,-39174.0,5.0,289.33,0.13,,298,ns,,5/2+,,6.0,,1992,IT=100,False,77,104,2.941160406274593e-08,,
181Ir,181,772,n,-39097.0,5.0,366.3,0.22,,126,ns,6,9/2-,,6.0,,1992,IT=100,False,77,104,2.941161738440575e-08,,
181Pt,181,780,,-34381.0,14.0,,,,52.0,s,2.2,1/2-*,,6.0,,1966,B+~100;A=0.074 10,False,78,103,8.235543984534057e-08,,
181Pt,181,781,m,-34264.0,14.0,116.65,0.08,,>300,ns,,7/2-,,6.0,,1992,IT=100,False,78,103,8.235549652701966e-08,,
181Au,181,790,,-27871.0,20.0,,,,13.7,s,1.4,(5/2-),,6.0,,1968,B+=97.3 5;A=2.7 5,False,79,102,1.1765602915610999e-07,,
181Au,181,793,p,-27660.0,200.0,210.0,200.0,,,,,(11/2-),,6.0,,9999,,True,79,102,1.176561751993209e-06,,
181Hg,181,800,,-20661.0,15.0,,,,3.6,s,0.1,1/2-*,,6.0,,1969,B+=73 2;A=27 2;B+p=0.014 3;B+A=9e-6 3,False,80,101,8.824643625527413e-08,7.10e+5,13.473020249017498
181Hg,181,801,m,-20450.0,50.0,210.0,50.0,IT,480,us,20,13/2+,,6.0,,2009,IT=100,False,80,101,2.941551526621384e-07,7.10e+5,13.473020249017498
181Tl,181,810,,-12799.0,9.0,,,,2.9,s,0.1,1/2+*,,9.0,,1996,B+ ?;A=8.6 6,False,81,100,5.295071376846012e-08,3.90e+3,8.268731832117737
181Tl,181,811,m,-11963.0,9.0,835.9,0.4,,1.40,ms,0.03,(9/2-),,9.0,,1984,IT=99.60 4;A=0.40 6;B+ ?,False,81,100,5.295097420957245e-08,3.90e+3,8.268731832117737
181Pb,181,820,,-3110.0,90.0,,,,39.0,ms,0.8,(9/2-),,6.0,,1989,A~100;B+ ?,False,82,99,5.29541353254095e-07,,
181Pb,181,821,m,,,,,RN,,,,13/2+.0,,,,9999,,False,82,99,,,
182Tm,182,690,,-31490.0,500.0,,,,,,,,,,,9999,B- ?;B-n ?,True,69,113,2.9249489124897503e-06,,
182Yb,182,700,,-38900.0,400.0,,,,30.0,s,>300ns,0+,,15.0,,2012,B- ?,True,70,112,2.3398754048491564e-06,,
182Lu,182,710,,-41770.0,200.0,,,,2.0,m,0.2,1-.0,,15.0,,1982,B-=100,True,71,111,1.1699269121716085e-06,,
182Hf,182,720,,-46050.0,6.0,,,,8.90,My,0.09,0+,,15.0,,1961,B-=100,False,72,110,3.5097194185078276e-08,,
182Hf,182,721,m,-44877.0,6.0,1172.87,0.18,,61.5,m,1.5,8-,,15.0,,1971,B-=54 2;IT=46 2,False,72,110,3.509743500617992e-08,,
182Hf,182,722,n,-43479.0,6.0,2571.3,1.2,,40,us,10,(13+),,15.0,,1999,IT=100,False,72,110,3.509772202490403e-08,,
182Ta,182,730,,-46430.7,1.6,,,,114.74,d,0.12,3-,,15.0,,1938,B-=100,False,73,109,9.359301747062783e-09,,
182Ta,182,731,m,-46414.4,1.6,16.273,0.004,,283,ms,3,5+,,15.0,,1968,IT=100,False,73,109,9.359302639452508e-09,,
182Ta,182,732,n,-45911.1,1.6,519.577,0.016,,15.84,m,0.10,10-,,15.0,,1947,IT=100,False,73,109,9.359330194122102e-09,,
182W,182,740,,-48246.1,0.7,,,,stbl,,>7.7Zy,0+,,15.0,,1930,IS=26.50 16;A ?,False,74,108,4.094682009722183e-09,,
182W,182,741,m,-46015.5,0.7,2230.65,0.14,,1.3,us,0.1,10+,,15.0,,1969,IT=100,False,74,108,4.094735437816668e-09,,
182Re,182,750,,-45450.0,100.0,,,*,64.2,h,0.5,7+*,,15.0,,1950,B+=100,False,75,107,5.849685660386443e-07,,
182Re,182,751,m,-45386.0,20.0,60.0,100.0,BD*,14.14,h,0.45,2+*,,15.0,,1950,B+=100,False,75,107,1.1699375700783783e-07,,
182Re,182,752,n,-45150.0,140.0,296.0,100.0,,585,ns,30,(2)-,,15.0,,1969,IT=100,False,75,107,8.189574296471618e-07,,
182Re,182,753,p,-44930.0,140.0,521.0,100.0,,780,ns,90,(4-),,15.0,,1984,IT=100,False,75,107,8.18958483591945e-07,,
182Os,182,760,,-44609.0,22.0,,,,21.84,h,0.20,0+,,15.0,,1950,EC=100,False,76,106,1.2869469130403842e-07,,
182Os,182,761,m,-42778.0,22.0,1831.4,0.3,,780,us,70,8-,,15.0,,1966,IT=100,False,76,106,1.2869606975582363e-07,,
182Os,182,762,n,-37560.0,22.0,7049.5,0.4,,150,ns,10,25+,,15.0,,1988,IT=100,False,76,106,1.2869999824190808e-07,,
182Ir,182,770,,-39052.0,21.0,,,,15.0,m,1.0,3+,,15.0,,1961,B+=100,False,77,105,1.2284985554502168e-07,,
182Ir,182,771,m,-38981.0,21.0,71.02,0.17,,170,ns,40,(5)+,,15.0,,1990,IT=100,False,77,105,1.2284990657067036e-07,,
182Ir,182,772,n,-38876.0,21.0,176.4,0.3,,130,ns,50,(6-),,15.0,,1990,IT=100,False,77,105,1.2284998203121444e-07,,
182Pt,182,780,,-36168.0,13.0,,,,2.67,m,0.12,0+,,15.0,,1963,B+=0.962 2;A=0.038 2,False,78,104,7.605176908037295e-08,,
182Au,182,790,,-28304.0,19.0,,,,15.5,s,0.4,(2+)*,,15.0,,1970,B+~100;A=0.13 5,False,79,103,1.1115854052437414e-07,,
182Au,182,791,m,-28180.0,30.0,120.0,40.0,,10.0,s,,5-.0,,,,9999,B+=?; IT ?,False,79,103,1.755136123658427e-07,,
182Hg,182,800,,-23577.0,10.0,,,,10.83,s,0.06,0+,,15.0,,1968,B+=86.2 9;A=13.8 9;B+p<1e-5,False,80,102,5.850655571028293e-08,7.90e+6,15.88237331743725
182Tl,182,810,,-13327.0,12.0,,,*&,1.9,s,0.1,(4-)*,,10.0,,1991,B+~100;A>0.49;B+SF<3.4e-6,False,81,101,7.021260873542082e-08,3.20e+4,10.373491181781864
182Tl,182,811,m,-13280.0,50.0,50.0,50.0,*&,3.1,s,1.0,(7+)*,,,,1991,B+~100;A=2.5 14;IT ?,True,81,101,2.9255261684937623e-07,3.20e+4,10.373491181781864
182Tl,182,813,p,-12830.0,100.0,500.0,100.0,,,,,(10-),,,,9999,,True,81,101,5.85106774269414e-07,3.20e+4,10.373491181781864
182Pb,182,820,,-6825.0,12.0,,,,55,ms,5,0+,,15.0,,1986,A~100;B+ ?,False,82,100,7.021581134072266e-08,,
183Yb,183,700,,-35000.0,400.0,,,,30.0,s,>300ns,3/2-.0,,16.0,,2012,B- ?,True,70,113,2.327138160263744e-06,,
183Lu,183,710,,-39720.0,80.0,,,,58,s,4,7/2+.0,,16.0,,1983,B-=100,False,71,112,4.6541835355503205e-07,,
183Hf,183,720,,-43280.0,30.0,,,,1.018,h,0.002,(3/2-),,16.0,,1956,B-=100,False,72,111,1.7452958108615757e-07,,
183Hf,183,721,m,-41820.0,70.0,1464.0,64.0,,40,s,30,27/2-.0,,16.0,,2010,IT~100;B- ?,False,72,111,4.0723914819789397e-07,,
183Ta,183,730,,-45293.5,1.6,,,,5.1,d,0.1,7/2+*,,16.0,,1950,B-=100,False,73,110,9.308205326144817e-09,,
183Ta,183,731,m,-45220.3,1.6,73.164,0.014,,106,ns,10,9/2-,,16.0,,1967,IT=100,False,73,110,9.308209290049408e-09,,
183Ta,183,732,n,-43959.0,14.0,1335.0,14.0,,900,ns,300,(19/2+),,16.0,,2009,IT=100,False,73,110,8.144742893106298e-08,,
183W,183,740,,-46365.7,0.7,,,,stbl,,>670Ey,1/2-*,,16.0,,1930,IS=14.31 4;A ?,False,74,109,4.072345069121348e-09,,
183W,183,741,m,-46056.2,0.7,309.492,0.004,,5.30,s,0.08,11/2+,,16.0,,1961,IT=100,False,74,109,4.072352401629201e-09,,
183Re,183,750,,-45810.0,8.0,,,,70.0,d,1.4,5/2+*,,16.0,,1950,EC=100,False,75,108,4.654158715195163e-08,,
183Re,183,751,m,-43903.0,8.0,1907.21,0.15,,1.04,ms,0.04,25/2+,,16.0,,1966,IT=100,False,75,108,4.6542103506376635e-08,,
183Os,183,760,,-43660.0,50.0,,,,13.0,h,0.5,9/2+*,,16.0,,1950,B+=100,False,76,107,2.908907469014301e-07,,
183Os,183,761,m,-43490.0,50.0,170.73,0.07,,9.9,h,0.3,1/2-*,,16.0,,1958,B+=85 2;IT=15 2,False,76,107,2.908910346009652e-07,,
183Ir,183,770,,-40202.0,25.0,,,,58,m,5,5/2-,,16.0,,1961,B+~100;A ?,False,77,106,1.4544939401702684e-07,,
183Pt,183,780,,-35773.0,14.0,,,,6.5,m,1.0,1/2-*,,16.0,,1963,B+~100;A=0.0096 5,False,78,105,8.14543724603488e-08,,
183Pt,183,781,m,-35738.0,14.0,34.74,0.07,,43,s,5,7/2-*,,16.0,,1979,B+=96.9 8;IT=3.1 8;A ?,False,78,105,8.145438904738916e-08,,
183Pt,183,782,n,-35577.0,14.0,195.9,0.1,,>150,ns,,9/2+,,16.0,,1990,IT=100,False,78,105,8.145446534786182e-08,,
183Au,183,790,,-30191.0,9.0,,,,42.8,s,1.0,5/2-*,,16.0,,1968,B+=99.45 25;A=0.55 25,False,79,104,5.236561987468858e-08,,
183Au,183,791,m,-30118.0,9.0,73.1,0.01,,>1,us,,(1/2)+,,16.0,,1984,IT=100,False,79,104,5.236564211664742e-08,,
183Au,183,793,p,-29960.0,9.0,230.6,0.6,,<1,us,,(11/2)-,,16.0,,1984,IT=100,False,79,104,5.236569025684223e-08,,
183Hg,183,800,,-23805.0,7.0,,,,9.4,s,0.7,1/2-*,,16.0,,1969,B+=88.3 20;A=11.7 20;B+p=2.6e-4 6,False,80,103,4.073063536170884e-08,4.50e+7,17.622173047734595
183Hg,183,801,m,-23601.0,13.0,204.0,14.0,AD,>5.0,us,,13/2+.0,,,,1981,IT ?;B+ ?,False,80,103,7.564269831730688e-08,4.50e+7,17.622173047734595
183Tl,183,810,,-16587.0,9.0,,,,6.9,s,0.7,1/2+*,,16.0,,1980,B+=?;A ?,False,81,102,5.2370553379791573e-08,2.60e+5,12.468436909997665
183Tl,183,811,m,-15959.0,9.0,628.7,0.5,IT,53.3,ms,0.3,(9/2-),,16.0,,1980,IT ?;A=1.5 3;B+ ?,False,81,102,5.237074475824792e-08,2.60e+5,12.468436909997665
183Tl,183,812,n,-15612.0,9.0,975.3,0.6,,1.48,us,0.10,(13/2+),,16.0,,2001,IT=100,False,81,102,5.237085050458728e-08,2.60e+5,12.468436909997665
183Pb,183,820,,-7580.0,29.0,,,,535,ms,30,3/2-*,,16.0,,1980,A~100;B+ ?,False,82,101,1.6875967585986435e-07,1.20e+1,2.4849066497880004
183Pb,183,821,m,-7486.0,28.0,94.0,8.0,AD,415,ms,20,13/2+*,,16.0,,1980,A~100;B+ ?;IT ?,False,82,101,1.6294046582301863e-07,1.20e+1,2.4849066497880004
184Yb,184,700,,-32600.0,500.0,,,,7.0,s,>300ns,0+,,13.0,,2012,B- ?,True,70,114,2.8931484347648322e-06,,
184Lu,184,710,,-36300.0,200.0,,,,20,s,3,(3+),,10.0,,1989,B-=100,True,71,113,1.1572432584910895e-06,,
184Hf,184,720,,-41500.0,40.0,,,,4.12,h,0.05,0+,,10.0,,1973,B-=100,False,72,112,2.314434199604558e-07,,
184Hf,184,721,m,-40230.0,40.0,1272.2,0.4,,48,s,10,8-,,10.0,,1995,IT~100;B- ?,False,72,112,2.3144512069525177e-07,,
184Hf,184,722,n,-39020.0,40.0,2477.0,10.0,,16,m,7,15+.0,,10.0,,2010,B- ?; IT ?,False,72,112,2.3144674110362438e-07,,
184Ta,184,730,,-42839.0,26.0,,,,8.7,h,0.1,(5-),,10.0,,1955,B-=100,False,73,111,1.504381832229817e-07,,
184W,184,740,,-45705.5,0.7,,,,stbl,,>8.9Zy,0+,,10.0,,1930,IS=30.64 2;A ?,False,74,110,4.050221912016067e-09,,
184W,184,741,m,-44420.5,0.7,1284.997,0.008,,8.33,us,0.18,5-,,10.0,,1969,IT=100,False,74,110,4.0502520258432994e-09,,
184W,184,742,n,-41577.8,0.9,4127.7,0.5,,188,ns,38,(14+),,10.0,,2004,IT=100,False,74,110,5.207552544576845e-09,,
184Re,184,750,,-44220.0,4.0,,,,35.4,d,0.7,3-,,10.0,,1940,B+=100,False,75,109,2.3144497338261448e-08,,
184Re,184,751,m,-44032.0,4.0,188.0463,0.0017,,169,d,8,8+,,10.0,,1964,IT=74.5 8;EC=25.5 8,False,75,109,2.3144522514673415e-08,,
184Os,184,760,,-44252.6,0.8,,,,11.2,Ty,2.3,0+,,10.0,,1937,IS=0.02 2;A ?;2B+ ?,False,76,108,4.628933234582386e-09,,
184Ir,184,770,,-39611.0,28.0,,,,3.09,h,0.03,5-,,10.0,,1960,B+=100,False,77,107,1.6201822699845124e-07,,
184Ir,184,771,m,-39385.0,28.0,225.65,0.11,,470,us,30,3+,,10.0,,1988,IT=100,False,77,107,1.6201843887296864e-07,,
184Ir,184,772,n,-39283.0,28.0,328.4,0.24,,350,ns,90,7+,,10.0,,1988,IT=100,False,77,107,1.620185344979323e-07,,
184Pt,184,780,,-37332.0,15.0,,,,17.3,m,0.2,0+,,10.0,,1963,B+~100;A=0.0017 7,False,78,106,8.679727291996049e-08,,
184Pt,184,781,m,-35492.0,15.0,1840.3,0.8,,1.01,ms,0.05,8-,,10.0,,1966,IT=100,False,78,106,8.679819707183465e-08,,
184Au,184,790,,-30319.0,22.0,,,,20.6,s,0.9,5+*,,10.0,,1969,B+~100;A~0.013 3,False,79,105,1.2730878597814839e-07,,
184Au,184,791,m,-30251.0,22.0,68.46,0.04,,47.6,s,1.4,2+*,,10.0,,1969,B+=?;IT=30 10;A~0.013 3,False,79,105,1.2730883607416063e-07,,
184Hg,184,800,,-26345.0,10.0,,,,30.87,s,0.26,0+,,10.0,,1969,B+=98.89 6;A=1.11 6,False,80,104,5.7869393895720636e-08,1.30e+8,18.683045008419857
184Tl,184,810,,-16883.0,10.0,,,*,9.5,s,0.2,2-*,,10.0,,1976,B+=98.78 30;A=1.22 30,False,81,103,5.7872995937405764e-08,1.70e+6,14.346138809026444
184Tl,184,811,m,-16930.0,30.0,-50.0,30.0,AD*,10.6,s,0.5,(7+),,,,2016,B+=99.53 6;IT ?;A=0.47 6,False,81,103,1.7361894058733054e-07,1.70e+6,14.346138809026444
184Tl,184,812,n,-16430.0,30.0,450.0,30.0,AD,47.1,ms,0.7,(10-),,10.0,,1984,IT~100;A=0.089 19,False,81,103,1.7361944298105982e-07,1.70e+6,14.346138809026444
184Pb,184,820,,-11052.0,13.0,,,,490,ms,25,0+,,10.0,,1980,A=80 11;B+ ?,False,82,102,7.523799682982342e-08,2.20e+2,5.393627546352362
184Bi,184,830,,1250.0,120.0,,,*&,6.6,ms,1.5,3+.0,,10.0,,2003,A=100,True,83,101,6.945592364770307e-07,,
184Bi,184,831,m,1400.0,160.0,150.0,100.0,*&,13,ms,2,10-.0,,10.0,,2002,A=100,True,83,101,9.260797859909606e-07,,
185Yb,185,700,,-28480.0,500.0,,,,5.0,s,>300ns,9/2-.0,,13.0,,2012,B- ?,True,70,115,2.8775728096395333e-06,,
185Lu,185,710,,-33960.0,300.0,,,,20.0,s,>300ns,7/2+.0,,13.0,,2009,B- ?,True,71,114,1.7265020859198117e-06,,
185Hf,185,720,,-38320.0,60.0,,,,3.5,m,0.6,(9/2-),,6.0,,1993,B-=100,False,72,113,3.452943231902536e-07,,
185Ta,185,730,,-41394.0,14.0,,,,49.4,m,1.5,(7/2+),,6.0,,1950,B-=100,False,73,112,8.056784978607316e-08,,
185Ta,185,731,m,-40988.0,14.0,406.0,1.0,,900,ns,300,(3/2+),,6.0,,2007,IT=100,False,73,112,8.056803803068715e-08,,
185Ta,185,732,n,-40121.0,14.0,1273.4,0.4,,11.8,ms,1.4,21/2-,,6.0,,1999,IT=100,False,73,112,8.056844002397773e-08,,
185W,185,740,,-43387.9,0.7,,,,75.1,d,0.3,3/2-*,,6.0,,1940,B-=100,False,74,111,4.028376248263615e-09,,
185W,185,741,m,-43190.5,0.7,197.383,0.023,,1.597,m,0.004,11/2+,,6.0,,1950,IT=100,False,74,111,4.0283808245126996e-09,,
185Re,185,750,,-43819.0,0.8,,,,stbl,,,5/2+*,,6.0,,1931,IS=37.40 5,False,75,110,4.6038814138797644e-09,,
185Re,185,751,m,-41694.9,0.9,2124.1,0.4,,200,ns,4,25/2+,,6.0,,1997,IT=100,False,75,110,5.179429903347651e-09,,
185Os,185,760,,-42805.9,0.8,,,,92.95,d,0.09,1/2-,,6.0,,1947,EC=100,False,76,109,4.6039425228207436e-09,,
185Os,185,761,m,-42703.5,0.8,102.37,0.11,,3.0,us,0.4,7/2-,,6.0,,1970,IT=100,False,76,109,4.603945235947047e-09,,
185Os,185,762,n,-42530.4,0.8,275.53,0.12,,780,ns,50,11/2+,,6.0,,1970,IT=100,False,76,109,4.603949822303568e-09,,
185Ir,185,770,,-40336.0,28.0,,,,14.4,h,0.1,5/2-*,,6.0,,1958,B+=100,False,77,108,1.6114147816096616e-07,,
185Ir,185,771,m,-38140.0,40.0,2197.0,23.0,,120,ns,20,"(23/2,25",/2).0,6.0,,1979,IT=100,False,77,108,2.302050210116622e-07,,
185Pt,185,780,,-36688.0,26.0,,,,70.9,m,2.4,9/2+*,,6.0,,1960,B+~100;A=0.0050 20,False,78,107,1.496356278604492e-07,,
185Pt,185,781,m,-36585.0,26.0,103.41,0.05,,33.0,m,0.8,1/2-*,,6.0,,1970,B+~100;IT ?,False,78,107,1.4963571656260088e-07,,
185Pt,185,782,n,-36487.0,26.0,200.89,0.04,,728,ns,20,5/2-,,6.0,,1996,IT=100,False,78,107,1.4963580095892046e-07,,
185Au,185,790,,-31858.1,2.6,,,*,4.25,m,0.06,5/2-*,,6.0,,1960,B+=99.74 6;A=0.26 6,False,79,106,1.4964090128476753e-08,,
185Au,185,791,m,-31810.0,50.0,50.0,50.0,*,6.8,m,0.3,1/2+.0,,6.0,,1960,B+~100;IT ?,True,79,106,2.877710436744572e-07,,
185Hg,185,800,,-26184.0,14.0,,,,49.1,s,1.0,1/2-*,,6.0,,1960,B+=94 1;A=6 1,False,80,105,8.057910118437404e-08,2.50e+8,19.33697147582652
185Hg,185,801,m,-26080.0,14.0,103.7,0.4,,21.6,s,1.5,13/2+*,,6.0,,1970,IT=54 10;B+=46 10;A~0.03,False,80,105,8.05791494180544e-08,2.50e+8,19.33697147582652
185Tl,185,810,,-19758.0,21.0,,,,19.5,s,0.5,1/2+*,,6.0,,1976,B+~100;A ?,False,81,104,1.208740221822849e-07,5.60e+4,10.933106969717286
185Tl,185,811,m,-19303.0,21.0,454.8,1.5,IT,1.93,s,0.08,9/2-*,,6.0,,1976,IT~100;A=?;B+ ?,False,81,104,1.208743387445808e-07,5.60e+4,10.933106969717286
185Pb,185,820,,-11541.0,16.0,,,*,6.3,s,0.4,3/2-*,,6.0,,1975,B+=66 25;A=34 25,False,82,103,9.209953467296765e-08,6.80e+2,6.522092798170152
185Pb,185,821,m,-11470.0,50.0,70.0,50.0,AD*,4.07,s,0.15,13/2+*,,6.0,,1975,A=50 25;B+ ?,False,82,103,2.8781116347905327e-07,6.80e+2,6.522092798170152
185Bi,185,830,,-2240.0,80.0,,,*&,2.0,ms,,9/2-.0,,,,1996,p ?;A ?,True,83,102,4.605257577533554e-07,,
185Bi,185,831,m,-2156.0,13.0,80.0,80.0,*&,58,us,4,1/2+,,6.0,,1996,p=90 2;A=10 2,False,83,102,7.483547182176574e-08,,
185Bi,185,832,n,-2060.0,110.0,180.0,80.0,EU,50,us,10,13/2+.0,,,,2004,p=?;A=?,True,83,102,6.332235730463367e-07,,
186Lu,186,710,,-30320.0,400.0,,,,6.0,s,>300ns,,,13.0,,2012,B- ?; B-n ?,True,71,115,2.2896700293103976e-06,,
186Hf,186,720,,-36420.0,50.0,,,,2.6,m,1.2,0+,,3.0,,1998,B-=100,False,72,114,2.8620087907354344e-07,,
186Hf,186,721,m,-33450.0,70.0,2968.0,43.0,,>20,s,,17+.0,,,,2010,B- ?; IT ?,False,72,114,4.006880425327992e-07,,
186Ta,186,730,,-38610.0,60.0,,,,10.5,m,0.3,3.0,,3.0,,1955,B-=100,False,73,113,3.434392921718886e-07,,
186Ta,186,731,m,-38270.0,60.0,336.0,20.0,,1.54,m,0.05,9+.0,,,,2010,B- ?; IT ?,False,73,113,3.434399605596247e-07,,
186W,186,740,,-42508.6,1.2,,,,stbl,,>4.1Ey,0+,,3.0,,1930,IS=28.43 19;2B- ?;A ?,False,74,112,6.868683414050492e-09,,
186W,186,741,m,-40991.4,1.3,1517.2,0.6,,18,us,1,7-,,3.0,,1998,IT=100,False,74,112,7.441138319672365e-09,,
186W,186,742,n,-38965.8,2.4,3542.8,2.1,,2.0,s,0.2,16+,,3.0,,1998,IT=100,False,74,112,1.3737645408907881e-08,,
186Re,186,750,,-41927.3,0.8,,,,3.7185,d,0.0005,1-*,,3.0,,1939,B-=92.53 10;EC=7.47 10,False,75,111,4.579171411520555e-09,,
186Re,186,751,m,-41779.1,0.9,148.2,0.5,,~200,ky,,(8+),,3.0,,1972,IT~100;B- ?,False,75,111,5.1515722079955606e-09,,
186Os,186,760,,-43000.0,0.8,,,,2.0,Py,1.1,0+,,3.0,,1931,IS=1.59 64;A=100,False,76,110,4.57917719452563e-09,,
186Ir,186,770,,-39172.0,17.0,,,,16.64,h,0.03,5+*,,3.0,,1958,B+=100,False,77,109,9.731036797487054e-08,,
186Ir,186,771,m,-39171.0,17.0,0.8,0.4,,1.92,h,0.05,2-,,3.0,,1962,B+~75;IT~25,False,77,109,9.731036853188865e-08,,
186Pt,186,780,,-37864.0,22.0,,,,2.08,h,0.05,0+,,3.0,,1961,B+=100;A~1.4e-4,False,78,108,1.2593293962849843e-07,,
186Au,186,790,,-31715.0,21.0,,,,10.7,m,0.5,3-*,,3.0,,1960,B+=100;A=0.0008 2,False,79,107,1.202138363994725e-07,,
186Au,186,791,m,-31670.0,40.0,50.0,30.0,,>1,us,,6-.0,,,,9999,IT ?; B+ ?,True,79,107,2.2897879498417965e-07,,
186Au,186,792,n,-31487.0,21.0,227.77,0.07,,110,ns,10,2+,,3.0,,1983,IT=100,False,79,107,1.2021399330022743e-07,,
186Hg,186,800,,-28539.0,12.0,,,,1.38,m,0.06,0+,,3.0,,1960,B+~100;A=0.016 5,False,80,106,6.869537834016851e-08,1.30e+9,20.985630101413904
186Hg,186,801,m,-26322.0,12.0,2217.3,0.4,,82,us,5,(8-),,3.0,,1984,IT=100,False,80,106,6.869625019664589e-08,1.30e+9,20.985630101413904
186Tl,186,810,,-19883.0,21.0,,,*&,3.5,s,0.5,(2-),,3.0,,1975,B+ ?; A=?,False,81,105,1.2022375957127351e-07,3.30e+7,17.312018119430753
186Tl,186,811,m,-19860.0,30.0,20.0,40.0,*&,27.5,s,1.0,7+*,,3.0,,1975,B+~100;A~0.006,False,81,105,1.7174825057367974e-07,3.30e+7,17.312018119430753
186Tl,186,812,n,-19490.0,30.0,390.0,40.0,MD,3.40,s,0.09,10-*,,3.0,,1977,IT<94.1 3; B+>5.9 3,False,81,105,1.7174861437647643e-07,3.30e+7,17.312018119430753
186Pb,186,820,,-14681.0,11.0,,,,4.82,s,0.03,0+,,3.0,,1972,B+ ?;A=40 8,False,82,104,6.297669206473267e-08,4.60e+4,10.736396675471232
186Bi,186,830,,-3145.0,17.0,,,*,14.8,ms,0.7,(3+),,3.0,,1997,A~100;B+=?;B+SF~0.011,False,83,103,9.733476423795094e-08,,
186Bi,186,831,m,-2980.0,100.0,170.0,100.0,*,9.8,ms,0.4,(10-),,3.0,,1984,A~100;B+=?;B+SF~0.011,True,83,103,5.725579776006703e-07,,
186Po,186,840,,4102.0,18.0,,,,34,us,12,0+,,13.0,,2005,A~100;p ?,False,84,102,1.0306537832750752e-07,,
187Lu,187,710,,-27770.0,400.0,,,,7.0,s,>300ns,7/2+.0,,13.0,,2012,B- ?,True,71,116,2.2774545821018625e-06,,
187Hf,187,720,,-33000.0,200.0,,,,14.0,s,>300ns,9/2-.0,,9.0,,1999,B- ?,True,72,115,1.138701768241437e-06,,
187Hf,187,721,m,-32500.0,360.0,500.0,300.0,,270,ns,80,3/2-.0,,,,2009,IT=100,True,72,115,2.049669017738924e-06,,
187Ta,187,730,,-36900.0,60.0,,,,2.3,m,6,(7/2+),,9.0,,1999,B-=100,False,73,114,3.4160546067666587e-07,,
187Ta,187,731,m,-35110.0,60.0,1778.0,1.0,,7.3,s,0.9,(25/2-),,,,2010,IT~100; B- ?,False,73,114,3.416089420918202e-07,,
187Ta,187,732,n,-33970.0,60.0,2935.0,14.0,,>5,m,,41/2+.0,,,,2010,B- ?; IT ?,False,73,114,3.4161115934292846e-07,,
187W,187,740,,-39904.0,1.2,,,,23.809,h,0.025,3/2-*,,9.0,,1940,B-=100,False,74,113,6.832042672465737e-09,,
187W,187,741,m,-39493.9,1.2,410.06,0.04,,1.38,us,0.07,11/2+,,9.0,,2008,IT=100,False,74,113,6.832058624301801e-09,,
187Re,187,750,,-41216.5,0.7,,,,41.6,Gy,0.02,5/2+*,,9.0,,1931,IS=62.60 5;B-=100;A=0,False,75,112,3.9853577906891124e-09,,
187Re,187,751,m,-41010.3,0.7,206.2473,0.001,,555.3,ns,1.7,9/2-,,9.0,,1949,IT=100,False,75,112,3.9853624693952044e-09,,
187Re,187,752,n,-39534.5,0.9,1682.0,0.6,,354,ns,62,21/2+,,9.0,,2003,IT=100,False,75,112,5.12408051462435e-09,,
187Os,187,760,,-41219.0,0.7,,,,stbl,,>3.2Py,1/2-*,,9.0,,1931,IS=1.96 17; A ?,False,76,111,3.98538708003209e-09,,
187Os,187,761,m,-41118.6,0.7,100.45,0.04,,112,ns,6,7/2-,,9.0,,1964,IT=100,False,76,111,3.985389358153881e-09,,
187Os,187,762,n,-40961.9,0.7,257.1,0.07,,231,us,2,11/2+,,9.0,,1964,IT=100,False,76,111,3.985392913753553e-09,,
187Ir,187,770,,-39549.0,28.0,,,,10.5,h,0.3,3/2+*,,9.0,,1958,B+=100,False,77,110,1.594181728196347e-07,,
187Ir,187,771,m,-39363.0,28.0,186.16,0.04,,30.3,ms,0.6,9/2-,,9.0,,1963,IT=100,False,77,110,1.5941834164240675e-07,,
187Ir,187,772,n,-39115.0,28.0,433.75,0.06,,152,ns,12,11/2-,,9.0,,1969,IT=100,False,77,110,1.5941856673999238e-07,,
187Ir,187,773,p,-37061.0,28.0,2487.7,0.4,,1.8,us,0.5,29/2-,,,,2010,IT=100,False,77,110,1.59420431080721e-07,,
187Pt,187,780,,-36685.0,24.0,,,,2.35,h,0.03,3/2-*,,9.0,,1961,B+=100,False,78,109,1.3664738254698262e-07,,
187Pt,187,781,m,-36511.0,24.0,174.38,0.22,,311,us,15,11/2+,,9.0,,1976,IT=100,False,78,109,1.3664751792279363e-07,,
187Au,187,790,,-33029.0,22.0,,,,8.3,m,0.2,1/2+*,,9.0,,1955,B+~100;A ?,False,79,108,1.2526363056227165e-07,,
187Au,187,791,m,-32909.0,22.0,120.33,0.14,,2.3,s,0.1,9/2-*,,9.0,,1983,IT=100,False,79,108,1.2526371614947816e-07,,
187Hg,187,800,,-28119.0,13.0,,,,1.9,m,0.3,3/2-*,,9.0,,1960,B+=100;A ?,False,80,107,7.402203255786433e-08,1.30e+9,20.985630101413904
187Hg,187,801,m,-28060.0,15.0,58.0,14.0,MD,2.4,m,0.3,13/2+*,,9.0,,1970,B+=100;A ?,False,80,107,8.541006625994927e-08,1.30e+9,20.985630101413904
187Tl,187,810,,-22445.0,8.0,,,,~51,s,,1/2+,,9.0,,1976,B+~100;A ?,False,81,106,4.5553827247403574e-08,2.70e+4,10.203592144986466
187Tl,187,811,m,-22111.0,8.0,334.0,3.0,AD,15.60,s,0.12,9/2-*,,9.0,,1976,IT=?;B+=?;A=0.15 5,False,81,106,4.555391388512998e-08,2.70e+4,10.203592144986466
187Tl,187,812,n,-20570.0,50.0,1875.0,50.0,,1.11,us,0.7,,,9.0,,2000,IT=100,True,81,106,2.847144601009591e-07,2.70e+4,10.203592144986466
187Tl,187,813,p,-19863.0,8.0,2582.5,0.3,,693,ns,38,29/2+.0,,9.0,,2000,IT=100,False,81,106,4.555449701229313e-08,2.70e+4,10.203592144986466
187Pb,187,820,,-14987.0,5.0,,,*,15.2,s,0.3,3/2-*,,9.0,,1972,B+=90.5 20;A=9.5 20,False,82,105,2.847256087670995e-08,6.80e+5,13.42984807715229
187Pb,187,821,m,-14968.0,11.0,19.0,10.0,MD*,18.3,s,0.3,13/2+*,,9.0,,1972,B+=88 2;A=12 2,False,82,105,6.263964070610362e-08,6.80e+5,13.42984807715229
187Bi,187,830,,-6383.0,10.0,,,,37,ms,2,(9/2-),,9.0,,1999,A=100,False,83,104,5.6948331388690957e-08,,
187Bi,187,831,m,-6275.0,12.0,108.0,8.0,AD,370,us,20,1/2+,,9.0,,1984,A=100,False,83,104,6.833803969719232e-08,,
187Bi,187,832,n,-6131.0,10.0,252.0,3.0,,7,us,5,(13/2+),,9.0,,2002,IT=100,False,83,104,5.694841311524193e-08,,
187Po,187,840,,2820.0,30.0,,,*,1.40,ms,0.25,"1/2-,5/2",-,9.0,,2005,A~100;B+ ?,False,84,103,1.7085520701238472e-07,,
187Po,187,841,m,2830.0,40.0,4.0,27.0,AD*,0.5,ms,,13/2+.0,,,,2006,A~100;B+ ?,False,84,103,2.2780695565718114e-07,,
188Lu,188,710,,-23820.0,400.0,,,,1.0,s,>300ns,,,18.0,,2012,B- ?;B-n ?,True,71,117,2.2653867444330275e-06,,
188Hf,188,720,,-30830.0,300.0,,,,7.0,s,>300ns,0+,,18.0,,1999,B- ?,True,72,116,1.6989850517167466e-06,,
188Ta,188,730,,-33910.0,200.0,,,,19.6,s,2.0,(1-),,18.0,,1999,B-=100,True,73,115,1.1326452405808066e-06,,
188Ta,188,731,m,-33810.0,200.0,99.0,33.0,,19.6,s,2.0,(7-),,18.0,,2005,IT ?; B- ?,True,73,115,1.1326458820237904e-06,,
188Ta,188,732,n,-33520.0,200.0,391.0,33.0,,3.6,us,0.4,10+.0,,18.0,,2005,IT=100,True,73,115,1.1326477422125518e-06,,
188W,188,740,,-38668.0,3.0,,,,69.77,d,0.05,0+,,18.0,,1951,B-=100,False,74,114,1.6989345257429325e-08,,
188W,188,741,m,-36741.0,3.0,1926.7,0.8,,109.5,ns,3.5,8-,,18.0,,2010,IT=100,False,74,114,1.698953066116638e-08,,
188Re,188,750,,-39016.9,0.7,,,,17.005,h,0.003,1-*,,18.0,,1939,B-=100,False,75,113,3.9642017623190865e-09,,
188Re,188,751,m,-38844.8,0.7,172.0848,0.0024,,18.59,m,0.04,6-,,18.0,,1953,IT=100,False,75,113,3.9642056259421874e-09,,
188Os,188,760,,-41137.3,0.7,,,,stbl,,>3.3Ey,0+,,18.0,,1931,IS=13.24 27;A ?,False,76,112,3.964183194860871e-09,,
188Ir,188,770,,-38345.0,9.0,,,,41.5,h,0.5,1-*,,18.0,,1950,B+=100,False,77,111,5.0969248945214274e-08,,
188Ir,188,771,m,-37381.0,25.0,964.0,23.0,,4.15,ms,0.15,11-.0,,18.0,,1971,IT~100;B+ ?,False,77,111,1.4158202001908103e-07,,
188Pt,188,780,,-37821.0,5.0,,,,10.16,d,0.18,0+,,18.0,,1954,EC=100;A=2.6e-5 3,False,78,110,2.831654084805234e-08,,
188Au,188,790,,-32371.3,2.7,,,,8.84,m,0.06,1-*,,18.0,,1955,B+=100,False,79,109,1.5291516008377553e-08,,
188Hg,188,800,,-30198.0,7.0,,,,3.25,m,0.15,0+,,18.0,,1960,B+=100;A=3.7e-5 8,False,80,108,3.9645449506099085e-08,2.00e+9,21.416413017506358
188Hg,188,801,m,-27474.0,7.0,2724.1,0.4,,142,ns,14,12+,,18.0,,1983,IT=100,False,80,108,3.964606115536112e-08,2.00e+9,21.416413017506358
188Tl,188,810,,-22336.0,30.0,,,*,71,s,2,2-.0,,18.0,,1970,B+=100,False,81,107,1.699178799730636e-07,6.10e+7,17.926384422137584
188Tl,188,811,m,-22308.0,9.0,30.0,30.0,MD*,71.5,s,1.5,7+*,,18.0,,1970,B+=100,False,81,107,5.0975372076104426e-08,6.10e+7,17.926384422137584
188Tl,188,812,n,-22040.0,40.0,299.0,30.0,,41,ms,4,9-,,18.0,,1981,IT~100;B+ ?,False,81,107,2.2655755312638544e-07,6.10e+7,17.926384422137584
188Pb,188,820,,-17811.0,10.0,,,,25.1,s,0.1,0+,,18.0,,1972,B+=91.5 5;A=8.5 5,False,82,106,5.6641159912443834e-08,1.70e+6,14.346138809026444
188Pb,188,821,m,-15234.0,10.0,2577.2,0.4,,800,ns,20,8-,,18.0,,1999,IT=100,False,82,106,5.664198668306246e-08,1.70e+6,14.346138809026444
188Pb,188,822,n,-15101.0,10.0,2709.8,0.5,,94,ns,12,12+,,18.0,,2004,IT=100,False,82,106,5.6642029353679525e-08,1.70e+6,14.346138809026444
188Pb,188,823,p,-13028.0,10.0,4783.4,0.7,,440,ns,60,(19-),,18.0,,2000,IT=100,False,82,106,5.66426944461191e-08,1.70e+6,14.346138809026444
188Bi,188,830,,-7195.0,11.0,,,&,60,ms,3,(3+),,18.0,,1980,A~100;B+ ?;B+SF=0.0014 7,False,83,105,6.230947904192855e-08,2.10e+1,3.044522437723423
188Bi,188,831,m,-7130.0,30.0,66.0,30.0,AD,>5,us,,7+.0,,,,1984,IT ?;A ?;B+ ?,False,83,105,1.6993500541039676e-07,2.10e+1,3.044522437723423
188Bi,188,832,n,-7040.0,30.0,153.0,30.0,AD &,265,ms,15,(10-),,18.0,,1984,A~100;B+ ?;B+SF=0.0046 9,False,83,105,1.6993509204415912e-07,2.10e+1,3.044522437723423
188Po,188,840,,-544.0,20.0,,,,270,us,30,0+,,18.0,,1999,A~100;B+ ?,False,84,104,1.132950602463935e-07,,
189Hf,189,720,,-27150.0,300.0,,,,400.0,ms,>300ns,3/2-.0,,17.0,,2009,B-=100,True,72,117,1.69002759371863e-06,,
189Ta,189,730,,-31960.0,200.0,,,,20.0,s,>300ns,7/2+.0,,17.0,,1999,B-=100,True,73,116,1.12666274229363e-06,,
189Ta,189,731,m,-30310.0,220.0,1650.0,100.0,,1.6,us,0.2,21/2-.0,,,,2009,IT=100,True,73,116,1.2393405361531516e-06,,
189W,189,740,,-35810.0,200.0,,,,11.6,m,0.2,9/2-.0,,17.0,,1963,B-=100,True,74,115,1.126646515754938e-06,,
189Re,189,750,,-37979.0,8.0,,,,24.3,h,0.4,5/2+,,17.0,,1963,B-=100,False,75,114,4.506563832863769e-08,,
189Re,189,751,m,-37854.0,9.0,125.0,3.0,,2.0,us,,9/2-,,,,9999,IT ?,False,75,114,5.069887881936328e-08,,
189Re,189,752,n,-36208.0,8.0,1770.9,0.6,,223,us,14,29/2+,,17.0,,2016,IT=100,False,75,114,4.506608792621348e-08,,
189Os,189,760,,-38986.8,0.7,,,,stbl,,>3.3Py,3/2-*,,17.0,,1931,IS=16.15 23; A ?,False,76,113,3.943249696324109e-09,,
189Os,189,761,m,-38956.0,0.7,30.82,0.02,,5.81,h,0.10,9/2-,,17.0,,1960,IT~100;B- ?,False,76,113,3.943250380489827e-09,,
189Ir,189,770,,-38450.0,13.0,,,,13.2,d,0.1,3/2+*,,17.0,,1955,EC=100,False,77,112,7.32325350673853e-08,,
189Ir,189,771,m,-38078.0,13.0,372.17,0.04,,13.3,ms,0.3,11/2-,,17.0,,1960,IT=100,False,77,112,7.323268853213455e-08,,
189Ir,189,772,n,-36117.0,13.0,2332.8,0.3,,3.7,ms,0.2,25/2+,,17.0,,1975,IT=100,False,77,112,7.323349753301757e-08,,
189Pt,189,780,,-36469.0,10.0,,,,10.87,h,0.12,3/2-*,,17.0,,1955,B+=100,False,78,111,5.6333758370301274e-08,,
189Pt,189,781,m,-36296.0,10.0,172.79,0.06,,464,ns,25,9/2-,,17.0,,1970,IT=100,False,78,111,5.6333813271772126e-08,,
189Pt,189,782,n,-36278.0,10.0,191.4,0.2,,143,us,5,(13/2+),,17.0,,1976,IT=100,False,78,111,5.6333818984070035e-08,,
189Au,189,790,,-33582.0,20.0,,,,28.7,m,0.4,1/2+*,,17.0,,1955,B+=100;A<3e-5,False,79,110,1.1267017005362449e-07,,
189Au,189,791,m,-33335.0,20.0,247.25,0.16,,4.59,m,0.11,11/2-*,,17.0,,1966,B+~100;IT ?,False,79,110,1.1267032683174781e-07,,
189Au,189,792,n,-33257.0,20.0,325.12,0.16,,190,ns,15,9/2-,,17.0,,1975,IT=100,False,79,110,1.126703763407195e-07,,
189Au,189,793,p,-31027.0,20.0,2554.8,0.8,,242,ns,10,31/2+,,17.0,,1975,IT=100,False,79,110,1.1267179180792974e-07,,
189Hg,189,800,,-29630.0,30.0,,,,7.6,m,0.2,3/2-*,,17.0,,1955,B+=100;A ?,False,80,109,1.6901024926983074e-07,3.20e+9,21.886416646752092
189Hg,189,801,m,-29548.0,18.0,80.0,30.0,MD,8.6,m,0.2,13/2+*,,17.0,,1966,B+=100;A ?,False,80,109,1.0140619640764163e-07,3.20e+9,21.886416646752092
189Tl,189,810,,-24616.0,8.0,,,,2.3,m,0.2,1/2+,,17.0,,1972,B+=100,False,81,108,4.507100133393288e-08,4.90e+7,17.7073308560749
189Tl,189,811,m,-24331.0,8.0,285.0,6.0,AD,1.4,m,0.1,9/2-*,,17.0,,1972,B+~100;IT ?,False,81,108,4.507107370250169e-08,4.90e+7,17.7073308560749
189Pb,189,820,,-17844.0,14.0,,,,39,s,8,3/2-*,,17.0,,1972,B+=99.58 15;A=0.42 15,False,82,107,7.887783647036453e-08,9.20e+6,16.034714042019267
189Pb,189,821,m,-17804.0,14.0,40.0,4.0,AD,50.5,s,2.1,13/2+*,,17.0,,2009,B+~100;A~0.4;IT ?,False,82,107,7.887785424669164e-08,9.20e+6,16.034714042019267
189Pb,189,822,n,-15369.0,15.0,2475.0,4.0,,26,us,5,31/2-,,17.0,,2005,IT=100,False,82,107,8.451314613824405e-08,9.20e+6,16.034714042019267
189Bi,189,830,,-10065.0,21.0,,,,688,ms,5,9/2-*,,17.0,,1973,A~100; B+ ?,False,83,106,1.1832280274136543e-07,1.40e+2,4.941642422609304
189Bi,189,831,m,-9881.0,21.0,184.0,5.0,AD,5.0,ms,0.1,1/2+,,17.0,,1984,A=83 5; IT=17 5,False,83,106,1.183229254106621e-07,1.40e+2,4.941642422609304
189Bi,189,832,n,-9707.0,21.0,357.6,0.5,,880,ns,50,13/2+,,17.0,,2001,IT=100,False,83,106,1.1832304141338315e-07,1.40e+2,4.941642422609304
189Po,189,840,,-1422.0,22.0,,,,3.5,ms,0.5,(5/2-),,17.0,,1999,A~100;B+ ?,False,84,105,1.239641621103645e-07,,
190Hf,190,720,,-24800.0,400.0,,,,600.0,ms,>300ns,0+,,13.0,,2012,B- ?,True,72,118,2.241535416286226e-06,,
190Ta,190,730,,-28720.0,200.0,,,,5.3,s,0.7,(3),,10.0,,2009,B-=100,True,73,117,1.1207512113337997e-06,,
190W,190,740,,-34370.0,40.0,,,,30.0,m,1.5,0+,,20.0,,1976,B-=100,False,74,116,2.2414477006298758e-07,,
190W,190,741,m,-32630.0,40.0,1743.6,1.0,,111,ns,17,8+,,,,2010,IT=100,False,74,116,2.2414695556248753e-07,,
190W,190,742,n,-32530.0,40.0,1840.6,1.4,,166,us,6,10-,,20.0,,2000,IT=100,False,74,116,2.2414708116720214e-07,,
190Re,190,750,,-35583.0,5.0,,,,3.0,m,0.2,(2)-,,20.0,,1955,B-=100,False,75,115,2.801810887028005e-08,,
190Re,190,751,m,-35379.0,11.0,204.0,10.0,,3.1,h,0.2,(6-),,20.0,,1962,B-=54.4 20;IT=45.6 20,False,75,115,6.163990997759142e-08,,
190Os,190,760,,-38707.8,0.6,,,,stbl,,>12Ey,0+,,20.0,,1931,IS=26.26 20;A ?,False,76,114,3.362138559303349e-09,,
190Os,190,761,m,-37002.1,0.6,1705.7,0.1,,9.86,m,0.03,10-,,20.0,,1950,IT=100,False,76,114,3.3621706949293977e-09,,
190Ir,190,770,,-36753.6,1.4,,,,11.78,d,0.10,4-,,20.0,,1947,B+=100;e+<0.002,False,77,113,7.845132735521348e-09,,
190Ir,190,771,m,-36727.5,1.4,26.1,0.1,,1.120,h,0.003,1-,,20.0,,1964,IT=100,False,77,113,7.845133882916808e-09,,
190Ir,190,772,n,-36717.4,1.4,36.154,0.025,,>2,us,,4+,,20.0,,1996,IT=100,False,77,113,7.845134326928168e-09,,
190Ir,190,773,p,-36377.2,1.4,376.4,0.1,,3.087,h,0.012,11-,,20.0,,1950,B+=91.4 2;IT=8.6 2,False,77,113,7.845149282666903e-09,,
190Pt,190,780,,-37306.5,0.7,,,,483,Gy,3,0+,,20.0,,1949,IS=0.012 2;A=100;2B+ ?,False,78,112,3.922582643088819e-09,,
190Au,190,790,,-32834.0,3.0,,,*,42.8,m,1.0,1-*,,20.0,,1959,B+=100;A<1e-6,False,79,111,1.6811611652446904e-08,,
190Au,190,791,m,-32630.0,150.0,200.0,150.0,*,125,ms,20,11-.0,,20.0,,1982,IT~100;B+ ?,True,79,111,8.405815435664173e-07,,
190Hg,190,800,,-31371.0,16.0,,,,20.0,m,0.5,0+,,20.0,,1959,B+=100;A ?,False,80,110,8.96633137642275e-08,7.20e+9,22.69734686296842
190Tl,190,810,,-24366.0,7.0,,,,2.6,m,0.3,2-*,,20.0,,1970,B+=100,False,81,109,3.922952408196902e-08,8.10e+7,18.209959712636714
190Tl,190,811,m,-24296.0,5.0,70.0,7.0,MD,3.6,m,0.3,7+*,,20.0,,1970,B+=100,False,81,109,2.8021099622521897e-08,8.10e+7,18.209959712636714
190Tl,190,812,n,,,,,EU,750,us,40,(8-),,20.0,,1981,IT=100,False,81,109,,8.10e+7,18.209959712636714
190Tl,190,813,p,-24052.0,16.0,306.0,10.0,AD,60.0,ms,,(9-),,20.0,,1991,IT=100,False,81,109,8.966764140626261e-08,8.10e+7,18.209959712636714
190Pb,190,820,,-20417.0,13.0,,,,71,s,1,0+,,20.0,,1972,B+=99.60 4;A=0.40 4,False,82,108,7.285697091541782e-08,2.30e+7,16.951004773893423
190Pb,190,821,m,-17802.0,13.0,2614.8,0.8,,150,ns,14,10+,,20.0,,1998,IT=100,False,82,108,7.28580386834835e-08,2.30e+7,16.951004773893423
190Pb,190,822,n,-17750.0,50.0,2665.0,50.0,,24.3,us,2.1,(12+),,20.0,,1998,IT=100,True,82,108,2.8022330737178805e-07,2.30e+7,16.951004773893423
190Pb,190,823,p,-17759.0,13.0,2658.2,0.8,,7.7,us,0.3,11-,,20.0,,1985,IT=100,False,82,108,7.285805624169031e-08,2.30e+7,16.951004773893423
190Bi,190,830,,-10596.0,21.0,,,,6.3,s,0.1,(3+)*,,20.0,,1972,A=77 21;B+=23 21;B+SF=6e-6 5,False,83,107,1.1769936131209051e-07,1.00e+3,6.907755278982137
190Bi,190,831,m,-10470.0,30.0,120.0,40.0,AD,6.2,s,0.1,10-*,,20.0,,1988,A=70 9;B+ ?;B+SF=4e-6 3,False,83,107,1.6814206347283874e-07,1.00e+3,6.907755278982137
190Bi,190,832,n,-10475.0,26.0,121.0,15.0,,175,ns,8,(5-),,,,2009,IT=100,False,83,107,1.4572311759276264e-07,1.00e+3,6.907755278982137
190Bi,190,833,p,-10200.0,50.0,394.0,40.0,,1.3,us,0.8,(8-),,20.0,,2001,IT=100,False,83,107,2.802371965316756e-07,1.00e+3,6.907755278982137
190Po,190,840,,-4563.0,13.0,,,,2.45,ms,0.05,0+,,20.0,,1996,A=100;B+ ?,False,84,106,7.286450135498819e-08,,
191Ta,191,730,,-26520.0,300.0,,,,460.0,ms,>300ns,7/2+.0,,11.0,,2009,B- ?,True,73,118,1.6723423918171441e-06,,
191W,191,740,,-31180.0,40.0,,,,14.0,s,>300ns,3/2-.0,,7.0,,1999,B- ?,False,74,117,2.2297480091758712e-07,,
191W,191,741,m,-30950.0,40.0,235.0,10.0,,340,ns,14,9/2-.0,,,,2009,IT=100,True,74,117,2.2297508679508425e-07,,
191Re,191,750,,-34350.0,10.0,,,,9.8,m,0.5,(3/2+),,7.0,,1963,B-=100,False,75,116,5.574311708727977e-08,,
191Re,191,751,m,-34205.0,10.0,145.0,3.0,,20.0,us,,9/2-,,,,9999,IT ?,False,75,116,5.574316214309517e-08,,
191Re,191,752,n,-32749.0,10.0,1601.5,0.4,,50.6,us,3.5,25/2-,,,,2011,IT=100,False,75,116,5.574361456966546e-08,,
191Os,191,760,,-36395.2,0.7,,,,14.99,d,0.02,9/2-,,7.0,,1940,B-=100,False,76,115,3.902001842255675e-09,,
191Os,191,761,m,-36320.8,0.7,74.382,0.003,,13.10,h,0.05,3/2-,,7.0,,1952,IT=100,False,76,115,3.902003460522071e-09,,
191Ir,191,770,,-36708.8,1.3,,,,stbl,,,3/2+*,,7.0,,1935,IS=37.3 2,False,77,114,7.246614425916132e-09,,
191Ir,191,771,m,-36537.5,1.3,171.29,0.04,,4.899,s,0.023,11/2-,,7.0,,1955,IT=100,False,77,114,7.246621345575782e-09,,
191Ir,191,772,n,-34607.8,1.6,2101.0,0.9,,5.7,s,0.4,31/2(+),,7.0,,1979,IT=100,False,77,114,8.919014518986889e-09,,
191Pt,191,780,,-35698.0,4.0,,,,2.83,d,0.02,3/2-*,,7.0,,1948,EC=100,False,78,113,2.2297561545838835e-08,,
191Pt,191,781,m,-35597.0,4.0,100.663,0.02,,>1,us,,9/2-,,7.0,,1976,IT=100,False,78,113,2.229757409967249e-08,,
191Pt,191,782,n,-35549.0,4.0,149.035,0.022,,95,us,5,13/2+,,7.0,,1967,IT=100,False,78,113,2.2297580065855816e-08,,
191Au,191,790,,-33798.0,5.0,,,,3.18,h,0.08,3/2+*,,7.0,,1954,B+=100,False,79,112,2.7872448086435924e-08,,
191Au,191,791,m,-33532.0,5.0,266.2,0.7,,920,ms,110,11/2-*,,7.0,,1971,IT=100,False,79,112,2.7872489416160085e-08,,
191Au,191,792,n,-31308.0,5.0,2489.6,0.9,,402,ns,20,31/2+,,7.0,,1985,IT=100,False,79,112,2.787283497474056e-08,,
191Hg,191,800,,-30592.0,22.0,,,,49,m,10,3/2-*,,7.0,,1954,B+=100;A ?,False,80,111,1.2264184761955338e-07,5.00e+9,22.33270374938051
191Hg,191,801,m,-30460.0,30.0,128.0,22.0,,50.8,m,1.5,13/2+*,,7.0,,1954,B+=100;IT ?;A ?,False,80,111,1.6723900618057705e-07,5.00e+9,22.33270374938051
191Tl,191,810,,-26283.0,7.0,,,,20.0,m,,1/2+*,,7.0,,1974,B+ ?,False,81,110,3.90236248047403e-08,5.50e+7,17.822843743196746
191Tl,191,811,m,-25986.0,7.0,297.0,7.0,BD,5.22,m,0.16,9/2-*,,7.0,,1970,B+=100,False,81,110,3.90236894169127e-08,5.50e+7,17.822843743196746
191Pb,191,820,,-20291.0,7.0,,,,1.33,m,0.08,3/2-,,7.0,,1974,B+~100;A=0.51 5,False,82,109,3.9025209786187623e-08,3.70e+7,17.4264284706085
191Pb,191,821,m,-20234.0,8.0,58.0,10.0,AD,2.18,m,0.08,13/2+*,,7.0,,1975,B+~100;A~0.02,False,82,109,4.4600253928564885e-08,3.70e+7,17.4264284706085
191Pb,191,822,n,-17632.0,12.0,2659.0,10.0,,180,ns,80,33/2+,,7.0,,1999,IT=100,False,82,109,6.690135137941103e-08,3.70e+7,17.4264284706085
191Bi,191,830,,-13239.0,7.0,,,,12.4,s,0.3,9/2-*,,16.0,,1972,A=51 10;B+ ?,False,83,108,3.9027025537206136e-08,3.00e+4,10.308952660644293
191Bi,191,831,m,-12997.0,9.0,242.0,4.0,AD,125,ms,8,1/2+,,16.0,,1981,A=68 5;IT ?;B+ ?,False,83,108,5.017767196284204e-08,3.00e+4,10.308952660644293
191Bi,191,832,n,-12809.0,7.0,429.7,0.5,,562,ns,10,13/2+,,16.0,,2001,IT=100,False,83,108,3.9027119099823386e-08,3.00e+4,10.308952660644293
191Bi,191,833,p,-11364.0,26.0,1875.0,25.0,,400,ns,40,25/2-.0,,16.0,,2016,IT=100,True,83,108,1.4495903877750893e-07,3.00e+4,10.308952660644293
191Po,191,840,,-5069.0,7.0,,,,22,ms,1,3/2-,,7.0,,1993,A~100;B+ ?,False,84,107,3.902908474357431e-08,,
191Po,191,841,m,-5008.0,12.0,61.0,11.0,AD,93,ms,3,13/2+,,7.0,,1999,A~100;B+ ?,False,84,107,6.690702517334414e-08,,
191At,191,850,,3864.0,16.0,,,,2.1,ms,0.8,1/2+,,7.0,,2003,A~100;B+ ?,False,85,106,8.92144233642426e-08,,
191At,191,851,m,3922.0,18.0,58.0,20.0,AD,2.2,ms,0.4,(7/2-),,7.0,,2003,A~100;B+ ?,False,85,106,1.003662587434503e-07,,
192Ta,192,730,,-23100.0,400.0,,,,2.2,s,0.7,(2),,12.0,,2009,B-=100;B-n ?,True,73,119,2.218214063728246e-06,,
192W,192,740,,-29620.0,200.0,,,,40.0,s,>300ns,0+,,12.0,,1999,B- ?,True,74,118,1.1090748856954835e-06,,
192Re,192,750,,-31590.0,70.0,,,,15.4,s,0.5,(0-),,12.0,,1965,B-=100,False,75,117,3.881747534160129e-07,,
192Re,192,751,m,-31430.0,70.0,159.0,1.0,,88,us,8,,,12.0,,2005,IT=100,False,75,117,3.8817509782692235e-07,,
192Re,192,752,n,-31320.0,70.0,267.0,10.0,,<500,ms,,,,12.0,,2012,B- ?;IT ?,False,75,117,3.8817533460977715e-07,,
192Os,192,760,,-35882.3,2.3,,,,stbl,,>53Ey,0+,,12.0,,1931,IS=40.78 32;2B- ?;A ?,False,76,116,1.2754101221536685e-08,,
192Os,192,761,m,-33866.9,2.3,2015.4,0.11,,5.94,s,0.09,10-,,12.0,,1965,IT~100;B- ?,False,76,116,1.2754243761942422e-08,,
192Os,192,762,n,-31302.0,2.5,4580.3,1.0,,205,ns,7,(20+),,12.0,,2004,IT=100,False,76,116,1.3863505620306022e-08,,
192Ir,192,770,,-34835.6,1.3,,,,73.820,d,0.014,4+*,,12.0,,1937,B-=95.24 4;EC=4.76 4,False,77,115,7.208933364644797e-09,,
192Ir,192,771,m,-34778.9,1.3,56.72,0.005,,1.45,m,0.05,1-,,12.0,,1937,IT~100;B-=0.0175,False,77,115,7.2089356312812315e-09,,
192Ir,192,772,n,-34667.5,1.3,168.14,0.12,,241,y,9,(11-),,12.0,,1959,IT=100,False,77,115,7.20894008460635e-09,,
192Pt,192,780,,-36288.5,2.6,,,,stbl,,>60Py,0+,,12.0,,1935,IS=0.782 24;A ?,False,78,114,1.4417853971568506e-08,,
192Pt,192,781,m,-34116.1,2.6,2172.37,0.13,,272,ns,23,10-,,12.0,,1976,IT=100,False,78,114,1.441802766081179e-08,,
192Au,192,790,,-32772.0,16.0,,,,4.94,h,0.09,1-*,,12.0,,1948,B+=100,False,79,113,8.8727621761673e-08,,
192Au,192,791,m,-32637.0,16.0,135.41,0.25,,29,ms,,5+,,12.0,,1976,IT=100,False,79,113,8.872768818670814e-08,,
192Au,192,792,n,-32340.0,16.0,431.6,0.5,,160,ms,20,11-,,12.0,,1976,IT=100,False,79,113,8.872783432213554e-08,,
192Hg,192,800,,-32011.0,16.0,,,,4.85,h,0.20,0+,,12.0,,1952,EC=100;A ?,False,80,112,8.872863258057399e-08,6.30e+9,22.563815470343897
192Tl,192,810,,-25870.0,30.0,,,,9.6,m,0.4,2-*,,12.0,,1961,B+=100,False,81,111,1.6637304521400325e-07,9.60e+7,18.37985874943211
192Tl,192,811,m,-25670.0,30.0,196.0,7.0,,10.8,m,0.2,7+*,,12.0,,1961,B+=100,False,81,111,1.6637322974747575e-07,9.60e+7,18.37985874943211
192Tl,192,812,n,-25420.0,30.0,447.0,7.0,,296,ns,5,(8-),,12.0,,1980,IT=100,False,81,111,1.6637346041489204e-07,9.60e+7,18.37985874943211
192Tl,192,813,p,-25695.0,25.0,180.0,40.0,AD,,,,(3+),,12.0,,1991,A=100,False,81,111,1.386443389006411e-07,9.60e+7,18.37985874943211
192Pb,192,820,,-22552.0,6.0,,,,3.5,m,0.1,0+,,12.0,,1974,B+~100;A=0.0059 7,False,82,110,3.327546000879215e-08,4.00e+7,17.50439001207821
192Pb,192,821,m,-19971.0,6.0,2581.1,0.4,,166,ns,6,10+,,12.0,,1985,IT=100,False,82,110,3.327593632033545e-08,4.00e+7,17.50439001207821
192Pb,192,822,n,-19927.0,6.0,2625.1,1.1,,1.09,us,0.04,12+,,12.0,,1979,IT=100,False,82,110,3.327594444044898e-08,4.00e+7,17.50439001207821
192Pb,192,823,p,-19809.0,6.0,2743.5,0.4,,756,ns,14,11-,,12.0,,1991,IT=100,False,82,110,3.327596621713664e-08,4.00e+7,17.50439001207821
192Bi,192,830,,-13530.0,30.0,,,,34.6,s,0.9,(3+)*,,12.0,,1971,B+=88 5;A=12 5,False,83,109,1.6638681868526132e-07,1.10e+5,11.608235644774552
192Bi,192,831,m,-13398.0,9.0,140.0,30.0,MD,39.6,s,0.4,10-*,,12.0,,1966,B+=90 3;A=10 3,False,83,109,4.991608214924208e-08,1.10e+5,11.608235644774552
192Po,192,840,,-8066.0,11.0,,,,32.2,ms,0.3,0+,,12.0,,1977,A~100;B+ ?,False,84,108,6.101078672862709e-08,,
192Po,192,841,m,-5771.0,11.0,2294.6,1.0,,580,ns,100,11-,,12.0,,1999,IT=100,False,84,108,6.101156334900758e-08,,
192At,192,850,,2926.0,28.0,,,*&,11.5,ms,0.6,3+.0,,12.0,,2006,A=100;B+ ?;B+SF<0.51,False,85,107,1.553107672446538e-07,,
192At,192,851,m,2926.0,28.0,0.0,40.0,AD*&,88,ms,6,"(9-,10-)",,12.0,,2006,A=100;B+ ?;B+SF<0.51,False,85,107,1.553107672446538e-07,,
193Ta,193,730,,-20810.0,400.0,,,,220.0,ms,>300ns,7/2+.0,,17.0,,2012,B- ?;B-n ?,True,73,120,2.2067440836896626e-06,,
193W,193,740,,-26190.0,200.0,,,,30.0,s,>300ns,1/2-.0,,17.0,,2009,B- ?,True,74,119,1.103347166249546e-06,,
193Re,193,750,,-30230.0,40.0,,,,3.0,m,>300ns,5/2+.0,,17.0,,1999,B- ?,False,75,118,2.2066608957614083e-07,,
193Re,193,751,m,-30080.0,40.0,146.0,0.2,,69,us,6,(9/2-),,17.0,,2005,IT=100,False,75,118,2.2066627217700353e-07,,
193Os,193,760,,-33394.4,2.3,,,,29.830,h,0.018,3/2-,,17.0,,1940,B-=100,False,76,117,1.2688169182971663e-08,,
193Os,193,761,m,-33078.8,2.3,315.6,0.3,,121,ns,28,(9/2-),,17.0,,2011,IT=100,False,76,117,1.268819127358817e-08,,
193Ir,193,770,,-34536.3,1.3,,,,stbl,,,3/2+*,,17.0,,1935,IS=62.7 2,False,77,116,7.17157987710107e-09,,
193Ir,193,771,m,-34456.1,1.3,80.238,0.006,,10.53,d,0.04,11/2-,,17.0,,1957,IT=100,False,77,116,7.171583050033971e-09,,
193Ir,193,772,n,-32257.4,1.4,2278.9,0.5,,124.8,us,2.1,31/2+,,17.0,,2012,IT=100,False,77,116,7.723336963736808e-09,,
193Pt,193,780,,-34479.7,1.4,,,,50,y,6,1/2-*,,17.0,,1948,EC=100,False,78,115,7.723297383326593e-09,,
193Pt,193,781,m,-34329.9,1.4,149.78,0.04,,4.33,d,0.03,13/2+*,,17.0,,1949,IT=100,False,78,115,7.723303765809371e-09,,
193Au,193,790,,-33405.0,9.0,,,,17.65,h,0.15,3/2+*,,17.0,,1948,B+=100;A ?,False,79,114,4.965041750523231e-08,,
193Au,193,791,m,-33115.0,9.0,290.2,0.04,,3.9,s,0.3,11/2-*,,17.0,,1955,IT~100;B+~0.03,False,79,114,4.9650496938420275e-08,,
193Au,193,792,n,-30918.0,9.0,2486.7,0.6,,150,ns,50,31/2+,,17.0,,1985,IT=100,False,79,114,4.96510987215525e-08,,
193Hg,193,800,,-31062.0,16.0,,,,3.80,h,0.15,3/2-*,,17.0,,1952,B+=100,False,80,113,8.826917963109048e-08,1.20e+10,23.208172486734412
193Hg,193,801,m,-30921.0,16.0,140.76,0.05,,11.8,h,0.2,13/2+*,,17.0,,1973,B+=92.8 5;IT=7.2 5,False,80,113,8.826924829328003e-08,1.20e+10,23.208172486734412
193Tl,193,810,,-27477.0,7.0,,,,21.6,m,0.8,1/2+*,,17.0,,1960,B+=100,False,81,112,3.861880543263968e-08,1.70e+7,16.64872390202049
193Tl,193,811,m,-27105.0,8.0,372.0,4.0,,2.11,m,0.15,9/2-*,,17.0,,1963,IT~75;B+~25,False,81,112,4.413586821794773e-08,1.70e+7,16.64872390202049
193Pb,193,820,,-22229.0,10.0,,,,4.0,m,,3/2-.0,,17.0,,1974,B+= ?,False,82,111,5.517171310265509e-08,9.10e+7,18.326370064481125
193Pb,193,821,m,-22137.0,7.0,93.0,12.0,AD,5.8,m,0.2,13/2+*,,17.0,,1974,B+=100,False,82,111,3.862021877469996e-08,9.10e+7,18.326370064481125
193Pb,193,822,n,-19522.0,16.0,2707.0,13.0,,180,ns,15,33/2+,,17.0,,1991,IT=100,False,82,111,8.827605936567085e-08,9.10e+7,18.326370064481125
193Bi,193,830,,-15885.0,8.0,,,,63.6,s,3.0,9/2-*,,17.0,,1971,B+=96.5 15;A=3.5 15,False,83,110,4.41392303535231e-08,3.00e+6,14.914122846632385
193Bi,193,831,m,-15580.0,9.0,305.0,6.0,AD,3.20,s,0.14,1/2+*,,17.0,,1970,A=84 16;B+ ?,False,83,110,4.965671771044311e-08,3.00e+6,14.914122846632385
193Bi,193,832,n,-15279.0,8.0,605.53,0.18,,153,ns,10,13/2+,,17.0,,2004,IT=100,False,83,110,4.4139377935594504e-08,3.00e+6,14.914122846632385
193Bi,193,833,p,-13535.0,8.0,2349.6,0.6,,85,us,3,29/2+,,17.0,,2004,IT=100,False,83,110,4.413980266574265e-08,3.00e+6,14.914122846632385
193Bi,193,834,q,-13480.0,8.0,2405.1,0.7,,3.02,us,0.08,(29/2-),,17.0,,2004,IT=100,False,83,110,4.41398160604617e-08,3.00e+6,14.914122846632385
193Po,193,840,,-8325.0,15.0,,,,399,ms,34,3/2-*,,17.0,,1967,A~100;B+ ?,False,84,109,8.276509977358126e-08,1.20e+2,4.787491742782046
193Po,193,841,m,-8225.0,15.0,100.0,6.0,AD,245,ms,11,13/2+*,,17.0,,1981,A~100;B+ ?,False,84,109,8.276514544068472e-08,1.20e+2,4.787491742782046
193At,193,850,,-67.0,22.0,,,*,29,ms,5,1/2+,,17.0,,2003,A~100,False,85,108,1.2139521066623957e-07,,
193At,193,851,m,-59.0,21.0,8.0,9.0,AD*,21,ms,5,7/2-,,17.0,,1995,A~100,False,85,108,1.1587725166029899e-07,,
193At,193,852,n,-25.0,21.0,42.0,9.0,AD,28,ms,4,13/2+,,17.0,,2003,IT=76 10;A=24 10,False,85,108,1.1587727340012562e-07,,
193Rn,193,860,,9043.0,25.0,,,,1.15,ms,0.27,(3/2-),,7.0,,2006,A~100,False,86,107,1.3795702248231313e-07,,
194Ta,194,730,,-17130.0,500.0,,,,2.0,s,>300ns,,,13.0,,2012,B- ?;B-n ?,True,73,121,2.744261075682277e-06,,
194W,194,740,,-24410.0,300.0,,,,20.0,s,>300ns,0+,,11.0,,2008,B- ?,True,74,120,1.64650254469798e-06,,
194Re,194,750,,-27260.0,200.0,,,,5,s,1,1-.0,,14.0,,1999,B-=100,True,75,119,1.0976589852559906e-06,,
194Re,194,751,m,-27110.0,210.0,150.0,50.0,,45,us,18,4-.0,,14.0,,2011,IT=100,True,75,119,1.152542883343079e-06,,
194Re,194,752,n,-26980.0,200.0,285.0,40.0,,25,s,8,11-.0,,14.0,,2012,B-=100,True,75,119,1.0976606720559297e-06,,
194Re,194,753,p,-26430.0,200.0,833.0,33.0,,100,s,10,,,14.0,,2012,B-=100,True,75,119,1.0976639854280466e-06,,
194Os,194,760,,-32435.2,2.4,,,,6.0,y,0.2,0+,,6.0,,1951,B-=100,False,76,118,1.3171627203734572e-08,,
194Ir,194,770,,-32531.8,1.3,,,,19.35,h,0.07,1-*,,6.0,,1937,B-=100,False,77,117,7.134678261735066e-09,,
194Ir,194,771,m,-32384.7,1.3,147.072,0.002,,31.85,ms,0.24,4+,,6.0,,1959,IT=100,False,77,117,7.134684021681675e-09,,
194Ir,194,772,n,-32160.0,70.0,370.0,70.0,BD,171,d,11,(11-),,6.0,,1968,B-=100,False,77,117,3.841757672417575e-07,,
194Pt,194,780,,-34760.1,0.5,,,,stbl,,,0+,,6.0,,1935,IS=32.864 410,False,78,116,2.744092942973179e-09,,
194Au,194,790,,-32211.9,2.1,,,,38.02,h,0.10,1-*,,6.0,,1948,B+=100,False,79,115,1.1525433351702122e-08,,
194Au,194,791,m,-32104.5,2.2,107.4,0.5,,600,ms,8,5+,,6.0,,1975,IT=100,False,79,115,1.2074270628408428e-08,,
194Au,194,792,n,-31736.1,2.2,475.8,0.6,,420,ms,10,11-,,6.0,,1953,IT=100,False,79,115,1.2074295041322938e-08,,
194Hg,194,800,,-32184.0,2.9,,,,447,y,28,0+,,6.0,,1962,EC=100,False,80,114,1.5916190041954782e-08,7.10e+9,22.683360620993682
194Tl,194,810,,-26937.0,14.0,,,,33.0,m,0.5,2-*,,6.0,,1960,B+=100;A ?,False,81,113,7.683953771241395e-08,5.20e+7,17.7667542765457
194Tl,194,811,m,-26677.0,4.0,260.0,14.0,MD,32.8,m,0.2,7+*,,6.0,,1960,B+=100,False,81,113,2.195418496117899e-08,5.20e+7,17.7667542765457
194Pb,194,820,,-24208.0,17.0,,,,10.7,m,0.6,0+,,6.0,,1960,B+=100;A=7.3e-6 29,False,82,112,9.33072128542418e-08,8.60e+7,18.269857854217783
194Pb,194,821,m,-21580.0,17.0,2628.1,0.4,,370,ns,13,12+,,6.0,,1972,IT=100,False,82,112,9.33085587553101e-08,8.60e+7,18.269857854217783
194Pb,194,822,n,-21275.0,17.0,2933.0,0.4,,133,ns,7,11-,,6.0,,1986,IT=100,False,82,112,9.330871496019376e-08,8.60e+7,18.269857854217783
194Bi,194,830,,-16023.0,5.0,,,,95,s,3,3+*,,6.0,,1971,B+~100;A=0.46 25,False,83,111,2.7444725664592824e-08,1.60e+7,16.588099280204055
194Bi,194,831,m,-15880.0,50.0,150.0,50.0,MD,125,s,2,"(6+,7+)",,6.0,,1976,B+~100;A ?,False,83,111,2.744474720650058e-07,1.60e+7,16.588099280204055
194Bi,194,832,n,-15860.0,5.0,163.0,4.0,AD,115,s,4,10-*,,6.0,,1988,B+~100;A=0.20 7,False,83,111,2.744475021935751e-08,1.60e+7,16.588099280204055
194Po,194,840,,-11005.0,13.0,,,,392,ms,4,0+,,6.0,,1967,A~100;B+ ?,False,84,110,7.135875877781259e-08,2.70e+3,7.90100705199242
194Po,194,841,m,-8692.0,13.0,2313.4,0.3,,12.9,us,0.5,(10-),,6.0,,1999,IT=100,False,84,110,7.13596647865146e-08,2.70e+3,7.90100705199242
194At,194,850,,-716.0,24.0,,,*,286,ms,7,(5-),,6.0,,2009,A~100;B+=8.3.0;B+SF=0.032.0,False,85,109,1.3174762309164743e-07,,
194At,194,851,m,-740.0,30.0,-20.0,40.0,AD*,323,ms,7,10-,,6.0,,1984,A~100;B+=8.3.0;B+SF=0.032.0,False,85,109,1.6468450716776693e-07,,
194Rn,194,860,,5725.0,17.0,,,,780,us,160,0+,,7.0,,2006,A~100;B+ ?,False,86,108,9.332519537736218e-08,,
195W,195,740,,-20740.0,300.0,,,,30.0,s,>160ns,3/2-.0,,16.0,,2012,B- ?,True,74,121,1.6380884803321605e-06,,
195Re,195,750,,-25560.0,300.0,,,,6,s,1,5/2+.0,,14.0,,2008,B-=100,True,75,120,1.6380569368505004e-06,,
195Os,195,760,,-29510.0,60.0,,,,6.5,m,1.1,(3/2-),,14.0,,2004,B-=100,False,76,119,3.2760663513789196e-07,,
195Os,195,761,m,-29080.0,60.0,427.8,0.3,,47,s,3,(13/2+),,14.0,,2012,IT~100; B- ?,False,76,119,3.2760740431013414e-07,,
195Ir,195,770,,-31692.3,1.3,,,,2.29,h,0.17,3/2+,,14.0,,1952,B-=100,False,77,118,7.098109308080636e-09,,
195Ir,195,771,m,-31592.0,5.0,100.0,5.0,,3.74,h,0.07,11/2-,,14.0,,1968,B-~100;IT ?,False,77,118,2.7300435366680817e-08,,
195Ir,195,772,n,-29338.0,6.0,2354.0,6.0,,4.4,us,0.6,(27/2+),,,,2011,IT=100,False,77,118,3.276092562991673e-08,,
195Pt,195,780,,-32793.9,0.5,,,,stbl,,>6.3Ey,1/2-*,,14.0,,1935,IS=33.775 240;A ?,False,78,117,2.7300448995847033e-09,,
195Pt,195,781,m,-32534.8,0.5,259.077,0.023,,4.010,d,0.005,13/2+*,,14.0,,1960,IT=100,False,78,117,2.7300487618099857e-09,,
195Au,195,790,,-32567.1,1.1,,,,186.01,d,0.06,3/2+*,,14.0,,1948,EC=100,False,79,116,6.006148630475497e-09,,
195Au,195,791,m,-32248.5,1.1,318.58,0.04,,30.5,s,0.2,11/2-*,,14.0,,1952,IT=100,False,79,116,6.006159078784117e-09,,
195Au,195,792,n,-30066.0,20.0,2501.0,20.0,,12.89,us,0.21,31/2(-),,14.0,,2013,IT=100,True,79,116,1.092041937023112e-07,,
195Hg,195,800,,-31013.0,23.0,,,,10.69,h,0.16,1/2-*,,14.0,,1952,B+=100,False,80,115,1.255850602449478e-07,1.10e+10,23.121161109744783
195Hg,195,801,m,-30837.0,23.0,176.07,0.04,,41.60,h,0.19,13/2+*,,14.0,,1951,IT=54.2 20;B+=45.8 20,False,80,115,1.2558518093214617e-07,1.10e+10,23.121161109744783
195Tl,195,810,,-28155.0,11.0,,,,1.16,h,0.05,1/2+*,,14.0,,1955,B+=100,False,81,114,6.006378159417972e-08,2.10e+7,16.860032995687696
195Tl,195,811,m,-27672.0,11.0,482.63,0.17,,3.6,s,0.4,9/2-*,,14.0,,1957,IT=100,False,81,114,6.006394000357441e-08,2.10e+7,16.860032995687696
195Pb,195,820,,-23738.0,5.0,,,,15.0,m,1.4,3/2-,,14.0,,1957,B+=100,False,82,113,2.7302570210899165e-08,1.20e+8,18.60300230074632
195Pb,195,821,m,-23535.0,5.0,202.9,0.7,IT,15.0,m,1.2,13/2+,,14.0,,1957,B+=100; IT ?,False,82,113,2.7302600475404522e-08,1.20e+8,18.60300230074632
195Pb,195,822,n,-21979.0,5.0,1759.0,0.7,,10.0,us,0.7,21/2-,,14.0,,1976,IT=100,False,82,113,2.730283245581169e-08,1.20e+8,18.60300230074632
195Pb,195,823,p,-20836.0,5.0,2901.7,0.8,,95,ns,20,33/2+,,14.0,,1982,IT=100,False,82,113,2.7303002865524593e-08,1.20e+8,18.60300230074632
195Bi,195,830,,-18026.0,5.0,,,,183,s,4,9/2-*,,14.0,,1971,B+~100;A=0.030 12,False,83,112,2.7303614648308483e-08,1.40e+7,16.454567887579532
195Bi,195,831,m,-17626.0,8.0,399.0,6.0,AD,87,s,1,1/2+*,,14.0,,1974,B+=67 17;A=33 17,False,83,112,4.368587885988573e-08,1.40e+7,16.454567887579532
195Bi,195,832,n,-15645.0,5.0,2381.0,0.5,,614,ns,5,(29/2-),,14.0,,2003,IT=100,False,83,112,2.730396965401122e-08,1.40e+7,16.454567887579532
195Bi,195,833,p,-15410.0,5.0,2615.9,0.5,,1.49,us,0.01,29/2+,,15.0,,2018,IT=100,False,83,112,2.730400469287385e-08,1.40e+7,16.454567887579532
195Po,195,840,,-11117.0,6.0,,,,4.64,s,0.09,3/2-*,,15.0,,1967,A=94 4;B+ ?,False,84,111,3.276580518015364e-08,5.50e+4,10.915088464214607
195Po,195,841,m,-10968.0,7.0,148.0,9.0,MD,1.92,s,0.02,13/2+*,,15.0,,1967,A~100;B+ ?;IT ?,False,84,111,3.8226803814724075e-08,5.50e+4,10.915088464214607
195At,195,850,,-3470.0,10.0,,,,290,ms,20,1/2+*,,14.0,,1999,A~100;B+ ?,False,85,110,5.4612341631223874e-08,,
195At,195,851,m,-3441.0,8.0,29.0,7.0,AD,143,ms,3,7/2-*,,14.0,,1995,A=88 4;IT=12 4;B+ ?,False,85,110,4.368988022439843e-08,,
195At,195,853,p,-3370.0,40.0,100.0,40.0,,,,,(13/2+),,,,9999,IT ?,True,85,110,2.1844948582527499e-07,,
195Rn,195,860,,5050.0,50.0,,,*,7,ms,3,3/2-,,14.0,,2001,A=100,False,86,109,2.7307634311088977e-07,,
195Rn,195,861,m,5131.0,17.0,80.0,50.0,AD*,6,ms,3,13/2+,,14.0,,2001,A=100,False,86,109,9.284599773125627e-08,,
196W,196,740,,-18740.0,400.0,,,,25.0,s,>300ns,0+,,13.0,,2012,B- ?,True,74,122,2.1729935857973025e-06,,
196Re,196,750,,-22360.0,300.0,,,,2.4,s,1.5,,,13.0,,2008,B- ?,True,75,121,1.6297245903060695e-06,,
196Re,196,751,m,-22240.0,300.0,120.0,40.0,,3.6,us,0.6,,,,,2009,IT=100,True,75,121,1.6297256527076583e-06,,
196Os,196,760,,-28280.0,40.0,,,,34.9,m,0.2,0+,,17.0,,1977,B-=100,False,76,120,2.1729115064935724e-07,,
196Ir,196,770,,-29440.0,40.0,,,,52.0,s,1.1,"(1,2-)",,7.0,,1966,B-=100,False,77,119,2.1729130803313613e-07,,
196Ir,196,771,m,-29227.0,20.0,210.0,40.0,BD,1.40,h,0.02,11-.0,,7.0,,1959,B-~100;IT ?,False,77,119,1.0864577972801567e-07,,
196Pt,196,780,,-32644.5,0.5,,,,stbl,,,0+,,7.0,,1935,IS=25.211 340,False,78,118,2.7161131517195594e-09,,
196Au,196,790,,-31138.7,3.0,,,,6.165,d,0.011,2-*,,7.0,,1937,B+=93.0 3;B-=7.0 3,False,79,117,1.6296926713569493e-08,,
196Au,196,791,m,-31054.0,3.0,84.656,0.02,,8.1,s,0.2,5+,,7.0,,1971,IT=100,False,79,117,1.6296934212058866e-08,,
196Au,196,792,n,-30543.0,3.0,595.66,0.04,,9.603,h,0.022,12-*,,7.0,,1960,IT=100,False,79,117,1.629697945102547e-08,,
196Hg,196,800,,-31825.9,2.9,,,,stbl,,>2.5Ey,0+,,7.0,,1930,IS=0.15 1;2B+ ?,False,80,116,1.5753747695454114e-08,7.10e+9,22.683360620993682
196Tl,196,810,,-27497.0,12.0,,,,1.84,h,0.03,2-*,,7.0,,1955,B+=100,False,81,115,6.51899125159276e-08,2.80e+7,17.14771506813948
196Tl,196,811,m,-27103.0,12.0,394.2,0.5,,1.41,h,0.02,7+*,,7.0,,1960,B+=96.2 4;IT=3.8 4,False,81,115,6.51900520488537e-08,2.80e+7,17.14771506813948
196Pb,196,820,,-25348.0,8.0,,,,37,m,3,0+,,7.0,,1957,B+=100;A<3e-5,False,82,114,4.346075441275217e-08,2.00e+7,16.811242831518264
196Pb,196,821,m,,,,,RN,<1,us,,4+,,7.0,,1973,IT=100,False,82,114,,2.00e+7,16.811242831518264
196Pb,196,822,n,-23550.0,8.0,1797.51,0.14,,140,ns,14,5-,,7.0,,1973,IT=100,False,82,114,4.346117893305369e-08,2.00e+7,16.811242831518264
196Pb,196,823,p,-22653.0,8.0,2694.6,0.3,,270,ns,4,12+,,7.0,,1973,IT=100,False,82,114,4.3461390724091336e-08,2.00e+7,16.811242831518264
196Bi,196,830,,-18009.0,24.0,,,,5.13,m,0.20,(3+),,7.0,,1976,B+~100;A=0.00115 34,False,83,113,1.3038837792635854e-07,2.20e+7,16.90655301132259
196Bi,196,831,m,-17843.0,25.0,166.4,2.9,AD,0.6,s,0.5,(7+),,7.0,,1987,IT~100;B+ ?,False,83,113,1.3582134949750785e-07,2.20e+7,16.90655301132259
196Bi,196,832,n,-17737.0,25.0,272.0,3.0,AD,4.00,m,0.05,(10-),,7.0,,1987,B+=74.2 25;IT=25.8 25;A=0.00038 10,False,83,113,1.3582142771469416e-07,2.20e+7,16.90655301132259
196Po,196,840,,-13469.0,5.0,,,,5.63,s,0.07,0+,,7.0,,1967,A=94 5;B+ ?,False,84,112,2.7165106307397484e-08,4.80e+5,13.081541382884074
196Po,196,841,m,-10975.0,5.0,2493.9,0.4,,856,ns,17,11-,,7.0,,1995,IT=100,False,84,112,2.7165474398353845e-08,4.80e+5,13.081541382884074
196At,196,850,,-3910.0,30.0,,,*,377,ms,4,(3+)*,,7.0,,1967,A=97.5 3;B+ ?;B+SF=0.009 1,False,85,111,1.6300024849428546e-07,1.50e+2,5.0106352940962555
196At,196,851,m,-3950.0,18.0,-40.0,40.0,AD*,20.0,ms,,10-.0,,,,1996,A~100,False,85,111,9.78001278413111e-08,1.50e+2,5.0106352940962555
196At,196,852,n,-3750.0,30.0,157.9,0.1,,11,us,2,(5+),,7.0,,2000,IT=100,False,85,111,1.6300039019617402e-07,1.50e+2,5.0106352940962555
196Rn,196,860,,1975.0,14.0,,,,4.7,ms,1.1,0+,,7.0,,1995,A~100;B+ ?,False,86,110,7.60697495282889e-08,,
197W,197,740,,-14870.0,400.0,,,,1.0,s,>300ns,5/2-.0,,13.0,,2012,B- ?,True,74,123,2.1620037954098586e-06,,
197Re,197,750,,-20350.0,300.0,,,,400.0,ms,>300ns,5/2+.0,,13.0,,2009,B- ?,True,75,122,1.6214661544349397e-06,,
197Os,197,760,,-25080.0,200.0,,,,93,s,7,5/2-.0,,9.0,,2003,B-=100,True,76,121,1.0809573577222863e-06,,
197Os,197,761,m,-24580.0,280.0,500.0,200.0,,<0.1,s,,13/2+.0,,,,9999,IT ?;B- ?,True,76,121,1.513344390463085e-06,,
197Ir,197,770,,-28264.0,20.0,,,,5.8,m,0.5,3/2+,,5.0,,1952,B-=100,False,77,120,1.0809463119043302e-07,,
197Ir,197,771,m,-28149.0,21.0,115.0,5.0,,8.9,m,0.3,11/2-,,5.0,,1976,B-~100;IT ?,False,77,120,1.1349943329486111e-07,,
197Ir,197,772,n,-26560.0,500.0,1700.0,500.0,,30,us,8,,,,,2005,IT=100,True,77,120,2.7023906678670287e-06,,
197Ir,197,773,p,-25460.0,500.0,2800.0,500.0,,15,us,9,,,,,2005,IT=100,True,77,120,2.702406734376256e-06,,
197Pt,197,780,,-30419.8,0.5,,,,19.8915,h,0.0019,1/2-*,,5.0,,1936,B-=100,False,78,119,2.7023531829952867e-09,,
197Pt,197,781,m,-30020.2,0.5,399.59,0.2,,95.41,m,0.18,13/2+,,5.0,,1941,IT=96.7 4;B-=3.3 4,False,78,119,2.702359019335902e-09,,
197Au,197,790,,-31139.8,0.5,,,,stbl,,,3/2+*,,5.0,,1935,IS=100,False,79,118,2.7023615567842776e-09,,
197Au,197,791,m,-30730.7,0.5,409.15,0.08,,7.73,s,0.06,11/2-,,5.0,,1945,IT=100,False,79,118,2.7023675319140715e-09,,
197Au,197,792,n,-28607.3,1.1,2532.5,1.0,,150,ns,5,27/2+.0,,,,2006,IT=100,False,79,118,5.94527680067145e-09,,
197Hg,197,800,,-30540.0,3.0,,,,64.93,h,0.07,1/2-*,,5.0,,1941,EC=100,False,80,117,1.6214335243452628e-08,1.80e+10,23.613637594842576
197Hg,197,801,m,-30241.0,3.0,298.93,0.08,,23.82,h,0.04,13/2+*,,5.0,,1943,IT=94.68 9;EC=5.32 9,False,80,117,1.6214361446326824e-08,1.80e+10,23.613637594842576
197Tl,197,810,,-28354.0,14.0,,,,2.84,h,0.04,1/2+*,,5.0,,1955,B+=100,False,81,116,7.566832074709695e-08,6.80e+6,15.732433170146335
197Tl,197,811,m,-27746.0,14.0,608.22,0.08,,540,ms,10,9/2-*,,5.0,,1953,IT=100,False,81,116,7.566856940665816e-08,6.80e+6,15.732433170146335
197Pb,197,820,,-24745.0,5.0,,,,8.1,m,1.7,3/2-,,5.0,,1955,B+=100,False,82,115,2.7025116338312324e-08,1.50e+7,16.523560759066484
197Pb,197,821,m,-24426.0,5.0,319.31,0.11,IT,42.9,m,0.9,13/2+*,,5.0,,1957,B+=81 2;IT=19 2,False,82,115,2.7025162935163722e-08,1.50e+7,16.523560759066484
197Pb,197,822,n,-22831.0,5.0,1914.1,0.25,,1.15,us,0.20,21/2-,,5.0,,1978,IT=100,False,82,115,2.7025395921831008e-08,1.50e+7,16.523560759066484
197Bi,197,830,,-19687.0,8.0,,,,9.33,m,0.50,9/2-*,,5.0,,1971,B+=100;A ?,False,83,114,4.324167058889836e-08,1.10e+7,16.213405830762646
197Bi,197,831,m,-19155.0,8.0,533.0,12.0,AD,5.04,m,0.16,1/2+*,,5.0,,1966,A=55 40;B+=45 40;IT ?,False,83,114,4.324179493375393e-08,1.10e+7,16.213405830762646
197Bi,197,832,n,,,,,RN,204,ns,18,(23/2-),,5.0,,9999,IT=100,False,83,114,,1.10e+7,16.213405830762646
197Bi,197,833,p,-17284.0,14.0,2403.0,12.0,,263,ns,13,(29/2-),,5.0,,1986,IT=100,False,83,114,7.567390643751223e-08,1.10e+7,16.213405830762646
197Bi,197,834,q,-16758.0,8.0,2929.5,0.5,,209,ns,30,(31/2-),,5.0,,1986,IT=100,False,83,114,4.324235519566678e-08,1.10e+7,16.213405830762646
197Po,197,840,,-13393.0,10.0,,,,53.6,s,0.9,(3/2-)*,,5.0,,1965,B+ ?;A=44 7,False,84,113,5.4054305063488465e-08,2.40e+6,14.690979295318174
197Po,197,841,m,-13197.0,7.0,196.0,12.0,MD,25.8,s,0.1,13/2+*,,5.0,,1967,A=84 9;B+ ?;IT ?,False,84,113,3.783805363251193e-08,2.40e+6,14.690979295318174
197At,197,850,,-6355.0,8.0,,,*,388.2,ms,5.6,9/2-*,,5.0,,1967,A=96.1 12;B+=3.9 12,False,85,112,4.3245391582700993e-08,1.90e+5,12.154779351142624
197At,197,851,m,-6311.0,9.0,45.0,8.0,AD*,2.0,s,0.2,1/2+*,,5.0,,1985,A~100;B+ ?;IT<0.004;B+ ?,False,85,112,4.865107710218046e-08,1.90e+5,12.154779351142624
197At,197,852,n,-6044.0,8.0,310.7,0.2,,1.3,us,0.2,13/2+,,,,1999,IT=100,False,85,112,4.324546428544457e-08,1.90e+5,12.154779351142624
197Rn,197,860,,1510.0,16.0,,,,54,ms,6,3/2-,,5.0,,1995,A~100;B+ ?,False,86,111,8.649506527302138e-08,,
197Rn,197,861,m,1709.0,16.0,199.0,11.0,AD,25.6,ms,2.5,13/2+,,5.0,,1996,A~100;B+ ?,False,86,111,8.649515832298817e-08,,
197Fr,197,870,,10250.0,60.0,,,,2.3,ms,1.9,(7/2-),,14.0,,2013,A~100,False,87,110,3.2437408869743676e-07,,
198Re,198,750,,-16990.0,400.0,,,,1.0,s,>300ns,,,16.0,,2009,B- ?;B-n ?,True,75,123,2.1510702748439514e-06,,
198Os,198,760,,-23600.0,200.0,,,,125,s,28,0+,,16.0,,2008,B-=100,True,76,122,1.0755043873380018e-06,,
198Ir,198,770,,-25710.0,200.0,,,,8.7,s,0.4,1-,,16.0,,1973,B-=100,True,77,121,1.0754996641218924e-06,,
198Pt,198,780,,-29904.0,2.1,,,,stbl,,,0+,,16.0,,1935,IS=7.356 130;2B- ?;A ?,False,78,120,1.1292570327980788e-08,,
198Au,198,790,,-29580.8,0.5,,,,2.69464,d,0.00014,2-*,,16.0,,1937,B-=100,False,79,119,2.688730593449548e-09,,
198Au,198,791,m,-29268.6,0.5,312.2227,0.002,,124,ns,4,5+,,16.0,,1968,IT=100,False,79,119,2.6887351074146907e-09,,
198Au,198,792,n,-28768.9,1.6,811.9,1.5,,2.272,d,0.016,12-,,16.0,,1972,IT=100,False,79,119,8.603975463657616e-09,,
198Hg,198,800,,-30954.3,0.5,,,,stbl,,,0+,,16.0,,1925,IS=10.04 3,False,80,118,2.688729434342664e-09,6.30e+9,22.563815470343897
198Tl,198,810,,-27529.0,8.0,,,,5.3,h,0.5,2-*,,16.0,,1949,B+=100,False,81,117,4.302076256912888e-08,,
198Tl,198,811,m,-26985.0,8.0,543.6,0.4,,1.87,h,0.03,7+*,,16.0,,1949,B+=55.9 23;IT=44.1 23,False,81,117,4.302088842294587e-08,,
198Tl,198,812,n,-26842.0,8.0,686.8,0.5,,150,ns,40,(5)+,,16.0,,1977,IT=100,False,81,117,4.302092150596484e-08,,
198Tl,198,813,p,-26787.0,8.0,742.4,0.4,,32.1,ms,1.0,10-,,16.0,,1975,IT=100,False,81,117,4.302093423021645e-08,,
198Pb,198,820,,-26067.0,9.0,,,,2.4,h,0.1,0+,,16.0,,1955,B+=100,False,82,116,4.8399075022385045e-08,,
198Pb,198,821,m,-23926.0,9.0,2141.4,0.4,,4.12,us,0.07,7-,,16.0,,1972,IT=100,False,82,116,4.8399632276496745e-08,,
198Pb,198,822,n,-23836.0,9.0,2231.4,0.5,,137,ns,10,9-,,16.0,,1989,IT=100,False,82,116,4.839965570175213e-08,,
198Pb,198,823,p,-23245.0,9.0,2821.7,0.6,,212,ns,4,12+,,16.0,,1973,IT=100,False,82,116,4.839980952815916e-08,,
198Bi,198,830,,-19374.0,28.0,,,,10.3,m,0.3,3+*,,16.0,,1950,B+=100,False,83,115,1.5058136722312777e-07,9.30e+6,16.045524958123483
198Bi,198,831,m,-19085.0,28.0,290.0,40.0,MD,11.6,m,0.3,7+*,,16.0,,1992,B+=100,False,83,115,1.5058160125928496e-07,9.30e+6,16.045524958123483
198Bi,198,832,n,-18837.0,28.0,540.0,40.0,MD,7.7,s,0.5,10-*,,16.0,,1972,IT=100,False,83,115,1.5058180209366076e-07,9.30e+6,16.045524958123483
198Po,198,840,,-15473.0,17.0,,,,1.760,m,0.024,0+,,16.0,,1965,A=57 2;B+=43 2,False,84,114,9.142695550659498e-08,1.20e+7,16.300417207752275
198Po,198,841,m,-12907.0,17.0,2565.92,0.2,,200,ns,20,11-,,16.0,,1990,IT=100,False,84,114,9.142821722442467e-08,1.20e+7,16.300417207752275
198Po,198,842,n,-12730.0,50.0,2740.0,50.0,,750,ns,50,12+,,16.0,,1990,IT=100,True,84,114,2.689067772284903e-07,1.20e+7,16.300417207752275
198At,198,850,,-6709.0,5.0,,,,4.47,s,0.05,3+*,,16.0,,1967,A~97.0 17;B+ ?,False,85,113,2.6891735575713354e-08,2.80e+4,10.239959789157341
198At,198,851,m,-6442.0,5.0,266.6,2.7,IT,1.23,s,0.05,10-*,,16.0,,1967,A=93 4;B+ ?,False,85,113,2.6891774192803427e-08,2.80e+4,10.239959789157341
198Rn,198,860,,-1230.0,13.0,,,,64.4,ms,1.6,0+,,16.0,,1984,A=93 7;B+ ?,False,86,112,6.9921059298317e-08,,
198Fr,198,870,,9580.0,30.0,,,*,15,ms,3,3+.0,,16.0,,2013,A~100,False,87,111,1.6136679539148292e-07,,
198Fr,198,871,m,9580.0,40.0,0.0,50.0,AD*,1.1,ms,0.7,(10-),,16.0,,2013,A~100,False,87,111,2.1515572718864389e-07,,
199Re,199,750,,-14730.0,400.0,,,,250.0,ms,>300ns,5/2+.0,,13.0,,2012,B- ?,True,75,124,2.1402821301772216e-06,,
199Os,199,760,,-20270.0,200.0,,,,6,s,3,5/2-.0,,7.0,,2008,B-=100,True,76,123,1.0701167491819001e-06,,
199Ir,199,770,,-24400.0,40.0,,,,7,s,5,3/2+.0,,7.0,,1993,B-=100,False,77,122,2.1402010147614112e-07,,
199Pt,199,780,,-27388.7,2.2,,,,30.80,m,0.21,5/2-*,,7.0,,1937,B-=100,False,78,121,1.177099880564706e-08,,
199Pt,199,781,m,-26964.7,3.0,424.0,2.0,,13.48,s,0.16,13/2+*,,7.0,,1959,IT=100,False,78,121,1.6051398421782565e-08,,
199Au,199,790,,-29093.8,0.5,,,,3.139,d,0.007,3/2+,,7.0,,1937,B-=100,False,79,120,2.6752211073865795e-09,,
199Au,199,791,m,-28544.9,0.5,548.9405,0.0021,,440,us,30,11/2-,,7.0,,1968,IT=100,False,79,120,2.6752289641534467e-09,,
199Hg,199,800,,-29546.1,0.5,,,,stbl,,,1/2-*,,7.0,,1925,IS=16.94 12,False,80,119,2.67523314565495e-09,2.00e+10,23.7189981105004
199Hg,199,801,m,-29013.6,0.5,532.48,0.1,,42.67,m,0.09,13/2+*,,7.0,,1948,IT=100,False,80,119,2.675240767745755e-09,2.00e+10,23.7189981105004
199Tl,199,810,,-28059.0,28.0,,,,7.42,h,0.08,1/2+*,,7.0,,1949,B+=100,False,81,118,1.498152849001854e-07,1.10e+6,13.9108207377686
199Tl,199,811,m,-27310.0,28.0,748.87,0.06,,28.4,ms,0.2,9/2-*,,7.0,,1963,IT=100,False,81,118,1.4981588529616555e-07,1.10e+6,13.9108207377686
199Pb,199,820,,-25232.0,7.0,,,,90,m,10,3/2-,,7.0,,1950,B+=100,False,82,117,3.745464695121821e-08,3.70e+7,17.4264284706085
199Pb,199,821,m,-24803.0,8.0,429.5,2.7,,12.2,m,0.3,(13/2+),,7.0,,1955,IT~100;B+= ?,False,82,117,4.280540905841747e-08,3.70e+7,17.4264284706085
199Pb,199,822,n,-22668.0,8.0,2563.8,2.7,,10.1,us,0.2,(29/2-),,7.0,,1981,IT=100,False,82,117,4.280589805987872e-08,3.70e+7,17.4264284706085
199Bi,199,830,,-20798.0,11.0,,,,27,m,1,9/2-*,,7.0,,1950,B+=100,False,83,116,5.8859106090999024e-08,1.20e+7,16.300417207752275
199Bi,199,831,m,-20131.0,11.0,667.0,3.0,IT,24.70,m,0.15,(1/2+),,7.0,,1950,B+=?;IT<2;A~0.01,False,83,116,5.885931616002555e-08,1.20e+7,16.300417207752275
199Bi,199,832,n,-18836.0,25.0,1962.0,23.0,,100,ns,30,25/2+.0,,7.0,,1974,IT=100,False,83,116,1.33772100044236e-07,1.20e+7,16.300417207752275
199Bi,199,833,p,-18250.0,25.0,2548.0,23.0,,168,ns,13,29/2-.0,,7.0,,1985,IT=100,False,83,116,1.3377251950375942e-07,1.20e+7,16.300417207752275
199Po,199,840,,-15239.0,5.0,,,,5.47,m,0.15,3/2-*,,7.0,,1965,B+=92.5 3;A=7.5 3,False,84,115,2.6755120126160408e-08,3.30e+6,15.009433026436708
199Po,199,841,m,-14927.0,5.0,311.7,2.7,AD,4.17,m,0.05,13/2+*,,7.0,,1964,B+=73.5 10;A=24 1;IT=2.5 10,False,84,115,2.6755164794429647e-08,3.30e+6,15.009433026436708
199At,199,850,,-8823.0,5.0,,,,7.02,s,0.12,9/2-*,,7.0,,1967,A=89 6;B+ ?,False,85,114,2.675622389592029e-08,2.60e+6,14.77102200299171
199At,199,851,m,-8579.0,5.0,244.0,1.0,IT,273,ms,9,1/2+*,,,,2013,IT~99;A~1,False,85,114,2.6756258831667145e-08,2.60e+6,14.77102200299171
199At,199,852,n,-8250.0,5.0,572.9,0.1,,70,ns,20,13/2+,,7.0,,2000,IT=100,False,85,114,2.6756305937798122e-08,2.60e+6,14.77102200299171
199At,199,853,p,-6530.0,5.0,2293.4,0.5,,800,ns,50,(29/2+),,,,2010,IT=100,False,85,114,2.6756552209633007e-08,2.60e+6,14.77102200299171
199Rn,199,860,,-1560.0,7.0,,,,590,ms,30,3/2-,,7.0,,1980,A~100;B+ ?,False,86,113,3.746042865601678e-08,7.10e+0,1.9600947840472698
199Rn,199,861,m,-1340.0,8.0,220.0,11.0,AD,310,ms,20,13/2+,,7.0,,1981,A~100;B+ ?; IT ?,False,86,113,4.2811968867738485e-08,7.10e+0,1.9600947840472698
199Fr,199,870,,6771.0,14.0,,,,6.6,ms,2.2,1/2+.0,,7.0,,1999,A~100;B+ ?,False,87,112,7.492471627332162e-08,,
199Fr,199,871,m,6817.0,10.0,45.0,13.0,AD,6.5,ms,0.9,7/2-.0,,,,2013,A~100;B+ ?,False,87,112,5.3517667655988226e-08,,
199Fr,199,872,n,7020.0,50.0,250.0,50.0,,2.2,ms,1.2,13/2+.0,,,,2013,A~100;B+ ?,True,87,112,2.6758862899054323e-07,,
200Os,200,760,,-18550.0,300.0,,,,7,s,4,0+,,8.0,,2005,B-=100,True,76,124,1.5971605395025949e-06,,
200Ir,200,770,,-21570.0,200.0,,,,43,s,6,"(2-,3-)",,11.0,,2008,B-=100;B-n ?,True,77,123,1.0647639051048053e-06,,
200Pt,200,780,,-26599.0,20.0,,,,12.6,h,0.3,0+,,7.0,,1957,B-=100,False,78,122,1.0647427294797628e-07,,
200Au,200,790,,-27240.0,27.0,,,,48.4,m,0.3,(1-),,7.0,,1951,B-=100,False,79,121,1.4374076766711703e-07,,
200Au,200,791,m,-26233.0,26.0,1010.0,40.0,BD,18.7,h,0.5,12-*,,7.0,,1968,B-=84 1;IT=16 1,False,79,121,1.3841777758876278e-07,,
200Hg,200,800,,-29503.3,0.5,,,,stbl,,,0+,,7.0,,1925,IS=23.14 9,False,80,120,2.66185232250906e-09,4.20e+9,22.158350362235733
200Tl,200,810,,-27047.0,6.0,,,,26.1,h,0.1,2-*,,7.0,,1949,B+=100,False,81,119,3.194286551152055e-08,2.50e+6,14.73180128983843
200Tl,200,811,m,-26293.0,6.0,753.6,0.24,,34.0,ms,0.9,7+,,7.0,,1963,IT=100,False,81,119,3.19429937355985e-08,2.50e+6,14.73180128983843
200Tl,200,812,n,-26285.0,6.0,762.0,0.24,,397,ns,17,5+,,7.0,,1972,IT=100,False,81,119,3.1942995096071687e-08,2.50e+6,14.73180128983843
200Pb,200,820,,-26251.0,10.0,,,,21.5,h,0.4,0+,,7.0,,1950,EC=100,False,82,118,5.3238701371145987e-08,,
200Pb,200,821,m,-24068.0,10.0,2183.3,1.1,,456,ns,6,(9-),,7.0,,1972,IT=100,False,82,118,5.3239320118977445e-08,,
200Pb,200,822,n,-23245.0,10.0,3005.8,1.2,,198,ns,3,(12+),,7.0,,1975,IT=100,False,82,118,5.323955339319407e-08,,
200Bi,200,830,,-20371.0,23.0,,,*,36.4,m,0.5,7+*,,7.0,,1950,B+=100,False,83,117,1.224536896465655e-07,2.00e+7,16.811242831518264
200Bi,200,831,m,-20270.0,70.0,100.0,70.0,*,31,m,2,(2+),,7.0,,1978,B+<100;IT ?,True,83,117,3.726853428072092e-07,2.00e+7,16.811242831518264
200Bi,200,832,n,-19943.0,23.0,428.2,0.1,,400,ms,50,(10-),,7.0,,1972,IT=100,False,83,117,1.2245396868284544e-07,2.00e+7,16.811242831518264
200Po,200,840,,-16942.0,8.0,,,,11.51,m,0.08,0+,,7.0,,1951,B+=88.9 3;A=11.1 3,False,84,116,4.25936585948088e-08,9.90e+7,18.410630408098864
200Po,200,841,m,-14346.0,8.0,2596.1,0.3,,100,ns,10,11-,,7.0,,1985,IT=100,False,84,116,4.2594247317255595e-08,9.90e+7,18.410630408098864
200Po,200,842,n,-14125.0,11.0,2817.0,7.0,,268,ns,3,12+,,7.0,,1985,IT=100,False,84,116,5.8567158975215934e-08,9.90e+7,18.410630408098864
200At,200,850,,-8988.0,24.0,,,,43.2,s,0.9,(3+)*,,7.0,,1963,A=52 3;B+=48 3,False,85,115,1.2778726735407456e-07,1.20e+7,16.300417207752275
200At,200,851,m,-8875.0,25.0,112.9,2.9,AD,47,s,1,(7+)*,,7.0,,1967,A=43 7;B+=57 7;IT ?,False,85,115,1.3311181691588905e-07,1.20e+7,16.300417207752275
200At,200,852,n,-8644.0,25.0,343.8,3.0,AD,8.0,s,2.1,(10-)*,,7.0,,1967,IT ?;A~10.5 3;B+ ?,False,85,115,1.3311198063739403e-07,1.20e+7,16.300417207752275
200Rn,200,860,,-4000.0,6.0,,,,1.09,s,0.16,0+,,7.0,,1971,A=92 8;B+ ?,False,86,114,3.194788532795266e-08,9.50e+7,18.369387449564815
200Rn,200,861,m,-1680.0,21.0,2320.0,20.0,,28,us,9,,,7.0,,2002,IT=100,True,86,114,1.1181897996808145e-07,9.50e+7,18.369387449564815
200Fr,200,870,,6130.0,30.0,,,*,47.5,ms,2.8,(3+),,7.0,,1995,A=100;B+ ?;B+SF ?,False,87,113,1.5974914341635137e-07,1.00e-1,-2.3025850929940455
200Fr,200,871,m,6180.0,60.0,50.0,60.0,AD*,190,ms,120,10-.0,,,,1996,A~100;IT ?,False,87,113,3.1949837189868813e-07,1.00e-1,-2.3025850929940455
200Fr,200,872,n,6280.0,60.0,150.0,50.0,,790,ns,360,,,,,2014,IT ?,True,87,113,3.194985420307948e-07,1.00e-1,-2.3025850929940455
201Os,201,760,,-14840.0,300.0,,,,3.0,s,>300ns,1/2-.0,,13.0,,2009,B- ?,True,76,125,1.589242344278441e-06,,
201Ir,201,770,,-19840.0,200.0,,,,21,s,5,(3/2+),,11.0,,2008,B-=100,True,77,124,1.0594740923764714e-06,,
201Pt,201,780,,-23740.0,50.0,,,,2.5,m,0.1,(5/2-),,7.0,,1962,B-=100,False,78,123,2.6486486571181507e-07,,
201Pt,201,781,m,-22890.0,160.0,850.0,150.0,,10.0,s,,13/2+.0,,,,9999,IT ?,True,78,123,8.475713866397939e-07,,
201Au,201,790,,-26401.0,3.0,,,,26.0,m,0.8,3/2+,,7.0,,1952,B-=100,False,79,122,1.5891776807705812e-08,4.00e+4,10.596634733096073
201Au,201,791,m,-25807.0,6.0,594.0,5.0,,730,us,630,11/2-,,7.0,,1981,IT=100,False,79,122,3.178365362496007e-08,4.00e+4,10.596634733096073
201Au,201,792,n,-24791.0,6.0,1610.0,5.0,,5.6,us,2.4,19/2+.0,,,,2011,IT=100,False,79,122,3.1783824686522055e-08,4.00e+4,10.596634733096073
201Hg,201,800,,-27662.5,0.7,,,,stbl,,,3/2-*,,7.0,,1925,IS=13.17 9,False,80,121,3.7080818804038945e-09,2.80e+9,21.75288525412757
201Hg,201,801,m,-26896.3,0.7,766.22,0.15,,94.0,us,2.0,13/2+,,7.0,,1961,IT=100,False,80,121,3.7080969306811764e-09,2.80e+9,21.75288525412757
201Tl,201,810,,-27181.0,14.0,,,,3.0421,d,0.0008,1/2+*,,7.0,,1950,EC=100,False,81,120,7.416233486367354e-08,,
201Tl,201,811,m,-26262.0,14.0,919.16,0.21,,2.01,ms,0.07,9/2-,,7.0,,1962,IT=100,False,81,120,7.416269590455313e-08,,
201Pb,201,820,,-25271.0,14.0,,,,9.33,h,0.03,5/2-*,,7.0,,1950,B+=100,False,82,119,7.416359334890546e-08,8.10e+6,15.907374619642667
201Pb,201,821,m,-24642.0,14.0,629.1,0.3,,60.8,s,1.8,13/2+,,7.0,,1952,IT~100;B+ ?,False,82,119,7.416384046759072e-08,8.10e+6,15.907374619642667
201Pb,201,822,n,-22318.0,24.0,2953.0,20.0,,508,ns,3,(29/2-),,7.0,,1981,IT=100,False,82,119,1.2713957747060607e-07,8.10e+6,15.907374619642667
201Bi,201,830,,-21429.0,12.0,,,,103,m,3,9/2-*,,7.0,,1950,B+=100,False,83,118,6.357052366568855e-08,2.70e+6,14.808762330974558
201Bi,201,831,m,-20583.0,12.0,846.35,0.18,,57.5,m,2.1,1/2+,,7.0,,1950,B+~100;A=?;IT ?,False,83,118,6.357080857237469e-08,2.70e+6,14.808762330974558
201Bi,201,832,n,-19456.0,26.0,1973.0,23.0,,118,ns,28,25/2+.0,,7.0,,1982,IT=100,False,83,118,1.3773757424950054e-07,2.70e+6,14.808762330974558
201Bi,201,833,p,-19417.0,26.0,2012.0,23.0,,105,ns,75,27/2+.0,,7.0,,1985,IT=100,False,83,118,1.3773760270696549e-07,2.70e+6,14.808762330974558
201Bi,201,834,q,-18648.0,26.0,2781.0,23.0,,124,ns,4,29/2-.0,,7.0,,1982,IT=100,False,83,118,1.377381638322013e-07,2.70e+6,14.808762330974558
201Po,201,840,,-16521.0,5.0,,,,15.6,m,0.1,3/2-*,,7.0,,1951,B+=98.87 3;A=1.13 3,False,84,117,2.6488588392607812e-08,9.50e+7,18.369387449564815
201Po,201,841,m,-16097.0,5.0,423.8,2.4,AD,8.96,m,0.12,13/2+*,,7.0,,1962,IT=56.2 12;B+=41.4 7;A=2.4 5,False,84,117,2.6488647892264176e-08,9.50e+7,18.369387449564815
201At,201,850,,-10789.0,8.0,,,,85.2,s,1.6,9/2-*,,7.0,,1963,A=71 7;B+=29 7,False,85,116,4.2383318860173544e-08,4.60e+7,17.64415195445337
201At,201,851,m,-10330.0,8.0,459.0,1.0,,45,ms,3,1/2+,,,,2015,IT=100,False,85,116,4.238342192575972e-08,4.60e+7,17.64415195445337
201At,201,852,n,-8469.0,8.0,2319.7,0.3,,3.39,us,0.09,29/2+,,,,2015,IT=100,False,85,116,4.238383980683469e-08,4.60e+7,17.64415195445337
201Rn,201,860,,-4107.0,10.0,,,,7.0,s,0.4,3/2-,,7.0,,1967,A=?;B+ ?,False,86,115,5.298138717826183e-08,8.00e+7,18.197537192638155
201Rn,201,861,m,-3863.0,7.0,245.0,12.0,AD,3.8,s,0.1,13/2+,,7.0,,1967,A=?;B+ ?,False,86,115,3.708701896887304e-08,8.00e+7,18.197537192638155
201Fr,201,870,,3589.0,9.0,,,,62.8,ms,1.9,9/2-,,7.0,,1980,A~100; B+ ?,False,87,114,4.768551956579252e-08,1.00e+0,0.0
201Fr,201,871,m,3718.0,10.0,129.0,10.0,AD,24,ms,6,1/2+,,7.0,,2005,A=100,False,87,114,5.298394684278584e-08,1.00e+0,0.0
201Fr,201,872,n,3879.0,9.0,289.5,0.4,,720,ns,40,13/2+,,,,2014,IT=100,False,87,114,4.7685592836299005e-08,1.00e+0,0.0
201Ra,201,880,,11937.0,20.0,,,,20,ms,30,(3/2-),,,,2005,A=100,False,88,113,1.0597323474626884e-07,,
201Ra,201,881,m,12200.0,26.0,263.0,26.0,AD,6,ms,5,13/2+,,7.0,,2005,A=100,False,88,113,1.3776539715284823e-07,,
202Os,202,760,,-12530.0,400.0,,,,2.0,s,>300ns,0+,,13.0,,2009,B- ?,True,76,126,2.1085208038298572e-06,,
202Ir,202,770,,-16640.0,300.0,,,,11,s,3,(2-),,8.0,,2008,B-=100,True,77,125,1.5813671235148688e-06,,
202Ir,202,771,m,-14040.0,420.0,2600.0,300.0,,3.4,us,0.6,,,,,2011,IT=100,True,77,125,2.2139443154300154e-06,,
202Pt,202,780,,-22692.0,25.0,,,,44,h,15,0+,,8.0,,1992,B-=100,False,78,124,1.3177728812449882e-07,,
202Pt,202,781,m,-20904.0,25.0,1788.5,0.4,,141,us,7,(7-),,8.0,,2005,IT=100,False,78,124,1.3177853009914623e-07,,
202Au,202,790,,-24353.0,23.0,,,,28.4,s,1.2,(1-),,8.0,,1967,B-=100,False,79,123,1.212348701201748e-07,1.40e+3,7.24422751560335
202Hg,202,800,,-27345.3,0.7,,,,stbl,,,0+,,8.0,,1920,IS=29.74 13,False,80,122,3.689723873760438e-09,7.90e+8,20.487543503425343
202Tl,202,810,,-25980.4,1.8,,,,12.31,d,0.08,2-*,,8.0,,1940,EC=100,False,81,121,9.48799433196826e-09,,
202Tl,202,811,m,-25030.2,1.8,950.19,0.1,,591,us,3,7+,,8.0,,1958,IT=100,False,81,121,9.488041853839072e-09,,
202Pb,202,820,,-25941.0,4.0,,,,52.5,ky,2.8,0+,,8.0,,1954,EC=100,False,82,120,2.1084579967489855e-08,4.60e+6,15.341566861459324
202Pb,202,821,m,-23771.0,4.0,2169.85,0.08,,3.54,h,0.02,9-,,8.0,,1954,IT=90.5 5;B+=9.5 5,False,82,120,2.1084821143784e-08,4.60e+6,15.341566861459324
202Pb,202,822,n,-21800.0,50.0,4140.0,50.0,,100,ns,3,16+,,8.0,,1986,IT=100,True,82,120,2.6356300259713885e-07,4.60e+6,15.341566861459324
202Pb,202,823,p,-20640.0,50.0,5300.0,50.0,,108,ns,3,19-,,8.0,,1987,IT=100,True,82,120,2.6356461420558037e-07,4.60e+6,15.341566861459324
202Bi,202,830,,-20751.0,14.0,,,,1.72,h,0.05,5+*,,8.0,,1951,B+=100;A<1e-5,False,83,119,7.379855192109261e-08,1.00e+7,16.11809565095832
202Bi,202,831,m,-20126.0,18.0,625.0,12.0,,3.04,us,0.06,10-.0,,8.0,,1981,IT=100,False,83,119,9.4884165073279e-08,1.00e+7,16.11809565095832
202Bi,202,832,n,-18134.0,18.0,2617.0,12.0,,310,ns,50,(17+),,8.0,,1981,IT=100,False,83,119,9.488516141627029e-08,1.00e+7,16.11809565095832
202Po,202,840,,-17942.0,9.0,,,,44.6,m,0.4,0+,,8.0,,1951,B+=98.08 7;A=1.92 7,False,84,118,4.7442952175909746e-08,1.00e+8,18.420680743952367
202Po,202,841,m,-16230.0,15.0,1712.0,12.0,,110,ns,15,8+,,8.0,,1971,IT=100,False,84,118,7.90723005639403e-08,1.00e+8,18.420680743952367
202At,202,850,,-10595.0,28.0,,,,184,s,1,3+*,,8.0,,1961,B+=88 7;A=12 7,False,85,117,1.476070187132161e-07,2.10e+8,19.162618088681743
202At,202,851,m,-10401.0,28.0,190.0,40.0,MD,182,s,2,7+*,,8.0,,1992,B+=91.5 15;A=8.5 15;IT ?,False,85,117,1.476071696719206e-07,2.10e+8,19.162618088681743
202At,202,852,n,-10010.0,28.0,590.0,40.0,MD,460,ms,50,10-,,8.0,,1992,IT=99.904 11;A=0.096 11;B+ ?,False,85,117,1.476074739246808e-07,2.10e+8,19.162618088681743
202Rn,202,860,,-6275.0,18.0,,,,9.7,s,0.1,0+,,8.0,,1967,A=78 8;B+ ?,False,86,116,9.489303436067361e-08,2.90e+6,14.880221294956703
202Rn,202,861,m,-3970.0,50.0,2310.0,50.0,,2.22,us,0.07,11-.0,,,,2002,IT=100,True,86,116,2.635949652083511e-07,2.90e+6,14.880221294956703
202Fr,202,870,,3102.0,6.0,,,,372,ms,12,3+*,,8.0,,1980,A~100;B+ ?,False,87,115,3.163279086871765e-08,7.10e+1,4.2626798770413155
202Fr,202,871,m,3359.0,6.0,257.0,6.0,AD,286,ms,13,10-*,,8.0,,1980,A~100;IT=?;B+ ?,False,87,115,3.163283372924218e-08,7.10e+1,4.2626798770413155
202Ra,202,880,,9075.0,15.0,,,,4.1,ms,1.1,0+,,8.0,,2005,A=100,False,88,114,7.908500684422362e-08,,
203Os,203,760,,-7270.0,400.0,,,,300.0,ms,>300ns,9/2+.0,,13.0,,2012,B- ?;B-n ?,True,76,127,2.0981872191011734e-06,,
203Ir,203,770,,-14370.0,400.0,,,,7.0,s,>300ns,3/2+.0,,13.0,,2009,B- ?,True,77,126,2.0981233130145034e-06,,
203Ir,203,771,m,-14170.0,400.0,200.0,50.0,,>100.0,ns,,11/2-.0,,,,9999,IT ?;B- ?,True,77,126,2.098125514077531e-06,,
203Ir,203,772,n,-12230.0,400.0,2140.0,50.0,,798,ns,350,(23/2+),,,,2011,IT=100,True,77,126,2.0981468646285552e-06,,
203Pt,203,780,,-19510.0,200.0,,,,22,s,4,(1/2-),,6.0,,2008,B-=100,True,78,125,1.0490404900617294e-06,,
203Pt,203,781,m,-18140.0,200.0,1367.0,3.0,,12,s,5,13/2+.0,,6.0,,2008,B-~100; IT ?,True,78,125,1.0490480284446556e-06,,
203Pt,203,782,n,-18090.0,210.0,1420.0,50.0,,>100.0,ns,,27/2-.0,,6.0,,2008,IT=100,True,78,125,1.1015007187486778e-06,,
203Pt,203,783,p,-16980.0,210.0,2530.0,50.0,,641,ns,55,33/2+.0,,,,2011,IT=100,True,78,125,1.1015071319634221e-06,,
203Au,203,790,,-23143.0,3.0,,,,60,s,6,3/2+,,5.0,,1952,B-=100,False,79,124,1.5735414245443362e-08,,
203Au,203,791,m,-22502.0,4.0,641.0,3.0,,140,us,44,11/2-.0,,5.0,,2005,IT=100,False,79,124,2.0980622866913025e-08,,
203Hg,203,800,,-25269.2,1.6,,,,46.610,d,0.010,5/2-*,,5.0,,1943,B-=100,False,80,123,8.392184269597676e-09,1.20e+9,20.905587393740365
203Hg,203,801,m,-24336.1,1.6,933.14,0.23,,22.1,us,1.0,(13/2+),,5.0,,1964,IT=100,False,80,123,8.392225342969312e-09,1.20e+9,20.905587393740365
203Hg,203,802,n,-16987.9,1.7,8281.3,0.5,,146,ns,30,(53/2+),,,,2011,IT=100,False,80,123,8.917083112188928e-09,1.20e+9,20.905587393740365
203Tl,203,810,,-25761.3,1.2,,,,stbl,,,1/2+*,,5.0,,1931,IS=29.515 44,False,81,122,6.294164653777715e-09,,
203Tl,203,811,m,-24277.6,1.5,1483.7,0.9,,<1,us,,(9/2-),,,,2020,IT=100,False,81,122,7.867767045838162e-09,,
203Tl,203,812,n,-22200.0,50.0,3565.0,50.0,,7.7,us,0.5,(25/2+),,5.0,,1998,IT=100,True,81,122,2.622617594944835e-07,,
203Pb,203,820,,-24786.0,7.0,,,,51.924,h,0.015,5/2-,,5.0,,1942,EC=100,False,82,121,3.6716397379357146e-08,6.40e+5,13.369223455335854
203Pb,203,821,m,-23961.0,7.0,825.2,0.3,,6.21,s,0.08,13/2+,,5.0,,1955,IT=100,False,82,121,3.6716556262532556e-08,6.40e+5,13.369223455335854
203Pb,203,822,n,-21837.0,7.0,2949.2,0.4,,480,ms,7,29/2-,,5.0,,1977,IT=100,False,82,121,3.671696532081696e-08,6.40e+5,13.369223455335854
203Pb,203,823,p,-21820.0,50.0,2970.0,50.0,,122,ns,4,25/2-.0,,5.0,,1988,IT=100,True,82,121,2.622640613918622e-07,6.40e+5,13.369223455335854
203Bi,203,830,,-21525.0,13.0,,,,11.76,h,0.05,9/2-*,,5.0,,1950,B+=100,False,83,120,6.818922406335112e-08,1.90e+6,14.457364444136669
203Bi,203,831,m,-20427.0,13.0,1098.21,0.09,,305,ms,5,1/2+,,5.0,,1984,IT=100,False,83,120,6.81896167923642e-08,1.90e+6,14.457364444136669
203Bi,203,832,n,-19484.0,13.0,2041.5,0.6,,194,ns,30,25/2+,,5.0,,1978,IT=100,False,83,120,6.818995408510022e-08,1.90e+6,14.457364444136669
203Po,203,840,,-17311.0,5.0,,,,36.7,m,0.5,5/2-*,,5.0,,1951,B+=99.89 2;A=0.11 2,False,84,119,2.6227382289753226e-08,,
203Po,203,841,m,-16669.0,5.0,641.68,0.14,,45,s,2,13/2+*,,5.0,,1969,IT~100;A ?,False,84,119,2.6227470613275364e-08,,
203Po,203,842,n,-15153.0,5.0,2158.5,0.6,,>200,ns,,,,5.0,,1986,IT=100,False,84,119,2.6227679180215043e-08,,
203At,203,850,,-12163.0,11.0,,,,7.4,m,0.2,9/2-*,,5.0,,1951,B+=69 3;A=31 3,False,85,118,5.7702190670838623e-08,5.10e+6,15.444751097694555
203At,203,851,m,-11480.0,11.0,683.4,0.3,,3.5,ms,0.6,1/2+,,,,2017,IT=100,False,85,118,5.770239740591913e-08,5.10e+6,15.444751097694555
203At,203,852,n,-9833.0,11.0,2330.1,0.4,,9.77,us,0.21,29/2+,,,,2018,IT=100,False,85,118,5.7702895937162573e-08,5.10e+6,15.444751097694555
203Rn,203,860,,-6184.0,6.0,,,,44.2,s,1.6,3/2-,,5.0,,1967,A=66 9;B+=34 9,False,86,117,3.14751229013985e-08,1.20e+7,16.300417207752275
203Rn,203,861,m,-5822.0,5.0,362.0,4.0,AD,26.9,s,0.5,13/2+*,,5.0,,1967,A=75 10;B+=25 10,False,86,117,2.6229318893951245e-08,1.20e+7,16.300417207752275
203Fr,203,870,,876.0,6.0,,,,550,ms,10,9/2-*,,5.0,,1967,A~100;B+ ?,False,87,116,3.147650221307101e-08,2.10e+5,12.254862809699606
203Fr,203,871,m,1237.0,7.0,361.0,6.0,,43,ms,4,1/2+,,,,2013,IT=80 4;A=20 4,False,87,116,3.6722655461944396e-08,2.10e+5,12.254862809699606
203Fr,203,872,n,1302.0,6.0,426.0,1.0,,370,ns,50,13/2+,,,,2013,IT=100,False,87,116,3.1476572557911824e-08,2.10e+5,12.254862809699606
203Ra,203,880,,8601.0,10.0,,,,36,ms,13,3/2-,,5.0,,1996,A~100;B+ ?,False,88,115,5.24633191100149e-08,,
203Ra,203,881,m,8848.0,10.0,246.0,14.0,AD,25,ms,5,13/2+,,5.0,,1996,A~100;B+ ?,False,88,115,5.246338709437934e-08,,
204Ir,204,770,,-9570.0,400.0,,,,2.0,s,>300ns,,,13.0,,2011,B- ?;B-n ?,True,77,127,2.087886130042445e-06,,
204Pt,204,780,,-17620.0,200.0,,,,10.3,s,1.4,0+,,10.0,,2008,B-=100,True,78,126,1.0439062486592151e-06,,
204Pt,204,781,m,-15630.0,200.0,1995.1,0.7,,5.5,us,0.7,(5-),,10.0,,2009,IT=100,True,78,126,1.0439170916873873e-06,,
204Pt,204,782,n,-15590.0,200.0,2035.0,23.0,,55,us,3,(7-),,10.0,,2009,IT=100,True,78,126,1.0439173096400116e-06,,
204Pt,204,783,p,-14430.0,200.0,3193.0,23.0,,146,ns,14,(10+),,10.0,,2009,IT=100,True,78,126,1.0439236303057078e-06,,
204Au,204,790,,-20390.0,200.0,,,,38.3,s,1.3,(2-),,10.0,,1972,B-=100,True,79,125,1.0438982028003685e-06,,
204Au,204,791,m,-16570.0,540.0,3816.0,500.0,,2.1,us,0.3,16+.0,,10.0,,2008,IT=100,True,79,125,2.8185813457202185e-06,,
204Hg,204,800,,-24690.1,0.5,,,,stbl,,,0+,,10.0,,1920,IS=6.82 4;2B- ?,False,80,124,2.6097045508283105e-09,,
204Hg,204,802,n,-17464.0,0.5,7226.08,0.17,,~485,ns,,22+,,,,2015,IT=100,False,80,124,2.609802982084794e-09,,
204Tl,204,810,,-24346.1,1.2,,,,3.783,y,0.012,2-*,,10.0,,1953,B-=97.08 7;EC+B+=2.92 7,False,81,123,6.26334444794975e-09,,
204Tl,204,811,m,-23242.0,1.2,1104.1,0.2,,61.7,us,1.0,7+,,10.0,,1972,IT=100,False,81,123,6.26338054255186e-09,,
204Tl,204,812,n,-22027.1,1.2,2319.0,0.3,,2.6,us,0.2,12-,,10.0,,1998,IT=100,False,81,123,6.2634202598445705e-09,,
204Tl,204,813,p,-19954.5,1.3,4391.6,0.5,,420,ns,30,18+,,10.0,,1998,IT=100,False,81,123,6.785445352913912e-09,,
204Tl,204,814,q,-18106.7,1.3,6239.4,0.5,,90,ns,3,22-,,10.0,,2011,IT=100,False,81,123,6.785510797317405e-09,,
204Pb,204,820,,-25109.8,1.1,,,,stbl,,>140Py,0+,,10.0,,1932,IS=1.4 6;A ?,False,82,122,5.7414149488064394e-09,4.50e+7,17.622173047734595
204Pb,204,821,m,-23835.7,1.1,1274.13,0.05,,265,ns,6,4+,,10.0,,1963,IT=100,False,82,122,5.741453130183712e-09,4.50e+7,17.622173047734595
204Pb,204,822,n,-22923.9,1.1,2185.88,0.08,,66.93,m,0.10,9-,,10.0,,1956,IT=100,False,82,122,5.741480454708474e-09,4.50e+7,17.622173047734595
204Pb,204,823,p,-22845.4,1.1,2264.42,0.06,,490,ns,70,7-,,10.0,,1978,IT=100,False,82,122,5.741482807183009e-09,4.50e+7,17.622173047734595
204Bi,204,830,,-20646.0,9.0,,,,11.22,h,0.10,6+*,,10.0,,1947,B+=100,False,83,121,4.6976624826041145e-08,6.20e+6,15.64005985001532
204Bi,204,831,m,-19841.0,9.0,805.5,0.3,,13.0,ms,0.1,10-,,10.0,,1974,IT=100,False,83,121,4.697682221316391e-08,6.20e+6,15.64005985001532
204Bi,204,832,n,-17813.0,9.0,2833.4,1.1,,1.07,ms,0.03,17+,,10.0,,1974,IT=100,False,83,121,4.697731948894575e-08,6.20e+6,15.64005985001532
204Po,204,840,,-18341.0,10.0,,,,3.519,h,0.012,0+,,10.0,,1951,B+=99.33 3;A=0.67 3,False,84,120,5.219723017224343e-08,1.10e+7,16.213405830762646
204Po,204,841,m,-16702.0,10.0,1639.03,0.06,,158.6,ns,1.8,8+,,10.0,,1970,IT=100,False,84,120,5.219767672994608e-08,1.10e+7,16.213405830762646
204At,204,850,,-11875.0,23.0,,,,9.12,m,0.11,7+*,,10.0,,1961,B+=96.2 2;A=3.8 2,False,85,119,1.200584919530617e-07,1.50e+6,14.22097566607244
204At,204,851,m,-11288.0,23.0,587.3,0.2,,108,ms,10,10-,,10.0,,1969,IT=100,False,85,119,1.2005885982559562e-07,1.50e+6,14.22097566607244
204Rn,204,860,,-7970.0,7.0,,,,1.242,m,0.023,0+,,10.0,,1967,A=72.4 9;B+ ?,False,86,118,3.654053255486558e-08,3.20e+7,17.281246460764002
204Fr,204,870,,607.0,25.0,,,,1.75,s,0.26,3+*,,10.0,,1964,A=96 2;B+ ?,False,87,117,1.3050862629322599e-07,1.90e+6,14.457364444136669
204Fr,204,871,m,658.0,25.0,50.0,4.0,AD,2.41,s,0.19,7+*,,10.0,,1967,A=90 2;B+ ?,False,87,117,1.3050866103953837e-07,1.90e+6,14.457364444136669
204Fr,204,872,n,934.0,25.0,326.0,4.0,AD,1.65,s,0.15,10-*,,10.0,,1992,A=53 10;IT=47 10,False,87,117,1.305088490787264e-07,1.90e+6,14.457364444136669
204Ra,204,880,,6061.0,9.0,,,,60,ms,9,0+,,10.0,,1995,A~100;B+ ?,False,88,116,4.6984760428717385e-08,,
205Ir,205,770,,-5600.0,500.0,,,,1.0,s,>300ns,3/2+.0,,20.0,,2012,B- ?;B-n ?,True,77,128,2.5971742536414593e-06,,
205Pt,205,780,,-12820.0,300.0,,,,2.0,s,>300ns,9/2+.0,,20.0,,2009,B- ?,True,78,127,1.5582565809798928e-06,,
205Au,205,790,,-18570.0,200.0,,,,32.0,s,1.4,3/2+.0,,20.0,,1994,B-=100,True,79,126,1.0388136733921115e-06,,
205Au,205,791,m,-17660.0,200.0,907.0,5.0,,6,s,2,11/2-.0,,20.0,,2009,IT=?;B-=?,True,79,126,1.0388185834743282e-06,,
205Au,205,792,n,-15720.0,200.0,2849.7,0.4,,163,ns,5,19/2+.0,,20.0,,2011,IT=100,True,79,126,1.0388290512770862e-06,,
205Hg,205,800,,-22288.0,4.0,,,,5.14,m,0.09,1/2-*,,20.0,,1940,B-=100,False,80,125,2.077601181704538e-08,1.80e+8,19.008467408854486
205Hg,205,801,m,-20732.0,4.0,1556.4,0.3,,1.09,ms,0.04,13/2+,,20.0,,1985,IT=100,False,80,125,2.077617972739988e-08,1.80e+8,19.008467408854486
205Hg,205,802,n,-18971.0,4.0,3316.6,0.8,,5.89,us,0.18,(23/2-),,20.0,,2011,IT=100,False,80,125,2.077636976289388e-08,1.80e+8,19.008467408854486
205Tl,205,810,,-23820.8,1.2,,,,stbl,,,1/2+*,,20.0,,1931,IS=70.485 44,False,81,124,6.2327957927894465e-09,,
205Tl,205,811,m,-20530.2,1.2,3290.61,0.17,,2.6,us,0.2,25/2+,,20.0,,1976,IT=100,False,81,124,6.232902321597183e-09,,
205Tl,205,812,n,-18985.2,1.9,4835.6,1.5,,235,ns,10,(35/2-),,20.0,,2004,IT=100,False,81,124,9.868841205281736e-09,,
205Pb,205,820,,-23770.2,1.1,,,,17.0,My,0.9,5/2-,,20.0,,1954,EC=100,False,82,123,5.713436025344695e-09,,
205Pb,205,821,m,-23767.9,1.1,2.329,0.007,,24.2,us,0.4,1/2-,,20.0,,1994,IT=100,False,82,123,5.713436093598975e-09,,
205Pb,205,822,n,-22756.4,1.1,1013.85,0.03,,5.55,ms,0.02,13/2+,,20.0,,1960,IT=100,False,82,123,5.713466110802627e-09,,
205Pb,205,823,p,-20574.4,1.3,3195.8,0.6,,217,ns,5,25/2-,,20.0,,1973,IT=100,False,82,123,6.75235465834913e-09,,
205Bi,205,830,,-21066.0,5.0,,,,14.91,d,0.07,9/2-*,,20.0,,1951,B+=100,False,83,122,2.5970702989427718e-08,,
205Bi,205,831,m,-19569.0,5.0,1497.17,0.09,,7.9,us,0.7,1/2+,,20.0,,1972,IT=100,False,83,122,2.597090492953561e-08,,
205Bi,205,832,n,-19001.0,5.0,2064.7,0.4,,100,ns,6,21/2+,,20.0,,1978,IT=100,False,83,122,2.5970981551587434e-08,,
205Bi,205,833,p,-18927.0,5.0,2139.0,0.7,,220,ns,25,25/2+,,20.0,,1978,IT=100,False,83,122,2.5970991534071133e-08,,
205Po,205,840,,-17521.0,10.0,,,,1.74,h,0.08,5/2-*,,20.0,,1951,B+=99.960 12;A=0.040 12,False,84,121,5.194271135001953e-08,6.00e+7,17.909855120186375
205Po,205,841,m,-17378.0,10.0,143.166,0.015,,310,ns,60,1/2-,,20.0,,1960,IT=100,False,84,121,5.1942749932095444e-08,6.00e+7,17.909855120186375
205Po,205,842,n,-16641.0,10.0,880.31,0.04,,645,us,20,13/2+,,20.0,,1962,IT=100,False,84,121,5.19429487790879e-08,6.00e+7,17.909855120186375
205Po,205,843,p,-16060.0,10.0,1461.21,0.21,,57.4,ms,0.9,19/2-,,20.0,,1973,IT=100,False,84,121,5.194310553742379e-08,6.00e+7,17.909855120186375
205Po,205,844,q,-14434.0,10.0,3087.2,0.4,,115,ns,10,29/2-,,20.0,,1985,IT=100,False,84,121,5.1943544249947345e-08,6.00e+7,17.909855120186375
205At,205,850,,-12985.0,12.0,,,,26.9,m,0.8,9/2-*,,20.0,,1951,B+=90 2;A=10 2,False,85,120,6.23331410134789e-08,1.20e+8,18.60300230074632
205At,205,851,m,-10645.0,12.0,2339.64,0.23,,7.76,us,0.14,29/2+,,20.0,,1982,IT=100,False,85,120,6.233389867967968e-08,1.20e+8,18.60300230074632
205Rn,205,860,,-7710.0,5.0,,,,170,s,4,5/2-*,,20.0,,1967,B+=75.4 9;A=24.6 9,False,86,119,2.5973028255746795e-08,7.20e+7,18.09217667698033
205Rn,205,861,m,-7053.0,5.0,657.1,0.5,,>10,s,,13/2+.0,,20.0,,2010,IT~100;A ?;B+ ?,False,86,119,2.5973116898252372e-08,7.20e+7,18.09217667698033
205Fr,205,870,,-1310.0,8.0,,,,3.90,s,0.07,9/2-*,,20.0,,1964,A=98.5 4;B+=1.5 4,False,87,118,4.155850604617219e-08,2.00e+7,16.811242831518264
205Fr,205,871,m,-766.0,8.0,544.0,1.0,,80,ns,20,13/2+,,20.0,,2012,IT=100,False,87,118,4.155862348994497e-08,2.00e+7,16.811242831518264
205Fr,205,872,n,-701.0,10.0,609.0,6.0,,1.15,ms,0.04,(1/2+),,20.0,,2012,IT=100,False,87,118,5.194829690349138e-08,2.00e+7,16.811242831518264
205Ra,205,880,,5804.0,23.0,,,,220,ms,50,3/2-,,20.0,,1987,A~100;B+ ?,False,88,117,1.1948592337328504e-07,,
205Ra,205,881,m,6067.0,11.0,263.0,25.0,,180,ms,50,13/2+,,20.0,,1995,A~100;IT ?;B+ ?,False,88,117,5.714551969097998e-08,,
205Ac,205,890,,14110.0,60.0,,,,80,ms,60,9/2-,,20.0,,2014,A~100;B+ ?,False,89,116,3.117179538366386e-07,,
206Pt,206,780,,-9240.0,300.0,,,,500.0,ms,>300ns,0+,,13.0,,2012,B- ?;B-n ?,True,78,128,1.5507174813653048e-06,,
206Au,206,790,,-14190.0,300.0,,,,47,s,11,6+.0,,16.0,,2009,B-=100,True,79,127,1.5506881709892518e-06,,
206Hg,206,800,,-20946.0,20.0,,,,8.32,m,0.07,0+,,8.0,,1961,B-=100,False,80,126,1.0337629243386755e-07,1.50e+8,18.82614585206053
206Hg,206,801,m,-18844.0,20.0,2102.4,0.3,,2.088,us,0.017,5-,,8.0,,1982,IT=100,False,80,126,1.0337741561380944e-07,1.50e+8,18.82614585206053
206Hg,206,802,n,-17224.0,20.0,3722.3,1.0,,106,ns,3,(10+),,8.0,,2001,IT=100,False,80,126,1.0337828125915276e-07,1.50e+8,18.82614585206053
206Tl,206,810,,-22253.3,1.3,,,,4.202,m,0.011,0-*,,8.0,,1935,B-=100,False,81,125,6.719458523082411e-09,,
206Tl,206,811,m,-19610.2,1.3,2643.1,0.18,,3.74,m,0.03,(12)-,,8.0,,1976,IT=100,False,81,125,6.719550323515628e-09,,
206Pb,206,820,,-23785.5,1.1,,,,stbl,,>2.5Zy,0+,,8.0,,1927,IS=24.1 30;A ?,False,82,124,5.685688653471078e-09,,
206Pb,206,821,m,-21585.3,1.1,2200.16,0.04,,125,us,2,7-,,8.0,,1953,IT=100,False,82,124,5.685753314195001e-09,,
206Pb,206,822,n,-19758.2,1.3,4027.3,0.7,,202,ns,3,12+,,8.0,,1971,IT=100,False,82,124,6.719590104101199e-09,,
206Bi,206,830,,-20028.0,8.0,,,,6.243,d,0.003,6+*,,8.0,,1947,B+=100,False,83,123,4.1351542490041765e-08,,
206Bi,206,831,m,-19968.0,8.0,59.897,0.017,,7.7,us,0.2,4+,,8.0,,1957,IT=100,False,83,123,4.135155531467124e-08,,
206Bi,206,832,n,-18983.0,8.0,1044.8,0.7,,890,us,10,10-,,8.0,,1974,IT=100,False,83,123,4.1351765853475685e-08,,
206Bi,206,833,p,-10795.0,8.0,9233.3,0.8,,155,ns,15,(28-),,,,2012,IT=100,False,83,123,4.135351608035134e-08,,
206Bi,206,834,q,-9858.0,8.0,10170.5,0.8,,>2,us,,(31+),,,,2012,IT=100,False,83,123,4.135371637834084e-08,,
206Po,206,840,,-18189.0,4.0,,,,8.8,d,0.1,0+,,8.0,,1947,B+=94.55 5;A=5.45 5,False,84,122,2.0676106008686402e-08,,
206Po,206,841,m,-16603.0,4.0,1585.9,0.11,,232,ns,4,8+,,8.0,,1970,IT=100,False,84,122,2.067627551436514e-08,,
206Po,206,842,n,-15927.0,4.0,2262.09,0.12,,1.05,us,0.06,9-,,8.0,,1970,IT=100,False,84,122,2.0676347763531983e-08,,
206At,206,850,,-12439.0,14.0,,,,30.6,m,0.8,(6)+*,,8.0,,1961,B+=99.10 8;A=0.90 8,False,85,121,7.236900578121676e-08,6.70e+6,15.717618084361195
206At,206,851,m,-11629.0,14.0,810.0,2.0,,813,ns,21,(10)-,,8.0,,1999,IT=100,False,85,121,7.236930879613753e-08,6.70e+6,15.717618084361195
206Rn,206,860,,-9133.0,9.0,,,,5.67,m,0.17,0+,,8.0,,1954,A=62 3;B+=38 3,False,86,120,4.6524038393980785e-08,1.30e+8,18.683045008419857
206Fr,206,870,,-1247.0,28.0,,,,~16,s,,3+*,,8.0,,1964,A=88.4 33;B+=11.6 33,False,87,119,1.4474832124369407e-07,3.60e+6,15.096444403426338
206Fr,206,871,m,-1048.0,28.0,200.0,40.0,IT,~16,s,,7+*,,8.0,,1964,A=84.7 15;B+ ?;IT ?,False,87,119,1.4474847015324812e-07,3.60e+6,15.096444403426338
206Fr,206,872,n,-517.0,28.0,730.0,40.0,,700,ms,100,10-*,,8.0,,1983,IT=?;A=13 2,False,87,119,1.4474886749632149e-07,3.60e+6,15.096444403426338
206Ra,206,880,,3566.0,18.0,,,,240,ms,20,0+,,8.0,,1967,A~100;B+ ?,False,88,118,9.305542972664625e-08,,
206Ac,206,890,,13480.0,70.0,,,,25,ms,7,3+,,8.0,,1998,A~100;B+ ?,False,89,117,3.619031950466496e-07,,
206Ac,206,891,m,13690.0,30.0,200.0,70.0,AD,41,ms,16,10-,,8.0,,1996,A~100;B+ ?,False,89,117,1.5510153770093313e-07,,
207Pt,207,780,,-4140.0,400.0,,,,600.0,ms,>300ns,9/2+.0,,13.0,,2012,B- ?;B-n ?,True,78,129,2.057684064370451e-06,,
207Au,207,790,,-10640.0,300.0,,,,3.0,s,>300ns,3/2+.0,,11.0,,2010,B- ?;B-n ?,True,79,128,1.543221714330251e-06,,
207Hg,207,800,,-16487.0,30.0,,,,2.9,m,0.2,9/2+,,11.0,,1982,B-=100,False,80,127,1.5431855661405412e-07,,
207Tl,207,810,,-21034.0,5.0,,,,4.77,m,0.02,1/2+*,,11.0,,1908,B-=100,False,81,126,2.5719328978730403e-08,5.00e+7,17.72753356339242
207Tl,207,811,m,-19686.0,5.0,1348.18,0.16,,1.33,s,0.11,11/2-,,11.0,,1965,IT~100;B- ?,False,81,126,2.5719507316021868e-08,5.00e+7,17.72753356339242
207Pb,207,820,,-22452.0,1.1,,,,stbl,,>1.9Zy,1/2-*,,11.0,,1927,IS=22.1 50;A ?,False,82,125,5.658248746835092e-09,,
207Pb,207,821,m,-20818.6,1.1,1633.356,0.004,,806,ms,5,13/2+,,11.0,,1951,IT=100,False,82,125,5.6582962877556435e-09,,
207Bi,207,830,,-20054.6,2.4,,,,31.22,y,0.17,9/2-,,11.0,,1950,B+=100,False,83,124,1.2345504367801082e-08,,
207Bi,207,831,m,-17953.0,2.4,2101.61,0.16,,182,us,6,21/2+,,11.0,,1967,IT=100,False,83,124,1.2345637830894877e-08,,
207Po,207,840,,-17146.0,7.0,,,,5.80,h,0.02,5/2-*,,11.0,,1947,B+~100;A=0.021 2,False,84,123,3.6008499381078195e-08,,
207Po,207,841,m,-17077.0,7.0,68.557,0.014,,205,ns,10,1/2-,,11.0,,1963,IT=100,False,84,123,3.6008512161972716e-08,,
207Po,207,842,n,-16031.0,7.0,1115.076,0.017,,49,us,4,13/2+,,11.0,,1962,IT=100,False,84,123,3.600870591403577e-08,,
207Po,207,843,p,-15763.0,7.0,1383.16,0.07,,2.79,s,0.08,19/2-,,11.0,,1961,IT=100,False,84,123,3.60087555563913e-08,,
207At,207,850,,-13227.0,12.0,,,,1.81,h,0.03,9/2-*,,11.0,,1951,B+~90;A~10,False,85,122,6.173051123794092e-08,2.00e+7,16.811242831518264
207At,207,851,m,-11110.0,12.0,2117.3,0.6,,108,ns,2,25/2+,,11.0,,1981,IT=100,False,85,122,6.17311835084946e-08,2.00e+7,16.811242831518264
207Rn,207,860,,-8635.0,5.0,,,,9.25,m,0.17,5/2-*,,11.0,,1954,B+=79 3;A=21 3,False,86,121,2.5721825087203843e-08,6.55e+8,20.300145793599526
207Rn,207,861,m,-7736.0,5.0,899.1,1.0,,184.5,us,0.9,13/2+,,11.0,,1974,IT=100,False,86,121,2.572194404564299e-08,6.55e+8,20.300145793599526
207Fr,207,870,,-2849.0,18.0,,,,14.8,s,0.1,9/2-*,,11.0,,1964,A=95 2;B+ ?,False,87,120,9.260194275350422e-08,4.20e+8,19.855765269241687
207Ra,207,880,,3510.0,60.0,,,,1.38,s,0.18,5/2-.0,,11.0,,1967,A~86;B+ ?,False,88,119,3.086852947802279e-07,,
207Ra,207,881,m,4071.0,10.0,560.0,60.0,AD,57,ms,8,13/2+,,11.0,,1987,IT=85.0;A=?;B+ ?,False,88,119,5.144769761876903e-08,,
207Ac,207,890,,11150.0,60.0,,,,31,ms,8,9/2-,,11.0,,1994,A~100,False,89,118,3.086994825484188e-07,,
208Pt,208,780,,-500.0,400.0,,,,220.0,ms,>300ns,0+,,13.0,,2012,B- ?;B-n ?,True,78,130,2.0478246140083257e-06,,
208Au,208,790,,-5910.0,300.0,,,,20.0,s,>300ns,6+.0,,11.0,,2010,B- ?;B-n ?,True,79,129,1.5358360919415416e-06,,
208Hg,208,800,,-13270.0,30.0,,,,135,s,10,0+,,10.0,,1994,B-=100,False,80,128,1.535788393389174e-07,,
208Hg,208,801,m,-11930.0,40.0,1338.0,24.0,,99,ns,14,(8+),,10.0,,2009,IT=100,False,80,128,2.0477319049958184e-07,,
208Tl,208,810,,-16750.1,1.9,,,,3.053,m,0.004,5+,,7.0,,1909,B-=100,False,81,127,9.726550938901772e-09,,
208Tl,208,811,m,-14943.1,2.1,1807.0,1.0,,1.3,us,0.1,(0-),,,,2020,IT=100,False,81,127,1.075049785322503e-08,,
208Pb,208,820,,-21748.5,1.1,,,,stbl,,>2.6Zy,0+,,7.0,,1927,IS=52.4 70;A ?,False,82,126,5.631054265005172e-09,,
208Pb,208,821,m,-16853.3,1.1,4895.23,0.05,,535,ns,35,10+,,7.0,,1998,IT=100,False,82,126,5.6311953783425954e-09,,
208Bi,208,830,,-18870.2,2.3,,,,368,ky,4,5+*,,7.0,,1953,B+=100,False,83,125,1.1774273995737297e-08,,
208Bi,208,831,m,-17299.1,2.3,1571.1,0.4,,2.58,ms,0.04,10-,,7.0,,1961,IT=100,False,83,125,1.177436869525375e-08,,
208Po,208,840,,-17469.2,1.7,,,,2.898,y,0.002,0+,,7.0,,1947,A~100;B+=0.0042 4,False,84,124,8.702844295700018e-09,,
208Po,208,841,m,-15941.0,1.7,1528.22,0.04,,373,ns,8,8+,,7.0,,1968,IT=100,False,84,124,8.702912381586866e-09,,
208At,208,850,,-12470.0,9.0,,,,1.63,h,0.03,6+*,,7.0,,1950,B+=99.45 6;A=0.55 6,False,85,123,4.6075365813707774e-08,3.00e+7,17.216707939626428
208At,208,851,m,-10194.0,9.0,2276.4,1.8,,1.5,us,0.2,16-,,7.0,,1991,IT=100,False,85,123,4.607590268773297e-08,3.00e+7,17.216707939626428
208Rn,208,860,,-9655.0,10.0,,,,24.35,m,0.14,0+,,7.0,,1955,A=62 7;B+=38 7,False,86,122,5.119592768483728e-08,8.29e+8,20.535730713099568
208Rn,208,861,m,-7827.0,10.0,1828.3,0.4,,487,ns,12,8+,,7.0,,1979,IT=100,False,86,122,5.119640681232775e-08,8.29e+8,20.535730713099568
208Fr,208,870,,-2665.0,12.0,,,,59.1,s,0.3,7+*,,7.0,,1964,A=89 3;B+=11 3,False,87,121,6.14377186288603e-08,5.30e+8,20.08838756451044
208Fr,208,871,m,-1839.0,12.0,826.3,0.5,,432,ns,11,10-,,7.0,,2009,IT=100,False,87,121,6.143797844779582e-08,5.30e+8,20.08838756451044
208Ra,208,880,,1728.0,9.0,,,,1.110,s,0.045,0+,,7.0,,1967,A=87 3;B+ ?,False,88,120,4.60796304851918e-08,2.50e+4,10.126631103850338
208Ra,208,881,m,3875.0,9.0,2147.4,0.4,,263,ns,17,(8+),,7.0,,1998,IT=100,False,88,120,4.60801370234873e-08,2.50e+4,10.126631103850338
208Ac,208,890,,10760.0,60.0,,,,97,ms,15,3+,,7.0,,1994,A~100;B+ ?,False,89,119,3.0721377750962325e-07,,
208Ac,208,891,m,11258.0,28.0,500.0,60.0,AD,28,ms,7,10-,,7.0,,1994,A~100;IT ?;B+ ?,False,89,119,1.4336679507180472e-07,,
208Th,208,900,,16690.0,30.0,,,,2.4,ms,1.2,0+,,11.0,,2010,A~100,False,90,118,1.536125701342041e-07,,
209Au,209,790,,-2230.0,400.0,,,,1.0,s,>300ns,3/2+.0,,15.0,,2010,B- ?;B-n ?,True,79,130,2.038016864637932e-06,,
209Hg,209,800,,-8610.0,150.0,,,,6.3,s,1.1,9/2+.0,,15.0,,1998,B-=100;B-n ?,True,80,129,7.642365176848751e-07,,
209Tl,209,810,,-13645.0,6.0,,,,2.162,m,0.007,1/2+,,15.0,,1950,B-=100;B-n ?,False,81,128,3.0568877958803105e-08,,
209Tl,209,811,m,-12417.0,6.0,1228.1,2.0,,146,ns,10,17/2+,,15.0,,2009,IT=100,False,81,128,3.0569069212055664e-08,,
209Pb,209,820,,-17614.6,1.7,,,,3.235,h,0.005,9/2+,,15.0,,1940,B-=100,False,82,127,8.661063993999861e-09,,
209Bi,209,830,,-18258.6,1.4,,,,20.1,Ey,0.8,9/2-*,,15.0,,1924,IS=100;A=100,False,83,126,7.132664532386436e-09,,
209Po,209,840,,-16366.0,1.8,,,,124,y,3,1/2-*,,15.0,,1949,A=99.546 7;B+=0.454 7,False,84,125,9.170717539566826e-09,,
209Po,209,841,m,-12100.6,1.8,4265.4,0.3,,119,ns,4,31/2-,,15.0,,1974,IT=100,False,84,125,9.170916837746514e-09,,
209At,209,850,,-12884.0,5.0,,,,5.42,h,0.05,9/2-*,,15.0,,1951,B+=96.1 4;A=3.9 4,False,85,124,2.547483517944633e-08,6.50e+7,17.98989782785991
209At,209,851,m,-10455.0,5.0,2429.32,0.22,,916,ns,10,29/2+,,15.0,,1975,IT=100,False,85,124,2.5475150451627118e-08,6.50e+7,17.98989782785991
209Rn,209,860,,-8941.0,10.0,,,,28.8,m,1.0,5/2-*,,15.0,,1952,B+=83 2;A=17 2,False,86,123,5.095102967839528e-08,7.20e+8,20.394761769974377
209Rn,209,861,m,-7767.0,10.0,1174.01,0.13,,13.4,us,1.3,13/2+,,15.0,,1985,IT=100,False,86,123,5.095133445149005e-08,7.20e+8,20.394761769974377
209Rn,209,862,n,-5304.0,10.0,3636.81,0.23,,3.0,us,0.3,35/2+,,15.0,,1985,IT=100,False,86,123,5.0951973863792454e-08,7.20e+8,20.394761769974377
209Fr,209,870,,-3782.0,12.0,,,,50.5,s,0.7,9/2-*,,15.0,,1964,A=89 3;B+=11 3,False,87,122,6.114324571648308e-08,1.30e+9,20.985630101413904
209Fr,209,871,m,878.0,12.0,4659.8,0.7,,420,ns,18,45/2-,,15.0,,2006,IT=100,False,87,122,6.114469753376121e-08,1.30e+9,20.985630101413904
209Ra,209,880,,1858.0,6.0,,,,4.71,s,0.08,5/2-*,,15.0,,1967,A~100;B+ ?,False,88,121,3.057270290634406e-08,,
209Ra,209,881,m,2740.0,6.0,882.4,0.7,,117,us,5,13/2+,,15.0,,2008,A~90;B+~10,False,88,121,3.0572840306415526e-08,,
209Ac,209,890,,8840.0,60.0,,,,94,ms,10,9/2-,,15.0,,1968,A~100;B+ ?,False,89,120,3.0573992105997233e-07,,
209Th,209,900,,16400.0,100.0,,,,60.0,ms,,5/2-.0,,,,9999,A ?;B+ ?,True,90,119,5.095895245275832e-07,,
209Th,209,901,m,16765.0,25.0,370.0,100.0,,3.1,ms,1.2,13/2+,,15.0,,1996,A~100;B+ ?,False,90,119,1.2739761809169026e-07,,
210Au,210,790,,2680.0,400.0,,,,10.0,s,>300ns,6+.0,,14.0,,2010,B- ?;B-n ?,True,79,131,2.028357605089696e-06,,
210Hg,210,800,,-5300.0,200.0,,,,64,s,12,0+,,14.0,,1998,B-=100;B-n=2.2 22,True,80,130,1.0141444155618332e-06,,
210Hg,210,801,m,-4640.0,200.0,663.0,2.0,,2.1,us,0.7,(3-),,14.0,,2013,IT=100,True,80,130,1.0141478095865473e-06,,
210Hg,210,802,n,-3890.0,200.0,1406.0,23.0,,2,us,1,8+.0,,14.0,,2013,IT=100,True,80,130,1.014151666460389e-06,,
210Tl,210,810,,-9247.0,12.0,,,,1.30,m,0.03,5+.0,,14.0,,1909,B-=100;B-n=0.009 6,False,81,129,6.084784616441722e-08,,
210Tl,210,811,m,-8050.0,200.0,1200.0,200.0,,1.0,m,>3 us,"9+,10+",,,,2018,B- ?; IT ?,True,81,129,1.0141369247847007e-06,,
210Pb,210,820,,-14728.4,1.4,,,,22.20,y,0.22,0+,,14.0,,1900,B-=100;A=1.9e-6 4,False,82,128,7.098764634770029e-09,,
210Pb,210,821,m,-13533.8,1.4,1194.61,0.18,,92,ns,10,6+,,,,2018,IT=100,False,82,128,7.0988076341961506e-09,,
210Pb,210,822,n,-13453.6,1.4,1274.8,0.3,,201,ns,17,8+,,14.0,,1980,IT=100,False,82,128,7.098810521000325e-09,,
210Bi,210,830,,-14791.9,1.4,,,,5.012,d,0.005,1-*,,14.0,,1905,B-=100;A=13.2e-5 10,False,83,127,7.098808902386931e-09,,
210Bi,210,831,m,-14520.6,1.4,271.31,0.11,,3.04,My,0.06,9-,,14.0,,1953,A=100,False,83,127,7.098818667860886e-09,,
210Po,210,840,,-15953.1,1.1,,,,138.376,d,0.002,0+,,14.0,,1898,A=100,False,84,126,5.5776393031092706e-09,,
210Po,210,841,m,-14396.1,1.1,1556.97,0.03,,98.9,ns,2.5,8+,,14.0,,1968,IT=100,False,84,126,5.577683338333037e-09,,
210Po,210,842,n,-10895.5,1.1,5057.65,0.05,,263,ns,5,16+,,14.0,,1985,IT=100,False,84,126,5.577782345177984e-09,,
210At,210,850,,-11972.0,8.0,,,,8.1,h,0.4,(5)+*,,14.0,,1949,B+=99.825 20;A=0.175 20,False,85,125,4.0565734384905584e-08,7.00e+7,18.064005800013632
210At,210,851,m,-9422.0,8.0,2549.6,0.2,,482,ns,6,(15)-,,14.0,,1970,IT=100,False,85,125,4.0566258919932464e-08,7.00e+7,18.064005800013632
210At,210,852,n,-7944.0,8.0,4027.7,0.2,,5.66,us,0.07,(19)+,,14.0,,1975,IT=100,False,85,125,4.056656295075783e-08,7.00e+7,18.064005800013632
210Rn,210,860,,-9605.0,5.0,,,,2.4,h,0.1,0+,,14.0,,1952,A=96 1;B+ ?,False,86,124,2.535405457471865e-08,1.09e+9,20.809443533187462
210Rn,210,861,m,-7900.0,30.0,1710.0,30.0,AD,644,ns,40,8+,,14.0,,1979,IT=100,False,86,124,1.521256426859417e-07,1.09e+9,20.809443533187462
210Rn,210,862,n,-5750.0,30.0,3857.0,30.0,,1.06,us,0.05,17-,,14.0,,1979,IT=100,False,86,124,1.52127301229157e-07,1.09e+9,20.809443533187462
210Rn,210,863,p,-3090.0,30.0,6514.0,30.0,,1.04,us,0.07,23+,,14.0,,1986,IT=100,False,86,124,1.5212935324430162e-07,1.09e+9,20.809443533187462
210Fr,210,870,,-3344.0,13.0,,,,3.18,m,0.06,6+*,,14.0,,1964,A=71 4;B+ ?,False,87,123,6.592306718223961e-08,1.90e+9,21.365119723118806
210Fr,210,871,m,1073.0,13.0,4417.2,1.0,,475,ns,6,(23)+,,,,2016,IT=100,False,87,123,6.592454380169269e-08,1.90e+9,21.365119723118806
210Ra,210,880,,443.0,9.0,,,,4.0,s,0.1,0+,,14.0,,1967,A~100;B+ ?,False,88,122,4.564022231206354e-08,9.90e+5,13.805460222110773
210Ra,210,881,m,2494.0,9.0,2050.9,0.7,,2.29,us,0.03,8+,,14.0,,1998,IT=100,False,88,122,4.5640697016368664e-08,9.90e+5,13.805460222110773
210Ac,210,890,,8760.0,60.0,,,,350,ms,40,7+.0,,14.0,,1968,A~100;B+ ?,False,89,121,3.042829780694941e-07,,
210Th,210,900,,14060.0,19.0,,,,16.0,ms,3.6,0+,,14.0,,1995,A~100;B+ ?,False,90,120,9.635949839142298e-08,,
211Hg,211,800,,-390.0,200.0,,,,26.4,s,8.1,9/2+.0,,13.0,,2010,B-=100;B-n=6.3 63,True,80,131,1.0093606739150014e-06,,
211Tl,211,810,,-6080.0,40.0,,,,81,s,16,1/2+,,13.0,,1998,B-=100;B-n=2.2 22,False,81,130,2.0186765551796124e-07,,
211Tl,211,811,m,-4840.0,110.0,1244.0,100.0,,580,ns,80,17/2+.0,,,,2019,IT=100,True,81,130,5.551395266805502e-07,,
211Pb,211,820,,-10493.0,2.3,,,,36.1628,m,0.0025,9/2+*,,13.0,,1904,B-=100,False,82,129,1.1607207448410885e-08,,
211Pb,211,821,m,-8774.0,23.0,1719.0,23.0,,159,ns,28,(27/2+),,13.0,,2005,IT=100,False,82,129,1.1607308143270559e-07,,
211Bi,211,830,,-11859.0,5.0,,,,2.14,m,0.02,9/2-*,,13.0,,1905,A~100;B-=0.276 4,False,83,128,2.5233050416858465e-08,,
211Bi,211,831,m,-10602.0,11.0,1257.0,10.0,,1.4,us,0.3,(25/2-),,13.0,,1998,IT=100,False,83,128,5.551306306913791e-08,,
211Po,211,840,,-12432.5,1.3,,,,516,ms,3,9/2+*,,15.0,,1913,A=100,False,84,127,6.5606169412232674e-09,,
211Po,211,841,m,-10970.0,5.0,1462.0,5.0,AD,25.2,s,0.6,(25/2+),,15.0,,1954,A=99.984 4;IT=0.016 4,False,84,127,2.5233328321104374e-08,,
211Po,211,842,n,-10298.0,5.0,2135.0,5.0,,243,ns,21,(31/2-),,15.0,,1998,IT~100;A ?,False,84,127,2.523341389667793e-08,,
211Po,211,843,p,-7561.0,6.0,4872.0,6.0,,2.8,us,0.7,(43/2+),,15.0,,1998,IT~100;A ?,False,84,127,3.0280514933825e-08,,
211At,211,850,,-11647.2,2.7,,,,7.214,h,0.007,9/2-*,,13.0,,1940,EC=58.20 8;A=41.80 8,False,85,126,1.3626039662395205e-08,7.10e+6,15.775605342011543
211At,211,851,m,-6832.7,2.7,4814.5,0.5,,4.23,us,0.07,(39/2-),,13.0,,1971,IT=100,False,85,126,1.362637074569625e-08,7.10e+6,15.775605342011543
211Rn,211,860,,-8755.0,7.0,,,,14.6,h,0.2,1/2-*,,13.0,,1952,B+=72.6 17;A=27.4 17,False,86,125,3.5327515719913476e-08,1.50e+9,21.128730945054574
211Rn,211,861,m,-7152.0,16.0,1603.0,14.0,,596,ns,28,17/2-,,13.0,,1981,IT=100,True,86,125,8.074926062140946e-08,1.50e+9,21.128730945054574
211Rn,211,862,n,150.0,21.0,8905.0,20.0,,201,ns,4,63/2-,,13.0,,1981,IT=100,True,86,125,1.0598731040400815e-07,1.50e+9,21.128730945054574
211Fr,211,870,,-4140.0,12.0,,,,3.10,m,0.02,9/2-*,,13.0,,1964,A=87 3;B+=13 3,False,87,124,6.05632614012739e-08,3.20e+9,21.886416646752092
211Fr,211,871,m,-1717.0,12.0,2423.16,0.24,,146,ns,14,29/2+,,13.0,,1986,IT=100,False,87,124,6.056400202221527e-08,3.20e+9,21.886416646752092
211Fr,211,872,n,517.0,12.0,4657.3,0.4,,124.5,ns,1.2,45/2-,,13.0,,1986,IT=100,False,87,124,6.056468488893907e-08,3.20e+9,21.886416646752092
211Ra,211,880,,832.0,5.0,,,,12.6,s,1.2,5/2-*,,13.0,,1967,A~100;B+ ?,False,88,123,2.5235490215577027e-08,,
211Ra,211,881,m,2030.0,5.0,1198.1,0.8,,9.5,us,0.3,13/2+,,13.0,,2004,IT=100,False,88,123,2.5235642800959576e-08,,
211Ac,211,890,,7140.0,50.0,,,,213,ms,25,9/2-,,13.0,,1968,A~100;B+ ?,False,89,122,2.5236458403967563e-07,,
211Th,211,900,,13880.0,90.0,,,,48,ms,20,5/2-.0,,13.0,,1995,A~100;B+ ?,False,90,121,4.542746705518671e-07,,
211Pa,211,910,,22050.0,70.0,,,,6,ms,3,9/2-,,13.0,,2006,A~100;B+ ?;p ?,False,91,120,3.53341621526316e-07,,
212Hg,212,800,,3020.0,300.0,,,,30.0,s,>300ns,0+,,20.0,,2010,B- ?;B-n ?,True,80,132,1.506921421481563e-06,,
212Tl,212,810,,-1550.0,200.0,,,,31,s,8,(5+),,20.0,,1998,B-=100;B-n=1.8 18,True,81,131,1.0045977463781716e-06,,
212Pb,212,820,,-7548.9,1.8,,,,10.627,h,0.006,0+,,20.0,,1905,B-=100,False,82,130,9.041166020283848e-09,,
212Pb,212,821,m,-6213.9,2.7,1335.0,2.0,,6.0,us,0.8,8+.0,,20.0,,1998,IT=100,False,82,130,1.3561839969770413e-08,,
212Bi,212,830,,-8117.9,1.9,,,,60.55,m,0.06,1-*,,20.0,,1905,B-=64.06 6;A=35.94 6;B-A~0.014,False,83,129,9.543487742788268e-09,,
212Bi,212,831,m,-7870.0,30.0,250.0,30.0,MD,25.0,m,0.2,"(8-,9-)",,20.0,,1978,A=67 1;B-=33 1;B-A=30 1,False,83,129,1.5068683620167255e-07,,
212Bi,212,832,n,-6639.0,30.0,1479.0,30.0,MD,7.0,m,0.3,(18-),,20.0,,1978,B-=?;IT ?,False,83,129,1.5068776793174448e-07,,
212Po,212,840,,-10369.4,1.2,,,,294.4,ns,0.8,0+,,20.0,,1906,A=100,False,84,128,6.027436934151928e-09,,
212Po,212,841,m,-7446.0,5.0,2923.0,4.0,AD,45.1,s,0.6,(18+),,20.0,,1962,A=99.93 2;IT ?,False,84,128,2.5114689339069992e-08,,
212At,212,850,,-8628.1,2.4,,,,314,ms,3,(1-),,20.0,,1954,A~100;B+ ?;B- ?,False,85,127,1.2055057618073813e-08,1.60e+4,9.680344001221918
212At,212,851,m,-8405.2,2.4,222.9,0.9,AD,119,ms,3,(9-),,20.0,,1970,A~100;IT ?,False,85,127,1.2055071115093893e-08,1.60e+4,9.680344001221918
212At,212,852,n,-3856.7,2.8,4771.4,1.5,,152,us,5,(25-),,20.0,,1998,IT=100,False,85,127,1.4064570965718053e-08,1.60e+4,9.680344001221918
212Rn,212,860,,-8659.0,3.0,,,,23.9,m,1.2,0+,,20.0,,1950,A=100,False,86,126,1.5068917576449828e-08,1.60e+9,21.193269466192145
212Rn,212,861,m,-7019.0,3.0,1639.68,0.15,,118,ns,14,6+,,20.0,,1971,IT=100,False,86,126,1.5069041710317122e-08,1.60e+9,21.193269466192145
212Rn,212,862,n,-6965.0,3.0,1694.1,0.3,,910,ns,30,8+,,20.0,,1971,IT=100,False,86,126,1.5069045797686557e-08,1.60e+9,21.193269466192145
212Rn,212,863,p,-2485.0,3.0,6174.2,0.3,,102,ns,4,22+,,20.0,,1977,IT=100,False,86,126,1.5069384905688477e-08,1.60e+9,21.193269466192145
212Rn,212,864,q,-80.0,3.0,8579.2,0.4,,154,ns,14,30+,,20.0,,1977,IT=100,False,86,126,1.506956695545417e-08,1.60e+9,21.193269466192145
212Fr,212,870,,-3516.0,9.0,,,,20.0,m,0.6,5+*,,20.0,,1950,B+=57 2;A=43 2,False,87,125,4.520821428924506e-08,3.90e+9,22.08424239008201
212Fr,212,871,m,-1965.0,9.0,1551.4,0.3,,31.9,us,0.7,11+,,20.0,,1977,IT=100,False,87,125,4.5208566503863946e-08,3.90e+9,22.08424239008201
212Fr,212,872,n,-1024.0,9.0,2492.2,0.4,,604,ns,28,15-,,20.0,,1977,IT=100,False,87,125,4.5208780197033e-08,3.90e+9,22.08424239008201
212Fr,212,873,p,2339.0,9.0,5854.7,0.6,,312,ns,21,27-,,20.0,,1986,IT=100,False,87,125,4.520954392250047e-08,3.90e+9,22.08424239008201
212Fr,212,874,q,5017.0,9.0,8533.4,1.1,,23.6,us,2.1,34+.0,,20.0,,1990,IT=100,False,87,125,4.521015210533347e-08,3.90e+9,22.08424239008201
212Ra,212,880,,-199.0,10.0,,,,13.0,s,0.2,0+,,20.0,,1967,A=?;B+ ?,False,88,124,5.023251251094551e-08,9.40e+6,16.056220247240233
212Ra,212,881,m,1759.0,10.0,1958.4,2.0,,9.3,us,0.9,8+,,20.0,,1986,IT=100,False,88,124,5.023300657898524e-08,9.40e+6,16.056220247240233
212Ra,212,882,n,2414.0,10.0,2613.3,2.0,,850,ns,130,11-,,20.0,,1986,IT=100,False,88,124,5.023317185927828e-08,9.40e+6,16.056220247240233
212Ac,212,890,,7300.0,22.0,,,,895,ms,28,7+*,,20.0,,1968,A~100;B+ ?,False,89,123,1.1051640860222927e-07,,
212Th,212,900,,12111.0,10.0,,,,31.7,ms,1.3,0+,,20.0,,1980,A~100;B+ ?,False,90,122,5.0236271675566265e-08,,
212Pa,212,910,,21600.0,90.0,,,,5.8,ms,1.9,3+.0,,20.0,,1997,A=100,False,91,121,4.521509364766183e-07,,
213Hg,213,800,,8200.0,300.0,,,,15.0,s,>300ns,9/2+.0,,11.0,,2010,B- ?;B-n ?,True,80,133,1.499881749458162e-06,,
213Tl,213,810,,1784.0,27.0,,,,23.8,s,4.4,1/2+.0,,12.0,,2010,B-=100;B-n=7.6 34,False,81,132,1.3498590028428111e-07,,
213Tl,213,811,m,2460.0,300.0,680.0,300.0,,4.1,us,0.5,,,,,2019,IT=100,True,81,132,1.4998484054501535e-06,,
213Tl,213,812,n,3030.0,100.0,1250.0,100.0,,0.6,us,0.3,17/2+.0,,,,2019,IT=100,True,81,132,4.999508931994295e-07,,
213Pb,213,820,,-3204.0,7.0,,,,10.2,m,0.3,(9/2+),,7.0,,1964,B-=100,False,82,131,3.499569809830109e-08,,
213Pb,213,821,m,-1873.0,7.0,1331.0,1.7,,260,ns,20,(21/2+),,,,2020,IT=100,False,82,131,3.4995930967595854e-08,,
213Bi,213,830,,-5232.0,5.0,,,,45.60,m,0.04,9/2-*,,7.0,,1947,B-=97.91 3;A=2.09 3,False,83,130,2.4996835402527804e-08,,
213Bi,213,831,m,-3879.0,22.0,1353.0,21.0,,>168,s,,25/2-.0,,,,2008,B- ?; IT ?,False,83,130,1.0998681973777174e-07,,
213Po,213,840,,-6654.0,3.0,,,,3.705,us,0.001,9/2+,,7.0,,1947,A=100,False,84,129,1.499809159389282e-08,,
213At,213,850,,-6580.0,5.0,,,,125,ns,6,9/2-,,7.0,,1968,A=100,False,85,128,2.4996990197380106e-08,,
213At,213,851,m,-5222.0,24.0,1358.0,23.0,,110,ns,17,25/2-.0,,7.0,,1980,IT=100,False,85,128,1.199863675567759e-07,,
213At,213,852,n,-3582.0,27.0,2998.0,27.0,,45,us,4,49/2+.0,,7.0,,2003,IT=100,False,85,128,1.3498577025894295e-07,,
213Rn,213,860,,-5696.0,3.0,,,,19.5,ms,0.1,9/2+.0,,7.0,,1967,A=100,False,86,127,1.4998357380814553e-08,4.30e+7,17.576710673657836
213Rn,213,861,m,-4014.0,10.0,1682.0,10.0,,1.00,us,0.21,(25/2+),,7.0,,1988,IT=100,False,86,127,4.999494501415931e-08,4.30e+7,17.576710673657836
213Rn,213,862,n,-3491.0,10.0,2205.0,10.0,,1.36,us,0.07,(31/2-),,7.0,,1988,IT=100,False,86,127,4.999507573806488e-08,4.30e+7,17.576710673657836
213Rn,213,863,p,269.0,14.0,5965.0,14.0,,164,ns,11,(55/2+),,7.0,,1988,IT=100,False,86,127,6.99944217988244e-08,4.30e+7,17.576710673657836
213Fr,213,870,,-3554.0,5.0,,,,34.14,s,0.06,9/2-*,,7.0,,1964,A=99.44 5;B+=0.56 5,False,87,126,2.499769163123234e-08,4.20e+9,22.158350362235733
213Fr,213,871,m,-1964.0,5.0,1590.41,0.18,,505,ns,14,21/2-,,7.0,,1971,IT=100,False,87,126,2.499789034611061e-08,4.20e+9,22.158350362235733
213Fr,213,872,n,-1016.0,5.0,2537.62,0.23,,238,ns,6,29/2+,,7.0,,1971,IT=100,False,87,126,2.4998008826673484e-08,4.20e+9,22.158350362235733
213Fr,213,873,p,4541.0,5.0,8094.8,0.7,,3.1,us,0.2,(65/2-),,7.0,,1989,IT=100,False,87,126,2.499870336032447e-08,4.20e+9,22.158350362235733
213Ra,213,880,,346.0,10.0,,,,2.73,m,0.05,1/2-*,,7.0,,1955,A=87 2;B+=13 2,False,88,125,4.999668138950813e-08,,
213Ra,213,881,m,2114.0,11.0,1768.0,4.0,AD,2.20,ms,0.05,(17/2-),,7.0,,1976,IT~99;A=0.6 4,False,88,125,5.499683566821794e-08,,
213Ac,213,890,,6141.0,12.0,,,,738,ms,16,9/2-*,,7.0,,1968,A~100;B+ ?,False,89,124,5.999814396020051e-08,,
213Th,213,900,,12120.0,9.0,,,,144,ms,21,5/2-,,7.0,,1968,A~100;B+ ?,False,90,123,4.5000244203194215e-08,,
213Th,213,901,m,13300.0,9.0,1180.0,1.4,,1.4,us,0.4,(13/2)+,,,,2007,IT=100,False,90,123,4.5000509707642306e-08,,
213Th,213,903,p,12380.0,50.0,260.0,50.0,,,,,,,,,9999,,True,90,123,2.5000168168836223e-07,,
213Pa,213,910,,19650.0,60.0,,,,7.4,ms,2.4,9/2-,,7.0,,1995,A=100,False,91,122,3.000148637474002e-07,,
214Hg,214,800,,11770.0,400.0,,,,8.0,s,>300ns,0+,,11.0,,2010,B- ?;B-n ?,True,80,134,1.9905274441352003e-06,,
214Tl,214,810,,6470.0,200.0,,,,11.0,s,2.4,5+.0,,11.0,,2010,B-=100;B-n=34 12,True,81,133,9.952438784425723e-07,,
214Pb,214,820,,-183.0,2.0,,,,27.06,m,0.07,0+,,15.0,,1904,B-=100,False,82,132,9.95217335118417e-09,,
214Pb,214,821,m,1237.0,20.0,1420.0,20.0,,6.2,us,0.3,8+.0,,15.0,,2012,IT=100,False,82,132,9.95224367416671e-08,,
214Bi,214,830,,-1201.0,11.0,,,,19.9,m,0.4,1-,,9.0,,1904,B-=99.979 1;A=0.021 1;B-A~0.003,False,83,131,5.47370284254943e-08,1.10e+4,9.305650551780507
214Bi,214,831,m,-660.0,30.0,539.0,30.0,,>93,s,,8-.0,,,,2008,B+ ?; IT ?,False,83,131,1.4928320667713426e-07,1.10e+4,9.305650551780507
214Po,214,840,,-4470.0,1.4,,,,163.47,us,0.03,0+,,9.0,,1912,A=100,False,84,130,6.966462402480943e-09,,
214At,214,850,,-3379.0,4.0,,,,558,ns,10,1-,,9.0,,1949,A=100,False,85,129,1.9904414449605737e-08,,
214At,214,851,m,-3321.0,8.0,59.0,9.0,AD,265,ns,30,,,9.0,,1982,A~100;IT ?,False,85,129,3.980884038860051e-08,,
214At,214,852,n,-3147.0,5.0,232.0,5.0,AD,760,ns,15,9-,,9.0,,1982,A~100;IT ?,False,85,129,2.4880546785504637e-08,,
214Rn,214,860,,-4320.0,9.0,,,,259,ns,3,0+,,9.0,,1970,A=100,False,86,128,4.478501103058997e-08,,
214Rn,214,861,m,275.0,9.0,4595.4,1.8,,245,ns,30,(22+),,9.0,,1983,IT=100,False,86,128,4.478603507385982e-08,,
214Fr,214,870,,-958.0,9.0,,,,5.51,ms,0.13,(1-)*,,9.0,,1967,A=100,False,87,127,4.4786048519861664e-08,9.40e+2,6.84587987526405
214Fr,214,871,m,-837.0,8.0,121.0,5.0,AD,3.35,ms,0.05,(8-),,9.0,,1962,A=100,False,87,127,3.980984487698847e-08,9.40e+2,6.84587987526405
214Fr,214,872,n,-320.0,10.0,638.0,5.0,,103,ns,4,(11+),,9.0,,1993,IT=100,False,87,127,4.976243412060845e-08,9.40e+2,6.84587987526405
214Fr,214,873,p,5620.0,100.0,6577.0,100.0,,108,ns,7,(33+),,9.0,,1994,IT=100,True,87,127,4.976390508619922e-07,9.40e+2,6.84587987526405
214Ra,214,880,,93.0,5.0,,,,2.437,s,0.016,0+,,9.0,,1967,A=99.941 4;B+=0.059 4,False,88,126,2.4881428331626475e-08,9.15e+6,16.029264437251705
214Ra,214,881,m,1913.0,5.0,1819.7,1.8,,118,ns,7,6+,,9.0,,2004,IT=100,False,88,126,2.4881653680780625e-08,9.15e+6,16.029264437251705
214Ra,214,882,n,1958.0,5.0,1865.2,1.8,,67.3,us,1.5,8+,,9.0,,1971,IT=99.91 7;A=0.09 7,False,88,126,2.4881659252652082e-08,9.15e+6,16.029264437251705
214Ra,214,883,p,2776.0,5.0,2683.2,1.8,,295,ns,7,11-,,9.0,,1979,IT=100,False,88,126,2.48817605373282e-08,9.15e+6,16.029264437251705
214Ra,214,884,q,3571.0,5.0,3478.4,1.8,,279,ns,4,14+,,9.0,,1979,IT=100,False,88,126,2.4881858974936823e-08,9.15e+6,16.029264437251705
214Ra,214,885,r,4240.0,5.0,4146.8,1.8,,225,ns,4,17-,,9.0,,1979,IT=100,False,88,126,2.488194181171663e-08,9.15e+6,16.029264437251705
214Ra,214,886,x,6670.0,5.0,6577.0,1.8,,128,ns,4,(25-),,9.0,,1992,IT=100,False,88,126,2.4882242703314966e-08,9.15e+6,16.029264437251705
214Ac,214,890,,6433.0,14.0,,,,8.2,s,0.2,5+*,,9.0,,1968,A=93 4;B+=7 4,False,89,125,6.96706458127924e-08,,
214Th,214,900,,10695.0,11.0,,,,87,ms,10,0+,,9.0,,1968,A~100;B+ ?,False,90,124,5.474273512611591e-08,,
214Th,214,901,m,12876.0,11.0,2181.0,2.7,,1.24,us,0.12,8+.0,,9.0,,2007,IT=100,False,90,124,5.4743329309740995e-08,,
214Pa,214,910,,19460.0,80.0,,,,17,ms,3,7+.0,,9.0,,1995,A~100,False,91,123,3.9814891264473414e-07,,
215Hg,215,800,,17110.0,400.0,,,,600.0,ms,>300ns,9/2+.0,,13.0,,2010,B- ?;B-n ?,True,80,135,1.981316298035388e-06,,
215Tl,215,810,,10030.0,300.0,,,,9.7,s,3.8,1/2+.0,,13.0,,2010,B-=100;B-n=4.6 46,True,81,134,1.485944631825324e-06,,
215Pb,215,820,,4340.0,50.0,,,,142,s,11,9/2+.0,,13.0,,1998,B-=100,False,82,133,2.476520454325485e-07,3.00e-1,-1.2039728043259361
215Bi,215,830,,1629.0,6.0,,,,7.62,m,0.13,(9/2-),,13.0,,1953,B-=100,False,83,132,2.971803677881106e-08,1.40e+3,7.24422751560335
215Bi,215,831,m,2996.0,21.0,1367.0,20.0,,36.9,s,0.6,(25/2-),,13.0,,2001,IT=76.9 5;B-=23.1 5,True,83,132,1.0401383297847394e-07,1.40e+3,7.24422751560335
215Po,215,840,,-541.8,2.1,,,,1.781,ms,0.005,9/2+,,13.0,,1911,A=100;B-=2.3e-4 2,False,84,131,1.040126766760742e-08,,
215At,215,850,,-1257.0,7.0,,,,37,us,3,9/2-,,13.0,,1944,A=100,False,85,130,3.467099150507233e-08,,
215Rn,215,860,,-1169.0,6.0,,,,2.30,us,0.10,9/2+,,13.0,,1952,A=100,False,86,129,2.9718196042729806e-08,,
215Fr,215,870,,318.0,7.0,,,,90,ns,4,9/2-,,13.0,,1970,A=100,False,87,128,3.467170618325448e-08,,
215Ra,215,880,,2532.0,7.0,,,,1.669,ms,0.009,9/2+.0,,13.0,,1967,A=100,False,88,127,3.467230851652735e-08,,
215Ra,215,881,m,4410.0,7.0,1877.8,0.3,,7.31,us,0.13,(25/2+),,13.0,,1983,IT=100,False,88,127,3.4672631044290447e-08,,
215Ra,215,882,n,4779.0,7.0,2246.9,0.4,,1.39,us,0.07,(29/2-),,13.0,,1998,IT=100,False,88,127,3.4672694417064244e-08,,
215Ra,215,883,p,6340.0,50.0,3807.0,50.0,,555,ns,10,(43/2-),,13.0,,1987,IT=100,True,88,127,2.4766401791990525e-07,,
215Ac,215,890,,6031.0,12.0,,,,171,ms,10,9/2-*,,13.0,,1968,A~100;B+=0.09 2,False,89,126,5.9439654109162e-08,,
215Ac,215,891,m,7827.0,12.0,1796.0,0.9,,185,ns,30,(21/2-),,13.0,,1983,IT=100,False,89,126,5.944018289704743e-08,,
215Ac,215,892,n,8520.0,50.0,2488.0,50.0,,335,ns,10,(29/2+),,13.0,,1983,IT=100,True,89,126,2.476682789013078e-07,,
215Th,215,900,,10921.0,6.0,,,,1.35,s,0.14,(1/2-),,13.0,,1968,A=100,False,90,125,2.9720737339186112e-08,,
215Th,215,901,m,12390.0,50.0,1471.0,50.0,,770,ns,60,9/2+.0,,13.0,,2005,IT=100,True,90,125,2.4767461339571087e-07,,
215Pa,215,910,,17800.0,80.0,,,,14,ms,2,9/2-,,13.0,,1979,A=100,False,91,124,3.9629254028929565e-07,,
215U,215,920,,24890.0,100.0,,,,1.4,ms,0.9,5/2-.0,,15.0,,2015,A=?;B+ ?,False,92,123,4.953862478365047e-07,,
216Hg,216,800,,20920.0,400.0,,,,2.0,s,>300ns,0+,,11.0,,2010,B- ?;B-n ?,True,80,136,1.972175130886045e-06,,
216Tl,216,810,,14870.0,300.0,,,,5.9,s,3.3,5+.0,,11.0,,2010,B-=100;B-n<11.5,True,81,135,1.4790966597180658e-06,,
216Pb,216,820,,7510.0,200.0,,,,1.66,m,0.20,0+,,15.0,,2010,B-=100,True,82,134,9.860349468893868e-07,,
216Pb,216,821,m,9020.0,200.0,1514.0,20.0,,400,ns,40,8+.0,,15.0,,2012,IT=100,True,82,134,9.860422875441542e-07,,
216Bi,216,830,,5874.0,11.0,,,*,2.21,m,0.04,"(6-,7-)",,7.0,,1989,B-=100,False,83,133,5.423183045904685e-08,,
216Bi,216,831,m,5898.0,15.0,24.0,19.0,MD*,6.6,m,2.1,3-.0,,7.0,,1989,B-=100,False,83,133,7.395250483087415e-08,,
216Po,216,840,,1782.3,1.8,,,,144.0,ms,0.6,0+,,7.0,,1910,A=100;2B- ?,False,84,132,8.874177097804422e-09,,
216At,216,850,,2257.0,4.0,,,,300,us,30,1-,,7.0,,1948,A~100;B- ?;EC ?,False,85,131,1.972056544643442e-08,,
216At,216,851,m,2417.0,10.0,161.0,11.0,AD,100.0,us,,9-.0,,7.0,,1971,A=100,False,85,131,4.930145250618689e-08,,
216Rn,216,860,,253.0,6.0,,,,29,us,4,0+,,7.0,,1949,A=100,False,86,130,2.958074452783586e-08,,
216Fr,216,870,,2971.0,4.0,,,,700,ns,20,(1-),,7.0,,1970,A=100;B+ ?,False,87,129,1.9720886359362835e-08,,
216Fr,216,871,m,3190.0,6.0,219.0,6.0,AD,850,ns,30,(9-),,,,2007,A~100;B+ ?,False,87,129,2.9581361478588327e-08,,
216Ra,216,880,,3291.0,8.0,,,,172,ns,7,0+,,7.0,,1972,A=100;EC<1e-8,False,88,128,3.944208644447456e-08,,
216Ac,216,890,,8150.0,9.0,,,,440,us,16,(1-),,7.0,,1967,A=100;B+ ?,False,89,127,4.437369321965828e-08,,
216Ac,216,891,m,8188.0,10.0,38.0,5.0,AD,441,us,7,(9-),,7.0,,1966,A=100;B+ ?,False,89,127,4.9304112814799405e-08,,
216Ac,216,892,n,8570.0,100.0,422.0,100.0,,~300,ns,,,,7.0,,2006,IT=100,True,89,127,4.930420567518394e-07,,
216Th,216,900,,10299.0,11.0,,,,26.28,ms,0.16,0+,,7.0,,1968,A~100;B+ ?,False,90,126,5.423543442495773e-08,,
216Th,216,901,m,12340.0,12.0,2041.0,8.0,AD,135.4,us,2.9,8+,,7.0,,1983,IT=97.2 9;A=2.8 9,False,90,126,5.9166523864504577e-08,,
216Th,216,902,n,12947.0,14.0,2648.0,8.0,,580,ns,26,(11-),,7.0,,1983,IT=100,False,90,126,6.902781776446938e-08,,
216Th,216,903,p,13981.0,14.0,3682.0,8.0,,740,ns,70,(14+),,7.0,,2001,IT=100,False,90,126,6.902816968370442e-08,,
216Pa,216,910,,17824.0,25.0,,,,105,ms,12,5+.0,,7.0,,1972,A~100;B+ ?,False,91,125,1.232677104899477e-07,,
216U,216,920,,23066.0,28.0,,,,6.9,ms,2.9,0+,,15.0,,2015,A=100,False,92,124,1.3806428470716452e-07,,
216U,216,921,m,25320.0,30.0,2250.0,40.0,AD,1.4,ms,0.9,8+.0,,15.0,,2015,A=100,False,92,124,1.4792766342303146e-07,,
217Tl,217,810,,18660.0,400.0,,,,2.0,s,>300ns,1/2+.0,,18.0,,2010,B- ?;B-n ?,True,81,136,1.963071905168984e-06,,
217Pb,217,820,,12260.0,300.0,,,,19.9,s,5.3,9/2+.0,,18.0,,2010,B-=100,True,82,135,1.4722670310831895e-06,,
217Bi,217,830,,8730.0,18.0,,,,98.5,s,1.3,9/2-.0,,18.0,,1998,B-=100,False,83,134,8.833505224880483e-08,,
217Bi,217,831,m,10221.0,27.0,1491.0,20.0,,3.0,us,0.2,25/2-.0,,18.0,,2012,IT=100,False,83,134,1.3250354791317233e-07,,
217Po,217,840,,5883.0,7.0,,,,1.53,s,0.05,(9/2+)*,,18.0,,1956,A=97.5 14;B-=2.5 14,False,84,133,3.435225839577286e-08,,
217At,217,850,,4395.0,5.0,,,,32.6,ms,0.3,9/2-*,,18.0,,1947,A=99.992 2;B-=0.008 2,False,85,132,2.453730398445888e-08,,
217Rn,217,860,,3659.0,4.0,,,,593,us,38,9/2+,,18.0,,1949,A=100,False,86,131,1.9629896877037125e-08,,
217Fr,217,870,,4315.0,7.0,,,,22,us,5,9/2-,,18.0,,1968,A=100,False,87,130,3.435264816249474e-08,,
217Ra,217,880,,5890.0,7.0,,,,1.95,us,0.12,(9/2+),,18.0,,1970,A=100,False,88,129,3.435313173097897e-08,,
217Ac,217,890,,8702.0,11.0,,,,69,ns,4,9/2-,,18.0,,1972,A~100;B+ ?,False,89,128,5.3984580363054714e-08,,
217Ac,217,891,m,10715.0,18.0,2012.0,20.0,,740,ns,40,29/2+,,18.0,,1973,IT=95.49 18 10;A=4.51 18,False,89,128,8.833927694991279e-08,,
217Th,217,900,,12206.0,11.0,,,,248,us,4,9/2+.0,,18.0,,1968,A=100,False,90,127,5.398585139599833e-08,,
217Th,217,901,m,12879.0,11.0,673.3,0.1,,141,ns,50,(15/2-),,18.0,,1989,IT=100,False,90,127,5.398602970929253e-08,,
217Th,217,902,n,14510.0,30.0,2307.0,32.0,,71,us,14,(25/2+),,,,2002,IT=100,False,90,127,1.4723580505183838e-07,,
217Pa,217,910,,17055.0,12.0,,,,3.8,ms,0.2,9/2-,,18.0,,1968,A=100;B- ?,False,91,126,5.889543149278562e-08,,
217Pa,217,911,m,18915.0,13.0,1860.0,7.0,AD,1.08,ms,0.03,(23/2-),,18.0,,1979,A=73 4;IT ?,False,91,126,6.380396657031644e-08,,
217U,217,920,,22970.0,80.0,,,,850,us,710,1/2-.0,,18.0,,2000,A~100;B- ?,True,92,125,3.9265010118754364e-07,,
218Tl,218,810,,23710.0,400.0,,,,1.0,s,,6+.0,,,,9999,B- ?;B-n ?,True,81,137,1.9541097668214967e-06,,
218Pb,218,820,,15630.0,300.0,,,,14.8,s,6.8,0+,,19.0,,2009,B-=100,True,82,136,1.465533735735241e-06,,
218Bi,218,830,,13216.0,27.0,,,,33,s,1,8-.0,,19.0,,1998,B-=100,False,83,135,1.3189731413279196e-07,4.40e+1,3.784189633918261
218Po,218,840,,8356.7,2.0,,,,3.097,m,0.012,0+,,19.0,,1904,A=99.980 2;B-=0.020 2,False,84,134,9.770001223260222e-09,,
218At,218,850,,8100.0,12.0,,,,1.28,s,0.06,"(2-,3-)*",,19.0,,1943,A~100;B- ?,False,85,133,5.862030418983388e-08,5.80e+6,15.573368475516649
218Rn,218,860,,5217.4,2.3,,,,33.75,ms,0.15,0+,,19.0,,1948,A=100,False,86,132,1.1235471075205475e-08,,
218Fr,218,870,,7059.0,4.0,,,,1.4,ms,0.5,1-,,19.0,,1949,A=100,False,87,131,1.954024893743648e-08,4.30e+3,8.366370301681654
218Fr,218,871,m,7147.0,5.0,87.0,4.0,AD,21.9,ms,0.5,(8-),,19.0,,1982,A~100;IT ?,False,87,131,2.442532167188665e-08,4.30e+3,8.366370301681654
218Ra,218,880,,6646.0,10.0,,,,25.91,us,0.14,0+,,19.0,,1970,A=100,False,88,130,4.8850832425539186e-08,,
218Ac,218,890,,10850.0,60.0,,,*,1.00,us,0.04,(1-),,19.0,,1970,A=100,False,89,129,2.931128660776191e-07,,
218Ac,218,891,m,10900.0,90.0,50.0,70.0,*,>100.0,ns,,8-.0,,,,9999,IT ?;A ?;B+ ?,False,89,129,4.396694065103952e-07,,
218Ac,218,892,n,11460.0,110.0,607.0,86.0,,103,ns,11,(11+),,19.0,,1994,IT=100,True,89,129,5.373751891767173e-07,,
218Th,218,900,,12367.0,11.0,,,,122,ns,5,0+,,19.0,,1973,A=100,False,90,128,5.3738096555319894e-08,,
218Pa,218,910,,18650.0,18.0,,,,108,us,5,8-.0,,19.0,,1979,A=100,False,91,127,8.793832190910129e-08,,
218Pa,218,911,m,18731.0,20.0,81.0,19.0,AD,150,us,50,1-.0,,19.0,,1979,A=100,False,91,127,9.77092852314257e-08,,
218U,218,920,,21895.0,14.0,,,,354,us,91,0+,,19.0,,1992,A=100,False,92,126,6.839798910604404e-08,,
218U,218,921,m,24004.0,18.0,2109.0,17.0,AD,408,us,125,8+.0,,19.0,,2005,A~100; IT=?,False,92,126,8.794117782451487e-08,,
219Pb,219,820,,20620.0,400.0,,,,3.0,s,>300ns,11/2+.0,,11.0,,2009,B- ?,True,82,137,1.9451643215515642e-06,,
219Bi,219,830,,16320.0,200.0,,,,8.7,s,2.9,9/2-.0,,12.0,,2009,B-=100;B-n ?,True,83,136,9.72567940707665e-07,,
219Po,219,840,,12681.0,16.0,,,,10.3,m,1.0,9/2+.0,,15.0,,1998,B-=71.8 20;A=28.2 20,False,84,135,7.780454777081271e-08,,
219At,219,850,,10396.0,3.0,,,,56,s,3,(9/2-)*,,16.0,,1953,A=93.6 10;B-=6.4 10,False,85,134,1.458828235845277e-08,2.80e+3,7.937374696163295
219Rn,219,860,,8829.3,2.1,,,,3.96,s,0.01,5/2+*,,1.0,,1903,A=100,False,86,133,1.0211784076173426e-08,2.20e+7,16.90655301132259
219Fr,219,870,,8617.0,7.0,,,,22.5,ms,1.7,9/2-*,,1.0,,1948,A=100,False,87,132,3.403945919236284e-08,8.90e+3,9.093806555720231
219Ra,219,880,,9394.0,7.0,,,,9,ms,2,(7/2)+,,1.0,,1952,A=100,False,88,131,3.403980189047004e-08,,
219Ra,219,881,m,9411.0,7.0,16.7,0.8,,10,ms,3,(11/2)+,,1.0,,2018,A~100; IT ?,False,88,131,3.403980470447569e-08,,
219Ac,219,890,,11570.0,50.0,,,,9.4,us,1.0,9/2-,,1.0,,1970,A=100;B+ ?,False,89,130,2.4314554412720644e-07,,
219Th,219,900,,14460.0,60.0,,,,1.023,us,0.018,9/2+.0,,12.0,,1973,A=100;B+ ?,False,90,129,2.9178058869548366e-07,,
219Pa,219,910,,18580.0,70.0,,,,56,ns,9,9/2-,,1.0,,2005,A=100;B+ ?,False,91,128,3.404196483887278e-07,,
219U,219,920,,23296.0,13.0,,,,60,us,7,9/2+.0,,1.0,,1993,A=100;B+ ?,False,92,127,6.322263947541214e-08,,
219Np,219,930,,29440.0,90.0,,,,570,us,450,9/2-.0,,16.0,,2015,A=100,False,93,126,4.377110283014666e-07,,
220Pb,220,820,,24130.0,400.0,,,,1.0,s,>300ns,0+,,11.0,,2010,B- ?,True,82,138,1.936350144731015e-06,,
220Bi,220,830,,20960.0,300.0,,,,9.5,s,5.7,1-.0,,11.0,,2010,B-=100;B-n ?,True,83,137,1.4522494152774624e-06,,
220Po,220,840,,15263.0,18.0,,,,10.0,s,>300ns,0+,,11.0,,1998,B- ?,False,84,136,8.713310746425199e-08,,
220At,220,850,,14376.0,14.0,,,,3.71,m,0.04,3-.0,,11.0,,1989,B-=92 2;A=8 2,False,85,135,6.777032799489286e-08,7.70e+3,8.948975607841776
220Rn,220,860,,10612.0,1.8,,,,55.6,s,0.1,0+,,11.0,,1900,A=100;2B- ?,False,86,134,8.713223676174411e-09,1.86e+7,16.73867213868343
220Fr,220,870,,11482.0,4.0,,,,27.4,s,0.3,1+*,,11.0,,1948,A~100;B-=0.35 5,False,87,133,1.9362922048893707e-08,6.00e+8,20.21244021318042
220Ra,220,880,,10272.0,8.0,,,,18.1,ms,1.2,0+,,11.0,,1949,A=100,False,88,132,3.872585971939251e-08,2.40e+5,12.388394202324129
220Ac,220,890,,13744.0,6.0,,,,26.36,ms,0.19,(3-),,11.0,,1970,A=100;B+ ?,False,89,131,2.9045064792358228e-08,,
220Th,220,900,,14690.0,14.0,,,,10.2,us,0.3,0+,,11.0,,1973,A=100;EC ?,False,90,130,6.77725525208525e-08,,
220Pa,220,910,,20278.0,15.0,,,*,0.85,us,0.06,1-.0,,11.0,,2005,A=100;B+ ?,False,91,129,7.261586809610193e-08,,
220Pa,220,911,m,20304.0,22.0,26.0,23.0,AD*,410,ns,180,,,,,2018,A=100,False,91,129,1.0650328661291909e-07,,
220Pa,220,912,n,20570.0,50.0,290.0,50.0,AD,260,ns,210,,,,,2018,A=100,False,91,129,2.420532358174402e-07,,
220U,220,920,,23010.0,100.0,,,,60.0,ns,,0+,,,,9999,A ?;B+ ?,True,92,128,4.841152211962322e-07,,
220Np,220,930,,30480.0,30.0,,,,29,ns,11,1-.0,,,,2019,A=100,False,93,127,1.4524072814241765e-07,,
221Bi,221,830,,24200.0,300.0,,,,2.0,s,>300ns,9/2-.0,,11.0,,2009,B- ?;B-n ?,True,83,138,1.4456966600199836e-06,,
221Po,221,840,,19774.0,20.0,,,,2.2,m,0.7,9/2+.0,,13.0,,2010,B-=100,False,84,137,9.63783223795149e-08,,
221At,221,850,,16783.0,14.0,,,,2.3,m,0.2,3/2-.0,,7.0,,1989,B-=100,False,85,136,6.746427374597202e-08,4.50e+3,8.411832675758411
221Rn,221,860,,14471.0,6.0,,,,25.7,m,0.5,7/2+*,,7.0,,1956,B-=78 1;A=22 1,False,86,135,2.891311824715444e-08,2.80e+7,17.14771506813948
221Fr,221,870,,13277.0,5.0,,,,4.801,m,0.005,5/2-*,,7.0,,1947,A~100;B-=0.0048 15;14C=8.8e-11 11,False,87,134,2.4094276739122378e-08,8.90e+8,20.60673202069046
221Ra,221,880,,12964.0,5.0,,,,25,s,4,5/2+*,,7.0,,1949,A=100;14C=1.2e-10 9,False,88,133,2.4094390562946986e-08,3.50e+9,21.97602880544178
221Ac,221,890,,14530.0,60.0,,,,52,ms,2,9/2-.0,,7.0,,1968,A=100,False,89,132,2.891366707042411e-07,,
221Th,221,900,,16940.0,8.0,,,,1.75,ms,0.02,7/2+.0,,7.0,,1970,A=100,False,90,131,3.85522441031514e-08,,
221Pa,221,910,,20370.0,60.0,,,,5.9,us,1.7,9/2-,,7.0,,1983,A=100,False,91,130,2.8914841233589894e-07,,
221U,221,920,,24520.0,70.0,,,,660,ns,140,9/2+.0,,15.0,,2015,A~100;B+ ?,False,92,129,3.3734866378337e-07,,
221Np,221,930,,29910.0,200.0,,,,30.0,ns,,9/2-.0,,,,9999,A ?,True,93,128,9.638843706162722e-07,,
221Pu,221,940,,35930.0,300.0,,,,100.0,us,,9/2+.0,,,,9999,A ?;SF ?,True,94,127,1.4458775173722484e-06,,
222Bi,222,830,,28950.0,300.0,,,,3.0,s,>300ns,1-.0,,,,2009,B- ?;B-n ?,True,83,139,1.4392131987040169e-06,,
222Po,222,840,,22490.0,40.0,,,,9.1,m,7.2,0+,,11.0,,2010,B-=100,False,84,138,1.9189033687948856e-07,,
222At,222,850,,20953.0,16.0,,,,54,s,10,,,11.0,,1989,B-=100,False,85,137,7.675604502884221e-08,1.00e+3,6.907755278982137
222Rn,222,860,,16372.0,1.9,,,,3.8215,d,0.0002,0+,,11.0,,1899,A=100,False,86,136,9.114636593197157e-09,2.10e+7,16.860032995687696
222Fr,222,870,,16378.0,7.0,,,,14.2,m,0.3,2-*,,11.0,,1975,B-=100,False,87,135,3.3580449391423065e-08,1.20e+9,20.905587393740365
222Ra,222,880,,14320.0,4.0,,,,33.6,s,0.4,0+,,11.0,,1948,A=100;14C=3.0e-8 10,False,88,134,1.9188757834144847e-08,1.32e+9,21.00089757354469
222Ac,222,890,,16622.0,5.0,,,*,5.0,s,0.5,1-,,11.0,,1949,A=99 1;B+=1 1,False,89,133,2.3986360997214426e-08,,
222Ac,222,891,m,16700.0,21.0,78.0,21.0,AD*,1.05,m,0.05,5+.0,,11.0,,1972,A~98.6 4;B+~1.4 4;IT ?,False,89,133,1.0074275388495277e-07,,
222Th,222,900,,17203.0,10.0,,,,2.24,ms,0.03,0+,,11.0,,1970,A=100;EC ?,False,90,132,4.7973153353793434e-08,,
222Pa,222,910,,22060.0,90.0,,,,3.8,ms,0.2,1-.0,,11.0,,1970,A=100,False,91,131,4.317711196271857e-07,,
222U,222,920,,24270.0,50.0,,,,4.7,us,0.7,0+,,15.0,,1983,A=100;B+ ?,False,92,130,2.3987687586859554e-07,,
222Np,222,930,,31270.0,40.0,,,,480,ns,190,1-.0,,,,2020,A=100,False,93,129,1.9190913629367317e-07,,
222Pu,222,940,,35060.0,300.0,,,,10.0,us,,0+,,,,9999,A ?;SF ?,True,94,128,1.4393536258037025e-06,,
223Bi,223,830,,32240.0,400.0,,,,1.0,s,>300ns,9/2-.0,,11.0,,2009,B- ?;B-n ?,True,83,140,1.9103701858844486e-06,,
223Po,223,840,,27080.0,200.0,,,,6.0,s,>300ns,11/2+.0,,11.0,,2010,B- ?,True,84,139,9.551674539446609e-07,,
223At,223,850,,23428.0,14.0,,,,50,s,7,3/2-.0,,1.0,,1989,B-~100;A ?,False,85,138,6.686096861320194e-08,1.00e+2,4.605170185988092
223Rn,223,860,,20390.0,8.0,,,,24.3,m,0.4,7/2+*,,1.0,,1964,B-=100;A ?,False,86,137,3.820594944108446e-08,1.20e+7,16.300417207752275
223Fr,223,870,,18382.3,1.9,,,,22.00,m,0.07,3/2-*,,1.0,,1939,B-~100;A=0.006,False,87,136,9.073882035468214e-09,1.20e+9,20.905587393740365
223Ra,223,880,,17233.2,2.1,,,,11.4352,d,0.0010,3/2+*,,1.0,,1905,A=100;14C=8.9e-8 4,False,88,135,1.0029034421029566e-08,,
223Ac,223,890,,17825.0,7.0,,,,2.10,m,0.05,(5/2-),,1.0,,1948,A~99;EC ?,False,89,134,3.3430415706934656e-08,,
223Th,223,900,,19385.0,8.0,,,,600,ms,20,(5/2)+,,1.0,,1952,A=100,False,90,133,3.8206710017207745e-08,,
223Pa,223,910,,22340.0,80.0,,,,5.3,ms,0.3,9/2-,,1.0,,1970,A=100;B+ ?,False,91,132,3.820748522226015e-07,,
223U,223,920,,26050.0,60.0,,,,65,us,12,7/2+.0,,1.0,,1991,A=100;B+ ?,False,92,131,2.8656298675956644e-07,,
223Np,223,930,,30660.0,80.0,,,,2.5,us,0.8,(9/2-),,,,2017,A=100,False,93,130,3.8209475535839917e-07,,
223Pu,223,940,,36120.0,300.0,,,,10.0,us,,9/2+.0,,,,9999,A ?;SF ?,True,94,129,1.432901551064151e-06,,
223Am,223,950,,42700.0,300.0,,,,10,ms,9,9/2-.0,,,,2015,A~100;B+ ?,True,95,128,1.4329554383571989e-06,,
224Bi,224,830,,37070.0,400.0,,,,1.0,s,>300ns,1-.0,,15.0,,2010,B- ?;B-n ?,True,83,141,1.9018797634686916e-06,,
224Po,224,840,,29910.0,200.0,,,,3.0,m,>300ns,0+,,15.0,,2010,B- ?,True,84,140,9.50913356727852e-07,,
224At,224,850,,27711.0,22.0,,,,2.5,m,1.5,2+.0,,15.0,,2010,B-=100,False,85,139,1.0460001882639137e-07,,
224Rn,224,860,,22445.0,10.0,,,,107,m,3,0+,,15.0,,1964,B-=100,False,86,138,4.754456507011697e-08,7.20e+6,15.789591583986283
224Fr,224,870,,21749.0,11.0,,,,3.33,m,0.10,1-*,,15.0,,1969,B-=100,False,87,137,5.2299170106286725e-08,4.70e+9,22.270828345662423
224Ra,224,880,,18825.8,1.8,,,,3.6316,d,0.0014,0+,,15.0,,1902,A=100;14C=4.0e-9 12,False,88,136,8.557979700265664e-09,6.00e+8,20.21244021318042
224Ac,224,890,,20234.0,4.0,,,,2.78,h,0.16,(0-),,15.0,,1948,B+=90.5 17;A=9.5 17;B- ?,False,89,135,1.9017976939003438e-08,,
224Th,224,900,,19996.0,10.0,,,,1.04,s,0.02,0+,,15.0,,1949,A=100;2B+ ?,False,90,134,4.7545180908859064e-08,,
224Pa,224,910,,23862.0,8.0,,,,844,ms,19,(5-),,15.0,,1958,A~100;B+ ?,False,91,133,3.803707778189401e-08,,
224U,224,920,,25743.0,15.0,,,,396,us,17,0+,,15.0,,1991,A=100;B+ ?,False,92,132,7.132059726790987e-08,,
224Np,224,930,,32032.0,29.0,,,,48,us,19,2-.0,,,,2018,A=100,False,93,131,1.3789145928175587e-07,,
224Pu,224,940,,35280.0,300.0,,,,10.0,us,,0+,,,,9999,A ?;SF ?,True,94,130,1.4264941748549572e-06,,
224Am,224,950,,43260.0,400.0,,,,1.0,ms,,,,,,9999,A ?;SF ?,True,95,129,1.902076104263843e-06,,
225Po,225,840,,34580.0,300.0,,,,10.0,s,>300ns,3/2+.0,,11.0,,2010,B- ?,True,84,141,1.420057845714399e-06,,
225At,225,850,,30300.0,300.0,,,,3.0,s,>300ns,1/2+.0,,11.0,,2010,B- ?;B-n ?,True,85,140,1.4200377699739041e-06,,
225Rn,225,860,,26534.0,11.0,,,,4.66,m,0.04,7/2-*,,9.0,,1969,B-=100,False,86,139,5.2067442154232035e-08,1.74e+5,12.066810578196666
225Fr,225,870,,23821.0,12.0,,,,3.95,m,0.14,3/2-*,,9.0,,1969,B-=100,False,87,138,5.680046429525288e-08,1.00e+9,20.72326583694641
225Ra,225,880,,21993.0,2.6,,,,14.82,d,0.19,1/2+*,,9.0,,1947,B-=100,False,88,137,1.2306736118319366e-08,2.30e+9,21.556174959881517
225Ac,225,890,,21637.0,5.0,,,,9.9190,d,0.0021,3/2-,,9.0,,1947,A=100;14C=5.3e-10 13,False,89,136,2.3666905231242187e-08,,
225Th,225,900,,22310.0,5.0,,,,8.75,m,0.04,3/2+,,9.0,,1949,A~90;EC ?,False,90,135,2.3667125510653826e-08,,
225Pa,225,910,,24360.0,80.0,,,,1.71,s,0.10,5/2-.0,,9.0,,1958,A=100,False,91,134,3.7868000093799116e-07,,
225U,225,920,,27372.0,10.0,,,,62,ms,4,5/2+.0,,9.0,,1989,A=100,False,92,133,4.733596479063955e-08,,
225Np,225,930,,31620.0,90.0,,,,6.5,ms,3.5,9/2-.0,,9.0,,1994,A=100;B+ ?,False,93,132,4.260348581938559e-07,,
225Pu,225,940,,36300.0,300.0,,,,100.0,us,,7/2+.0,,,,9999,A ?;SF ?,True,94,131,1.420156350443643e-06,,
225Am,225,950,,42390.0,400.0,,,,100.0,us,,9/2-.0,,,,9999,A ?;SF ?,True,95,130,1.8936079852603902e-06,,
226Po,226,840,,37550.0,400.0,,,,1.0,m,>300ns,0+,,11.0,,2010,B- ?,True,84,142,1.8850532678359831e-06,,
226At,226,850,,34660.0,300.0,,,,7.0,m,>300ns,2+.0,,11.0,,2010,B- ?;B-n ?,True,85,141,1.4137793128819917e-06,,
226Rn,226,860,,28747.0,10.0,,,,7.4,m,0.1,0+,,96.0,,1969,B-=100,False,86,140,4.712495115594882e-08,2.30e+5,12.345834587905333
226Fr,226,870,,27521.0,6.0,,,,48.5,s,0.7,1-*,,96.0,,1969,B-=100,False,87,139,2.8274979665316974e-08,1.10e+9,20.818576016750736
226Ra,226,880,,23667.6,1.9,,,,1.600,ky,0.007,0+,,96.0,,1898,A=100;14C=2.6e-9 6;2B- ?,False,88,138,8.95363554124822e-09,1.10e+8,18.51599092375669
226Ac,226,890,,24309.0,3.0,,,,29.37,h,0.12,(1-),,96.0,,1950,B-=83 3;EC=17 3;A=0.006 2,False,89,137,1.4137448171148362e-08,,
226Th,226,900,,23198.0,4.0,,,,30.70,m,0.03,0+,,96.0,,1948,A=100;18O<3.2e-12,False,90,136,1.8849947091457145e-08,,
226Pa,226,910,,26034.0,11.0,,,,1.8,m,0.2,1-.0,,96.0,,1949,A=74 5;B+=26 5,False,91,135,5.183836324620362e-08,,
226U,226,920,,27329.0,11.0,,,,269,ms,6,0+,,14.0,,1973,A=100,False,92,134,5.183899556372397e-08,,
226Np,226,930,,32820.0,100.0,,,,35,ms,10,,,96.0,,1990,A=100;B+ ?,False,93,133,4.712786637970704e-07,,
226Pu,226,940,,35630.0,200.0,,,,10.0,ms,,0+,,,,9999,A ?;SF ?,True,94,132,9.425755552426851e-07,,
226Am,226,950,,42970.0,300.0,,,,100.0,us,,,,,,9999,A ?;SF ?,True,95,131,1.4139208622501462e-06,,
227Po,227,840,,42280.0,400.0,,,,2.0,s,>300ns,5/2+.0,,16.0,,2010,B- ?,True,84,143,1.87678502308146e-06,,
227At,227,850,,37430.0,300.0,,,,5.0,s,>300ns,1/2+.0,,16.0,,2010,B- ?;B-n ?,True,85,142,1.4075652782116567e-06,,
227Rn,227,860,,32886.0,14.0,,,,20.2,s,0.4,(3/2+)*,,16.0,,1986,B-=100,False,86,141,6.568537783249973e-08,1.29e+4,9.464982590349763
227Fr,227,870,,29682.0,6.0,,,,2.47,m,0.03,1/2+*,,16.0,,1972,B-=100,False,87,140,2.8150623857809986e-08,4.20e+8,19.855765269241687
227Ra,227,880,,27177.5,1.9,,,,42.2,m,0.5,3/2+*,,16.0,,1953,B-=100,False,88,139,8.914313565867777e-09,,
227Ac,227,890,,25849.5,1.9,,,,21.772,y,0.003,3/2-*,,16.0,,1851,B-=98.62 36;A=1.38 36,False,89,138,8.914312115939835e-09,,
227Th,227,900,,25804.8,2.1,,,,18.693,d,0.004,(1/2+),,16.0,,1906,A=100,False,90,137,9.85271847953326e-09,,
227Pa,227,910,,26830.0,7.0,,,,38.3,m,0.3,(5/2-),,16.0,,1948,A=85 2;EC=15 2,False,91,136,3.284275219596517e-08,,
227U,227,920,,29045.0,9.0,,,,1.1,m,0.1,(3/2+),,16.0,,1952,A=100;B+ ?,False,92,135,4.222709075828919e-08,,
227Np,227,930,,32580.0,80.0,,,,510,ms,60,5/2+.0,,16.0,,1990,A~100;B+ ?,False,93,134,3.7536042128432613e-07,,
227Pu,227,940,,36770.0,100.0,,,,2.0,s,,5/2+.0,,,,9999,A ?,True,94,133,4.6921259842470333e-07,,
227Am,227,950,,42180.0,200.0,,,,20.0,ms,,9/2-.0,,,,9999,A ?;SF ?,True,95,132,9.384547139528608e-07,,
228At,228,850,,41880.0,400.0,,,,1.0,m,>300ns,3+.0,,14.0,,2010,B- ?;B-n ?,True,85,143,1.8685555042250888e-06,,
228Rn,228,860,,35243.0,18.0,,,,65,s,2,0+,,14.0,,1989,B-=100,False,86,142,8.408289878346851e-08,5.00e+3,8.517193191416238
228Fr,228,870,,33384.0,7.0,,,,38,s,1,2-*,,14.0,,1972,B-=100,False,87,141,3.2698818679510386e-08,4.20e+8,19.855765269241687
228Fr,228,871,m,34390.0,30.0,1004.0,30.0,,180,s,110,,,,,2008,IT ?; B- ?,False,87,141,1.4013845289162056e-07,4.20e+8,19.855765269241687
228Ra,228,880,,28940.2,2.0,,,,5.75,y,0.03,0+,,14.0,,1907,B-=100,False,88,140,9.34238213412237e-09,1.80e+7,16.70588231586044
228Ac,228,890,,28894.7,2.1,,,,6.15,h,0.02,3+*,,14.0,,1908,B-=100,False,89,139,9.809558419404267e-09,,
228Ac,228,891,m,29430.0,30.0,539.0,30.0,,180,s,70,,,,,2008,IT ?; B- ?,False,89,139,1.4013689926139088e-07,,
228Th,228,900,,26770.9,1.8,,,,1.9125,y,0.0007,0+,,14.0,,1905,A=100;20O=1.13e-11 22,False,90,138,8.408160313178357e-09,,
228Pa,228,910,,28924.0,4.0,,,,22,h,1,3+,,14.0,,1948,B+=98.15 17;A=1.85 17,False,91,137,1.8685101506942152e-08,,
228U,228,920,,29220.0,13.0,,,,9.1,m,0.2,0+,,14.0,,1949,A=97.5 1.4;EC=2.5 14,False,92,136,6.072703074773742e-08,,
228Np,228,930,,33830.0,100.0,,,,61.4,s,1.4,4+.0,,14.0,,1994,EC=59 7;A=41 7;B+SF=0.012 6,True,93,135,4.6714388784987104e-07,,
228Pu,228,940,,36108.0,23.0,,,,2.1,s,1.3,0+,,14.0,,1994,A~100;B+ ?,False,94,134,1.0744488673654109e-07,,
228Am,228,950,,42850.0,200.0,,,,100.0,ms,,,,,,9999,A ?;SF ?,True,95,133,9.343384353660328e-07,,
229At,229,850,,44890.0,400.0,,,,1.0,s,>300ns,1/2+.0,,11.0,,2010,B- ?;B-n ?,True,85,144,1.860416156628804e-06,,
229Rn,229,860,,39362.0,13.0,,,,11.9,s,1.3,(5/2+)*,,9.0,,2009,B-=100,False,86,143,6.046233424786668e-08,1.80e+2,5.19295685089021
229Fr,229,870,,35668.0,5.0,,,,50.2,s,0.4,(1/2+),,8.0,,1975,B-=100,False,87,142,2.3254484296280954e-08,3.80e+4,10.545341438708522
229Ra,229,880,,32562.0,15.0,,,,4.0,m,0.2,5/2+*,,8.0,,1975,B-=100,False,88,141,6.976286475090238e-08,,
229Ac,229,890,,30690.0,12.0,,,,62.7,m,0.5,3/2+,,8.0,,1952,B-=100,False,89,140,5.581014159884204e-08,,
229Th,229,900,,29585.5,2.4,,,,7.916,ky,0.017,5/2+*,,8.0,,1947,A=100,False,90,139,1.1162038122605845e-08,,
229Th,229,901,m,29585.5,2.4,0.00815,0.0001,0,7,us,1,(3/2+),,8.0,,1994,IT=100,False,90,139,1.1162038122605845e-08,,
229Pa,229,910,,29897.0,3.0,,,,1.55,d,0.04,5/2+,,8.0,,1949,EC=99.51 5;A=0.49 5,False,91,138,1.3952651793524753e-08,,
229Pa,229,911,m,29909.0,3.0,12.2,0.04,,420,ns,30,3/2-,,8.0,,1982,IT=100,False,91,138,1.3952652572230765e-08,,
229U,229,920,,31211.0,6.0,,,,57.8,m,0.5,3/2+,,8.0,,1949,B+~80;A~20,False,92,137,2.7905641982031354e-08,,
229Np,229,930,,33800.0,100.0,,,,4.00,m,0.18,5/2+.0,,8.0,,1968,A=68 11;B+ ?,False,93,136,4.651024311541129e-07,,
229Np,229,933,p,33960.0,110.0,160.0,50.0,,,,,5/2-.0,,,,9999,,True,93,136,5.116130549934853e-07,,
229Pu,229,940,,37390.0,60.0,,,,91,s,26,3/2+.0,,8.0,,1994,A~50 20;B+~50 20;SF<7,False,94,135,2.790677970191176e-07,,
229Am,229,950,,42180.0,110.0,,,,1.8,s,1.5,5/2-.0,,15.0,,2015,A~100;B+ ?,False,95,134,5.116387710314039e-07,,
229Am,229,953,p,42440.0,230.0,260.0,200.0,,,,,,,,,9999,,True,95,134,1.069791451339878e-06,,
230Rn,230,860,,42170.0,200.0,,,,24.0,s,>300ns,0+,,12.0,,2010,B- ?,True,86,144,9.261546769697527e-07,,
230Fr,230,870,,39487.0,7.0,,,,19.1,s,0.5,2+.0,,12.0,,1987,B-=100,False,87,143,3.241520509444913e-08,5.60e+3,8.630521876723241
230Ra,230,880,,34516.0,10.0,,,,93,m,2,0+,,12.0,,1978,B-=100,False,88,142,4.630664723145946e-08,2.10e+6,14.557447902693651
230Ac,230,890,,33838.0,16.0,,,,122,s,3,(1+),,12.0,,1973,B-=100;B-SF=1.2e-6 4,False,89,141,7.409084668463457e-08,,
230Th,230,900,,30862.5,1.2,,,,75.4,ky,0.3,0+,,12.0,,1907,IS=0.02 2;A=100;SF<4e-12;24Ne=5.8e-11 13,False,90,140,5.55677021646065e-09,,
230Pa,230,910,,32174.0,3.0,,,,17.4,d,0.5,2-,,14.0,,1948,B+=92.2 7;B-=7.8 7;A=0.0032 1,False,91,139,1.3892093108213996e-08,,
230U,230,920,,31615.0,5.0,,,,20.23,d,0.02,0+,,12.0,,1948,A=100;22Ne=4.8e-12 20;SF ?,False,92,138,2.3153567246727957e-08,,
230Np,230,930,,35240.0,60.0,,,,4.6,m,0.3,4+.0,,12.0,,1968,B+<97;A>3,False,93,137,2.77849135082539e-07,,
230Pu,230,940,,36932.0,14.0,,,,105,s,10,0+,,12.0,,1990,A~100;B+ ?,False,94,136,6.483236112974524e-08,,
230Am,230,950,,42870.0,140.0,,,,40,s,9,1-.0,,12.0,,2003,B+~100;B+SF>30,True,95,135,6.483453227313927e-07,,
231Rn,231,860,,46550.0,300.0,,,,2.0,s,>300ns,1/2+.0,,13.0,,2010,B- ?,True,86,145,1.3832417050017723e-06,,
231Fr,231,870,,42081.0,8.0,,,,17.6,s,0.6,(1/2+),,13.0,,1985,B-=100,False,87,144,3.6885905369034695e-08,,
231Ra,231,880,,38216.0,11.0,,,,104,s,1,(5/2+)*,,13.0,,1983,B-=100,False,88,143,5.071751851029285e-08,5.60e+3,8.630521876723241
231Ra,231,881,m,38282.0,11.0,66.21,0.09,,~53,us,,(1/2+),,13.0,,2001,IT=100,False,88,143,5.071753394389765e-08,5.60e+3,8.630521876723241
231Ac,231,890,,35763.0,13.0,,,,7.5,m,0.1,1/2+,,13.0,,1973,B-=100,False,89,142,5.993856502902123e-08,,
231Th,231,900,,33815.8,1.2,,,,25.52,h,0.01,5/2+,,13.0,,1911,B-=100,False,90,141,5.53277393807451e-09,,
231Pa,231,910,,33424.3,1.8,,,,32.65,ky,0.20,3/2-*,,13.0,,1918,IS=100;A=100;SF<3e-10;24Ne=13.4e-10 17;23F=9.9e-13,False,91,140,8.299195415405445e-09,,
231U,231,920,,33806.0,2.7,,,,4.2,d,0.1,5/2+.0,,13.0,,1949,EC~100;A=0.004 1,False,92,139,1.2448889266024394e-08,,
231Np,231,930,,35620.0,50.0,,,,48.8,m,0.2,5/2+.0,,13.0,,1950,B+=98 1;A=2 1,False,93,138,2.3053828932450516e-07,,
231Pu,231,940,,38309.0,22.0,,,,8.6,m,0.5,(3/2+),,13.0,,1999,B+ ?;A=13 5,False,94,137,1.0143870987997978e-07,,
231Am,231,950,,42410.0,300.0,,,,1.0,m,,5/2-.0,,,,9999,B+ ?;A ?,True,95,136,1.3832895405404645e-06,,
231Cm,231,960,,47270.0,300.0,,,,20.0,s,,3/2+.0,,,,9999,B+ ?;A ?,True,96,135,1.3833287894528934e-06,,
232Fr,232,870,,46073.0,14.0,,,,5.5,s,0.6,(5),,6.0,,1990,B-=100;B-SF ?,False,87,145,6.427308063099903e-08,,
232Ra,232,880,,40497.0,9.0,,,,4.0,m,0.3,0+,,6.0,,1983,B-=100,False,88,144,4.131759661338044e-08,5.60e+4,10.933106969717286
232Ac,232,890,,39154.0,13.0,,,,1.98,m,0.08,(1+),,6.0,,1986,B-=100,False,89,143,5.968095927775706e-08,,
232Th,232,900,,35446.7,1.4,,,,14.0,Gy,0.1,0+,,6.0,,1898,IS=99.98 2;A=100;SF=1.1e-9 4;24Ne+26Ne<2.78e-10;2B- ?,False,90,142,6.427109003748786e-09,,
232Pa,232,910,,35947.0,8.0,,,,1.32,d,0.02,(2-),,6.0,,1949,B-~100;EC ?,False,91,141,3.6726639578530176e-08,,
232U,232,920,,34609.4,1.8,,,,68.9,y,0.4,0+,,6.0,,1949,A=100;24Ne=8.9e-10 7;SF=2.7e-12 6;28Mg<5e-12,False,92,140,8.263492225819368e-09,,
232Np,232,930,,37360.0,100.0,,,,14.7,m,0.3,(5-),,6.0,,1950,B+~100;A ?,True,93,139,4.590914244676275e-07,,
232Pu,232,940,,38361.0,17.0,,,,33.7,m,0.5,0+,,6.0,,1973,EC=?;A<20,False,94,138,7.804636422833781e-08,,
232Am,232,950,,43420.0,300.0,,,,1.31,m,0.04,1-.0,,6.0,,1967,B+~97;A ?;B+SF=0.069 10,True,95,137,1.3773289479853447e-06,,
232Cm,232,960,,46330.0,200.0,,,,10.0,s,,0+,,,,9999,B+ ?;A ?,True,96,136,9.182370187071535e-07,,
233Fr,233,870,,48920.0,20.0,,,,900,ms,100,1/2+.0,,20.0,,2010,B-=100;B-n ?,False,87,146,9.142551914703643e-08,,
233Ra,233,880,,44334.0,9.0,,,,30,s,5,1/2+.0,,20.0,,1990,B-=100,False,88,145,4.114086437652996e-08,,
233Ac,233,890,,41308.0,13.0,,,,143,s,10,(1/2+),,20.0,,1983,B-=100,False,89,144,5.9425222317817696e-08,,
233Th,233,900,,38731.6,1.4,,,,21.83,m,0.04,1/2+,,20.0,,1935,B-=100,False,90,143,6.399601792092025e-09,,
233Th,233,901,m,38737.7,1.4,6.06,0.02,,2.0,s,,7/2-.0,,,,9999,IT ?;B- ?,False,90,143,6.399601970538393e-09,,
233Pa,233,910,,37489.4,1.3,,,,26.975,d,0.013,3/2-*,,20.0,,1938,B-=100,False,91,142,5.942488767329197e-09,,
233U,233,920,,36919.1,2.3,,,,159.19,ky,0.15,5/2+*,,20.0,,1947,A=100;SF<6e-11;24Ne=7.2e-11 9;28Mg<1.3e-13,False,92,141,1.0513668721545351e-08,,
233Np,233,930,,37950.0,50.0,,,,36.2,m,0.1,5/2+.0,,20.0,,1950,B+~100;A~0.0007,False,93,140,2.285604440122006e-07,,
233Np,233,933,p,38000.0,60.0,50.0,30.0,,,,,(5/2-),,,,9999,,True,93,140,2.742725955025069e-07,,
233Pu,233,940,,40050.0,50.0,,,,20.9,m,0.4,5/2+.0,,20.0,,1957,B+~100;A=0.12 5,False,94,139,2.2856398941246833e-07,,
233Am,233,950,,43290.0,110.0,,,,3.2,m,0.8,5/2-.0,,20.0,,2000,B+ ?;A=4.5 9,True,95,138,5.028511973584608e-07,,
233Cm,233,960,,47290.0,80.0,,,,27,s,10,3/2+.0,,20.0,,2001,A=20 10;B+=80 10,False,96,137,3.657188113076096e-07,,
233Bk,233,970,,52770.0,230.0,,,,40,s,30,3/2-.0,,20.0,,2015,A~82;B+ ?,True,97,136,1.051474140552596e-06,,
234Ra,234,880,,46931.0,8.0,,,,30,s,10,0+,,7.0,,1990,B-=100;B-SF ?,False,88,146,3.641369457511277e-08,,
234Ac,234,890,,44841.0,14.0,,,,45,s,2,1+.0,,7.0,,1986,B-=100,False,89,145,6.3723734431345e-08,,
234Ac,234,891,m,44980.0,30.0,140.0,30.0,,>93,s,,,,,,2008,B- ?;IT ?,False,89,145,1.365509458895631e-07,,
234Ac,234,892,n,45460.0,30.0,620.0,30.0,,180,s,70,,,,,2008,B- ?;IT ?,False,89,145,1.365512442287881e-07,,
234Th,234,900,,40613.0,2.6,,,,24.107,d,0.024,0+,,7.0,,1900,B-=100;A ?,False,90,144,1.183424974445298e-08,,
234Pa,234,910,,40339.0,4.0,,,,6.70,h,0.05,4+,,7.0,,1913,B-=100,False,91,143,1.8206622540351372e-08,,
234Pa,234,911,m,40417.9,2.8,79.0,3.0,IT,1.159,m,0.011,(0-),,7.0,,1951,B-~100;IT=0.16 4,False,91,143,1.2744640355172952e-08,,
234U,234,920,,38145.0,1.1,,,,245.5,ky,0.6,0+,,7.0,,1912,IS=0.0054 5;A=100;SF=1.64e-9 22;28Mg=1.4e-11 3;24Ne+26Ne=9e-12 7,False,92,142,5.006800673072376e-09,,
234U,234,921,m,39566.3,1.1,1421.257,0.017,,33.5,us,2.0,6-,,7.0,,1963,IT=100,False,92,142,5.006833063485282e-09,,
234Np,234,930,,39955.0,8.0,,,,4.4,d,0.1,(0+),,7.0,,1949,B+=100,False,93,141,3.641361015522981e-08,,
234Pu,234,940,,40350.0,7.0,,,,8.8,h,0.1,0+,,7.0,,1949,EC~94;A~6,False,94,140,3.1862153739612755e-08,,
234Am,234,950,,44460.0,160.0,,,,2.32,m,0.08,0-.0,,7.0,,1967,B+~100;A=0.039 12;B+SF=0.0066 18,True,95,139,7.282957118633371e-07,,
234Cm,234,960,,46722.0,17.0,,,,52,s,9,0+,,7.0,,2001,B+~71;A~27;SF~2,False,96,138,7.738267169503954e-08,,
234Bk,234,970,,53400.0,150.0,,,,20,s,5,3-.0,,7.0,,2003,A>80;B+<20,True,97,137,6.828130554532983e-07,,
235Ra,235,880,,51130.0,300.0,,,,5.0,s,,5/2+.0,,,,9999,B- ?,True,88,147,1.3597244945204285e-06,,
235Ac,235,890,,47357.0,14.0,,,,62,s,4,1/2+.0,,14.0,,2006,B-=100,False,89,146,6.345309660237312e-08,,
235Th,235,900,,44018.0,13.0,,,,7.2,m,0.1,1/2+.0,,14.0,,1969,B-=100,False,90,145,5.892018626843939e-08,,
235Pa,235,910,,42289.0,14.0,,,,24.4,m,0.2,3/2-,,14.0,,1950,B-=100,False,91,144,6.345238299689902e-08,,
235U,235,920,,40918.8,1.1,,,,704,My,1,7/2-*,,14.0,,1935,IS=0.7204 6;A=100;SF=7e-9 2;20Ne=8e-10 4;25Ne~8e-10;28Mg=8e-10,False,92,143,4.985542641423506e-09,,
235U,235,921,m,40918.9,1.1,0.07673,,18,25.7,m,0.1,1/2+,,14.0,,1966,IT=100,False,92,143,4.9855426436831084e-09,,
235U,235,922,n,43420.0,300.0,2500.0,300.0,,3.6,ms,1.8,,,14.0,,2007,SF~100; IT ?,False,92,143,1.3597088616163536e-06,,
235Np,235,930,,41043.0,1.4,,,,396.1,d,1.2,5/2+,,14.0,,1949,EC=99.99740 13;;A=0.00260 13,False,93,142,6.345276855573289e-09,,
235Pu,235,940,,42182.0,21.0,,,,25.3,m,0.5,(5/2+),,14.0,,1957,B+=99.9972 7;A=0.0028 7,False,94,141,9.518020211525589e-08,,
235Am,235,950,,44620.0,50.0,,,,10.3,m,0.6,5/2-.0,,14.0,,1996,B+=99.60 5;A=0.40 5,False,95,140,2.266233614674184e-07,,
235Cm,235,960,,48010.0,100.0,,,,7,m,3,5/2+.0,,14.0,,1981,B+ ?;A=4 3,True,96,139,4.5325634423012064e-07,,
235Bk,235,970,,52770.0,400.0,,,,1.0,m,,3/2-.0,,,,9999,B+ ?;A ?,True,97,138,1.8130751224674212e-06,,
236Ac,236,890,,51220.0,40.0,,,,4.5,m,3.6,3+.0,,15.0,,2010,B-=100,False,89,147,1.805289485588134e-07,,
236Th,236,900,,46255.0,14.0,,,,37.3,m,1.5,0+,,15.0,,1973,B-=100,False,90,146,6.318408496848195e-08,,
236Pa,236,910,,45334.0,14.0,,,,9.1,m,0.1,1(-),,6.0,,1963,B-=100;B-SF=6e-8 4,False,91,145,6.318419114265277e-08,,
236U,236,920,,42444.6,1.1,,,,23.42,My,0.04,0+,,6.0,,1951,A=100;SF=9.4e-8 4,False,92,144,4.964436400868514e-09,,
236U,236,921,m,43497.1,1.3,1052.5,0.6,,100,ns,4,4-,,6.0,,1973,IT=100,False,92,144,5.867089070069198e-09,,
236U,236,922,n,45195.0,3.0,2750.0,3.0,,120,ns,2,(0+),,6.0,,1969,IT=87 6;SF=13 6;A ?,False,92,144,1.3539540067274826e-08,,
236Np,236,930,,43380.0,50.0,,,*,153,ky,5,(6-),,6.0,,1949,EC=86.3 8;B-=13.5 8;A=0.16 4,False,93,143,2.256584698354654e-07,,
236Np,236,931,m,43438.0,7.0,60.0,50.0,IT*,22.5,h,0.4,(1-),,6.0,,1949,EC=50 3;B-=50 3,False,93,143,3.159219404665871e-08,,
236Np,236,933,p,43616.0,14.0,240.0,50.0,AD,,,,(3-),,6.0,,9999,,False,93,143,6.31844388521802e-08,,
236Pu,236,940,,42901.5,1.8,,,,2.858,y,0.008,0+,,6.0,,1949,A=100;SF=1.9e-7 4;28Mg=2e-12;2B+ ?,False,94,142,8.123734788920293e-09,,
236Pu,236,941,m,44087.0,1.8,1185.45,0.15,,1.2,us,0.3,5-,,6.0,,2005,IT=100,False,94,142,8.123778254237201e-09,,
236Am,236,950,,46040.0,120.0,,,,3.6,m,0.1,5-,,6.0,,1998,B+~100;A=4.0e-3 1,True,95,141,5.415931520362926e-07,,
236Am,236,951,m,46090.0,130.0,50.0,50.0,,2.9,m,0.2,(1-),,6.0,,2004,B+~100;A ?,True,95,141,5.867260471088208e-07,,
236Cm,236,960,,47853.0,18.0,,,,6.8,m,0.8,0+,,6.0,,2010,B+=82 2;A=18 2;SF ?,False,96,140,8.124011177037307e-08,,
236Bk,236,970,,53540.0,360.0,,,,26,s,10,4+.0,,16.0,,2017,B+~100;A ?;B+SF=0.04 2,True,97,139,1.6248534257810491e-06,,
237Ac,237,890,,54020.0,400.0,,,,23.0,s,,1/2+.0,,,,9999,B- ?,True,89,148,1.7976891580011037e-06,,
237Th,237,900,,49955.0,16.0,,,,4.8,m,0.5,5/2+.0,,6.0,,1993,B-=100,False,90,147,7.190667061516501e-08,,
237Pa,237,910,,47528.0,13.0,,,,8.7,m,0.2,1/2+,,6.0,,1954,B-=100,False,91,146,5.842387221152589e-08,,
237U,237,920,,45390.1,1.2,,,,6.752,d,0.002,1/2+,,6.0,,1940,B-=100,False,92,145,5.392952349989116e-09,,
237U,237,921,m,45664.1,1.6,274.0,1.0,,155,ns,6,7/2-,,6.0,,1968,IT=100,False,92,145,7.190611987772174e-09,,
237Np,237,930,,44871.6,1.1,,,,2.144,My,0.007,5/2+*,,6.0,,1948,A=100;SF<2e-10;30Mg<4e-12,False,93,144,4.9435568685856876e-09,,
237Np,237,931,m,45816.8,1.1,945.2,0.1,,710,ns,40,13/2-,,6.0,,1990,IT=100,False,93,144,4.943577868230133e-09,,
237Pu,237,940,,45091.7,1.7,,,,45.64,d,0.04,7/2-,,6.0,,1949,EC=99.9958 4;A=0.0042 4,False,94,143,7.640094397988563e-09,,
237Pu,237,941,m,45237.2,1.7,145.543,0.008,,180,ms,20,1/2+,,6.0,,1972,IT=100,False,94,143,7.640099393866341e-09,,
237Pu,237,942,n,47990.0,250.0,2900.0,250.0,,1.1,us,0.1,,,6.0,,1970,SF~100; IT ?,False,94,143,1.1235579286830804e-06,,
237Am,237,950,,46570.0,60.0,,,,73.6,m,0.8,5/2-,,6.0,,1970,B+=99.975 3;A=0.025 3,True,95,142,2.6965374937714494e-07,,
237Cm,237,960,,49250.0,70.0,,,,>10.0,m,,5/2+.0,,6.0,,2002,B+ ?;A=?,False,96,141,3.146016588026314e-07,,
237Cm,237,963,p,49450.0,170.0,200.0,150.0,,,,,7/2-.0,,,,9999,,True,96,141,7.640332867096458e-07,,
237Bk,237,970,,53210.0,230.0,,,,2.0,m,,3/2-.0,,,,9999,B+ ?;A ?,True,97,140,1.0337155707663178e-06,,
237Cf,237,980,,57940.0,100.0,,,,0.8,s,0.2,5/2+.0,,6.0,,1995,A=70 10;SF=30 10;B+ ?,False,98,139,4.494537198298605e-07,,
238Th,238,900,,52530.0,280.0,,,,9.4,m,2.0,0+,,15.0,,1999,B-=100,True,90,148,1.2530899846839757e-06,,
238Pa,238,910,,50894.0,16.0,,,,2.28,m,0.09,3-.0,,15.0,,1968,B-=100;B-SF<2.6e-6,False,91,147,7.160503217220095e-08,,
238U,238,920,,47307.7,1.5,,,,4.463,Gy,0.003,0+,,15.0,,1896,IS=99.2742 10;A=100;SF=5.44e-5 7;2B-=2.2e-10 3,False,92,146,6.712902880003635e-09,,
238U,238,921,m,49865.6,1.6,2557.9,0.5,,280,ns,6,0+,,15.0,,1979,IT=97.4 4;SF=2.6 4,False,92,146,7.160511707121152e-09,,
238Np,238,930,,47454.6,1.1,,,,2.099,d,0.002,2+*,,15.0,,1949,B-=100,False,93,145,4.922827175057408e-09,,
238Np,238,931,m,49760.0,200.0,2300.0,200.0,,112,ns,39,,,15.0,,1970,SF~100;IT ?,True,93,145,8.9506872111197e-07,,
238Pu,238,940,,46163.1,1.1,,,,87.7,y,0.1,0+,,15.0,,1949,A=100;SF=1.9e-7 1;32Si~1.4e-14;28Mg+30Mg~6e-15,False,94,144,4.922827215426344e-09,,
238Am,238,950,,48420.0,60.0,,,,98,m,3,1+,,15.0,,1950,B+=100;A=1.0e-4 4,False,95,143,2.685221144863992e-07,,
238Am,238,951,m,50920.0,210.0,2500.0,200.0,,35,us,18,,,15.0,,1967,SF~100;IT ?,True,95,143,9.39837916005084e-07,,
238Cm,238,960,,49445.0,12.0,,,,2.2,h,0.4,0+,,15.0,,1994,EC ?;A=3.84 18;SF=0.048 2,False,96,142,5.370498010748952e-08,,
238Bk,238,970,,54220.0,260.0,,,,2.40,m,0.08,1.0,,15.0,,1994,B+~100;A ?;B+SF=0.048 2,True,97,141,1.163639504806363e-06,,
238Cf,238,980,,57280.0,300.0,,,,21.1,ms,1.3,0+,,15.0,,1995,SF=97.5 14;A=2.5 14,True,98,140,1.3426871273263881e-06,,
239Th,239,900,,56500.0,400.0,,,,1.0,m,,7/2+.0,,,,9999,B- ?,True,90,149,1.7826643730529895e-06,,
239Pa,239,910,,53340.0,200.0,,,,1.8,h,0.5,1/2+.0,,14.0,,1995,B-=100,True,91,148,8.913247715023585e-07,,
239U,239,920,,50572.7,1.5,,,,23.45,m,0.02,5/2+,,14.0,,1937,B-=100,False,92,147,6.684891873752109e-09,,
239U,239,921,m,50706.5,1.5,133.7991,0.001,,780,ns,40,1/2+,,14.0,,1975,IT=100,False,92,147,6.684895859904406e-09,,
239U,239,922,n,53070.0,900.0,2500.0,900.0,,>250,ns,,,,14.0,,1994,SF ?; IT ?,True,92,147,4.010979764264647e-06,,
239Np,239,930,,49311.0,1.3,,,,2.356,d,0.003,5/2+*,,14.0,,1940,B-=100;A ?,False,93,146,5.7935737739870105e-09,,
239Pu,239,940,,48588.2,1.1,,,,24.11,ky,0.03,1/2+*,,14.0,,1946,A=100;SF=3.1e-10 6,False,94,145,4.902267196495546e-09,,
239Pu,239,941,m,48979.8,1.1,391.584,0.003,,193,ns,4,7/2-,,14.0,,1955,IT=100,False,94,145,4.902275751982103e-09,,
239Pu,239,942,n,51690.0,200.0,3100.0,200.0,,7.5,us,1.0,(5/2+),,14.0,,1970,SF~100;IT ?,False,94,145,8.91333629806104e-07,,
239Am,239,950,,49390.4,2.0,,,,11.9,h,0.1,5/2-,,14.0,,1949,EC=99.990 1;A=0.010 1,False,95,144,8.913296325483954e-09,,
239Am,239,951,m,51890.0,200.0,2500.0,200.0,,163,ns,12,(7/2+),,14.0,,1969,SF~100;IT ?,False,95,144,8.913395619264933e-07,,
239Cm,239,960,,51150.0,150.0,,,,2.5,h,0.4,7/2-.0,,14.0,,1952,B+~100;A=6.2e-3 14,False,96,143,6.68506320004931e-07,,
239Cm,239,963,p,51390.0,180.0,240.0,100.0,,>100.0,ns,,1/2+,,,,9999,IT ?; B+ ?,True,96,143,8.022084420561788e-07,,
239Bk,239,970,,54250.0,210.0,,,*,100.0,s,,(7/2+),,14.0,,1989,B+~100;A<0.01;SF<0.01,True,97,142,9.359271732765693e-07,,
239Bk,239,973,p,54290.0,210.0,41.0,11.0,AD*,>30.0,us,,(3/2-),,,,1989,IT ?; B+ ?,True,97,142,9.359273401260607e-07,,
239Cf,239,980,,58200.0,120.0,,,,28,s,2,5/2+.0,,14.0,,1981,A=65 3;B+ ?,True,98,141,5.348280256955517e-07,,
239Es,239,990,,63630.0,300.0,,,,1.0,s,,3/2-.0,,,,9999,A ?;B+ ?;SF ?,True,99,140,1.3371101310400387e-06,,
240Pa,240,910,,57010.0,200.0,,,,20.0,s,,3+.0,,,,9999,B- ?,True,91,149,8.876225565271272e-07,,
240U,240,920,,52715.5,2.6,,,,14.1,h,0.1,0+,,8.0,,1953,B-=100;A ?,False,92,148,1.1538939541711274e-08,,
240Np,240,930,,52316.0,17.0,,,*,61.9,m,0.2,(5+),,8.0,,1953,B-=100,False,93,147,7.544721167784435e-08,,
240Np,240,931,m,52334.0,13.0,18.0,14.0,IT*,7.22,m,0.02,(1+),,8.0,,1948,B-=99.88 1;IT=0.12 1,False,93,147,5.769493118615099e-08,,
240Pu,240,940,,50125.3,1.1,,,,6.561,ky,0.007,0+,,8.0,,1949,A=100;SF=5.796e-6 39;34Si<1.3e-11,False,94,146,4.88185896028264e-09,,
240Pu,240,941,m,51434.0,1.1,1308.74,0.05,,165,ns,10,5-,,8.0,,1967,IT=100,False,94,146,4.88188731467836e-09,,
240Am,240,950,,51510.0,14.0,,,,50.8,h,0.3,(3-),,8.0,,1949,B+=100;A~1.9e-4 7,False,95,145,6.213348887571777e-08,,
240Am,240,951,m,54510.0,200.0,3000.0,200.0,,940,us,40,,,8.0,,1967,SF~100;IT ?,False,95,145,8.876330878832377e-07,,
240Cm,240,960,,51724.2,1.9,,,,30.4,d,3.7,0+,,8.0,,1949,A~100;EC ?;SF=3.9e-6 8,False,96,144,8.432458479817972e-09,,
240Bk,240,970,,55660.0,150.0,,,,4.8,m,0.8,7-.0,,8.0,,1980,B+ ?;A ?;B+SF=0.0020 13,True,97,143,6.657358564334102e-07,,
240Bk,240,973,p,55900.0,180.0,240.0,100.0,,,,,am,,,,9999,,True,97,143,7.988838786731213e-07,,
240Cf,240,980,,57989.0,18.0,,,,40.3,s,0.9,0+,,8.0,,1970,A=98.5 2;SF=1.5 2;B+ ?,False,98,142,7.988958713907879e-08,,
240Es,240,990,,64230.0,370.0,,,,6.0,s,1.7,4-.0,,,,2017,A=70 1;B+=30 1;B+SF=0.16 6,True,99,141,1.6422297624275878e-06,,
241Pa,241,910,,59740.0,300.0,,,,28.0,m,,1/2+.0,,,,9999,B- ?,True,91,150,1.325920945537675e-06,,
241U,241,920,,56200.0,200.0,,,,4.0,m,,7/2+.0,,15.0,,9999,B- ?,True,92,149,8.839385197994139e-07,,
241Np,241,930,,54320.0,100.0,,,,13.9,m,0.2,(5/2+),,15.0,,1959,B-=100;A ?,False,93,148,4.41968113924727e-07,,
241Pu,241,940,,52955.1,1.1,,,,14.329,y,0.029,5/2+*,,15.0,,1949,B-~100;A=0.00245 8;SF<2.4e-14,False,94,147,4.861647715402933e-09,,
241Pu,241,941,m,53116.8,1.1,161.6853,0.0009,,880,ns,50,1/2+,,15.0,,1975,IT=100,False,94,147,4.8616511898413374e-09,,
241Pu,241,942,n,55160.0,200.0,2200.0,200.0,,20.5,us,2.2,,,15.0,,1970,SF=100,False,94,147,8.839445622522861e-07,,
241Am,241,950,,52934.3,1.1,,,,432.6,y,0.6,5/2-*,,15.0,,1949,A=100;SF=3.6e-10 9,False,95,146,4.8616750583652624e-09,,
241Am,241,951,m,55130.0,200.0,2200.0,200.0,,1.2,us,0.3,,,15.0,,1969,SF=100,False,95,146,8.839494978540067e-07,,
241Cm,241,960,,53701.8,1.6,,,,32.8,d,0.2,1/2+,,15.0,,1952,EC=99.0 1;A=1.0 1,False,96,145,7.071591767591174e-09,,
241Bk,241,970,,55980.0,170.0,,,,4.6,m,0.4,(7/2+),,15.0,,2003,B+=?;A ?,True,97,144,7.513684858547984e-07,,
241Bk,241,973,p,56030.0,170.0,51.0,3.0,AD,>25.0,us,,(3/2-),,15.0,,9999,IT ?,True,97,144,7.51368651900306e-07,,
241Cf,241,980,,59330.0,170.0,,,,2.35,m,0.18,7/2-.0,,15.0,,1970,B+ ?;A=15 1,True,98,143,7.513839062574444e-07,,
241Cf,241,983,p,59480.0,200.0,150.0,100.0,Nm,,,,1/2+.0,,15.0,,9999,,True,98,143,8.839816522525113e-07,,
241Es,241,990,,63890.0,230.0,,,,5.1,s,0.8,3/2-.0,,15.0,,1996,A~100;B+ ?,True,99,142,1.0166045268665332e-06,,
241Es,241,993,p,64120.0,250.0,230.0,100.0,,,,,am,,,,9999,,True,99,142,1.1050060438612477e-06,,
241Fm,241,1000,,69220.0,300.0,,,,730,us,60,5/2+.0,,15.0,,2008,SF=?;A<14;B+<12,True,100,141,1.3260447249118086e-06,,
242U,242,920,,58620.0,200.0,,,,16.8,m,0.5,0+,,2.0,,1979,B-=100,True,92,150,8.802924412209314e-07,,
242Np,242,930,,57420.0,200.0,,,*,2.2,m,0.2,(1+),,2.0,,1979,B-=100,False,93,149,8.802928028442068e-07,,
242Np,242,931,m,57470.0,210.0,50.0,50.0,*,5.5,m,0.1,(6+),,2.0,,1981,B-=100,True,93,149,9.243076464017594e-07,,
242Pu,242,940,,54716.9,1.2,,,,375,ky,2,0+,,2.0,,1950,A=100;SF=5.510e-4 41,False,94,148,5.281724043748169e-09,,
242Am,242,950,,55468.0,1.1,,,,16.02,h,0.02,1-*,,2.0,,1949,B-=82.7 3;EC=17.3 3,False,95,147,4.841623940496545e-09,,
242Am,242,951,m,55516.6,1.1,48.6,0.05,,141,y,2,5-,,2.0,,1950,IT=99.55 2;A=0.45 2;SF<4.7e-9,False,95,147,4.84162497617701e-09,,
242Am,242,952,n,57670.0,80.0,2200.0,80.0,,14.0,ms,1.0,"(2+,3-)",,2.0,,1962,SF~100;IT=?,False,95,147,3.521215175430327e-07,,
242Cm,242,960,,54803.7,1.1,,,,162.8,d,0.2,0+,,2.0,,1949,A=100;SF=6.2e-6 3;34Si=1.1e-14 4;2B+ ?,False,96,146,4.8416373453976025e-09,,
242Cm,242,961,m,57600.0,100.0,2800.0,100.0,,180,ns,70,,,2.0,,1971,SF ?;IT ?,False,96,146,4.401542669485032e-07,,
242Bk,242,970,,57750.0,140.0,,,,7.0,m,1.3,3+.0,,2.0,,1972,B+~100;B+SF<3e-5;A ?,True,97,145,6.162198885044366e-07,,
242Bk,242,971,m,59750.0,240.0,2000.0,200.0,,600,ns,100,,,2.0,,1972,SF~100;IT ?,True,97,145,1.0563862512392906e-06,,
242Bk,242,973,p,57900.0,90.0,150.0,100.0,,,,,4-,,,,9999,,False,97,145,3.961416184425063e-07,,
242Cf,242,980,,59387.0,13.0,,,,3.49,m,0.15,0+,,2.0,,1967,A=61 3;B+=39 3;SF<0.014,False,98,144,5.722115626045382e-08,,
242Es,242,990,,64800.0,260.0,,,,17.8,s,1.6,2+.0,,2.0,,1994,A=57 3;B+=43 3;B+SF=0.6 2,True,99,143,1.1444569081765343e-06,,
242Fm,242,1000,,68400.0,400.0,,,,800,us,200,0+,,2.0,,1975,SF~100;A ?,True,100,142,1.7607408607142657e-06,,
243U,243,920,,62480.0,300.0,,,,16.0,m,,9/2-.0,,,,9999,B- ?,True,92,151,1.3150227772853114e-06,,
243Np,243,930,,59810.0,30.0,,,,1.85,m,0.15,5/2+.0,,14.0,,1979,B-=100,True,93,150,1.3150148418313018e-07,,
243Np,243,933,p,59926.0,10.0,120.0,30.0,Nm,,,,5/2-.0,,,,9999,,False,93,150,4.383385034934673e-08,,
243Pu,243,940,,57754.6,2.5,,,,4.9553,h,0.0025,7/2+,,14.0,,1951,B-=100,False,94,149,1.0958420409378643e-08,,
243Pu,243,941,m,58138.2,2.5,383.64,0.25,,330,ns,30,(1/2+),,14.0,,1975,IT=100,False,94,149,1.095843883555551e-08,,
243Am,243,950,,57175.0,1.4,,,,7.350,ky,0.009,5/2-*,,14.0,,1950,A=100;SF=3.7e-9 9,False,95,148,6.13673462834362e-09,,
243Am,243,951,m,59480.0,200.0,2300.0,200.0,,5.5,us,0.5,,,14.0,,1970,SF~100;IT ?,False,95,148,8.766852332380671e-07,,
243Cm,243,960,,57181.9,1.5,,,,29.1,y,0.1,5/2+*,,14.0,,1950,A~100;EC=0.29 3;SF=5.3e-9 9,False,96,147,6.575110290364424e-09,,
243Cm,243,961,m,57269.3,1.5,87.4,0.1,,1.08,us,0.03,1/2+,,14.0,,1971,IT=100,False,96,147,6.575112809354312e-09,,
243Cm,243,963,p,57285.0,15.0,103.0,15.0,AD,,,,(7/2+),,14.0,,1984,IT ?,False,96,147,6.575113261850411e-08,,
243Bk,243,970,,58690.0,5.0,,,*,4.6,h,0.2,3/2-,,14.0,,1950,B+~100;A~0.15,False,97,146,2.1917303441708238e-08,,
243Bk,243,973,p,58710.0,19.0,20.0,20.0,AD*,>30.0,us,,(7/2+),,,,9999,IT~100; B+ ?,False,97,146,8.328576038008843e-08,,
243Cf,243,980,,60990.0,180.0,,,,10.8,m,0.3,(1/2+),,14.0,,1967,B+~86 3;A~14 3,True,98,145,7.890353521797064e-07,,
243Es,243,990,,64750.0,210.0,,,*,22.1,s,1.4,(7/2+),,14.0,,1973,A=61 6;B+ ?;SF<1,True,99,144,9.205616359687437e-07,,
243Es,243,991,m,64800.0,220.0,50.0,50.0,*,>50.0,us,,3/2-.0,,,,9999,IT ?;A ?;B+ ?,True,99,144,9.643981157262809e-07,,
243Fm,243,1000,,69320.0,130.0,,,,231,ms,9,7/2-.0,,14.0,,1981,A=91 3;SF=9 3;B+ ?,True,100,143,5.698861365232606e-07,,
244Np,244,930,,63240.0,100.0,,,,2.29,m,0.16,7-.0,,17.0,,1987,B-=100,True,93,151,4.36546936490183e-07,,
244Pu,244,940,,59806.0,2.3,,,,81.3,My,0.3,0+,,17.0,,1954,A=99.877 6;SF=0.123 6;2B-<7.3e-9,False,94,150,1.0040485710744444e-08,,
244Pu,244,941,m,61022.0,2.4,1216.0,0.5,,1.75,s,0.12,8-,,17.0,,2016,IT=100,False,94,150,1.0477084183879887e-08,,
244Am,244,950,,59879.1,1.5,,,,10.01,h,0.03,(6-),,17.0,,1950,B-=100,False,95,149,6.5481819151500985e-09,,
244Am,244,951,m,59968.4,1.4,89.3,1.6,RQ,26.13,m,0.43,1+,,17.0,,1950,B-=99.9636 13;EC=0.0364 13,False,95,149,6.111638836671408e-09,,
244Am,244,952,n,61880.0,200.0,2000.0,200.0,,900,us,150,,,17.0,,1967,SF~100;IT ?,True,95,149,8.730985483945043e-07,,
244Am,244,953,p,62080.0,200.0,2200.0,200.0,,~6.5,us,,,,17.0,,1969,SF~100;IT ?,True,95,149,8.730993106962451e-07,,
244Cm,244,960,,58451.8,1.1,,,,18.11,y,0.03,0+,,17.0,,1950,A=100;SF=1.37e-4 2,False,96,148,4.801997262759686e-09,,
244Cm,244,961,m,59492.0,1.1,1040.181,0.011,,34,ms,2,6+,,17.0,,1963,IT=100,False,96,148,4.8020190684556634e-09,,
244Cm,244,962,n,59550.0,900.0,1100.0,900.0,,>500,ns,,,,17.0,,1969,SF~100;IT ?,True,96,148,3.928925687166463e-06,,
244Bk,244,970,,60714.0,14.0,,,,5.02,h,0.03,4-,,17.0,,1972,B+ ?;A=0.006 3,False,97,147,6.111727743095133e-08,,
244Bk,244,971,m,62210.0,500.0,1500.0,500.0,,820,ns,60,,,17.0,,1972,SF~100;IT ?,True,97,147,2.1827741635482853e-06,,
244Bk,244,973,p,60850.0,50.0,140.0,50.0,,,,,am,,,,9999,,True,97,147,2.182761204176934e-07,,
244Cf,244,980,,61478.1,2.6,,,,19.5,m,0.5,0+,,17.0,,1956,A=75 6;EC=25 6,False,98,146,1.1350453469959657e-08,,
244Es,244,990,,66030.0,180.0,,,,37,s,4,6+.0,,17.0,,1973,B+=95 3;A=5 3;B+SF=0.011 4,True,99,145,7.85820677185072e-07,,
244Fm,244,1000,,68960.0,200.0,,,,3.12,ms,0.08,0+,,17.0,,1967,SF>97;B+<2;A<1,True,100,144,8.73150184622438e-07,,
244Md,244,1010,,75600.0,370.0,,,,0.36,s,0.14,3+.0,,,,2020,A~100;B+ ?;B+SF<14,True,101,143,1.615383790293284e-06,,
244Md,244,1011,m,75800.0,400.0,200.0,150.0,,~9,us,,7+.0,,,,2020,IT=?;B+ ?,True,101,143,1.746362379260566e-06,,
245Np,245,930,,65850.0,200.0,,,,6.0,m,,5/2+.0,,,,9999,B- ?,True,93,152,8.695372480908818e-07,,
245Pu,245,940,,63178.0,14.0,,,,10.5,h,0.1,(9/2-),,11.0,,1955,B-=100,False,94,151,6.086724252723787e-08,,
245Pu,245,941,m,63443.0,14.0,264.5,0.3,,330,ns,20,(5/2+),,11.0,,2007,IT=100,False,94,151,6.086731265429162e-08,,
245Pu,245,942,n,65180.0,400.0,2000.0,400.0,,90,ns,30,,,11.0,,1971,SF~100;IT ?,False,94,151,1.7390792091795041e-06,,
245Am,245,950,,61900.4,1.9,,,,2.05,h,0.01,5/2+,,11.0,,1955,B-=100,False,95,150,8.260554907995608e-09,,
245Am,245,951,m,64300.0,400.0,2400.0,400.0,,640,ns,60,,,11.0,,1972,SF~100;IT ?,True,95,150,1.7390823343874734e-06,,
245Cm,245,960,,61004.5,1.1,,,,8.25,ky,0.07,7/2+*,,11.0,,1954,A=100;SF=6.1e-7 9,False,96,149,4.7824347892553505e-09,,
245Cm,245,961,m,61360.4,1.1,355.92,0.1,,290,ns,20,1/2+,,11.0,,1975,IT=100,False,96,149,4.782442189295716e-09,,
245Bk,245,970,,61813.8,1.8,,,*,4.95,d,0.03,3/2-,,11.0,,1951,EC=99.88 10;A=0.12 1,False,97,148,7.825873923015314e-09,,
245Bk,245,973,p,61860.0,30.0,50.0,30.0,*,>20.0,us,,(7/2+),,,,9999,IT ?; EC ?,True,97,148,1.3043125824921218e-07,,
245Cf,245,980,,63385.2,2.4,,,,45.0,m,1.5,1/2+,,11.0,,1956,B+=64.7 25;A=35.3 25,False,98,147,1.0434628527517407e-08,,
245Cf,245,983,p,63442.0,5.0,57.0,4.0,,>100.0,ns,,(7/2+),,11.0,,2004,IT=100,False,98,147,2.173881480079075e-08,,
245Es,245,990,,66320.0,170.0,,,*,1.11,m,0.06,(3/2-),,11.0,,1967,B+=51 6;A=49 6,True,99,146,7.391331081185689e-07,,
245Es,245,991,m,66350.0,170.0,30.0,15.0,*,>50.0,us,,7/2+.0,,11.0,,1967,IT ?;B+ ?; A ?,True,99,146,7.391332045275965e-07,,
245Es,245,993,p,66600.0,160.0,283.0,15.0,IT,,,,(7/2-),,11.0,,2005,IT=100,False,99,146,6.956555368820117e-07,,
245Es,245,994,q,66640.0,190.0,330.0,100.0,,,,,(1/2-),,,,9999,,True,99,146,8.260910937160998e-07,,
245Fm,245,1000,,70190.0,200.0,,,,4.2,s,1.3,1/2+.0,,11.0,,1967,A~100;B+<7;SF<0.3,True,100,145,8.695878841772246e-07,,
245Md,245,1010,,75330.0,260.0,,,*&,0.38,s,0.10,(7/2-),,11.0,,1996,A~100; B+ ?,True,101,144,1.1304958713662714e-06,,
245Md,245,1011,m,75430.0,280.0,100.0,100.0,*&,0.90,ms,0.25,1/2-.0,,11.0,,1996,SF~100;A ?,True,101,144,1.2174576215986055e-06,,
246Pu,246,940,,65395.0,15.0,,,,10.84,d,0.02,0+,,11.0,,1955,B-=100,False,94,152,6.495021289755375e-08,,
246Am,246,950,,64994.0,18.0,,,,39,m,3,7-,,11.0,,1955,B-=100,True,95,151,7.794055662470563e-08,,
246Am,246,951,m,65024.0,15.0,30.0,10.0,,25.0,m,0.2,2(-),,11.0,,1955,B-~100;IT ?,False,95,151,6.495047229104796e-08,,
246Am,246,952,n,66990.0,800.0,2000.0,800.0,,73,us,10,,,11.0,,1972,SF~100;IT ?,True,95,151,3.4640546778057018e-06,,
246Cm,246,960,,62616.9,1.5,,,,4.706,ky,0.040,0+,,11.0,,1954,A=99.97385 7;SF=0.02615 7,False,96,150,6.4950159059231605e-09,,
246Cm,246,961,m,63796.6,1.5,1179.66,0.13,,1.12,s,0.24,8-,,11.0,,2012,IT=100,False,96,150,6.495049083371127e-09,,
246Bk,246,970,,63970.0,60.0,,,,1.80,d,0.02,2(-),,11.0,,1954,B+~100;A ?,False,97,149,2.598036133473632e-07,,
246Cf,246,980,,64090.2,1.5,,,,35.7,h,0.5,0+,,11.0,,1951,A=100;SF=2.4e-4 4;EC ?,False,98,148,6.495130088298502e-09,,
246Es,246,990,,67820.0,90.0,,,,7.5,m,0.5,4-.0,,11.0,,1954,B+=90.1 18;A=9.9 18;B+SF~0.003,False,99,147,3.8971628186038423e-07,,
246Es,246,993,p,68010.0,100.0,190.0,50.0,,,,,2-.0,,,,9999,,False,99,147,4.3301844721514306e-07,,
246Es,246,994,q,68200.0,90.0,379.5,2.0,,,,,,,,,9999,,False,99,147,3.897169231274009e-07,,
246Fm,246,1000,,70191.0,14.0,,,,1.54,s,0.04,0+,,11.0,,1966,A=93.2 6;SF=6.8 6;EC<1.3,False,100,146,6.062349466028765e-08,,
246Md,246,1010,,76120.0,260.0,,,*,0.92,s,0.18,1-.0,,11.0,,1996,A=100,True,101,145,1.1259001127991837e-06,,
246Md,246,1011,m,76170.0,260.0,60.0,60.0,AD*,4.4,s,0.8,4-.0,,11.0,,2010,A=57 3;B+>77;B+SF>10;A<23,True,101,145,1.125900356578287e-06,,
247Pu,247,940,,69210.0,200.0,,,,2.27,d,0.23,1/2+.0,,15.0,,1983,B-=100,True,94,153,8.625081173746435e-07,,
247Am,247,950,,67150.0,100.0,,,,23.0,m,1.3,5/2.0,,15.0,,1967,B-=100,True,95,152,4.312526328430751e-07,,
247Cm,247,960,,65533.0,4.0,,,,15.6,My,0.5,9/2-*,,15.0,,1954,A=100,False,96,151,1.725008123562458e-08,,
247Cm,247,961,m,65760.0,4.0,227.38,0.19,,26.3,us,0.3,5/2+,,15.0,,1968,IT=100,False,96,151,1.7250098122472038e-08,,
247Cm,247,962,n,65938.0,4.0,404.9,0.03,,100.6,ns,0.6,1/2+,,15.0,,2003,IT=100,False,96,151,1.7250111364164095e-08,,
247Bk,247,970,,65490.0,5.0,,,,1.38,ky,0.25,3/2-,,15.0,,1965,A~100;SF ?,False,97,150,2.1562717812509875e-08,,
247Cf,247,980,,66109.0,14.0,,,,3.11,h,0.03,(7/2+),,15.0,,1954,EC=99.965 5;A=0.035 5,False,98,149,6.03761077977914e-08,,
247Es,247,990,,68578.0,19.0,,,*,4.55,m,0.26,(7/2+),,15.0,,1967,B+~93;A~7;SF ?,False,99,148,8.194033295093347e-08,,
247Es,247,991,m,68630.0,50.0,50.0,50.0,*,>20.0,us,,(3/2-),,,,9999,IT ?;B+ ?;A ?,True,99,148,2.1563250349129622e-07,,
247Fm,247,1000,,71670.0,180.0,,,,31,s,1,(7/2+),,15.0,,1967,A~64;B+ ?,True,100,147,7.762915200180126e-07,,
247Fm,247,1001,m,71720.0,180.0,49.0,8.0,AD,5.1,s,0.2,(1/2+),,15.0,,1967,A=88 2;B+ ?;IT ?,True,100,147,7.76291687414861e-07,,
247Md,247,1010,,75940.0,210.0,,,,1.19,s,0.09,7/2-.0,,15.0,,1981,A~100;SF<0.1,True,101,146,9.056951705047887e-07,,
247Md,247,1011,m,76200.0,210.0,260.0,40.0,AD,250,ms,40,1/2-.0,,15.0,,1993,A=79 5;SF=21 5,True,101,146,9.056961860953222e-07,,
248Am,248,950,,70560.0,200.0,,,,3.0,m,,3+.0,,14.0,,9999,B- ?,True,95,153,8.590371652250853e-07,,
248Cm,248,960,,67392.7,2.4,,,,348,ky,6,0+,,14.0,,1956,A=91.61 16;SF=8.39 16;2B- ?,False,96,152,1.0308363010282593e-08,,
248Cm,248,961,m,68850.8,2.6,1458.1,1.0,,146,us,18,8-.0,,,,2012,IT=100,False,96,152,1.11674632002818e-08,,
248Bk,248,970,,68130.0,50.0,,,*,>9,y,,6+.0,,14.0,,1956,A ?; EC ?,False,97,151,2.1475943581877292e-07,,
248Bk,248,971,m,68108.0,21.0,-20.0,50.0,*,23.7,h,0.2,1(-),,14.0,,1956,B-=70 5;EC=30 5;A ?,False,97,151,9.019895452061094e-08,,
248Bk,248,973,p,68180.0,70.0,50.0,50.0,,,,,(5-),,,,9999,,True,97,151,3.006632747165574e-07,,
248Cf,248,980,,67238.0,5.0,,,,333.5,d,2.8,0+,,14.0,,1954,A~100;SF=0.0029 3,False,98,150,2.1475980602134517e-08,,
248Es,248,990,,70300.0,50.0,,,,24,m,3,2-.0,,14.0,,1956,B+~100;A~0.25;B+SF=3.5e-4 18,True,99,149,2.1476382360962287e-07,,
248Fm,248,1000,,71898.0,8.0,,,,34.5,s,1.2,0+,,14.0,,1958,A~100;B+ ?;SF=0.10 5,False,100,148,3.436263852961684e-08,,
248Fm,248,1001,m,73100.0,100.0,1200.0,100.0,,10.1,ms,0.6,6+.0,,14.0,,2010,IT ?;A ?;B+ ?,True,100,148,4.2953519930461954e-07,,
248Md,248,1010,,76950.0,180.0,,,,7,s,3,,,14.0,,1973,B+=80 10;A=20 10;B+SF<0.05,True,101,147,7.731804401775803e-07,,
248No,248,1020,,80690.0,220.0,,,,,,<2us,0+,,14.0,,2003,SF ?,True,102,146,9.450187474671068e-07,,
249Am,249,950,,73100.0,300.0,,,,3.0,m,,5/2.0,,,,9999,B- ?,True,95,154,1.2833904883147357e-06,,
249Cm,249,960,,70750.7,2.4,,,,64.15,m,0.03,1/2+,,11.0,,1956,B-=100,False,96,153,1.0267077526062077e-08,,
249Cm,249,961,m,70799.5,2.4,48.76,0.04,,23,us,,7/2+,,11.0,,1966,A=100,False,96,153,1.0267079669457771e-08,,
249Bk,249,970,,69846.3,1.2,,,,327.2,d,0.3,7/2+*,,11.0,,1954,B-~100;A=0.00145 8;SF=47e-9 2,False,97,152,5.133547304395366e-09,,
249Bk,249,971,m,69855.1,1.2,8.777,0.014,,300,us,,3/2-,,11.0,,1960,IT=100,False,97,152,5.133547497652964e-09,,
249Cf,249,980,,69722.7,1.2,,,,351,y,2,9/2-,,11.0,,1954,A=100;SF=5.0e-7 4,False,98,151,5.133572993121475e-09,,
249Cf,249,981,m,69867.7,1.2,144.98,0.05,,45,us,5,5/2+,,11.0,,1967,IT=100,False,98,151,5.133576177513361e-09,,
249Es,249,990,,71180.0,30.0,,,,102.2,m,0.6,7/2+,,11.0,,1956,B+~100;A=0.57 8,True,99,150,1.2834083503303795e-07,,
249Fm,249,1000,,73519.0,6.0,,,,1.6,m,0.1,7/2+,,11.0,,1960,B+ ?;A=33 9,False,100,149,2.5668565876072615e-08,,
249Md,249,1010,,77180.0,160.0,,,*,25.6,s,0.9,(7/2-),,11.0,,1973,A=75 5;B+ ?,False,101,148,6.845095982787373e-07,,
249Md,249,1011,m,77280.0,190.0,100.0,100.0,*,1.9,s,0.9,(1/2-),,11.0,,2001,A=100,True,101,148,8.128554957106186e-07,,
249No,249,1020,,81790.0,280.0,,,,57,us,12,5/2+.0,,11.0,,2003,B+ ?;A ?,True,102,147,1.1979220511655209e-06,,
250Cm,250,960,,72990.0,10.0,,,,8300.0,y,,0+,,1.0,,1966,SF~74;A ?;B- ?,False,96,154,4.260863616329822e-08,,
250Bk,250,970,,72952.0,2.9,,,,3.212,h,0.005,2-,,1.0,,1954,B-=100,False,97,153,1.2356570580180946e-08,,
250Bk,250,971,m,72987.6,2.9,35.59,0.1,,29,us,1,4+,,1.0,,1966,IT=100,False,97,153,1.2356572454519223e-08,,
250Bk,250,972,n,73038.0,3.0,85.6,1.6,,213,us,8,7+,,1.0,,1972,IT=100,False,97,153,1.2782663904908025e-08,,
250Bk,250,973,p,73163.8,2.9,211.8,0.2,,,,,2+,,1.0,,9999,IT=100,False,97,153,1.235658173144907e-08,,
250Cf,250,980,,71170.3,1.5,,,,13.08,y,0.09,0+,,1.0,,1954,A=99.923 3;SF=0.077 3,False,98,152,6.391316310882279e-09,,
250Es,250,990,,73230.0,100.0,,,*,8.6,h,0.1,6(+),,1.0,,1956,B+~100;A ?,True,99,151,4.2609384160199773e-07,,
250Es,250,991,m,73430.0,180.0,200.0,150.0,*,2.22,h,0.05,1(-),,1.0,,1970,B+~100;A ?,True,99,151,7.669695684856156e-07,,
250Fm,250,1000,,74072.0,8.0,,,,31.0,m,1.1,0+,,1.0,,1954,A~100;SF=0.0069 10;EC ?,False,100,150,3.408781747683811e-08,,
250Fm,250,1001,m,75271.0,8.0,1199.2,1.0,,1.92,s,0.05,(8-),,1.0,,1973,IT~100;A ?;B+ ?;SF ?,False,100,150,3.408799162937548e-08,,
250Md,250,1010,,78400.0,90.0,,,,54,s,4,2-.0,,1.0,,1973,B+=93.0 8;A=7.0 8;B+SF=0.026 15,False,101,149,3.834971322792259e-07,,
250Md,250,1011,m,78520.0,90.0,120.0,40.0,AD,42.4,s,4.5,7+.0,,,,2019,A= ?;B+ ?;IT ?,False,101,149,3.8349732837272675e-07,,
250No,250,1020,,81570.0,200.0,,,,5.08,us,0.27,0+,,6.0,,2003,SF~100;A ?;B+ ?,True,102,148,8.522320577809937e-07,,
250No,250,1021,m,82620.0,280.0,1050.0,200.0,,36.3,us,2.3,(6+),,6.0,,2001,SF~100;IT=?;A ?,True,102,148,1.1931302192184562e-06,,
251Cm,251,960,,76648.0,23.0,,,,16.8,m,0.2,(3/2+),,13.0,,1978,B-=100,False,96,155,9.76106141185498e-08,,
251Bk,251,970,,75228.0,11.0,,,,55.6,m,1.1,(3/2-),,13.0,,1967,B-=100,False,97,154,4.668331209159228e-08,,
251Bk,251,971,m,75264.0,11.0,35.5,1.3,,58,us,4,(7/2+),,13.0,,1966,IT=100,False,97,154,4.668331922395143e-08,,
251Cf,251,980,,74135.0,4.0,,,,898,y,44,1/2+,,13.0,,1954,A~100;SF ?,False,98,153,1.6975764284249077e-08,,
251Cf,251,981,m,74505.0,4.0,370.47,0.03,,1.3,us,0.1,11/2-,,13.0,,1971,IT=100,False,98,153,1.697579094062394e-08,,
251Es,251,990,,74512.0,5.0,,,,33,h,1,3/2-,,13.0,,1956,EC=99.5 2;A=0.5 2,False,99,152,2.1219855778457455e-08,,
251Es,251,991,m,74520.0,5.0,8.4,1.0,,>200.0,us,,(7/2+),,13.0,,9999,IT ?; EC ?,False,99,152,2.1219856498909127e-08,,
251Fm,251,1000,,75959.0,14.0,,,,5.30,h,0.08,9/2-,,13.0,,1957,B+=98.20 13;A=1.80 13,False,100,151,5.941628718465374e-08,,
251Fm,251,1001,m,76159.0,14.0,200.0,0.1,,21.8,us,0.8,5/2+,,13.0,,1970,IT=100,False,100,151,5.9416337617484874e-08,,
251Md,251,1010,,78967.0,19.0,,,,4.21,m,0.23,(7/2-),,13.0,,1973,B+ ?;A=10 1,False,101,150,8.063786179015357e-08,,
251Md,251,1013,p,79020.0,18.0,53.0,8.0,AD,20.0,s,,(1/2-),,13.0,,2006,A ?;IT ?,False,101,150,7.639378098500081e-08,,
251No,251,1020,,82850.0,180.0,,,,800,ms,10,(7/2+),,13.0,,1967,A=83 16;B+ ?;SF<0.3,True,102,149,7.639544212210513e-07,,
251No,251,1021,m,82960.0,180.0,106.0,6.0,IT,1.02,s,0.03,(1/2+),,13.0,,1997,A=100,True,102,149,7.639547778817697e-07,,
251No,251,1022,n,83980.0,180.0,1128.0,1.0,,>1.7,us,,17/2-.0,,13.0,,2006,IT ?,True,102,149,7.639580851152021e-07,,
251Lr,251,1030,,87830.0,200.0,,,,300.0,us,,,,,,9999,B+ ?;A ?,True,103,148,8.488608469098163e-07,,
252Cm,252,960,,79060.0,300.0,,,,1.0,m,,0+,,6.0,,9999,B- ?; A ?,True,96,156,1.2681382550966727e-06,,
252Bk,252,970,,78540.0,200.0,,,,1.8,m,0.5,,,6.0,,1988,B-=?;A ?,True,97,155,8.454282670812275e-07,,
252Cf,252,980,,76034.6,2.4,,,,2.645,y,0.008,0+,,6.0,,1954,A=96.8972 27;SF=3.1028 27,False,98,154,1.014508722579632e-08,,
252Es,252,990,,77290.0,50.0,,,,471.7,d,1.9,(4+),,6.0,,1956,A=78 2;EC=22 2,False,99,153,2.1135826100169399e-07,,
252Fm,252,1000,,76817.0,5.0,,,,25.39,h,0.04,0+,,6.0,,1956,A~100;SF=0.0023 2;2B+ ?,False,100,152,2.1135899392713904e-08,,
252Md,252,1010,,80470.0,90.0,,,,2.3,m,0.8,1+.0,,6.0,,1973,B+~100;A ?,False,101,151,3.8045414399848116e-07,,
252Md,252,1013,p,80550.0,80.0,80.0,120.0,,,,,am,,,,9999,,False,101,151,3.3818157569872274e-07,,
252No,252,1020,,82871.0,9.0,,,,2.467,s,0.016,0+,,6.0,,1967,A=67.6 5;SF=31.3 4;B+=1.1 3,False,102,150,3.804600856185096e-08,,
252No,252,1021,m,84125.0,9.0,1254.1,1.6,,109.1,ms,2.5,(8-),,,,2007,IT=100,False,102,150,3.8046210247748385e-08,,
252Lr,252,1030,,88540.0,190.0,,,,369,ms,75,7-.0,,6.0,,2001,A~98;SF~2;B+ ?,True,103,149,8.032171544561815e-07,,
252Lr,252,1033,p,88710.0,190.0,170.0,30.0,AD,,,,,,,,9999,,True,103,149,8.032177317030465e-07,,
253Bk,253,970,,80930.0,360.0,,,,60.0,m,,3/2-.0,,13.0,,1991,B- ?,True,97,156,1.5157660628998517e-06,,
253Cf,253,980,,79302.0,4.0,,,,17.81,d,0.08,(7/2+),,13.0,,1954,B-=99.69 4;A=0.31 4,False,98,155,1.6841821411434537e-08,,
253Es,253,990,,79010.5,1.2,,,,20.47,d,0.03,7/2+*,,13.0,,1954,A=100;SF=8.7e-6 3,False,99,154,5.052567736022143e-09,,
253Es,253,991,m,79117.0,4.0,106.0,4.0,,>10.0,us,,3/2-.0,,13.0,,9999,IT ?,False,99,154,1.684190000557425e-08,,
253Fm,253,1000,,79345.5,1.5,,,,3.00,d,0.12,1/2+,,13.0,,1957,EC=88 1;A=12 1,False,100,153,6.315752971143446e-09,,
253Fm,253,1001,m,79486.0,6.0,140.0,6.0,,>100.0,ns,,7/2+.0,,,,9999,IT ?,False,100,153,2.526302682956223e-08,,
253Fm,253,1002,n,79697.0,6.0,351.0,6.0,,560,ns,60,11/2-.0,,13.0,,2011,IT=100,False,100,153,2.5263049273670616e-08,,
253Md,253,1010,,81170.0,30.0,,,,12,m,8,(7/2-),,13.0,,1992,B+~100;A~0.7,True,101,152,1.2631671766317945e-07,,
253Md,253,1013,p,81230.0,40.0,60.0,30.0,,1.0,m,,1/2-.0,,13.0,,1971,A ?;IT ?,True,101,152,1.684223327666851e-07,,
253No,253,1020,,84359.0,7.0,,,,1.57,m,0.02,9/2-*,,13.0,,1967,A=55 3;B+ ?;SF ?,False,102,151,2.947445706295303e-08,,
253No,253,1021,m,84527.0,7.0,167.5,0.5,,30.3,us,1.6,5/2+,,13.0,,1973,A=100,False,102,151,2.947447791281464e-08,,
253No,253,1022,n,85560.0,110.0,1196.0,107.0,,706,us,24,19/2+.0,,,,2011,IT=100,False,102,151,4.6317238181170923e-07,,
253No,253,1023,p,85620.0,110.0,1256.0,113.0,,552,us,15,25/2+.0,,13.0,,2011,IT=100,False,102,151,4.631724988273689e-07,,
253Lr,253,1030,,88520.0,160.0,,,*,632,ms,46,(7/2-),,13.0,,1985,A=90 10;SF=1.0 6;B+ ?,False,103,150,6.737173484601852e-07,,
253Lr,253,1031,m,88560.0,190.0,30.0,100.0,*,1.32,s,0.14,(1/2-),,13.0,,1985,A=90 10;SF=12 3;B+ ?;IT ?,True,103,150,8.000394860465903e-07,,
253Rf,253,1040,,93640.0,410.0,,,*,13,ms,5,(7/2)(+.0,),6.0,,1997,SF~100;A ?,True,104,149,1.726447327850914e-06,,
253Rf,253,1041,m,93840.0,440.0,200.0,150.0,*,52,us,14,(1/2)(+.0,),6.0,,1995,SF~100;A ?,True,104,149,1.8527743024337828e-06,,
254Bk,254,970,,84390.0,300.0,,,,1.0,m,,,,19.0,,9999,B- ?,True,97,157,1.258179352816537e-06,,
254Cf,254,980,,81341.0,11.0,,,,60.5,d,0.2,0+,,19.0,,1955,SF=99.69 2;A=0.31 2;2B- ?,False,98,156,4.613290325315435e-08,,
254Es,254,990,,81994.2,2.9,,,,275.7,d,0.5,7+,,19.0,,1954,A~100;EC ?;B-=1.74e-4 8;SF<3e-6,False,99,155,1.2162410146246867e-08,,
254Es,254,991,m,82074.5,2.7,80.4,1.1,AD,39.3,h,0.2,2+*,,19.0,,1954,B-=98 2;IT<3;A=0.32 1;EC=0.076 7;SF<0.045,False,99,155,1.1323627053100363e-08,,
254Fm,254,1000,,80902.5,1.8,,,,3.240,h,0.002,0+,,19.0,,1954,A=99.9408 3;SF=0.0592 3,False,100,154,7.549088543497205e-09,,
254Md,254,1010,,83450.0,100.0,,,*,10,m,3,0-.0,,19.0,,1970,B+~100;A ?,True,101,153,4.194005637657192e-07,,
254Md,254,1011,m,83500.0,140.0,50.0,100.0,*,28,m,8,3-.0,,19.0,,1970,B+~100;A ?,True,101,153,5.871609123998158e-07,,
254No,254,1020,,84723.0,10.0,,,,51.2,s,0.4,0+,,19.0,,1966,A=90 1;B+=10 1;SF=0.17 2,False,102,152,4.194050779116486e-08,,
254No,254,1021,m,86019.0,10.0,1296.4,1.1,,264.9,ms,1.4,(8-),,19.0,,1973,IT=100;SF=0.020 12;A<0.01,False,102,152,4.194073575960669e-08,,
254No,254,1022,n,87940.0,300.0,3217.0,300.0,,184,us,3,16+.0,,19.0,,2006,IT=100;SF<0.012,True,102,152,1.2582322101327718e-06,,
254Lr,254,1030,,89650.0,90.0,,,,12.0,s,0.9,4+.0,,19.0,,1981,A=71.7 19;B+=28.3 19;SF<0.1,False,103,151,3.7747441782022805e-07,,
254Lr,254,1031,m,89750.0,90.0,107.0,23.0,AD,20.3,s,4.1,1+.0,,19.0,,2019,A=?;B+ ?;IT ?,False,103,151,3.774745761391124e-07,,
254Rf,254,1040,,93200.0,280.0,,,,22.9,us,1.0,0+,,19.0,,1997,SF~100;A<1.5,True,104,150,1.1743887116345504e-06,,
254Rf,254,1041,m,94500.0,340.0,1300.0,200.0,,4.3,us,0.7,8-.0,,19.0,,2015,IT~100;SF<10,True,104,150,1.4260512111275896e-06,,
254Rf,254,1042,n,95200.0,570.0,2000.0,500.0,,247,us,73,16+.0,,19.0,,2015,IT~100;SF<40,True,104,150,2.3907399319559673e-06,,
255Cf,255,980,,84810.0,200.0,,,,85,m,18,(7/2+),,13.0,,1981,B-=100;SF ?;A ?,True,98,157,8.354999739322636e-07,,
255Es,255,990,,84089.0,11.0,,,,39.8,d,1.2,(7/2+),,13.0,,1954,B-=92.0 4;A=8.0 4;SF=0.0041 2,False,99,156,4.595260843520966e-08,,
255Fm,255,1000,,83800.0,4.0,,,,20.07,h,0.07,7/2+,,13.0,,1954,A=100;SF=2.4e-5 10,False,100,155,1.6710109540060187e-08,,
255Fm,255,1003,p,84031.0,4.0,231.1,0.2,,,,,9/2+,,13.0,,2013,IT=100,False,100,155,1.6710125665478938e-08,,
255Md,255,1010,,84842.0,6.0,,,*,27,m,2,7/2-,,13.0,,1958,B+=93 1;A=7 1;SF ?,False,101,154,2.5065408846085588e-08,,
255Md,255,1013,p,84850.0,70.0,10.0,70.0,*,2.0,m,,1/2-.0,,13.0,,9999,A ?;IT ?,True,101,154,2.9242977964416117e-07,,
255No,255,1020,,86812.0,14.0,,,,3.52,m,0.18,(1/2+),,13.0,,1967,B+=70 5;A=30 5,False,102,153,5.8486751311991175e-08,,
255No,255,1021,m,87020.0,100.0,210.0,100.0,,1.0,s,,11/2-.0,,,,9999,IT ?; A ?,True,102,153,4.1776287238475063e-07,,
255No,255,1023,p,86910.0,70.0,100.0,70.0,Nm,>100,ns,,7/2+.0,,,,9999,IT ?,True,102,153,2.924338762845077e-07,,
255Lr,255,1030,,89947.0,18.0,,,,31.1,s,1.1,(1/2-),,13.0,,1971,A=99.7 1;B+=0.3 1;SF ?,False,103,152,7.51986428551505e-08,,
255Lr,255,1031,m,89988.0,19.0,41.0,8.0,AD,2.54,s,0.05,(7/2-),,13.0,,2006,IT ?;A~40,False,103,152,7.937635883203511e-08,,
255Lr,255,1032,n,90743.0,22.0,796.0,12.0,,<1,us,,(15/2+),,13.0,,2009,IT~100,False,103,152,9.190975801992273e-08,,
255Lr,255,1033,p,91412.0,22.0,1465.0,12.0,,1.78,ms,0.05,(25/2+),,13.0,,2008,IT~100;A<0.15,False,103,152,9.191001489850528e-08,,
255Rf,255,1040,,94330.0,180.0,,,,1.63,s,0.05,(9/2-),,13.0,,1975,A=52.8 22;SF=47.2 22;B+<6,True,104,151,7.520042616010301e-07,,
255Rf,255,1041,m,94480.0,180.0,150.0,22.0,AD,43,us,9,(5/2+),,,,2015,IT=100,True,104,151,7.520047328599999e-07,,
255Rf,255,1042,n,95380.0,200.0,1050.0,87.0,,16,us,5,19/2+.0,,,,2020,IT=100,True,104,151,8.355639560291366e-07,,
255Rf,255,1043,p,95630.0,200.0,1300.0,87.0,,41,us,10,25/2+.0,,,,2020,IT=100,True,104,151,8.355648287389539e-07,,
255Db,255,1050,,99600.0,280.0,,,*,54,ms,,9/2+.0,,13.0,,1976,SF~67;A ?,True,105,150,1.1698164836532453e-06,,
255Db,255,1051,m,99700.0,300.0,100.0,100.0,*,2.8,ms,,1/2-.0,,,,1976,SF~100;A ?,True,105,150,1.2533753275638765e-06,,
256Cf,256,980,,87040.0,310.0,,,,12.3,m,1.2,0+,,17.0,,1980,SF=100;A ?;2B- ?,True,98,158,1.2899737852543795e-06,,
256Es,256,990,,87190.0,100.0,,,*&,7.6,h,,7+.0,,17.0,,1976,B-~100;B-SF=0.002,True,99,157,4.161230751249173e-07,,
256Es,256,991,m,87190.0,140.0,0.0,100.0,*&,25.4,m,1.2,0+.0,,17.0,,1981,B-=100,True,99,157,5.825723051748842e-07,,
256Fm,256,1000,,85485.0,3.0,,,,157.1,m,1.3,0+,,17.0,,1955,SF=91.9 3;A=8.1 3,False,100,156,1.2483670868669504e-08,,
256Md,256,1010,,87460.0,120.0,,,*,77.7,m,1.8,(1-),,17.0,,1955,B+=90.8 7;A=9.2 7;SF<3,True,101,155,4.993536260868377e-07,,
256Md,256,1011,m,87620.0,70.0,160.0,100.0,*,100.0,m,,7-.0,,,,9999,B+ ?;A ?;SF ?,False,101,155,2.912898091594852e-07,,
256Md,256,1013,p,87700.0,120.0,240.0,140.0,,,,,am,,,,9999,,True,101,155,4.993541247954235e-07,,
256No,256,1020,,87823.0,8.0,,,,2.91,s,0.05,0+,,17.0,,1963,A=99.45 5;SF=0.55 5;EC ?,False,102,154,3.3290471192466225e-08,,
256Lr,256,1030,,91750.0,80.0,,,,27.9,s,1.0,"(0-,3-).0",,17.0,,1965,A=85 10;B+=15 10;SF<0.03,False,103,153,3.3291194390914655e-07,,
256Lr,256,1033,p,91980.0,90.0,230.0,40.0,,,,,,,17.0,,9999,,True,103,153,3.745262953650863e-07,,
256Rf,256,1040,,94222.0,18.0,,,,6.60,ms,0.05,0+,,17.0,,1975,SF=99.69 10;A=0.31 10,False,104,152,7.490636109118332e-08,,
256Rf,256,1041,m,95340.0,100.0,1120.0,100.0,,25,us,2,4-.0,,17.0,,2009,IT=100;SF ?,True,104,152,4.1614838664414913e-07,,
256Rf,256,1042,n,95620.0,100.0,1400.0,100.0,,17,us,2,8-.0,,17.0,,2009,IT=100;SF ?,True,104,152,4.1614887154725736e-07,,
256Rf,256,1043,p,96620.0,200.0,2400.0,200.0,,27,us,5,,,17.0,,2009,IT=100;SF ?,True,104,152,8.323012067065942e-07,,
256Db,256,1050,,100300.0,190.0,,,,1.7,s,0.4,9-.0,,17.0,,2001,A=70 11;B+=30 11;SF ?,True,105,151,7.907025111873963e-07,,
257Es,257,990,,89400.0,410.0,,,,7.7,d,0.2,7/2+.0,,13.0,,1987,B-=100;A ?,True,99,158,1.6994757142747796e-06,,
257Fm,257,1000,,88590.0,4.0,,,,100.5,d,0.2,9/2+,,13.0,,1964,A=99.790 4;SF=0.210 4,False,100,157,1.6580284088626657e-08,,
257Md,257,1010,,88992.5,1.6,,,,5.52,h,0.05,(7/2-),,13.0,,1965,EC=85 3;A=15 3;SF ?,False,101,156,6.632160255196997e-09,,
257No,257,1020,,90247.0,6.0,,,,24.5,s,0.5,(3/2+),,13.0,,1967,A=85 8;B+=15 8;SF ?,False,102,155,2.4870863618684836e-08,,
257No,257,1023,p,90550.0,120.0,300.0,120.0,,,,,9/2+.0,,,,9999,,True,102,155,4.974178971199371e-07,,
257Lr,257,1030,,92670.0,40.0,,,*,6.0,s,0.4,7/2-.0,,13.0,,1971,A~100;B+ ?;SF ?,True,103,154,1.658083116905947e-07,,
257Lr,257,1031,m,92770.0,60.0,100.0,50.0,*,0.27,s,0.12,1/2-.0,,,,2018,A ?; IT ?,True,103,154,2.4871257063242065e-07,,
257Lr,257,1033,p,92820.0,110.0,150.0,100.0,,,,,am,,13.0,,9999,,True,103,154,4.559731406646478e-07,,
257Rf,257,1040,,95866.0,11.0,,,,5.0,s,0.2,(1/2+),,13.0,,1969,A=89.3 14;B+=9.4 14;SF=1.3 3,False,104,153,4.559813426041952e-08,,
257Rf,257,1041,m,95940.0,10.0,73.0,11.0,AD,4.5,s,0.2,11/2-.0,,13.0,,1997,A=88.5 15;B+=11.5 15;SF ?,False,104,153,4.1452862043364516e-08,,
257Rf,257,1042,n,97022.0,10.0,1155.0,11.0,AD,106,us,6,21/2+.0,,13.0,,2009,IT=100,False,104,153,4.145304796856171e-08,,
257Db,257,1050,,100150.0,160.0,,,*,2.3,s,0.2,9/2+.0,,13.0,,1985,A>94;SF<6;B+ ?,False,105,152,6.632609235908045e-07,,
257Db,257,1051,m,100290.0,200.0,140.0,110.0,*,670,ms,60,(1/2-),,13.0,,1985,A>87;SF<13;B+ ?,True,105,152,8.290766356458738e-07,,
258Es,258,990,,92700.0,400.0,,,,4.0,m,,,,,,9999,B- ?;A ?,True,99,159,1.6516153678841857e-06,,
258Fm,258,1000,,90430.0,200.0,,,,370,us,14,0+,,17.0,,1971,SF~100;A ?,True,100,158,8.258043537223548e-07,,
258Md,258,1010,,91690.0,3.0,,,*,51.59,d,0.29,8-.0,,17.0,,1970,A~100;B+<0.0015;B-<0.0015,False,101,157,1.2387195901129442e-08,,
258Md,258,1011,m,91690.0,200.0,0.0,200.0,*,57.0,m,0.9,1-.0,,17.0,,1980,EC=85 15;SF<15;B- ?;A<1.2,True,101,157,8.258130600752961e-07,,
258No,258,1020,,91480.0,100.0,,,,1.23,ms,0.12,0+,,17.0,,1989,SF~100;A ?,True,102,156,4.1290837703877807e-07,,
258Lr,258,1030,,94780.0,100.0,,,,3.92,s,0.33,,,17.0,,1971,A=97.4 18;B+=2.6 18,True,103,155,4.1291620851251066e-07,,
258Lr,258,1033,p,95020.0,140.0,240.0,100.0,,,,,am,,,,9999,,True,103,155,5.780832647973947e-07,,
258Rf,258,1040,,96344.0,16.0,,,,12.5,ms,0.5,0+,,17.0,,1969,SF=95.1 16;A=4.9 16,False,104,154,6.606737285053017e-08,,
258Rf,258,1041,m,97540.0,300.0,1200.0,300.0,,3.4,ms,1.7,,,17.0,,2016,IT= ?; A ?; B+ ?,True,104,154,1.2387693586546632e-06,,
258Rf,258,1042,n,97840.0,500.0,1500.0,500.0,,15,us,10,,,17.0,,2016,IT ?; SF ?,True,104,154,2.0646181553434803e-06,,
258Db,258,1050,,101510.0,90.0,,,&,2.17,s,0.36,0-.0,,17.0,,1985,A=64 10;B+=36 10,False,105,153,3.716388846161084e-07,,
258Db,258,1051,m,101560.0,90.0,53.0,14.0,AD &,4.41,s,0.21,5+.0,,17.0,,1981,A=77 8;B+=23 8;SF ?,False,105,153,3.716389613469357e-07,,
258Sg,258,1060,,105300.0,410.0,,,,2.7,ms,0.5,0+,,17.0,,1997,SF~100;A ?,True,106,152,1.6930571239457717e-06,,
259Fm,259,1000,,93700.0,280.0,,,,1.5,s,0.2,,,13.0,,1980,SF=100,True,100,159,1.1516737427491631e-06,,
259Md,259,1010,,93560.0,100.0,,,,1.60,h,0.06,7/2-.0,,13.0,,1982,SF~100;A ?,True,101,158,4.113140021711446e-07,,
259No,259,1020,,94079.0,6.0,,,,58,m,5,9/2+,,13.0,,1973,A=75 4;EC=25 4;SF<10,False,102,157,2.467902409701243e-08,,
259No,259,1023,p,94310.0,150.0,230.0,150.0,,,,,,,,,9999,,True,102,157,6.169761886405645e-07,,
259Lr,259,1030,,95850.0,70.0,,,,6.2,s,0.3,1/2-.0,,13.0,,1971,A=78 2;SF=22 2;B+ ?,True,103,156,2.879255768475832e-07,,
259Lr,259,1033,p,96200.0,170.0,350.0,150.0,,,,,,,,,9999,,True,103,156,6.992488361451103e-07,,
259Rf,259,1040,,98370.0,70.0,,,,2.63,s,0.26,3/2+.0,,13.0,,1969,A=85 4;B+=15 4;SF<3,True,104,155,2.879300930554412e-07,,
259Rf,259,1043,p,98430.0,100.0,60.0,70.0,Nm,,,,(7/2+),,,,9999,,True,104,155,4.113288058797229e-07,,
259Rf,259,1044,q,98570.0,110.0,210.0,90.0,Nm,,,,(9/2+),,,,9999,,True,104,155,4.5246194702258045e-07,,
259Db,259,1050,,101990.0,60.0,,,,510,ms,160,9/2+.0,,13.0,,2001,A=100,False,105,154,2.4680221047837936e-07,,
259Sg,259,1060,,106520.0,180.0,,,,402,ms,56,(11/2-),,13.0,,1985,A~100;SF ?;B+ ?,True,106,153,7.404243672062457e-07,,
259Sg,259,1061,m,106610.0,180.0,87.0,22.0,AD,226,ms,27,(1/2+),,,,2015,A~97 1;SF~3 1;B+ ?,True,106,153,7.404246413204688e-07,,
260Fm,260,1000,,95770.0,440.0,,,EU,1.0,m,,0+,,,,9999,SF ?,True,100,160,1.802821288387218e-06,,
260Md,260,1010,,96550.0,320.0,,,,27.8,d,0.8,,,99.0,,1989,SF~100;A<5;EC<5;B-<3.5,True,101,159,1.3111538935852203e-06,,
260No,260,1020,,95610.0,200.0,,,,106,ms,8,0+,,99.0,,1985,SF=100,True,102,158,8.194723698642153e-07,,
260Lr,260,1030,,98280.0,130.0,,,,3.0,m,0.5,,,99.0,,1971,A=80 20;B+=20 20,True,103,157,5.326656904800471e-07,,
260Rf,260,1040,,99150.0,200.0,,,,21,ms,1,0+,,99.0,,1985,SF~100;A ?;B+ ?,True,104,156,8.194929417285246e-07,,
260Db,260,1050,,103670.0,90.0,,,,1.52,s,0.13,,,99.0,,1970,A=90.4 6;SF=9.6 6;B+ ?,True,105,155,3.6878060810396194e-07,,
260Db,260,1053,p,103770.0,180.0,100.0,150.0,,,,,,,,,9999,,True,105,155,7.37561518428352e-07,,
260Sg,260,1060,,106547.0,21.0,,,,4.95,ms,0.33,0+,,99.0,,1984,SF=71 3;A=29 3,False,106,154,8.605027900168546e-08,,
260Bh,260,1070,,113120.0,200.0,,,,41,ms,14,,,16.0,,2008,A~100;B+ ?;SF ?,True,107,153,8.195528836076805e-07,,
261Md,261,1010,,98580.0,510.0,,,,40.0,m,,7/2-.0,,,,9999,A ?,True,101,160,2.081655014391751e-06,,
261No,261,1020,,98460.0,200.0,,,,3.0,h,,,,,,9999,A ?,True,102,159,8.163392093431049e-07,,
261Lr,261,1030,,99560.0,200.0,,,,39,m,12,1/2-.0,,99.0,,1987,SF~100;A ?,True,103,158,8.16347184120566e-07,,
261Rf,261,1040,,101320.0,70.0,,,*&,2.1,s,0.2,3/2+.0,,15.0,,1970,SF=82 4;A=18 4,False,104,157,2.857250754042036e-07,,
261Rf,261,1041,m,101390.0,120.0,70.0,100.0,*&,74,s,5,11/2-.0,,15.0,,1970,A~100;B+ ?;SF ?,True,104,157,4.898145549309354e-07,,
261Rf,261,1043,p,101550.0,120.0,230.0,100.0,,,,,,,,,9999,,True,104,157,4.898148748222087e-07,,
261Db,261,1050,,104310.0,110.0,,,,4.7,s,1.0,9/2+.0,,99.0,,1970,SF=73 11;A=27 11,True,105,156,4.490043972992326e-07,,
261Db,261,1053,p,104590.0,230.0,280.0,200.0,,,,,,,,,9999,,True,105,156,9.388284491772005e-07,,
261Sg,261,1060,,108005.0,18.0,,,,183,ms,5,(3/2+),,99.0,,1984,A=98.1 4;B+=1.3 3;SF=0.6 2,False,106,155,7.347494290296672e-08,,
261Sg,261,1061,m,108110.0,50.0,100.0,50.0,,9.3,us,1.8,7/2+.0,,99.0,,2010,IT=100,True,106,155,2.040971510961734e-07,,
261Bh,261,1070,,113080.0,180.0,,,,12.8,ms,3.2,(5/2-),,99.0,,1989,A~100;SF ?,False,107,154,7.347685294541955e-07,,
262Md,262,1010,,101670.0,450.0,,,,3.0,m,,,,,,9999,SF ?;A ?,True,101,161,1.8297603672534214e-06,,
262No,262,1020,,100100.0,360.0,,,,~5,ms,,0+,,1.0,,1988,SF=100;A ?,True,102,160,1.463806647067483e-06,,
262Lr,262,1030,,102110.0,200.0,,,,~4,h,,,,1.0,,1987,B+=?;SF<10;A ?,True,103,159,8.1323683825368e-07,,
262Rf,262,1040,,102390.0,220.0,,,,250,ms,100,0+,,1.0,,1985,SF~100,True,104,158,8.945662450300754e-07,,
262Rf,262,1041,m,103390.0,460.0,1000.0,400.0,,47,ms,5,"(8-,9-).0",,,,1978,SF=100,True,104,158,1.8704642998548177e-06,,
262Db,262,1050,,106250.0,140.0,,,,34,s,4,,,1.0,,1971,SF=52 4;A=48 4;B+ ?,True,105,157,5.692813576802879e-07,,
262Db,262,1053,p,106300.0,160.0,50.0,70.0,,,,,,,,,9999,A ?,True,105,157,6.50607398198423e-07,,
262Sg,262,1060,,108369.0,22.0,,,,10.3,ms,1.7,0+,,1.0,,2001,SF=94 6;A ?,False,106,156,8.94597403672727e-08,,
262Sg,262,1063,p,109230.0,110.0,860.0,110.0,AD,,,,9-.0,,,,9999,,False,106,156,4.4730026789227176e-07,,
262Bh,262,1070,,114250.0,90.0,,,,84,ms,11,,,1.0,,1981,A~100;SF<20,False,107,155,3.659823420732993e-07,,
262Bh,262,1071,m,114470.0,110.0,220.0,70.0,AD,9.5,ms,1.6,,,1.0,,1981,A~100;SF ?,False,107,155,4.473121515988853e-07,,
263No,263,1020,,103130.0,490.0,,,,20.0,m,,,,,,9999,A ?;SF ?,True,102,161,1.9848450542591563e-06,,
263Lr,263,1030,,103670.0,220.0,,,,5.0,h,,1/2-.0,,,,9999,A ?,True,103,160,8.911615403418678e-07,,
263Rf,263,1040,,104760.0,150.0,,,,11,m,3,,,99.0,,2003,SF~100;A ?,True,104,159,6.076160072166369e-07,,
263Rf,263,1043,p,105060.0,250.0,300.0,200.0,,,,,,,,,9999,,True,104,159,1.012694576019931e-06,,
263Db,263,1050,,107110.0,170.0,,,,29,s,9,9/2+.0,,99.0,,1992,SF=56 14;A=37 14;B+=6.9 16,True,105,158,6.88641638034873e-07,,
263Db,263,1053,p,107370.0,260.0,260.0,200.0,,,,,,,,,9999,,True,105,158,1.0532177321432876e-06,,
263Sg,263,1060,,110200.0,100.0,,,*,940,ms,140,3/2+.0,,99.0,,1974,A=87 8;SF=13 8,True,106,157,4.0509050933817815e-07,,
263Sg,263,1061,m,110250.0,100.0,51.0,19.0,Nm*,420,ms,100,7/2+.0,,99.0,,1995,A~100;SF ?;IT ?,True,106,157,4.0509059138735516e-07,,
263Sg,263,1063,p,110290.0,100.0,100.0,30.0,AD,,,,,,,,9999,,True,106,157,4.050906570267207e-07,,
263Bh,263,1070,,114500.0,310.0,,,,200.0,ms,,5/2-.0,,99.0,,9999,A ?,True,107,156,1.2558090331429478e-06,,
263Hs,263,1080,,119680.0,200.0,,,,0.9,ms,0.4,3/2+.0,,99.0,,2009,A~100;SF ?,True,108,155,8.102206230006054e-07,,
263Hs,263,1081,m,120000.0,200.0,330.0,110.0,AD,1.0,ms,,11/2-.0,,,,9999,A~100;SF ?,True,108,155,8.102216733338997e-07,,
264No,264,1020,,105010.0,590.0,,,,1.0,m,,0+,,,,9999,A ?;SF ?,True,102,162,2.3808722391732794e-06,,
264Lr,264,1030,,106380.0,440.0,,,,10.0,h,,,,,,9999,A ?;SF ?,True,103,161,1.7755848208739235e-06,,
264Rf,264,1040,,106080.0,360.0,,,,1.0,h,,0+,,,,9999,A ?,True,104,160,1.4527570404746113e-06,,
264Db,264,1050,,109260.0,240.0,,,,3.0,m,,,,,,9999,A ?,True,105,159,9.685221772643323e-07,,
264Sg,264,1060,,110780.0,280.0,,,,78,ms,25,0+,,6.0,,2006,SF>80;A ?,True,106,158,1.129955368782948e-06,,
264Bh,264,1070,,115960.0,180.0,,,,1.07,s,0.21,,,99.0,,1995,A~86;SF~14;B+ ?,True,107,157,7.264188565262131e-07,,
264Bh,264,1073,p,116290.0,230.0,330.0,150.0,,,,,am,,,,9999,,True,107,157,9.282031083790468e-07,,
264Hs,264,1080,,119563.0,29.0,,,,0.7,s,0.3,0+,,99.0,,1986,A=70 30;SF=30 30,False,108,156,1.1703646173978276e-07,,
265Lr,265,1030,,108230.0,550.0,,,,10.0,h,,1/2-.0,,,,9999,A ?;SF ?,True,103,162,2.2111140035278874e-06,,
265Rf,265,1040,,108690.0,360.0,,,,1.6,m,0.6,9/2+.0,,15.0,,2010,SF~100;A ?,True,104,161,1.4472848220536435e-06,,
265Db,265,1050,,110380.0,220.0,,,,15.0,m,,9/2+.0,,,,9999,A ?,True,105,160,8.844624436757843e-07,,
265Sg,265,1060,,112790.0,140.0,,,*,9.2,s,1.6,11/2-.0,,15.0,,1994,A>50;SF ?,True,106,159,5.628481168190713e-07,,
265Sg,265,1061,m,112790.0,130.0,-10.0,160.0,*,16.4,s,2.4,,,15.0,,1994,A>50;SF ?,True,106,159,5.226446799034234e-07,,
265Bh,265,1070,,116400.0,240.0,,,,1.19,s,0.52,5/2-.0,,99.0,,2004,A=?,True,107,158,9.649015071574284e-07,,
265Hs,265,1080,,120900.0,24.0,,,,1.96,ms,0.16,3/2+.0,,99.0,,1984,A~100;SF ?,False,108,157,9.649239818255744e-08,,
265Hs,265,1081,m,121130.0,24.0,229.0,22.0,AD,360,us,150,11/2-.0,,99.0,,1995,A~100;IT ?,False,108,157,9.649248741097615e-08,,
265Mt,265,1090,,126620.0,440.0,,,,2.0,ms,,,,,,9999,A ?,True,109,156,1.7690771830705084e-06,,
266Lr,266,1030,,111660.0,540.0,,,,22,h,14,,,19.0,,2014,SF=100,True,103,163,2.162772426611397e-06,,
266Rf,266,1040,,110140.0,410.0,,,,4.0,h,,0+,,,,9999,A ?;SF ?,True,104,162,1.642103499817439e-06,,
266Db,266,1050,,112740.0,280.0,,,,80,m,70,,,19.0,,2007,A ?;SF=?;B+ ?,True,105,161,1.1214540236343512e-06,,
266Sg,266,1060,,113620.0,250.0,,,,390,ms,110,0+,,19.0,,2006,SF>90,True,106,160,1.0013069513797507e-06,,
266Bh,266,1070,,118100.0,160.0,,,,10.6,s,2.2,,,19.0,,2000,A~100;B+ ?;SF ?,True,107,159,6.408512676145678e-07,,
266Hs,266,1080,,121140.0,27.0,,,,3.0,ms,0.6,0+,,19.0,,2001,A=76 9;SF=24 9,False,108,158,1.081455284253424e-07,,
266Hs,266,1081,m,122240.0,90.0,1100.0,90.0,AD,280,ms,220,9-.0,,,,2011,A~100,False,108,158,3.604866830298491e-07,,
266Mt,266,1090,,127670.0,100.0,,,,2.0,ms,0.5,,,19.0,,1982,A~100;SF ?,False,109,157,4.005515456495898e-07,,
266Mt,266,1091,m,128810.0,120.0,1140.0,90.0,AD,6,ms,3,,,,,1984,A=100,False,109,157,4.806640496298072e-07,,
267Rf,267,1040,,113440.0,580.0,,,,2.5,h,1.5,,,5.0,,2004,SF=100,True,104,163,2.31429737950902e-06,,
267Rf,267,1043,p,113520.0,580.0,80.0,100.0,,,,,,,,,9999,,True,104,163,2.3142981182640644e-06,,
267Db,267,1050,,114010.0,370.0,,,,2.0,h,1.1,9/2+.0,,5.0,,2004,SF=100,True,105,162,1.4763730982581434e-06,,
267Sg,267,1060,,115810.0,260.0,,,,1.8,m,0.7,,,,,2008,SF=83;A=17,True,106,161,1.0374641717713478e-06,,
267Sg,267,1063,p,115830.0,270.0,20.0,50.0,,,,,,,,,9999,,True,106,161,1.0773667258955825e-06,,
267Bh,267,1070,,118770.0,260.0,,,,22,s,10,5/2-.0,,5.0,,2000,A=100,True,107,160,1.0374817797522384e-06,,
267Hs,267,1080,,122660.0,100.0,,,*,55,ms,11,,,5.0,,1995,A>80;SF ?,True,108,159,3.9903970713958976e-07,,
267Hs,267,1081,m,122700.0,100.0,39.0,24.0,AD*,990,us,90,,,5.0,,2004,A=?;IT ?,True,108,159,3.9903977083267507e-07,,
267Mt,267,1090,,127790.0,500.0,,,,10.0,ms,,,,,,9999,A ?,True,109,158,1.9952496772326305e-06,,
267Ds,267,1100,,133880.0,200.0,,,,10,us,8,3/2+.0,,5.0,,1995,A=100,True,110,157,7.98123386148448e-07,,
268Rf,268,1040,,115480.0,660.0,,,,1.0,h,,0+,,,,9999,A ?;SF ?,True,104,164,2.6236958697001817e-06,,
268Db,268,1050,,117060.0,530.0,,,,29,h,3,,,19.0,,2004,SF~100;B+ ?; A ?,True,105,163,2.1069313554096493e-06,,
268Db,268,1053,p,117210.0,540.0,150.0,80.0,,,,,,,,,9999,,True,105,163,2.146686057281576e-06,,
268Sg,268,1060,,116800.0,470.0,,,,2.0,m,,0+,,,,9999,A ?;SF ?,True,106,162,1.8684184997909618e-06,,
268Bh,268,1070,,120710.0,380.0,,,,190.0,s,,,,,,9999,A ?;SF ?,True,107,161,1.5106674821989714e-06,,
268Hs,268,1080,,122970.0,300.0,,,,1.4,s,1.1,0+,,,,2010,A~100,True,108,160,1.1926490702236533e-06,,
268Mt,268,1090,,129150.0,230.0,,,,23,ms,7,,,19.0,,1995,A=100,True,109,159,9.143914539332526e-07,,
268Ds,268,1100,,133650.0,300.0,,,,100.0,us,,0+,,,,9999,A ?,True,110,158,1.1927119757430795e-06,,
269Db,269,1050,,119150.0,620.0,,,,3.0,h,,9/2+.0,,,,9999,A ?;SF ?,True,105,164,2.4555608030150747e-06,,
269Sg,269,1060,,119690.0,370.0,,,,5,m,2,,,19.0,,2010,A~100;SF ?,True,106,163,1.46542595847861e-06,,
269Bh,269,1070,,121480.0,370.0,,,,1.0,m,,5/2-.0,,,,9999,A ?,True,107,162,1.4654438543018337e-06,,
269Hs,269,1080,,124490.0,130.0,,,,15,s,7,9/2+.0,,5.0,,1996,A=100,True,108,161,5.148944544162067e-07,,
269Mt,269,1090,,129300.0,310.0,,,,100.0,ms,,,,,,9999,A ?,True,109,160,1.22785491916535e-06,,
269Ds,269,1100,,134830.0,30.0,,,,230,us,110,,,5.0,,1995,A=100,False,110,159,1.1882788103980429e-07,,
270Db,270,1050,,122400.0,580.0,,,,1.7,h,1.0,,,19.0,,2010,SF~87; A~13,True,105,165,2.2886503996629295e-06,,
270Sg,270,1060,,121430.0,460.0,,,,3.0,m,,0+,,,,9999,A ?;SF ?,True,106,164,1.8151388397209175e-06,,
270Bh,270,1070,,124230.0,300.0,,,,3.8,m,3.0,,,19.0,,2007,A=100,True,107,163,1.1838053207613279e-06,,
270Bh,270,1073,p,124920.0,360.0,690.0,200.0,,,,,,,,,9999,,True,107,163,1.420570252774428e-06,,
270Hs,270,1080,,125110.0,250.0,,,,9,s,4,0+,,19.0,,2003,A~100;SF ?,True,108,162,9.865128943102849e-07,,
270Mt,270,1090,,130710.0,190.0,,,,800,ms,400,,,19.0,,2004,A~100,True,109,161,7.497701945085488e-07,,
270Ds,270,1100,,134680.0,40.0,,,,205,us,48,0+,,19.0,,2001,A~100;SF ?,False,110,160,1.5784963526703195e-07,,
270Ds,270,1101,m,136070.0,60.0,1390.0,60.0,AD,4.3,ms,1.2,10-.0,,19.0,,2001,A~70;IT~30,False,110,160,2.3677575168061792e-07,,
271Sg,271,1060,,124620.0,590.0,,,,2.2,m,1.1,,,6.0,,2004,A=42 23;SF=58 23,True,106,165,2.3195423955835724e-06,,
271Bh,271,1070,,125860.0,380.0,,,,2.9,s,1.9,,,5.0,,2013,A=100,True,107,164,1.4939574391056749e-06,,
271Hs,271,1080,,127690.0,280.0,,,,10.0,s,,,,,,2008,A ?;SF ?,True,108,163,1.1008242619312476e-06,,
271Mt,271,1090,,131100.0,330.0,,,,400.0,ms,,,,,,9999,A ?,True,109,162,1.2974240139468598e-06,,
271Ds,271,1100,,135950.0,100.0,,,*&,144,ms,53,,,5.0,,1998,SF=75;A=25,True,110,161,3.93168288318947e-07,,
271Ds,271,1101,m,136020.0,100.0,68.0,27.0,AD*&,1.7,ms,0.4,,,5.0,,1995,A=100,True,110,161,3.931683965258888e-07,,
272Sg,272,1060,,126520.0,690.0,,,,4.0,m,,0+,,,,9999,A ?;SF ?,True,106,166,2.702721957862803e-06,,
272Bh,272,1070,,128790.0,530.0,,,,11.3,s,1.8,,,19.0,,2004,A~100,True,107,165,2.0760327989990295e-06,,
272Hs,272,1080,,129000.0,510.0,,,,10.0,s,,0+,,,,9999,A ?;SF ?,True,108,164,1.997703702372471e-06,,
272Mt,272,1090,,133480.0,490.0,,,,400.0,ms,,,,,,9999,A ?;SF ?,True,109,163,1.9194057871597624e-06,,
272Ds,272,1100,,136080.0,420.0,,,,200.0,ms,,0+,,,,9999,SF ?,True,110,162,1.6452300514724879e-06,,
272Rg,272,1110,,142770.0,230.0,,,,4.2,ms,1.1,,,19.0,,1995,A=100,True,111,161,9.009874899648978e-07,,
273Sg,273,1060,,129920.0,400.0,,,,5.0,m,,,,,,9999,SF ?,True,106,167,1.561070970194525e-06,,
273Bh,273,1070,,130680.0,660.0,,,,1.0,m,,,,,,9999,A ?;SF ?,True,107,166,2.575787741880191e-06,,
273Hs,273,1080,,131770.0,370.0,,,,1060,ms,500,,,15.0,,2010,A~100; SF ?,True,108,165,1.4440156503750008e-06,,
273Hs,273,1083,p,131970.0,390.0,200.0,100.0,,,,,,,,,9999,A ?;SF ?,True,108,165,1.5220717384468448e-06,,
273Mt,273,1090,,134780.0,420.0,,,,800.0,ms,,,,,,9999,A ?;SF ?,True,109,164,1.639180430147681e-06,,
273Ds,273,1100,,138290.0,140.0,,,,240,us,100,,,5.0,,1996,A~100,True,110,163,5.464037198711519e-07,,
273Ds,273,1101,m,138490.0,140.0,198.0,20.0,EU,120,ms,,,,5.0,,1996,A=100,True,110,163,5.464041463815207e-07,,
273Rg,273,1110,,142890.0,400.0,,,,2.0,ms,,,,,,9999,A ?,True,111,162,1.5611893942491755e-06,,
274Bh,274,1070,,133760.0,580.0,,,,57,s,27,,,19.0,,2010,A=100,True,107,167,2.2553282051663894e-06,,
274Hs,274,1080,,133410.0,470.0,,,,500.0,ms,,0+,,,,9999,A ?;SF ?,True,108,166,1.8276002494685162e-06,,
274Mt,274,1090,,137250.0,380.0,,,,850,ms,540,,,19.0,,2007,A=100,True,109,165,1.4776637399269265e-06,,
274Ds,274,1100,,139200.0,390.0,,,,10.0,ms,,0+,,,,9999,A ?;SF ?,True,110,164,1.5165687547634236e-06,,
274Rg,274,1110,,144610.0,210.0,,,,20,ms,11,,,5.0,,2004,A~100,True,111,163,8.16635231965863e-07,,
275Bh,275,1070,,135780.0,600.0,,,,1.0,m,,5/2-.0,,,,9999,SF ?,True,107,168,2.3246233974992194e-06,,
275Hs,275,1080,,136490.0,590.0,,,,280,ms,130,,,5.0,,2004,A=100,True,108,167,2.285897416555734e-06,,
275Hs,275,1083,p,136750.0,600.0,260.0,100.0,,,,,,,,,9999,,True,108,167,2.3246437822825706e-06,,
275Mt,275,1090,,138770.0,390.0,,,,31,ms,17,,,5.0,,2004,A=100,True,109,166,1.5110378559724622e-06,,
275Ds,275,1100,,141670.0,340.0,,,,10.0,ms,,,,,,9999,A ?;SF ?,True,110,165,1.3173364565345345e-06,,
275Rg,275,1110,,145400.0,450.0,,,,5.0,ms,,,,,,9999,A ?,True,111,164,1.7435674804613351e-06,,
276Bh,276,1070,,138950.0,600.0,,,,60.0,s,,,,,,9999,A ?;SF ?,True,107,169,2.3162202788628606e-06,,
276Hs,276,1080,,138190.0,720.0,,,,100.0,ms,,0+,,,,9999,A ?;SF ?,True,108,168,2.7794700571715766e-06,,
276Mt,276,1090,,141310.0,530.0,,,*,700,ms,80,,,19.0,,2004,A=100,True,109,167,2.0460336506019015e-06,,
276Mt,276,1091,m,141560.0,540.0,250.0,80.0,AD*,7,s,3,,,19.0,,2012,A=100,True,109,167,2.084640071011246e-06,,
276Ds,276,1100,,142540.0,550.0,,,,16.0,ms,,0+,,,,9999,A ?;SF ?,True,110,166,2.123263150684351e-06,,
276Rg,276,1110,,147390.0,630.0,,,,10.0,ms,,,,,,9999,A ?;SF ?,True,111,165,2.432159108724789e-06,,
276Cn,276,1120,,150360.0,500.0,,,,100.0,us,,0+,,,,9999,A ?;SF ?,True,112,164,1.930316777801869e-06,,
277Bh,277,1070,,141100.0,600.0,,,,10.0,s,,,,,,9999,A ?;SF ?,True,107,170,2.307868638429323e-06,,
277Hs,277,1080,,141380.0,450.0,,,*,12,ms,9,,,14.0,,2010,SF~100; A ?,True,108,169,1.7309119538522867e-06,,
277Hs,277,1081,m,141480.0,460.0,100.0,100.0,*,130,s,100,,,14.0,,2012,SF=100,True,108,169,1.769377344523759e-06,,
277Hs,277,1083,p,142000.0,490.0,620.0,200.0,,,,,,,,,9999,,True,108,169,1.8847752890294865e-06,,
277Mt,277,1090,,143010.0,660.0,,,,9,s,6,,,14.0,,2013,SF=100;A ?,True,109,168,2.5386994120889972e-06,,
277Ds,277,1100,,145090.0,390.0,,,,6,ms,3,,,15.0,,2010,A~100;SF ?,True,110,167,1.50016002712194e-06,,
277Rg,277,1110,,148410.0,470.0,,,,4.0,ms,,,,,,9999,A ?;SF ?,True,111,166,1.8079172432479622e-06,,
277Cn,277,1120,,152330.0,150.0,,,,790,us,330,,,5.0,,1996,A=100,True,112,165,5.770064360226529e-07,,
278Bh,278,1070,,144370.0,400.0,,,,2.0,s,,,,19.0,,2016,SF~100; A ?,True,107,171,1.5330579200230236e-06,,
278Hs,278,1080,,143220.0,300.0,,,,2.0,s,,0+,,19.0,,2016,SF~100; A ?,True,108,170,1.1497940716474705e-06,,
278Mt,278,1090,,145770.0,580.0,,,,6,s,3,,,19.0,,2010,A=100,True,109,169,2.222967949805059e-06,,
278Mt,278,1093,p,146160.0,590.0,390.0,100.0,,,,,,,,,9999,,True,109,169,2.2612983635078652e-06,,
278Ds,278,1100,,146250.0,510.0,,,,270.0,ms,,0+,,,,9999,A ?;SF ?,True,110,168,1.9546919998546228e-06,,
278Rg,278,1110,,150520.0,390.0,,,,8,ms,5,,,19.0,,2007,A=100,True,111,167,1.4947963436421563e-06,,
278Cn,278,1120,,152840.0,440.0,,,,2.0,ms,,0+,,,,9999,A ?;SF ?,True,112,166,1.6864602566793373e-06,,
278Nh,278,1130,,159030.0,220.0,,,,2.3,ms,1.3,,,19.0,,2004,A~100,True,113,165,8.43254315063227e-07,,
279Hs,279,1080,,146500.0,600.0,,,,1.0,s,,,,,,9999,A ?;SF ?,True,108,171,2.2913656888359858e-06,,
279Mt,279,1090,,147590.0,670.0,,,,20.0,s,,,,,,9999,A ?;SF ?,True,109,170,2.558714974804373e-06,,
279Ds,279,1100,,149020.0,610.0,,,,210,ms,40,,,5.0,,2004,SF=88 5;A=12 5,True,110,169,2.3296005489941918e-06,,
279Ds,279,1103,p,149250.0,610.0,230.0,100.0,,,,,,,,,9999,,True,110,169,2.3296025952564895e-06,,
279Rg,279,1110,,151720.0,420.0,,,,170,ms,110,,,5.0,,2004,A=100,True,111,168,1.604011725391689e-06,,
279Rg,279,1113,p,151760.0,430.0,40.0,100.0,,,,,,,,,9999,,True,111,168,1.642202731626009e-06,,
279Cn,279,1120,,155020.0,400.0,,,,60.0,us,,,,,,9999,A ?;SF ?,True,112,167,1.5276570132507836e-06,,
279Nh,279,1130,,159460.0,600.0,,,,1.0,ms,,,,,,9999,A ?;SF ?,True,113,166,2.291535696289269e-06,,
280Hs,280,1080,,148420.0,600.0,,,,100.0,ms,,0+,,,,9999,A ?;SF ?,True,108,172,2.283190009533896e-06,,
280Mt,280,1090,,150510.0,600.0,,,,10.0,s,,,,,,9999,A ?;SF ?,True,109,171,2.283219405187059e-06,,
280Ds,280,1100,,150320.0,750.0,,,,25,ms,20,0+,,19.0,,1999,SF=100,True,110,170,2.8540362393921203e-06,,
280Rg,280,1110,,153890.0,530.0,,,,4.3,s,0.5,,,19.0,,2004,A=100,True,111,169,2.016889602081655e-06,,
280Cn,280,1120,,155650.0,580.0,,,,5.0,ms,,0+,,,,9999,A ?;SF ?,True,112,168,2.2071878520514566e-06,,
280Nh,280,1130,,161240.0,400.0,,,,10.0,ms,,,,,,9999,A ?;SF ?,True,113,167,1.5222383929233739e-06,,
281Mt,281,1090,,152400.0,600.0,,,,1.0,s,,,,,,9999,A ?;SF ?,True,109,172,2.2751013932647146e-06,,
281Ds,281,1100,,153270.0,490.0,,,*,14,s,3,,,5.0,,2004,SF=90 7;A=10 7,True,110,171,1.8580147124623142e-06,,
281Ds,281,1101,m,153350.0,460.0,80.0,240.0,*,0.9,s,0.7,,,,,2012,A=100,True,110,171,1.7442592387783893e-06,,
281Ds,281,1103,p,153340.0,500.0,70.0,100.0,,,,,,,,,9999,,True,110,171,1.895933883302593e-06,,
281Rg,281,1110,,155330.0,770.0,,,,19,s,5,,,10.0,,2010,SF=87 8;A=13 8,True,111,170,2.9197745313683742e-06,,
281Cn,281,1120,,157950.0,400.0,,,,180,ms,80,,,15.0,,2010,A~100;SF ?,True,112,169,1.5167884979815226e-06,,
281Nh,281,1130,,161810.0,300.0,,,,100.0,ms,,,,,,9999,A ?;SF ?,True,113,168,1.137613603921351e-06,,
282Mt,282,1090,,155460.0,450.0,,,,100.0,ms,,,,19.0,,2016,A~100; SF ?,True,109,173,1.7002881946512464e-06,,
282Ds,282,1100,,154790.0,300.0,,,,4.2,m,3.3,0+,,19.0,,2016,A~100; SF ?,True,110,172,1.13352813279801e-06,,
282Rg,282,1110,,157740.0,590.0,,,,130,s,50,,,19.0,,2010,A=100,True,111,171,2.2293077372657316e-06,,
282Cn,282,1120,,158830.0,550.0,,,,1.1,ms,0.3,0+,,19.0,,2004,SF~100; A ?,True,112,170,2.078186944542547e-06,,
282Nh,282,1130,,163730.0,400.0,,,,140,ms,90,,,19.0,,2007,A=100,True,113,169,1.5114440572109884e-06,,
283Ds,283,1100,,157830.0,500.0,,,,1.0,m,,,,,,9999,A ?;SF ?,True,110,173,1.8825519693718622e-06,,
283Rg,283,1110,,159380.0,680.0,,,,2.0,m,,,,,,9999,A ?;SF ?,True,111,172,2.5602980874680723e-06,,
283Cn,283,1120,,161340.0,620.0,,,,4.7,s,0.8,,,6.0,,2004,A=81;SF=19,True,112,171,2.3344180275979577e-06,,
283Nh,283,1130,,164560.0,440.0,,,,140,ms,90,,,5.0,,2004,A=100,True,113,170,1.6567119149470474e-06,,
284Ds,284,1100,,159460.0,500.0,,,,1.0,m,,0+,,,,9999,A ?;SF ?,True,110,174,1.8759272741245303e-06,,
284Rg,284,1110,,161970.0,500.0,,,,1.0,m,,,,,,9999,A ?;SF ?,True,111,173,1.8759540431441963e-06,,
284Cn,284,1120,,162420.0,760.0,,,,102,ms,17,0+,,19.0,,2004,SF=100,True,112,172,2.8514687965312354e-06,,
284Nh,284,1130,,166590.0,530.0,,,,0.97,s,0.11,,,19.0,,2004,A=100,True,113,171,1.988565054033552e-06,,
284Fl,284,1140,,168780.0,660.0,,,,3.1,ms,1.3,0+,,19.0,,2015,SF~100;A ?,True,114,170,2.4763586584623134e-06,,
285Rg,285,1110,,163730.0,600.0,,,,30.0,s,,,,,,9999,A ?;SF ?,True,111,174,2.2432518361742143e-06,,
285Cn,285,1120,,165090.0,510.0,,,*,30,s,8,,,5.0,,2004,A=100,True,112,173,1.906782976329769e-06,,
285Cn,285,1121,m,165620.0,460.0,530.0,270.0,*,15,s,12,,,,,2012,A=100,True,112,173,1.7198468768241362e-06,,
285Nh,285,1130,,167770.0,780.0,,,,4.6,s,1.1,,,10.0,,2010,A=100,True,113,172,2.916299639700303e-06,,
285Fl,285,1140,,170930.0,400.0,,,,210,ms,100,,,15.0,,2010,A~100;SF<20,True,114,171,1.4955631783786387e-06,,
286Rg,286,1110,,166510.0,460.0,,,,10.0,s,,,,19.0,,2016,A~100;SF ?,True,111,175,1.7138238948864849e-06,,
286Cn,286,1120,,166450.0,700.0,,,,30,s,30,0+,,19.0,,2016,A~100;SF ?,True,112,174,2.6080048673873103e-06,,
286Nh,286,1130,,169960.0,590.0,,,,12,s,5,,,19.0,,2010,A=100,True,113,173,2.1982148700673865e-06,,
286Fl,286,1140,,171610.0,550.0,,,,130,ms,30,0+,,19.0,,2004,A=59 11;SF=41 11,True,114,172,2.049205825519429e-06,,
287Cn,287,1120,,169370.0,700.0,,,,30.0,s,,,,,,9999,A ?;SF ?,True,112,175,2.5989354151319754e-06,,
287Nh,287,1130,,171460.0,710.0,,,,20.0,s,,,,,,9999,A ?;SF ?,True,113,174,2.6360961772879946e-06,,
287Fl,287,1140,,173930.0,620.0,,,,510,ms,120,,,5.0,,2004,A~100; SF ?,True,114,173,2.3019753051809773e-06,,
287Mc,287,1150,,177750.0,440.0,,,,60,ms,30,,,5.0,,2004,A=100,True,115,172,1.6336909097921252e-06,,
288Cn,288,1120,,170930.0,700.0,,,,10.0,s,,0+,,,,9999,A ?;SF ?,True,112,176,2.5899157910218142e-06,,
288Nh,288,1130,,173970.0,700.0,,,,20.0,s,,,,,,9999,A ?;SF ?,True,113,175,2.5899573153113147e-06,,
288Fl,288,1140,,174920.0,760.0,,,,653,ms,113,0+,,19.0,,2004,A~100; SF ?,True,114,174,2.8119769965753208e-06,,
288Mc,288,1150,,179670.0,540.0,,,,177,ms,20,,,19.0,,2004,A=100,True,115,173,1.9980283316682473e-06,,
289Nh,289,1130,,175550.0,500.0,,,,30.0,s,,,,,,9999,A ?;SF ?,True,113,176,1.8435714168730158e-06,,
289Fl,289,1140,,177470.0,510.0,,,,2.1,s,0.6,,,5.0,,2004,A~100;SF ?,True,114,175,1.8804651249902052e-06,,
289Fl,289,1141,m,178220.0,470.0,750.0,280.0,,1.1,s,0.8,,,,,2012,A=100,True,114,175,1.732982456578824e-06,,
289Mc,289,1150,,180680.0,780.0,,,,410,ms,150,,,10.0,,2010,A=100,True,115,174,2.8760532410686287e-06,,
289Lv,289,1160,,184460.0,500.0,,,RN,16.0,ms,,,,0.0,,9999,A ?,True,116,173,1.843658361120789e-06,,
290Nh,290,1130,,178320.0,470.0,,,,8,s,6,,,19.0,,2016,A~100; SF<50,True,113,177,1.7269919315831862e-06,,
290Fl,290,1140,,178730.0,700.0,,,,80,s,60,0+,,19.0,,2016,A~100; SF ?; B+<50,True,114,176,2.572131741270301e-06,,
290Mc,290,1150,,182790.0,590.0,,,,840,ms,360,,,19.0,,2010,A=100,True,115,175,2.1679822561847233e-06,,
290Lv,290,1160,,185030.0,550.0,,,,9,ms,3,0+,,19.0,,2004,A~100; SF ?,True,116,174,2.021026648091e-06,,
291Fl,291,1140,,181500.0,700.0,,,,10.0,s,,,,,,9999,A ?;SF ?,True,114,177,2.563308243869089e-06,,
291Mc,291,1150,,184180.0,740.0,,,,1.0,s,,,,,,9999,A ?;SF ?,True,115,176,2.7098224280963393e-06,,
291Lv,291,1160,,187240.0,620.0,,,,26,ms,12,,,5.0,,2004,A~100;SF ?,True,116,175,2.27042795825426e-06,,
291Ts,291,1170,,191650.0,600.0,,,,2.0,ms,,,,,,9999,A ?;SF ?,True,117,174,2.1972342370164777e-06,,
292Mc,292,1150,,186600.0,700.0,,,,5.0,s,,,,,,9999,A ?;SF ?,True,115,177,2.5545788548580078e-06,,
292Lv,292,1160,,188130.0,760.0,,,,16,ms,6,0+,,19.0,,2004,A~100; SF ?,True,116,176,2.773571334096747e-06,,
292Ts,292,1170,,193620.0,670.0,,,,10.0,ms,,,,,,9999,A ?;SF ?,True,117,175,2.4451826284844363e-06,,
293Lv,293,1160,,190570.0,520.0,,,,70,ms,30,,,5.0,,2004,A~100; SF ?,True,116,177,1.8912387052157546e-06,,
293Lv,293,1161,m,191290.0,470.0,720.0,290.0,,80,ms,60,,,,,2012,A=100,True,116,177,1.7093933059968621e-06,,
293Ts,293,1170,,194430.0,780.0,,,,25,ms,6,,,10.0,,2010,A=100,True,117,176,2.836911229077629e-06,,
293Og,293,1180,,198800.0,710.0,,,RN,1.0,ms,,,,0.0,,2010,A ?,True,118,175,2.5823698230220275e-06,,
294Ts,294,1170,,196400.0,590.0,,,,70,ms,30,,,19.0,,2010,A=100,True,117,177,2.1385760004694324e-06,,
294Og,294,1180,,199320.0,550.0,,,,0.7,ms,0.3,0+,,5.0,,2004,A~100; SF ?,True,118,176,1.9936182437595023e-06,,
295Og,295,1180,,201370.0,660.0,,,,680,ms,540,,,,,2006,A~100,True,118,177,2.384239605421894e-06,,
